PRACTICE_CODE,PRACTICE_NAME,PCN_ODS_CODE,PCN_NAME,SUB_ICB_ODS_CODE,SUB_ICB_ONS_CODE,ASS_Declined_GP_Mem_Ass,ASS_Declined_GP_Mem_Clinic,ASS_Received_GP,ASS_Received_GP_Mem_Ass,ASS_Received_GP_Mem_Clinic,DEMENTIA_REGISTER_0_64,DEMENTIA_REGISTER_65_PLUS,DIAG_Declined_Care_Plan,DIAG_Received_Care_Plan,DIAG_Received_Med_Rev,PAT_LIST_0_64,PAT_LIST_65_PLUS
A81001,THE DENSHAM SURGERY,U,Unallocated,16C,E38000247,0.0,0.0,16.0,1.0,7.0,0.0,30.0,0.0,23.0,18.0,2863.0,880.0
A81002,QUEENS PARK MEDICAL CENTRE,U07032,NORTH STOCKTON PCN,16C,E38000247,0.0,0.0,85.0,13.0,47.0,6.0,180.0,2.0,142.0,122.0,14273.0,4381.0
A81004,ACKLAM MEDICAL CENTRE,U02671,GREATER MIDDLESBROUGH PCN,16C,E38000247,0.0,0.0,51.0,8.0,9.0,2.0,121.0,1.0,105.0,83.0,9080.0,2339.0
A81005,SPRINGWOOD SURGERY,U07842,EAST CLEVELAND PCN,16C,E38000247,0.0,0.0,27.0,2.0,2.0,0.0,116.0,3.0,99.0,90.0,5160.0,2432.0
A81006,TENNANT STREET MEDICAL PRACTICE,U07032,NORTH STOCKTON PCN,16C,E38000247,0.0,0.0,42.0,2.0,13.0,11.0,181.0,2.0,120.0,98.0,11530.0,3028.0
A81007,BANKHOUSE SURGERY,U,Unallocated,16C,E38000247,0.0,0.0,72.0,0.0,0.0,2.0,96.0,0.0,69.0,53.0,8377.0,2059.0
A81009,VILLAGE MEDICAL CENTRE,U85008,HOLGATE PCN,16C,E38000247,0.0,0.0,31.0,0.0,10.0,9.0,56.0,0.0,49.0,31.0,6429.0,1494.0
A81011,CHADWICK PRACTICE,U,Unallocated,16C,E38000247,1.0,0.0,50.0,34.0,12.0,6.0,106.0,0.0,78.0,30.0,9275.0,2734.0
A81012,WESTBOURNE MEDICAL CENTRE,U02671,GREATER MIDDLESBROUGH PCN,16C,E38000247,0.0,0.0,13.0,1.0,11.0,0.0,33.0,0.0,25.0,20.0,4863.0,779.0
A81013,BROTTON SURGERY,U07842,EAST CLEVELAND PCN,16C,E38000247,0.0,1.0,43.0,1.0,15.0,2.0,54.0,0.0,47.0,42.0,6080.0,1721.0
A81014,QUEENSTREE PRACTICE,U,Unallocated,16C,E38000247,0.0,0.0,30.0,3.0,14.0,4.0,42.0,1.0,28.0,20.0,2964.0,1143.0
A81016,PARK SURGERY,U,Unallocated,16C,E38000247,0.0,0.0,52.0,21.0,23.0,2.0,61.0,0.0,53.0,50.0,11103.0,1562.0
A81017,WOODBRIDGE PRACTICE,U,Unallocated,16C,E38000247,0.0,0.0,33.0,0.0,15.0,7.0,111.0,0.0,100.0,63.0,14936.0,3295.0
A81018,BENTLEY MEDICAL PRACTICE,U23714,REDCAR COASTAL PCN,16C,E38000247,0.0,0.0,38.0,12.0,23.0,5.0,91.0,0.0,66.0,60.0,7817.0,2294.0
A81019,CROSSFELL HEALTH CENTRE,U02671,GREATER MIDDLESBROUGH PCN,16C,E38000247,0.0,0.0,27.0,1.0,14.0,4.0,73.0,0.0,59.0,41.0,7324.0,1504.0
A81020,MARTONSIDE MEDICAL CENTRE,U,Unallocated,16C,E38000247,1.0,0.0,52.0,23.0,15.0,3.0,77.0,0.0,59.0,48.0,6156.0,1669.0
A81021,NORMANBY MEDICAL CENTRE,U85257,ESTON PCN,16C,E38000247,1.0,0.0,83.0,13.0,11.0,10.0,215.0,0.0,114.0,56.0,21126.0,5355.0
A81022,HILLSIDE PRACTICE,U07842,EAST CLEVELAND PCN,16C,E38000247,1.0,0.0,74.0,32.0,0.0,2.0,78.0,0.0,64.0,55.0,7025.0,2319.0
A81025,THE DOVECOT SURGERY,U,Unallocated,16C,E38000247,0.0,0.0,10.0,3.0,3.0,1.0,42.0,2.0,34.0,18.0,3223.0,861.0
A81026,LINTHORPE SURGERY,U85008,HOLGATE PCN,16C,E38000247,0.0,0.0,66.0,11.0,18.0,8.0,122.0,0.0,87.0,79.0,17356.0,3200.0
A81027,YARM MEDICAL PRACTICE,U63844,BYTES PCN,16C,E38000247,0.0,1.0,47.0,5.0,23.0,1.0,133.0,0.0,113.0,90.0,10721.0,3502.0
A81029,PROSPECT SURGERY,U,Unallocated,16C,E38000247,0.0,0.0,34.0,16.0,10.0,2.0,43.0,1.0,29.0,27.0,5980.0,867.0
A81030,BOROUGH ROAD & NUNTHORPE MEDICAL GROUP,U85008,HOLGATE PCN,16C,E38000247,0.0,0.0,84.0,4.0,3.0,3.0,149.0,0.0,112.0,86.0,13724.0,3315.0
A81031,HAVELOCK GRANGE PRACTICE,U,Unallocated,16C,E38000247,0.0,0.0,110.0,71.0,3.0,4.0,119.0,0.0,77.0,68.0,10945.0,2659.0
A81032,THE GARTH,U07842,EAST CLEVELAND PCN,16C,E38000247,0.0,0.0,59.0,13.0,20.0,0.0,157.0,1.0,92.0,88.0,8489.0,3163.0
A81034,THORNABY & BARWICK MEDICAL GROUP,U63844,BYTES PCN,16C,E38000247,0.0,1.0,67.0,13.0,43.0,6.0,190.0,1.0,135.0,73.0,17306.0,3564.0
A81036,NORTON MEDICAL CENTRE,U,Unallocated,16C,E38000247,0.0,0.0,81.0,15.0,25.0,11.0,225.0,0.0,178.0,165.0,12481.0,3555.0
A81037,THE ERIMUS PRACTICE,U,Unallocated,16C,E38000247,0.0,0.0,24.0,18.0,5.0,4.0,41.0,0.0,42.0,35.0,5203.0,890.0
A81038,HIRSEL MEDICAL CENTRE,U02671,GREATER MIDDLESBROUGH PCN,16C,E38000247,0.0,0.0,1.0,0.0,1.0,2.0,41.0,0.0,21.0,17.0,3218.0,485.0
A81039,EAGLESCLIFFE MEDICAL PRACTICE,U63844,BYTES PCN,16C,E38000247,2.0,0.0,631.0,591.0,24.0,2.0,114.0,1.0,87.0,72.0,10335.0,2824.0
A81040,MARSH HOUSE MEDICAL PRACTICE,U,Unallocated,16C,E38000247,0.0,0.0,17.0,4.0,11.0,4.0,84.0,1.0,59.0,37.0,6618.0,1895.0
A81041,HART MEDICAL PRACTICE,U,Unallocated,16C,E38000247,0.0,0.0,59.0,1.0,19.0,5.0,108.0,0.0,76.0,66.0,7178.0,2212.0
A81042,SOUTH GRANGE MEDICAL GROUP PRACTICE,U85257,ESTON PCN,16C,E38000247,0.0,0.0,49.0,6.0,16.0,3.0,111.0,1.0,77.0,40.0,13037.0,2759.0
A81044,MCKENZIE HOUSE SURGERY,U40502,HARTLEPOOL HEALTH PCN,16C,E38000247,1.0,0.0,103.0,30.0,56.0,10.0,220.0,1.0,189.0,150.0,15418.0,4045.0
A81045,THE COATHAM ROAD SURGERY,U23714,REDCAR COASTAL PCN,16C,E38000247,0.0,0.0,21.0,7.0,1.0,2.0,107.0,0.0,72.0,50.0,4873.0,1393.0
A81046,WOODLANDS FAMILY MEDICAL CENTRE,U,Unallocated,16C,E38000247,0.0,0.0,34.0,16.0,16.0,9.0,132.0,1.0,102.0,32.0,9459.0,2712.0
A81048,ZETLAND MEDICAL PRACTICE,U23714,REDCAR COASTAL PCN,16C,E38000247,0.0,0.0,57.0,18.0,2.0,2.0,121.0,1.0,103.0,93.0,4971.0,2171.0
A81049,KINGS MEDICAL CENTRE,U02671,GREATER MIDDLESBROUGH PCN,16C,E38000247,0.0,0.0,50.0,7.0,7.0,0.0,40.0,0.0,21.0,13.0,5293.0,1055.0
A81051,CAMBRIDGE MEDICAL GROUP,U85257,ESTON PCN,16C,E38000247,0.0,0.0,35.0,11.0,1.0,2.0,34.0,1.0,21.0,16.0,5901.0,1356.0
A81052,THE GREEN HOUSE SURGERY,U23714,REDCAR COASTAL PCN,16C,E38000247,0.0,2.0,52.0,26.0,10.0,3.0,120.0,1.0,109.0,88.0,7795.0,2316.0
A81053,WOODSIDE SURGERY,U07842,EAST CLEVELAND PCN,16C,E38000247,1.0,0.0,6.0,0.0,1.0,2.0,37.0,1.0,29.0,18.0,4378.0,1429.0
A81054,THE SALTSCAR SURGERY,U23714,REDCAR COASTAL PCN,16C,E38000247,0.0,0.0,52.0,13.0,18.0,2.0,94.0,1.0,76.0,71.0,6548.0,1899.0
A81056,MELROSE SURGERY,U,Unallocated,16C,E38000247,0.0,0.0,11.0,3.0,4.0,1.0,9.0,0.0,10.0,6.0,1789.0,613.0
A81057,KINGSWAY MEDICAL CENTRE,U,Unallocated,16C,E38000247,0.0,0.0,42.0,5.0,26.0,4.0,100.0,0.0,76.0,67.0,8086.0,1984.0
A81058,COULBY MEDICAL PRACTICE,U02671,GREATER MIDDLESBROUGH PCN,16C,E38000247,0.0,0.0,6.0,0.0,0.0,3.0,97.0,0.0,89.0,81.0,7182.0,2018.0
A81060,WEST QUAY MEDICAL PRACTICE,U,Unallocated,16C,E38000247,0.0,0.0,70.0,57.0,2.0,2.0,48.0,1.0,41.0,29.0,4828.0,1441.0
A81063,THE HEADLAND MEDICAL CENTRE,U40502,HARTLEPOOL HEALTH PCN,16C,E38000247,0.0,0.0,32.0,4.0,17.0,1.0,42.0,1.0,24.0,20.0,4227.0,1107.0
A81064,THE DISCOVERY PRACTICE,U,Unallocated,16C,E38000247,0.0,0.0,169.0,130.0,4.0,1.0,43.0,1.0,32.0,32.0,7114.0,842.0
A81065,THE ESTON SURGERY,U85257,ESTON PCN,16C,E38000247,0.0,0.0,10.0,3.0,7.0,0.0,19.0,0.0,10.0,*,1.0,1.0
A81066,PARK LANE SURGERY,U63844,BYTES PCN,16C,E38000247,0.0,0.0,21.0,4.0,6.0,0.0,34.0,0.0,23.0,17.0,4296.0,1262.0
A81067,ALMA MEDICAL CENTRE,U07032,NORTH STOCKTON PCN,16C,E38000247,2.0,0.0,444.0,415.0,21.0,3.0,69.0,0.0,56.0,39.0,8890.0,1720.0
A81070,MCKENZIE GROUP PRACTICE,U40502,HARTLEPOOL HEALTH PCN,16C,E38000247,0.0,0.0,27.0,10.0,12.0,3.0,34.0,0.0,27.0,19.0,5243.0,913.0
A81602,DR RASOOL,U,Unallocated,16C,E38000247,0.0,0.0,19.0,1.0,5.0,0.0,22.0,0.0,9.0,6.0,1583.0,656.0
A81608,ELM TREE SURGERY,U,Unallocated,16C,E38000247,0.0,0.0,58.0,7.0,22.0,7.0,89.0,0.0,73.0,43.0,17059.0,1384.0
A81610,THE ROSEBERRY PRACTICE,U,Unallocated,16C,E38000247,0.0,0.0,28.0,3.0,4.0,4.0,48.0,0.0,33.0,24.0,6168.0,1530.0
A81611,PARKWAY MEDICAL CENTRE,U02671,GREATER MIDDLESBROUGH PCN,16C,E38000247,0.0,0.0,19.0,2.0,3.0,2.0,95.0,0.0,73.0,67.0,7788.0,1945.0
A81612,THE PATEL PRACTICE,U,Unallocated,16C,E38000247,0.0,0.0,19.0,3.0,12.0,2.0,53.0,0.0,46.0,41.0,3162.0,984.0
A81618,HUNTCLIFF SURGERY,U23714,REDCAR COASTAL PCN,16C,E38000247,2.0,0.0,77.0,4.0,14.0,5.0,145.0,1.0,133.0,100.0,6924.0,2972.0
A81621,THORNTREE SURGERY,U,Unallocated,16C,E38000247,0.0,0.0,14.0,4.0,7.0,1.0,37.0,0.0,34.0,34.0,2535.0,298.0
A81622,GLADSTONE HOUSE SURGERY,U,Unallocated,16C,E38000247,1.0,0.0,20.0,4.0,8.0,1.0,50.0,0.0,40.0,31.0,4671.0,927.0
A81629,RIVERSIDE MEDICAL PRACTICE,U,Unallocated,16C,E38000247,0.0,0.0,27.0,5.0,6.0,2.0,43.0,1.0,31.0,28.0,9638.0,1269.0
A81631,WEST VIEW MILLENIUM SURGERY A,U,Unallocated,16C,E38000247,0.0,0.0,29.0,7.0,17.0,1.0,80.0,0.0,76.0,65.0,5887.0,1585.0
A81634,THE ARRIVAL PRACTICE,U,Unallocated,16C,E38000247,0.0,0.0,1.0,0.0,0.0,0.0,3.0,0.0,3.0,*,3120.0,100.0
A82003,ULVERSTON MEDICAL PRACTICE,U25520,MID FURNESS PCN,01K,E38000228,0.0,0.0,17.0,1.0,3.0,3.0,120.0,1.0,93.0,60.0,8790.0,3135.0
A82004,ALSTON MEDICAL PRACTICE,U08085,EDEN (CUMBRIA) PCN,01H,E38000215,3.0,0.0,18.0,2.0,1.0,0.0,13.0,0.0,11.0,8.0,1518.0,686.0
A82005,AMBLESIDE HEALTH CENTRE,U,Unallocated,01K,E38000228,0.0,0.0,10.0,0.0,0.0,0.0,28.0,0.0,10.0,7.0,4198.0,1491.0
A82006,APPLEBY MEDICAL PRACTICE,U08085,EDEN (CUMBRIA) PCN,01H,E38000215,0.0,0.0,14.0,0.0,3.0,4.0,32.0,1.0,32.0,31.0,3510.0,1653.0
A82007,DUKE STREET SURGERY,U17992,BARROW TOGETHER PCN,01K,E38000228,0.0,0.0,24.0,0.0,0.0,4.0,81.0,0.0,65.0,45.0,9152.0,2332.0
A82008,NORWOOD MEDICAL CENTRE,U17992,BARROW TOGETHER PCN,01K,E38000228,0.0,1.0,35.0,1.0,6.0,6.0,144.0,0.0,144.0,112.0,9272.0,2746.0
A82009,BRIDGEGATE MEDICAL CENTRE,U17992,BARROW TOGETHER PCN,01K,E38000228,0.0,0.0,17.0,0.0,3.0,3.0,92.0,3.0,70.0,65.0,7178.0,1975.0
A82010,ABBEY ROAD SURGERY,U17992,BARROW TOGETHER PCN,01K,E38000228,0.0,0.0,38.0,0.0,2.0,3.0,49.0,0.0,34.0,27.0,5041.0,1646.0
A82012,BRAMPTON MEDICAL PRACTICE,U00639,CARLISLE RURAL PCN,01H,E38000215,0.0,2.0,49.0,7.0,10.0,1.0,147.0,0.0,137.0,114.0,11447.0,5272.0
A82013,UPPER EDEN MEDICAL PRACTICE,U08085,EDEN (CUMBRIA) PCN,01H,E38000215,0.0,0.0,36.0,4.0,12.0,2.0,67.0,0.0,48.0,30.0,4416.0,2014.0
A82014,CALDBECK SURGERY,U25680,KESWICK & SOLWAY PCN,01H,E38000215,1.0,0.0,32.0,4.0,11.0,0.0,43.0,2.0,26.0,23.0,2780.0,1419.0
A82015,CARLISLE CENTRAL PRACTICE,U66688,CARLISLE PCN,01H,E38000215,0.0,2.0,18.0,1.0,12.0,13.0,77.0,0.0,71.0,62.0,11191.0,2113.0
A82016,CARLISLE HEALTHCARE,U92223,CARLISLE HEALTHCARE PCN,01H,E38000215,20.0,11.0,118.0,26.0,22.0,21.0,397.0,2.0,279.0,206.0,32175.0,8753.0
A82018,SPENCER ST SURGERY,U92223,CARLISLE HEALTHCARE PCN,01H,E38000215,0.0,2.0,27.0,1.0,9.0,4.0,113.0,0.0,78.0,48.0,10801.0,2893.0
A82020,EDEN MEDICAL GROUP,U66688,CARLISLE PCN,01H,E38000215,0.0,2.0,34.0,0.0,17.0,2.0,141.0,0.0,121.0,75.0,11940.0,3183.0
A82021,CASTLEGATE AND DERWENT SURGERY,U76572,COCKERMOUTH & MARYPORT PCN,01H,E38000215,0.0,0.0,77.0,2.0,20.0,5.0,172.0,1.0,129.0,92.0,12842.0,5014.0
A82022,DALSTON MEDICAL GROUP,U25680,KESWICK & SOLWAY PCN,01H,E38000215,0.0,1.0,13.0,0.0,8.0,1.0,31.0,0.0,27.0,18.0,3694.0,1504.0
A82023,DISTINGTON SURGERY,U94879,COPELAND HAVEN PCN,01H,E38000215,6.0,0.0,26.0,3.0,9.0,3.0,52.0,0.0,42.0,30.0,4809.0,1773.0
A82024,SEASCALE HEALTH CENTRE,U48302,COPELAND PCN,01H,E38000215,0.0,0.0,34.0,0.0,6.0,1.0,57.0,1.0,39.0,10.0,4112.0,1830.0
A82025,CAPTAIN FRENCH SURGERY,U35939,KENDAL PCN,01K,E38000228,0.0,0.0,10.0,0.0,1.0,2.0,131.0,0.0,91.0,81.0,9069.0,2766.0
A82026,THE JAMES COCHRANE PRACT.,U35939,KENDAL PCN,01K,E38000228,0.0,0.0,39.0,0.0,0.0,5.0,209.0,1.0,174.0,152.0,12476.0,4656.0
A82027,STATION HOUSE SURGERY,U35939,KENDAL PCN,01K,E38000228,0.0,0.0,31.0,1.0,2.0,4.0,137.0,0.0,100.0,76.0,7264.0,2747.0
A82028,CASTLEHEAD MEDICAL CENTRE,U25680,KESWICK & SOLWAY PCN,01H,E38000215,0.0,0.0,29.0,0.0,14.0,1.0,100.0,0.0,66.0,61.0,5835.0,2484.0
A82029,THE CROFT SURGERY,U25680,KESWICK & SOLWAY PCN,01H,E38000215,0.0,0.0,10.0,1.0,4.0,2.0,27.0,0.0,25.0,14.0,2396.0,1120.0
A82030,LUNESDALE SURGERY,U59980,WESTERN DALES PCN,01K,E38000228,1.0,2.0,31.0,4.0,4.0,1.0,78.0,0.0,58.0,43.0,4397.0,2110.0
A82031,SHAP MEDICAL PRACTICE,U08085,EDEN (CUMBRIA) PCN,01H,E38000215,0.0,0.0,3.0,0.0,1.0,0.0,14.0,0.0,8.0,6.0,2334.0,978.0
A82032,MARYPORT HEALTH SERVICES,U76572,COCKERMOUTH & MARYPORT PCN,01H,E38000215,0.0,1.0,31.0,0.0,17.0,6.0,176.0,0.0,75.0,35.0,10565.0,3316.0
A82033,WATERLOO HOUSE SURGERY,U16644,MILLOM PCN,01K,E38000228,1.0,1.0,21.0,0.0,0.0,3.0,76.0,1.0,19.0,12.0,5724.0,2179.0
A82035,BIRBECK MEDICAL GROUP,U08085,EDEN (CUMBRIA) PCN,01H,E38000215,2.0,1.0,20.0,3.0,12.0,4.0,120.0,1.0,95.0,87.0,10275.0,4047.0
A82036,THE LAKES MEDICAL PRACTICE,U08085,EDEN (CUMBRIA) PCN,01H,E38000215,1.0,0.0,43.0,14.0,23.0,3.0,80.0,1.0,45.0,35.0,8803.0,2885.0
A82037,SILLOTH GROUP MEDICAL PRACTICE,U25680,KESWICK & SOLWAY PCN,01H,E38000215,0.0,0.0,20.0,8.0,9.0,2.0,75.0,0.0,61.0,45.0,2918.0,1527.0
A82038,TEMPLE SOWERBY MEDICAL PRACTICE,U08085,EDEN (CUMBRIA) PCN,01H,E38000215,0.0,2.0,47.0,18.0,8.0,2.0,30.0,0.0,27.0,15.0,3404.0,1221.0
A82039,DALTON SURGERY,U25520,MID FURNESS PCN,01K,E38000228,0.0,1.0,20.0,3.0,0.0,7.0,109.0,0.0,85.0,28.0,6633.0,2119.0
A82041,LOWTHER MEDICAL CENTRE,U48302,COPELAND PCN,01H,E38000215,0.0,0.0,21.0,0.0,5.0,3.0,136.0,0.0,88.0,48.0,10556.0,3187.0
A82044,FELLVIEW HEALTHCARE,U48302,COPELAND PCN,01H,E38000215,0.0,2.0,55.0,0.0,34.0,5.0,160.0,4.0,115.0,34.0,18155.0,4842.0
A82045,WIGTON GROUP MEDICAL PRACTICE,U25680,KESWICK & SOLWAY PCN,01H,E38000215,0.0,5.0,44.0,1.0,18.0,1.0,68.0,0.0,20.0,9.0,6981.0,2269.0
A82046,WINDERMERE HEALTH CENTRE,U,Unallocated,01K,E38000228,0.0,0.0,14.0,0.0,3.0,0.0,30.0,0.0,24.0,13.0,3701.0,965.0
A82047,JAMES STREET GROUP PRACT,U67303,WORKINGTON PCN,01H,E38000215,0.0,0.0,88.0,1.0,45.0,8.0,369.0,2.0,312.0,264.0,25980.0,7379.0
A82053,NUTWOOD MEDICAL PRACTICE,U,Unallocated,01K,E38000228,0.0,0.0,13.0,0.0,1.0,2.0,132.0,2.0,89.0,68.0,4507.0,2944.0
A82055,ASPATRIA MEDICAL GROUP,U25680,KESWICK & SOLWAY PCN,01H,E38000215,2.0,0.0,31.0,2.0,15.0,2.0,52.0,0.0,45.0,24.0,5422.0,1957.0
A82062,ATKINSON HEALTH CENTRE,U17992,BARROW TOGETHER PCN,01K,E38000228,0.0,0.0,8.0,0.0,0.0,0.0,61.0,0.0,47.0,41.0,5153.0,1319.0
A82064,WESTCROFT HOUSE SURGERY,U94879,COPELAND HAVEN PCN,01H,E38000215,7.0,0.0,32.0,2.0,22.0,1.0,57.0,0.0,43.0,34.0,4558.0,1805.0
A82068,ULVERSTON COMMUNITY HEALTH CENTRE,U25520,MID FURNESS PCN,01K,E38000228,0.0,2.0,16.0,11.0,6.0,0.0,32.0,0.0,17.0,14.0,3593.0,1143.0
A82070,ST. MARY'S SURGERY,U,Unallocated,01K,E38000228,0.0,0.0,24.0,0.0,0.0,1.0,69.0,0.0,59.0,46.0,4641.0,1979.0
A82071,BURNETT EDGAR MEDICAL CTR,U17992,BARROW TOGETHER PCN,01K,E38000228,0.0,0.0,8.0,1.0,1.0,0.0,41.0,0.0,26.0,23.0,3121.0,1016.0
A82072,RISEDALE SURGERY,U17992,BARROW TOGETHER PCN,01K,E38000228,0.0,0.0,14.0,6.0,5.0,8.0,58.0,0.0,47.0,38.0,5814.0,1503.0
A82075,MANSION HOUSE SURGERY,U94879,COPELAND HAVEN PCN,01H,E38000215,0.0,0.0,30.0,1.0,12.0,2.0,60.0,1.0,48.0,34.0,5960.0,1716.0
A82608,SEDBERGH MEDICAL PRACTICE,U59980,WESTERN DALES PCN,01K,E38000228,0.0,2.0,25.0,5.0,7.0,0.0,31.0,0.0,21.0,13.0,3479.0,1184.0
A82613,WRAYSDALE HOUSE SURGERY,U,Unallocated,01K,E38000228,0.0,0.0,3.0,0.0,0.0,0.0,5.0,0.0,5.0,*,690.0,310.0
A82617,KIRKOSWALD SURGERY,U08085,EDEN (CUMBRIA) PCN,01H,E38000215,0.0,0.0,8.0,0.0,5.0,0.0,14.0,0.0,10.0,8.0,1960.0,862.0
A82620,GLENRIDDING HEALTH CENTRE,U08085,EDEN (CUMBRIA) PCN,01H,E38000215,0.0,1.0,3.0,0.0,1.0,1.0,6.0,0.0,6.0,5.0,759.0,250.0
A82629,THE FAMILY PRACTICE,U17992,BARROW TOGETHER PCN,01K,E38000228,0.0,0.0,3.0,0.0,1.0,2.0,36.0,0.0,13.0,10.0,2227.0,703.0
A82631,COURT THORN SURGERY,U08085,EDEN (CUMBRIA) PCN,01H,E38000215,0.0,0.0,12.0,0.0,4.0,0.0,34.0,0.0,19.0,13.0,2662.0,1070.0
A82646,LONGTOWN MEDICAL CENTRE,U00639,CARLISLE RURAL PCN,01H,E38000215,1.0,1.0,19.0,0.0,10.0,0.0,31.0,1.0,29.0,21.0,2837.0,1013.0
A82647,CARTMEL SURGERY,U,Unallocated,01K,E38000228,0.0,0.0,4.0,0.0,0.0,0.0,62.0,0.0,59.0,52.0,2217.0,1108.0
A82650,HAVERTHWAITE SURGERY,U,Unallocated,01K,E38000228,0.0,0.0,3.0,0.0,0.0,0.0,38.0,0.0,36.0,13.0,2059.0,936.0
A82651,DUDDON VALLEY MEDICAL PRACTICE,U25520,MID FURNESS PCN,01K,E38000228,0.0,0.0,20.0,1.0,7.0,1.0,61.0,1.0,56.0,38.0,3552.0,1437.0
A82654,WARWICK SQUARE GROUP PRACTICE,U66688,CARLISLE PCN,01H,E38000215,0.0,0.0,24.0,8.0,10.0,1.0,73.0,0.0,61.0,37.0,6278.0,1651.0
A83001,ST ANDREW'S MEDICAL PRACTICE,U,Unallocated,84H,E38000234,0.0,0.0,86.0,12.0,38.0,9.0,123.0,5.0,75.0,61.0,12661.0,3247.0
A83003,WILLINGTON MEDICAL GROUP,U96202,WEAR VALLEY PCN,84H,E38000234,0.0,0.0,41.0,13.0,12.0,7.0,98.0,0.0,78.0,62.0,6983.0,2192.0
A83005,WHINFIELD MEDICAL PRACTICE,U45102,DARLINGTON PCN,16C,E38000247,0.0,0.0,98.0,45.0,29.0,7.0,129.0,1.0,116.0,93.0,9453.0,2773.0
A83006,ORCHARD COURT SURGERY,U45102,DARLINGTON PCN,16C,E38000247,0.0,1.0,60.0,13.0,19.0,5.0,62.0,0.0,51.0,48.0,7033.0,1646.0
A83007,BLACKHALL AND PETERLEE PRACTICE,U,Unallocated,84H,E38000234,0.0,0.0,59.0,9.0,12.0,14.0,130.0,1.0,86.0,78.0,7791.0,2467.0
A83008,HALLGARTH SURGERY,U,Unallocated,84H,E38000234,0.0,0.0,26.0,8.0,6.0,2.0,63.0,2.0,56.0,52.0,4254.0,1134.0
A83009,BRIDGE END SURGERY,U,Unallocated,84H,E38000234,0.0,0.0,25.0,1.0,2.0,3.0,80.0,0.0,55.0,27.0,5579.0,1992.0
A83010,MOORLANDS SURGERY,U45102,DARLINGTON PCN,16C,E38000247,0.0,1.0,80.0,29.0,32.0,7.0,139.0,0.0,120.0,88.0,9898.0,3263.0
A83011,CLAYPATH & UNIVERSITY MEDICAL GROUP,U38486,CLAYPATH & UNIVERSITY MEDICAL GROUP PCN,84H,E38000234,0.0,0.0,15.0,1.0,5.0,1.0,118.0,0.0,50.0,38.0,30813.0,3144.0
A83012,WILLIAM BROWN CENTRE,U,Unallocated,84H,E38000234,0.0,0.0,72.0,14.0,7.0,8.0,165.0,1.0,143.0,142.0,12235.0,3271.0
A83013,NEASHAM ROAD SURGERY,U45102,DARLINGTON PCN,16C,E38000247,0.0,0.0,52.0,9.0,12.0,5.0,102.0,0.0,79.0,60.0,11125.0,2189.0
A83014,BELMONT & SHERBURN MEDICAL GROUP,U53962,DURHAM EAST PCN,84H,E38000234,0.0,0.0,33.0,6.0,17.0,0.0,44.0,0.0,31.0,16.0,4877.0,1493.0
A83015,STATION VIEW MEDICAL CENTRE,U85067,BISHOP AUCKLAND PCN,84H,E38000234,1.0,0.0,68.0,14.0,21.0,6.0,151.0,1.0,142.0,125.0,7281.0,2419.0
A83016,TANFIELD VIEW MEDICAL GROUP,U70497,DERWENTSIDE PCN,84H,E38000234,2.0,2.0,89.0,12.0,5.0,4.0,124.0,2.0,113.0,81.0,8266.0,2539.0
A83018,CONSETT MEDICAL CENTRE,U70497,DERWENTSIDE PCN,84H,E38000234,1.0,1.0,61.0,30.0,25.0,8.0,184.0,0.0,105.0,79.0,12578.0,3960.0
A83020,NORTH HOUSE SURGERY,U96202,WEAR VALLEY PCN,84H,E38000234,0.0,0.0,119.0,56.0,19.0,3.0,143.0,3.0,114.0,102.0,10252.0,3279.0
A83021,AUCKLAND MEDICAL GROUP,U85067,BISHOP AUCKLAND PCN,84H,E38000234,1.0,0.0,92.0,23.0,32.0,6.0,130.0,0.0,107.0,74.0,12738.0,3348.0
A83022,THE MEDICAL GROUP,U01989,DURHAM WEST PCN,84H,E38000234,0.0,0.0,106.0,13.0,35.0,5.0,270.0,3.0,197.0,186.0,20791.0,5862.0
A83023,STANLEY MEDICAL GROUP,U70497,DERWENTSIDE PCN,84H,E38000234,0.0,0.0,74.0,2.0,22.0,6.0,124.0,2.0,99.0,97.0,10089.0,2467.0
A83024,WEST RAINTON SURGERY,U53962,DURHAM EAST PCN,84H,E38000234,0.0,0.0,22.0,11.0,0.0,2.0,57.0,0.0,41.0,40.0,4061.0,1446.0
A83025,BISHOPGATE MEDICAL CENTRE,U85067,BISHOP AUCKLAND PCN,84H,E38000234,0.0,0.0,54.0,1.0,8.0,5.0,143.0,1.0,107.0,95.0,10734.0,2892.0
A83026,SACRISTON MEDICAL CENTRE,U,Unallocated,84H,E38000234,0.0,0.0,10.0,0.0,1.0,5.0,56.0,6.0,38.0,23.0,8550.0,2149.0
A83027,COXHOE MEDICAL PRACTICE,U53962,DURHAM EAST PCN,84H,E38000234,0.0,0.0,43.0,17.0,0.0,1.0,62.0,8.0,36.0,34.0,6215.0,1455.0
A83028,MIDDLE CHARE MEDICAL GROUP,U,Unallocated,84H,E38000234,0.0,1.0,31.0,5.0,7.0,1.0,78.0,1.0,53.0,41.0,6835.0,2463.0
A83029,GREAT LUMLEY SURGERY,U,Unallocated,84H,E38000234,0.0,0.0,36.0,3.0,7.0,1.0,69.0,0.0,49.0,31.0,3947.0,1340.0
A83030,DUNELM MEDICAL PRACTICE,U01989,DURHAM WEST PCN,84H,E38000234,0.0,0.0,48.0,7.0,4.0,7.0,119.0,4.0,84.0,74.0,11841.0,2554.0
A83031,CARMEL MEDICAL PRACTICE,U45102,DARLINGTON PCN,16C,E38000247,3.0,7.0,72.0,5.0,28.0,2.0,139.0,0.0,114.0,75.0,8807.0,3013.0
A83032,WOODVIEW MEDICAL PRACTICE,U31619,TEESDALE PCN,84H,E38000234,0.0,0.0,39.0,10.0,13.0,1.0,47.0,0.0,41.0,41.0,1818.0,823.0
A83033,PELTON & FELLROSE MEDICAL GROUP,U,Unallocated,84H,E38000234,0.0,0.0,49.0,1.0,13.0,2.0,87.0,0.0,50.0,36.0,8111.0,2209.0
A83034,BLACKETTS MEDICAL PRACTICE,U45102,DARLINGTON PCN,16C,E38000247,0.0,1.0,49.0,22.0,16.0,3.0,76.0,0.0,52.0,39.0,9347.0,2244.0
A83035,THE WEARDALE PRACTICE,U96202,WEAR VALLEY PCN,84H,E38000234,0.0,0.0,36.0,6.0,15.0,0.0,66.0,1.0,51.0,50.0,4830.0,2336.0
A83036,CHASTLETON MEDICAL GROUP,U01989,DURHAM WEST PCN,84H,E38000234,0.0,0.0,39.0,5.0,4.0,2.0,148.0,0.0,130.0,121.0,7022.0,3204.0
A83037,BEWICK CRESCENT SURGERY,U,Unallocated,84H,E38000234,0.0,0.0,77.0,9.0,16.0,3.0,151.0,0.0,123.0,101.0,9565.0,3334.0
A83038,CEDARS MEDICAL GROUP,U70497,DERWENTSIDE PCN,84H,E38000234,0.0,0.0,12.0,3.0,1.0,1.0,54.0,1.0,44.0,39.0,5005.0,1251.0
A83040,CLIFTON COURT MEDICAL PRACTICE,U45102,DARLINGTON PCN,16C,E38000247,0.0,0.0,71.0,0.0,9.0,6.0,133.0,0.0,118.0,110.0,10046.0,2205.0
A83041,MURTON MEDICAL CENTRE,U,Unallocated,84H,E38000234,0.0,0.0,63.0,10.0,3.0,3.0,85.0,1.0,64.0,54.0,5682.0,1654.0
A83043,OLD FORGE SURGERY,U31619,TEESDALE PCN,84H,E38000234,0.0,0.0,25.0,16.0,2.0,1.0,25.0,1.0,23.0,23.0,1772.0,928.0
A83044,THE HORDEN GROUP PRACTICE,U,Unallocated,84H,E38000234,0.0,0.0,43.0,8.0,8.0,3.0,86.0,0.0,64.0,54.0,6665.0,1697.0
A83045,FERRYHILL AND CHILTON MEDICAL PRACTICE,U,Unallocated,84H,E38000234,0.0,0.0,95.0,21.0,25.0,5.0,163.0,0.0,135.0,130.0,11526.0,3394.0
A83046,BARNARD CASTLE SURGERY,U31619,TEESDALE PCN,84H,E38000234,0.0,0.0,71.0,7.0,2.0,1.0,121.0,0.0,89.0,79.0,7611.0,3414.0
A83047,DENMARK STREET SURGERY,U45102,DARLINGTON PCN,16C,E38000247,1.0,2.0,82.0,42.0,26.0,5.0,152.0,2.0,144.0,136.0,11874.0,2887.0
A83048,ROCKLIFFE COURT SURGERY,U45102,DARLINGTON PCN,16C,E38000247,0.0,2.0,57.0,25.0,7.0,1.0,44.0,0.0,34.0,25.0,4607.0,1683.0
A83049,QUEENS ROAD SURGERY,U70497,DERWENTSIDE PCN,84H,E38000234,0.0,0.0,62.0,9.0,21.0,5.0,125.0,1.0,102.0,101.0,13350.0,3325.0
A83050,CESTRIA HEALTH CENTRE,U,Unallocated,84H,E38000234,0.0,0.0,37.0,3.0,1.0,4.0,127.0,1.0,96.0,68.0,9691.0,2893.0
A83051,MARLBOROUGH SURGERY,U,Unallocated,84H,E38000234,0.0,0.0,69.0,3.0,1.0,10.0,173.0,0.0,146.0,145.0,8975.0,2538.0
A83052,BISHOPS CLOSE MEDICAL PRACTICE,U,Unallocated,84H,E38000234,0.0,0.0,50.0,1.0,27.0,6.0,93.0,1.0,68.0,63.0,6429.0,2139.0
A83054,SKERNE MEDICAL GROUP,U,Unallocated,84H,E38000234,0.0,0.0,85.0,5.0,46.0,8.0,140.0,1.0,109.0,97.0,13125.0,3972.0
A83055,CHEVELEY PARK MEDICAL CTR,U53962,DURHAM EAST PCN,84H,E38000234,0.0,0.0,9.0,4.0,1.0,0.0,57.0,1.0,49.0,37.0,3707.0,1395.0
A83057,EAST DURHAM MEDICAL GROUP,U,Unallocated,84H,E38000234,0.0,0.0,159.0,43.0,38.0,6.0,165.0,2.0,135.0,123.0,14391.0,3757.0
A83060,PINFOLD MEDICAL PRACTICE,U31619,TEESDALE PCN,84H,E38000234,0.0,0.0,16.0,9.0,1.0,3.0,19.0,0.0,15.0,14.0,2072.0,779.0
A83061,GAINFORD SURGERY,U31619,TEESDALE PCN,84H,E38000234,0.0,0.0,58.0,44.0,8.0,1.0,25.0,0.0,19.0,13.0,2601.0,1108.0
A83066,JUBILEE MEDICAL GROUP,U,Unallocated,84H,E38000234,0.0,0.0,86.0,10.0,21.0,2.0,135.0,1.0,118.0,93.0,10749.0,2310.0
A83070,MIDDLETON AND DINSDALE MEDICAL PRACTICE,U45102,DARLINGTON PCN,16C,E38000247,0.0,2.0,49.0,16.0,13.0,2.0,92.0,0.0,76.0,62.0,4283.0,1643.0
A83071,THE NEW SEAHAM MEDICAL GROUP,U,Unallocated,84H,E38000234,0.0,0.0,119.0,93.0,1.0,4.0,25.0,1.0,21.0,18.0,3761.0,928.0
A83072,LANCHESTER MEDICAL CENTRE,U70497,DERWENTSIDE PCN,84H,E38000234,0.0,0.0,13.0,2.0,5.0,2.0,55.0,0.0,45.0,35.0,2913.0,1150.0
A83073,DRS LAMBERT & NG,U70497,DERWENTSIDE PCN,84H,E38000234,0.0,1.0,55.0,3.0,7.0,2.0,63.0,1.0,46.0,28.0,3971.0,1311.0
A83074,PEASE WAY MEDICAL CENTRE,U,Unallocated,84H,E38000234,0.0,0.0,55.0,2.0,1.0,4.0,89.0,1.0,91.0,53.0,9512.0,2349.0
A83075,BYRON MEDICAL PRACTICE,U,Unallocated,84H,E38000234,0.0,0.0,48.0,6.0,10.0,4.0,86.0,1.0,68.0,63.0,6448.0,1858.0
A83610,WINGATE MEDICAL PRACTICE INTRAHEALTH,U,Unallocated,84H,E38000234,0.0,0.0,45.0,10.0,3.0,0.0,17.0,0.0,12.0,12.0,2926.0,650.0
A83616,BEVAN MEDICAL GROUP,U,Unallocated,84H,E38000234,0.0,0.0,59.0,19.0,13.0,4.0,61.0,0.0,42.0,28.0,7087.0,1682.0
A83617,BROWNEY HOUSE SURGERY,U70497,DERWENTSIDE PCN,84H,E38000234,0.0,0.0,2.0,0.0,0.0,3.0,23.0,0.0,17.0,8.0,2077.0,630.0
A83618,OAKFIELDS HEALTH GROUP,U70497,DERWENTSIDE PCN,84H,E38000234,0.0,3.0,41.0,4.0,7.0,4.0,115.0,3.0,61.0,44.0,5863.0,1779.0
A83619,SOUTHDENE MEDICAL CENTRE,U,Unallocated,84H,E38000234,0.0,0.0,26.0,2.0,1.0,0.0,13.0,0.0,8.0,7.0,2800.0,604.0
A83622,THE HAVEN SURGERY,U70497,DERWENTSIDE PCN,84H,E38000234,0.0,0.0,3.0,1.0,0.0,0.0,14.0,0.0,14.0,14.0,1330.0,441.0
A83626,EVENWOOD MEDICAL PRACTICE,U31619,TEESDALE PCN,84H,E38000234,0.0,0.0,22.0,6.0,5.0,2.0,15.0,0.0,16.0,12.0,1780.0,544.0
A83627,SILVERDALE FAMILY PRACTICE,U,Unallocated,84H,E38000234,1.0,0.0,20.0,3.0,2.0,3.0,37.0,1.0,24.0,11.0,5574.0,1032.0
A83634,WEST CORNFORTH MEDICAL CENTRE,U,Unallocated,84H,E38000234,0.0,0.0,20.0,7.0,7.0,0.0,37.0,3.0,33.0,33.0,2156.0,664.0
A83635,BOWBURN MEDICAL CENTRE,U53962,DURHAM EAST PCN,84H,E38000234,0.0,0.0,12.0,2.0,7.0,2.0,49.0,2.0,37.0,35.0,3918.0,686.0
A83636,LEADGATE SURGERY,U70497,DERWENTSIDE PCN,84H,E38000234,0.0,0.0,13.0,4.0,4.0,1.0,58.0,1.0,38.0,31.0,4555.0,1203.0
A83637,VILLAGES MEDICAL GROUP,U,Unallocated,84H,E38000234,0.0,0.0,14.0,6.0,1.0,2.0,46.0,1.0,34.0,29.0,3117.0,974.0
A83641,PARKGATE SURGERY,U45102,DARLINGTON PCN,16C,E38000247,0.0,0.0,42.0,22.0,10.0,4.0,35.0,0.0,38.0,27.0,4142.0,700.0
A83644,ANNFIELD PLAIN SURGERY,U70497,DERWENTSIDE PCN,84H,E38000234,0.0,0.0,33.0,2.0,0.0,1.0,39.0,0.0,34.0,32.0,2813.0,764.0
A84002,THE ROTHBURY PRACTICE,U09980,NORTHUMBRIA PCN,00L,E38000130,0.0,0.0,97.0,54.0,15.0,2.0,40.0,0.0,32.0,25.0,3872.0,2389.0
A84005,BEDLINGTONSHIRE MED.GROUP,U11112,WANSBECK PCN,00L,E38000130,0.0,0.0,63.0,14.0,18.0,3.0,119.0,0.0,100.0,99.0,9983.0,2942.0
A84006,ALNWICK MEDICAL GROUP,U25545,WELL UP NORTH PCN,00L,E38000130,0.0,0.0,116.0,15.0,1.0,3.0,213.0,8.0,170.0,129.0,12799.0,6099.0
A84007,PONTELAND MEDICAL GROUP,U09980,NORTHUMBRIA PCN,00L,E38000130,0.0,1.0,77.0,45.0,8.0,0.0,128.0,2.0,87.0,81.0,7843.0,3091.0
A84008,BELFORD MEDICAL PRACTICE,U25545,WELL UP NORTH PCN,00L,E38000130,0.0,0.0,34.0,4.0,1.0,2.0,27.0,0.0,17.0,10.0,2765.0,1737.0
A84009,RAILWAY MEDICAL GROUP,U25489,BLYTH PCN,00L,E38000130,26.0,0.0,105.0,16.0,10.0,13.0,227.0,3.0,204.0,79.0,21221.0,5597.0
A84011,WHITE MEDICAL GROUP,U,Unallocated,00L,E38000130,0.0,0.0,55.0,3.0,0.0,2.0,104.0,0.0,81.0,68.0,6342.0,2382.0
A84013,THE GABLES MEDICAL GROUP,U11112,WANSBECK PCN,00L,E38000130,0.0,0.0,37.0,9.0,8.0,5.0,114.0,0.0,74.0,49.0,4901.0,1413.0
A84014,MARINE MEDICAL GROUP,U25489,BLYTH PCN,00L,E38000130,0.0,0.0,76.0,38.0,13.0,7.0,171.0,0.0,149.0,142.0,11056.0,3070.0
A84016,PRUDHOE MEDICAL GROUP,U,Unallocated,00L,E38000130,0.0,0.0,16.0,2.0,7.0,6.0,60.0,1.0,48.0,42.0,5284.0,1499.0
A84018,CORBRIDGE HEALTH CENTRE,U,Unallocated,00L,E38000130,0.0,0.0,45.0,2.0,1.0,0.0,99.0,0.0,46.0,13.0,4698.0,2635.0
A84020,GUIDEPOST MEDICAL GROUP,U11112,WANSBECK PCN,00L,E38000130,1.0,0.0,24.0,11.0,8.0,1.0,105.0,1.0,75.0,53.0,5992.0,2131.0
A84022,COQUET MEDICAL GROUP,U09980,NORTHUMBRIA PCN,00L,E38000130,1.0,0.0,126.0,52.0,18.0,8.0,129.0,6.0,94.0,80.0,8536.0,3823.0
A84024,BURN BRAE MEDICAL GROUP,U,Unallocated,00L,E38000130,0.0,0.0,137.0,2.0,1.0,1.0,152.0,1.0,113.0,65.0,7228.0,3194.0
A84025,CRAMLINGTON MEDICAL GROUP,U09980,NORTHUMBRIA PCN,00L,E38000130,0.0,0.0,18.0,5.0,1.0,1.0,86.0,0.0,80.0,64.0,4110.0,1427.0
A84026,WELL CLOSE MEDICAL GROUP,U25545,WELL UP NORTH PCN,00L,E38000130,0.0,0.0,55.0,8.0,11.0,4.0,127.0,0.0,92.0,90.0,6429.0,2784.0
A84027,BELLINGHAM PRACTICE,U,Unallocated,00L,E38000130,0.0,0.0,26.0,20.0,3.0,0.0,23.0,0.0,19.0,13.0,2324.0,1121.0
A84028,SEATON PARK MEDICAL GROUP,U11112,WANSBECK PCN,00L,E38000130,2.0,0.0,148.0,76.0,8.0,8.0,210.0,1.0,193.0,158.0,15618.0,4438.0
A84029,NORTHUMBERLAND HEALTH,U09980,NORTHUMBRIA PCN,00L,E38000130,0.0,0.0,31.0,4.0,1.0,0.0,23.0,0.0,19.0,16.0,3286.0,1489.0
A84030,VILLAGE MEDICAL GROUP,U24977,CRAMLINGTON SEATON VALLEY PCN,00L,E38000130,0.0,0.0,43.0,14.0,0.0,4.0,105.0,1.0,83.0,74.0,8982.0,2923.0
A84031,GREYSTOKE SURGERY,U25545,WELL UP NORTH PCN,00L,E38000130,1.0,0.0,73.0,17.0,22.0,3.0,104.0,0.0,85.0,65.0,7801.0,3311.0
A84033,THE SELE MEDICAL PRACTICE,U,Unallocated,00L,E38000130,0.0,0.0,39.0,1.0,2.0,7.0,86.0,0.0,83.0,66.0,4083.0,1819.0
A84034,HALTWHISTLE MEDICAL GROUP,U,Unallocated,00L,E38000130,0.0,0.0,22.0,0.0,5.0,0.0,58.0,0.0,52.0,47.0,3813.0,1810.0
A84035,RIVERSDALE SURGERY,U,Unallocated,00L,E38000130,0.0,0.0,8.0,1.0,0.0,1.0,50.0,0.0,34.0,25.0,4239.0,1722.0
A84036,VALENS MEDICAL PARTNERSHIP,U09980,NORTHUMBRIA PCN,00L,E38000130,52.0,0.0,516.0,333.0,77.0,11.0,429.0,0.0,286.0,178.0,37711.0,11541.0
A84037,NETHERFIELD HOUSE,U24977,CRAMLINGTON SEATON VALLEY PCN,00L,E38000130,0.0,0.0,40.0,9.0,14.0,0.0,39.0,0.0,19.0,5.0,4439.0,1549.0
A84038,FORUM FAMILY PRACTICE,U24977,CRAMLINGTON SEATON VALLEY PCN,00L,E38000130,1.0,4.0,96.0,10.0,5.0,3.0,100.0,0.0,66.0,63.0,7082.0,2235.0
A84039,GAS HOUSE LANE SURGERY,U25545,WELL UP NORTH PCN,00L,E38000130,0.0,0.0,52.0,6.0,23.0,1.0,80.0,0.0,53.0,45.0,5240.0,2045.0
A84040,HUMSHAUGH & WARK MED GRP,U,Unallocated,00L,E38000130,0.0,0.0,14.0,0.0,0.0,0.0,39.0,1.0,32.0,29.0,2204.0,1113.0
A84042,SCOTS GAP MEDICAL GROUP,U,Unallocated,00L,E38000130,0.0,0.0,14.0,0.0,0.0,0.0,13.0,2.0,3.0,*,1472.0,712.0
A84044,UNION BRAE & NORHAM PRAC,U25545,WELL UP NORTH PCN,00L,E38000130,0.0,0.0,74.0,19.0,13.0,1.0,93.0,3.0,88.0,80.0,4936.0,2123.0
A84045,HAYDON BRIDGE & ALLENDALE MEDICAL PRACT,U09980,NORTHUMBRIA PCN,00L,E38000130,0.0,0.0,49.0,13.0,0.0,3.0,62.0,3.0,40.0,32.0,3542.0,1706.0
A84047,BRANCH END SURGERY,U,Unallocated,00L,E38000130,0.0,0.0,8.0,0.0,0.0,2.0,80.0,0.0,66.0,60.0,3815.0,1600.0
A84604,WOOLER HEALTH,U25545,WELL UP NORTH PCN,00L,E38000130,0.0,0.0,78.0,50.0,5.0,1.0,41.0,2.0,31.0,27.0,3083.0,1840.0
A84614,THE ADDERLANE SURGERY,U,Unallocated,00L,E38000130,0.0,0.0,9.0,0.0,0.0,1.0,10.0,0.0,9.0,8.0,1733.0,470.0
A84619,ELSDON AVENUE SURGERY,U09980,NORTHUMBRIA PCN,00L,E38000130,0.0,0.0,16.0,6.0,3.0,1.0,63.0,2.0,48.0,35.0,3330.0,1032.0
A85001,FELL TOWER MEDICAL CENTRE,U91254,GATESHEAD CENTRAL SOUTH PCN,13T,E38000212,1.0,0.0,43.0,2.0,2.0,0.0,48.0,0.0,33.0,31.0,5821.0,1575.0
A85002,BENSHAM FAMILY PRACTICE,U91254,GATESHEAD CENTRAL SOUTH PCN,13T,E38000212,0.0,0.0,12.0,0.0,0.0,1.0,21.0,0.0,21.0,12.0,2824.0,887.0
A85004,LONGRIGG MEDICAL CENTRE,U13720,GATESHEAD EAST PCN,13T,E38000212,0.0,0.0,29.0,1.0,4.0,3.0,61.0,1.0,50.0,36.0,7711.0,2234.0
A85005,OXFORD TCE & RAWLING RD MEDICAL GROUP,U76028,BIRTLEY AND CENTRAL GATESHEAD PCN,13T,E38000212,0.0,0.0,75.0,0.0,0.0,12.0,344.0,0.0,270.0,223.0,14799.0,3177.0
A85006,GLENPARK & TEAMS MEDICAL SERVICES,U33691,GATESHEAD INNER WEST PCN,13T,E38000212,0.0,0.0,86.0,9.0,3.0,2.0,99.0,0.0,78.0,75.0,11945.0,2629.0
A85007,FELL COTTAGE SURGERY,U91254,GATESHEAD CENTRAL SOUTH PCN,13T,E38000212,0.0,0.0,29.0,1.0,1.0,5.0,89.0,0.0,71.0,55.0,6826.0,1988.0
A85008,BIRTLEY MEDICAL GROUP,U76028,BIRTLEY AND CENTRAL GATESHEAD PCN,13T,E38000212,0.0,0.0,64.0,1.0,1.0,8.0,209.0,0.0,154.0,128.0,11697.0,3570.0
A85009,CROWHALL MEDICAL CENTRE,U13720,GATESHEAD EAST PCN,13T,E38000212,0.0,0.0,12.0,0.0,2.0,4.0,72.0,0.0,58.0,51.0,5260.0,1250.0
A85010,CHAINBRIDGE MEDICAL PARTNERSHIP,U33691,GATESHEAD INNER WEST PCN,13T,E38000212,0.0,0.0,26.0,0.0,2.0,2.0,124.0,0.0,88.0,76.0,8949.0,2584.0
A85011,ST. ALBANS MEDICAL GROUP,U13720,GATESHEAD EAST PCN,13T,E38000212,0.0,1.0,42.0,5.0,5.0,3.0,140.0,1.0,107.0,101.0,5534.0,1552.0
A85013,MILLENNIUM FAMILY PRACTICE,U91254,GATESHEAD CENTRAL SOUTH PCN,13T,E38000212,0.0,0.0,14.0,0.0,0.0,1.0,17.0,0.0,13.0,10.0,3005.0,704.0
A85014,CRAWCROOK MEDICAL CENTRE,U,Unallocated,13T,E38000212,1.0,6.0,106.0,11.0,3.0,3.0,212.0,0.0,152.0,57.0,15405.0,4621.0
A85016,WREKENTON MEDICAL GROUP,U91254,GATESHEAD CENTRAL SOUTH PCN,13T,E38000212,0.0,0.0,62.0,0.0,1.0,6.0,109.0,0.0,84.0,70.0,9941.0,2361.0
A85017,BEWICK ROAD SURGERY,U91254,GATESHEAD CENTRAL SOUTH PCN,13T,E38000212,0.0,8.0,40.0,17.0,7.0,0.0,48.0,0.0,43.0,38.0,7797.0,881.0
A85018,OLDWELL SURGERY,U,Unallocated,13T,E38000212,1.0,1.0,25.0,5.0,0.0,1.0,23.0,0.0,20.0,*,3576.0,1151.0
A85019,CENTRAL GATESHEAD MEDICAL GROUP,U91254,GATESHEAD CENTRAL SOUTH PCN,13T,E38000212,0.0,0.0,42.0,0.0,0.0,1.0,66.0,0.0,39.0,35.0,8702.0,1789.0
A85020,WHICKHAM COTTAGE MEDICAL CENTRE,U33691,GATESHEAD INNER WEST PCN,13T,E38000212,0.0,0.0,70.0,3.0,4.0,4.0,168.0,0.0,134.0,114.0,11046.0,4583.0
A85021,SECOND STREET SURGERY,U76028,BIRTLEY AND CENTRAL GATESHEAD PCN,13T,E38000212,0.0,0.0,10.0,1.0,1.0,0.0,14.0,0.0,11.0,10.0,3933.0,350.0
A85023,TEAMS MEDICAL PRACTICE,U,Unallocated,13T,E38000212,0.0,0.0,28.0,4.0,2.0,3.0,10.0,0.0,12.0,10.0,4679.0,767.0
A85024,CHOPWELL PRIMARY HEALTHCARE CENTRE,U,Unallocated,13T,E38000212,0.0,0.0,6.0,0.0,1.0,0.0,13.0,0.0,9.0,8.0,1941.0,626.0
A85026,BEACON VIEW MEDICAL CENTRE,U91254,GATESHEAD CENTRAL SOUTH PCN,13T,E38000212,0.0,0.0,12.0,0.0,1.0,0.0,31.0,0.0,25.0,25.0,4858.0,960.0
A85611,PELAW MEDICAL PRACTICE,U13720,GATESHEAD EAST PCN,13T,E38000212,0.0,0.0,52.0,7.0,7.0,2.0,22.0,0.0,14.0,5.0,4672.0,1022.0
A85614,THE BRIDGES MEDICAL PRACTICE,U76028,BIRTLEY AND CENTRAL GATESHEAD PCN,13T,E38000212,0.0,0.0,19.0,0.0,0.0,1.0,49.0,0.0,44.0,44.0,7523.0,855.0
A85616,HOLLYHURST MEDICAL CENTRE,U,Unallocated,13T,E38000212,0.0,0.0,29.0,7.0,1.0,1.0,20.0,0.0,12.0,7.0,3825.0,1259.0
A85617,SUNNISIDE SURGERY,U33691,GATESHEAD INNER WEST PCN,13T,E38000212,0.0,0.0,6.0,0.0,0.0,1.0,36.0,0.0,27.0,22.0,3131.0,802.0
A86003,SAVILLE MEDICAL GROUP,U43524,NEWCASTLE CENTRAL HEALTH PCN,13T,E38000212,0.0,0.0,80.0,2.0,5.0,10.0,148.0,1.0,96.0,83.0,39317.0,2869.0
A86004,PROSPECT MEDICAL CENTRE,U45898,NEWCASTLE INNER WEST PCN,13T,E38000212,0.0,0.0,13.0,1.0,3.0,2.0,56.0,0.0,43.0,38.0,12506.0,1558.0
A86005,WEST FARM SURGERY,U,Unallocated,99C,E38000127,0.0,0.0,32.0,5.0,2.0,1.0,68.0,0.0,60.0,52.0,4930.0,1031.0
A86006,ROSEWORTH SURGERY,U,Unallocated,13T,E38000212,0.0,0.0,6.0,2.0,2.0,0.0,33.0,0.0,26.0,9.0,4346.0,1387.0
A86008,PARK MEDICAL GROUP,U,Unallocated,13T,E38000212,0.0,0.0,26.0,2.0,3.0,6.0,81.0,0.0,54.0,41.0,10873.0,2388.0
A86010,BIDDLESTONE HEALTH GROUP,U17849,NEWCASTLE EAST PCN,13T,E38000212,0.0,0.0,21.0,2.0,0.0,1.0,58.0,0.0,51.0,47.0,9381.0,1361.0
A86011,WALKER MEDICAL GROUP,U17849,NEWCASTLE EAST PCN,13T,E38000212,10.0,1.0,1073.0,1044.0,17.0,8.0,113.0,0.0,105.0,85.0,8767.0,2018.0
A86012,WEST ROAD MEDICAL CENTRE,U44695,WEST END FAMILY HEALTH PCN,13T,E38000212,0.0,0.0,52.0,12.0,9.0,2.0,87.0,0.0,72.0,29.0,11139.0,1243.0
A86013,DENTON PARK MEDICAL GROUP,U87170,NEWCASTLE OUTER WEST PCN,13T,E38000212,0.0,0.0,10.0,0.0,0.0,1.0,42.0,1.0,31.0,17.0,5882.0,1649.0
A86016,LANE END SURGERY,U,Unallocated,99C,E38000127,0.0,0.0,43.0,3.0,0.0,2.0,67.0,1.0,51.0,42.0,7464.0,1933.0
A86018,THE GROVE MEDICAL GROUP,U,Unallocated,13T,E38000212,0.0,0.0,27.0,3.0,4.0,2.0,111.0,17.0,84.0,71.0,9832.0,3301.0
A86020,JESMOND HEALTH PARTNERSHIP,U,Unallocated,13T,E38000212,0.0,0.0,30.0,8.0,6.0,4.0,249.0,4.0,181.0,128.0,22704.0,4608.0
A86021,HOLMSIDE MEDICAL GROUP,U44695,WEST END FAMILY HEALTH PCN,13T,E38000212,0.0,0.0,37.0,0.0,16.0,2.0,119.0,0.0,28.0,22.0,7965.0,2029.0
A86022,PARKWAY MEDICAL GROUP,U87170,NEWCASTLE OUTER WEST PCN,13T,E38000212,1.0,0.0,27.0,2.0,0.0,2.0,68.0,1.0,47.0,34.0,6349.0,2146.0
A86023,BENFIELD PARK MEDICAL GROUP,U17849,NEWCASTLE EAST PCN,13T,E38000212,0.0,0.0,19.0,2.0,3.0,7.0,81.0,3.0,79.0,69.0,8553.0,1832.0
A86024,HEATON ROAD SURGERY,U17849,NEWCASTLE EAST PCN,13T,E38000212,0.0,0.0,16.0,4.0,1.0,3.0,73.0,0.0,54.0,41.0,6013.0,928.0
A86025,WESTERHOPE MEDICAL GROUP,U87170,NEWCASTLE OUTER WEST PCN,13T,E38000212,0.0,0.0,31.0,0.0,5.0,5.0,58.0,0.0,43.0,21.0,11516.0,2171.0
A86026,THROCKLEY PRIMARY CARE CENTRE,U87170,NEWCASTLE OUTER WEST PCN,13T,E38000212,0.0,0.0,18.0,7.0,4.0,2.0,90.0,1.0,41.0,32.0,6098.0,1591.0
A86027,NEWCASTLE MEDICAL CENTRE,U17849,NEWCASTLE EAST PCN,13T,E38000212,0.0,0.0,2.0,1.0,0.0,0.0,5.0,0.0,2.0,*,21788.0,295.0
A86028,REGENT MEDICAL CENTRE,U,Unallocated,13T,E38000212,0.0,0.0,15.0,1.0,1.0,0.0,51.0,0.0,32.0,23.0,6589.0,1375.0
A86029,THORNFIELD MEDICAL GROUP,U17849,NEWCASTLE EAST PCN,13T,E38000212,0.0,0.0,74.0,21.0,3.0,5.0,59.0,0.0,53.0,38.0,17783.0,2362.0
A86030,BETTS AVENUE MEDICAL GROUP,U45898,NEWCASTLE INNER WEST PCN,13T,E38000212,0.0,0.0,17.0,0.0,8.0,7.0,123.0,0.0,90.0,86.0,8795.0,1758.0
A86031,FENHAM HALL SURGERY,U45898,NEWCASTLE INNER WEST PCN,13T,E38000212,0.0,0.0,25.0,1.0,3.0,3.0,50.0,0.0,32.0,24.0,9509.0,1391.0
A86033,BRUNTON PARK,U,Unallocated,13T,E38000212,0.0,0.0,4.0,1.0,1.0,2.0,48.0,1.0,32.0,29.0,6961.0,1010.0
A86037,ELSWICK FAMILY PRACTICE,U45898,NEWCASTLE INNER WEST PCN,13T,E38000212,0.0,0.0,16.0,3.0,0.0,1.0,47.0,1.0,34.0,28.0,7731.0,782.0
A86038,NEWBURN SURGERY,U87170,NEWCASTLE OUTER WEST PCN,13T,E38000212,0.0,0.0,7.0,1.0,0.0,2.0,56.0,0.0,47.0,40.0,5008.0,1267.0
A86040,ST. ANTHONY'S HEALTH CENTRE,U17849,NEWCASTLE EAST PCN,13T,E38000212,0.0,0.0,17.0,2.0,1.0,3.0,78.0,0.0,54.0,41.0,5754.0,849.0
A86041,SWARLAND AVENUE SURGERY,U,Unallocated,99C,E38000127,0.0,0.0,31.0,2.0,1.0,0.0,53.0,0.0,39.0,34.0,5421.0,1273.0
A86601,DENTON TURRET MEDICAL CENTRE,U87170,NEWCASTLE OUTER WEST PCN,13T,E38000212,0.0,0.0,104.0,42.0,8.0,2.0,76.0,0.0,39.0,38.0,7187.0,1804.0
A87002,SPRING TERRACE HEALTH CENTRE,U91110,NORTH SHIELDS PCN,99C,E38000127,2.0,0.0,229.0,63.0,7.0,5.0,270.0,1.0,206.0,193.0,16082.0,5335.0
A87004,COLLINGWOOD HEALTH GROUP,U91110,NORTH SHIELDS PCN,99C,E38000127,0.0,0.0,116.0,18.0,2.0,3.0,285.0,1.0,196.0,80.0,18919.0,5480.0
A87005,WHITLEY BAY HEALTH CENTRE,U02739,WHITLEY BAY PCN,99C,E38000127,0.0,0.0,69.0,9.0,5.0,1.0,143.0,0.0,109.0,67.0,10016.0,3788.0
A87006,49 MARINE AVENUE SURGERY,U,Unallocated,99C,E38000127,0.0,0.0,89.0,17.0,2.0,1.0,90.0,0.0,60.0,45.0,1.0,2.0
A87007,STEPHENSON PARK HEALTH GROUP,U,Unallocated,99C,E38000127,1.0,0.0,140.0,23.0,1.0,2.0,133.0,3.0,90.0,67.0,13967.0,3709.0
A87008,MARINE AVENUE MEDICAL CTR,U02739,WHITLEY BAY PCN,99C,E38000127,1.0,0.0,36.0,14.0,10.0,0.0,89.0,0.0,68.0,53.0,7414.0,1802.0
A87009,PRIORY MEDICAL GROUP,U91110,NORTH SHIELDS PCN,99C,E38000127,0.0,0.0,105.0,46.0,1.0,2.0,111.0,0.0,100.0,65.0,12190.0,3256.0
A87011,BEAUMONT PARK SURGERY,U02739,WHITLEY BAY PCN,99C,E38000127,0.0,0.0,24.0,8.0,5.0,1.0,68.0,0.0,42.0,24.0,4568.0,1663.0
A87012,WIDEOPEN MEDICAL CENTRE,U,Unallocated,99C,E38000127,1.0,0.0,87.0,22.0,17.0,5.0,94.0,1.0,66.0,56.0,5585.0,1810.0
A87013,BEWICKE MEDICAL CENTRE,U10386,WALLSEND PCN,99C,E38000127,0.0,1.0,51.0,4.0,5.0,4.0,111.0,0.0,92.0,83.0,7463.0,1882.0
A87016,THE VILLAGE GREEN SURGERY,U10386,WALLSEND PCN,99C,E38000127,0.0,2.0,67.0,2.0,4.0,1.0,119.0,0.0,67.0,62.0,10422.0,2438.0
A87017,WOODLANDS PARK HEALTH CTR,U24977,CRAMLINGTON SEATON VALLEY PCN,99C,E38000127,1.0,0.0,71.0,27.0,0.0,0.0,71.0,2.0,43.0,32.0,5177.0,1714.0
A87019,NELSON MEDICAL GROUP,U,Unallocated,99C,E38000127,0.0,0.0,61.0,13.0,6.0,3.0,41.0,0.0,19.0,14.0,0.0,1.0
A87020,BRIDGE AND MONKSEATON MEDICAL PRACTICE,U02739,WHITLEY BAY PCN,99C,E38000127,0.0,0.0,62.0,12.0,6.0,2.0,119.0,0.0,95.0,83.0,10010.0,3296.0
A87022,NORTHUMBERLAND PARK MEDICAL GROUP,U02739,WHITLEY BAY PCN,99C,E38000127,0.0,0.0,45.0,4.0,4.0,0.0,46.0,0.0,36.0,30.0,8324.0,1320.0
A87029,HADRIAN HEALTH CENTRE,U10386,WALLSEND PCN,99C,E38000127,0.0,2.0,133.0,7.0,1.0,6.0,202.0,1.0,154.0,130.0,17140.0,4113.0
A87030,REDBURN PARK MEDICAL CENTRE,U91110,NORTH SHIELDS PCN,99C,E38000127,0.0,0.0,36.0,2.0,2.0,4.0,45.0,0.0,18.0,9.0,5527.0,777.0
A87600,PARK PARADE PRACTICE,U,Unallocated,99C,E38000127,0.0,0.0,50.0,16.0,4.0,0.0,35.0,0.0,32.0,12.0,.,.
A87612,WELLSPRING MEDICAL PRACT.,U,Unallocated,99C,E38000127,2.0,0.0,90.0,24.0,1.0,4.0,79.0,1.0,64.0,54.0,5203.0,1357.0
A87615,MALLARD MEDICAL PRACTICE,U,Unallocated,99C,E38000127,0.0,0.0,26.0,3.0,0.0,0.0,40.0,0.0,13.0,11.0,4538.0,1055.0
A88001,VICTORIA MEDICAL CENTRE,U37826,SOUTH TYNESIDE WEST PCN,00N,E38000163,0.0,0.0,7.0,0.0,0.0,3.0,58.0,1.0,48.0,32.0,2885.0,751.0
A88002,FARNHAM MEDICAL CTR.,U20256,SOUTH TYNESIDE EAST PCN,00N,E38000163,0.0,0.0,110.0,3.0,8.0,5.0,209.0,1.0,168.0,130.0,12996.0,3552.0
A88003,MARSDEN MEDICAL GROUP,U89118,SOUTH TYNESIDE SOUTH PCN,00N,E38000163,0.0,0.0,164.0,0.0,41.0,4.0,244.0,0.0,154.0,148.0,17387.0,5212.0
A88004,MAYFIELD MEDICAL GROUP,U37826,SOUTH TYNESIDE WEST PCN,00N,E38000163,0.0,0.0,56.0,1.0,1.0,1.0,103.0,1.0,73.0,70.0,7118.0,1863.0
A88005,WENLOCK ROAD SURGERY,U20256,SOUTH TYNESIDE EAST PCN,00N,E38000163,0.0,0.0,20.0,0.0,6.0,1.0,27.0,0.0,19.0,13.0,3589.0,864.0
A88006,TALBOT MEDICAL CENTRE,U20256,SOUTH TYNESIDE EAST PCN,00N,E38000163,0.0,0.0,30.0,1.0,5.0,2.0,58.0,0.0,47.0,29.0,5979.0,1754.0
A88008,TRINITY MEDICAL CENTRE,U20256,SOUTH TYNESIDE EAST PCN,00N,E38000163,0.0,0.0,15.0,3.0,0.0,1.0,45.0,0.0,29.0,22.0,4926.0,1379.0
A88009,DR THORNILEY-WALKER & PARTNERS,U89118,SOUTH TYNESIDE SOUTH PCN,00N,E38000163,0.0,0.0,33.0,11.0,17.0,1.0,54.0,0.0,48.0,46.0,4380.0,1489.0
A88010,ALBERT ROAD SURGERY,U37826,SOUTH TYNESIDE WEST PCN,00N,E38000163,0.0,0.0,26.0,0.0,2.0,0.0,35.0,0.0,18.0,16.0,2813.0,820.0
A88012,ELLISON VIEW SURGERY,U37826,SOUTH TYNESIDE WEST PCN,00N,E38000163,0.0,0.0,34.0,1.0,5.0,2.0,32.0,0.0,20.0,11.0,4730.0,1314.0
A88013,CENTRAL SURGERY,U89118,SOUTH TYNESIDE SOUTH PCN,00N,E38000163,13.0,4.0,153.0,59.0,8.0,4.0,136.0,0.0,121.0,63.0,15667.0,3696.0
A88014,WEST VIEW SURGERY,U20256,SOUTH TYNESIDE EAST PCN,00N,E38000163,0.0,0.0,2.0,1.0,0.0,0.0,7.0,0.0,5.0,*,2407.0,405.0
A88015,ST GEORGE & RIVERSIDE MEDICAL PRACTICE,U20256,SOUTH TYNESIDE EAST PCN,00N,E38000163,0.0,0.0,37.0,5.0,2.0,4.0,66.0,0.0,58.0,29.0,5946.0,1418.0
A88016,COLLIERY COURT MEDICAL GROUP,U89118,SOUTH TYNESIDE SOUTH PCN,00N,E38000163,0.0,0.0,52.0,3.0,6.0,3.0,49.0,0.0,43.0,37.0,6434.0,1932.0
A88022,THE GLEN MEDICAL GROUP,U37826,SOUTH TYNESIDE WEST PCN,00N,E38000163,0.0,0.0,52.0,19.0,5.0,5.0,117.0,2.0,87.0,59.0,9295.0,1868.0
A88023,WHITBURN SURGERY,U89118,SOUTH TYNESIDE SOUTH PCN,00N,E38000163,0.0,0.0,28.0,5.0,6.0,0.0,51.0,0.0,44.0,29.0,3894.0,1405.0
A88025,THE G.P.SUITE,U37826,SOUTH TYNESIDE WEST PCN,00N,E38000163,0.0,0.0,20.0,1.0,1.0,1.0,56.0,0.0,37.0,36.0,3137.0,1142.0
A88601,IMEARY MEDICAL GROUP,U89118,SOUTH TYNESIDE SOUTH PCN,00N,E38000163,2.0,0.0,38.0,14.0,1.0,1.0,34.0,0.0,30.0,23.0,3470.0,1012.0
A88608,RAVENSWORTH SURGERY,U37826,SOUTH TYNESIDE WEST PCN,00N,E38000163,0.0,0.0,18.0,1.0,1.0,3.0,60.0,0.0,35.0,19.0,4697.0,1317.0
A88613,EAST WING PRACTICE,U37826,SOUTH TYNESIDE WEST PCN,00N,E38000163,4.0,4.0,54.0,17.0,8.0,1.0,47.0,0.0,43.0,40.0,3270.0,884.0
A89001,DEERNESS PARK MEDICAL GROUP,U52297,SUNDERLAND EAST PCN,00P,E38000176,0.0,0.0,49.0,0.0,23.0,6.0,139.0,0.0,94.0,70.0,11024.0,2626.0
A89002,RIVERVIEW SURGERY,U52297,SUNDERLAND EAST PCN,00P,E38000176,0.0,0.0,24.0,1.0,9.0,2.0,24.0,0.0,13.0,*,5762.0,1027.0
A89004,HETTON GROUP PRACTICE,U69720,COALFIELDS PCN,00P,E38000176,0.0,0.0,53.0,0.0,23.0,5.0,132.0,0.0,82.0,69.0,9162.0,2734.0
A89005,VILLETTE SURGERY,U52297,SUNDERLAND EAST PCN,00P,E38000176,0.0,0.0,38.0,0.0,9.0,3.0,83.0,0.0,70.0,67.0,4460.0,1400.0
A89006,WEARSIDE MEDICAL PRACTICE - PALLION,U,Unallocated,00P,E38000176,1.0,0.0,15.0,0.0,2.0,2.0,41.0,0.0,34.0,30.0,6720.0,1221.0
A89007,PALLION FAMILY PRACTICE,U,Unallocated,00P,E38000176,1.0,0.0,35.0,0.0,6.0,4.0,69.0,0.0,45.0,14.0,7939.0,2073.0
A89008,RED HOUSE MEDICAL CENTRE,U,Unallocated,00P,E38000176,1.0,2.0,26.0,15.0,5.0,1.0,43.0,0.0,36.0,19.0,4463.0,956.0
A89009,HERRINGTON MEDICAL CENTRE,U69720,COALFIELDS PCN,00P,E38000176,1.0,0.0,36.0,0.0,1.0,2.0,129.0,0.0,95.0,75.0,7905.0,1944.0
A89010,THE STEPHENSON MEDICAL PRACTICE,U61868,WASHINGTON PCN,00P,E38000176,0.0,0.0,38.0,0.0,16.0,4.0,85.0,1.0,81.0,32.0,9135.0,2982.0
A89011,VILLAGE SURGERY PARTNERSHIP,U05458,SUNDERLAND CENTRAL PCN,00P,E38000176,0.0,0.0,19.0,7.0,5.0,2.0,48.0,0.0,39.0,36.0,3855.0,1003.0
A89012,GALLERIES MEDICAL PRACTICE,U61868,WASHINGTON PCN,00P,E38000176,1.0,0.0,67.0,1.0,18.0,1.0,82.0,1.0,49.0,30.0,9146.0,2530.0
A89013,THE NEW CITY MEDICAL GROUP,U52297,SUNDERLAND EAST PCN,00P,E38000176,0.0,0.0,32.0,3.0,2.0,0.0,46.0,0.0,34.0,31.0,4402.0,1193.0
A89015,"FULWELL MEDICAL CENTRE,",U,Unallocated,00P,E38000176,0.0,0.0,54.0,0.0,0.0,5.0,91.0,2.0,86.0,81.0,6494.0,2674.0
A89016,ST BEDE MEDICAL CENTRE,U,Unallocated,00P,E38000176,0.0,1.0,36.0,1.0,2.0,1.0,92.0,0.0,58.0,33.0,7241.0,2050.0
A89017,MILLFIELD MEDICAL GROUP,U,Unallocated,00P,E38000176,0.0,0.0,19.0,0.0,2.0,2.0,100.0,0.0,76.0,61.0,11604.0,2675.0
A89018,ASHBURN MEDICAL CENTRE,U52297,SUNDERLAND EAST PCN,00P,E38000176,0.0,0.0,18.0,0.0,1.0,1.0,27.0,0.0,3.0,*,4151.0,1022.0
A89019,BRIDGE VIEW MEDICAL GROUP,U,Unallocated,00P,E38000176,0.0,0.0,61.0,2.0,12.0,7.0,187.0,1.0,139.0,68.0,11720.0,2975.0
A89020,FORGE MEDICAL PRACTICE,U,Unallocated,00P,E38000176,0.0,0.0,36.0,0.0,5.0,2.0,67.0,0.0,37.0,26.0,6945.0,1576.0
A89021,KEPIER MEDICAL PRACTICE,U69720,COALFIELDS PCN,00P,E38000176,0.0,1.0,23.0,1.0,6.0,3.0,75.0,1.0,62.0,8.0,6718.0,1801.0
A89022,CONCORD MEDICAL PRACTICE,U61868,WASHINGTON PCN,00P,E38000176,0.0,0.0,8.0,0.0,1.0,2.0,56.0,0.0,40.0,20.0,3888.0,1321.0
A89023,"HOUGHTON MEDICAL GROUP,",U69720,COALFIELDS PCN,00P,E38000176,0.0,1.0,17.0,3.0,0.0,0.0,57.0,0.0,42.0,28.0,6518.0,1897.0
A89024,THE BROADWAY MEDICAL PRACTICE,U,Unallocated,00P,E38000176,0.0,0.0,43.0,0.0,7.0,3.0,88.0,0.0,64.0,52.0,6367.0,1621.0
A89025,SUNDERLAND GP ALLIANCE MEDICAL PRACTICE,U61868,WASHINGTON PCN,00P,E38000176,0.0,0.0,16.0,0.0,2.0,2.0,78.0,0.0,70.0,45.0,8057.0,1804.0
A89026,NEW WASHINGTON MEDICAL GROUP,U61868,WASHINGTON PCN,00P,E38000176,0.0,0.0,38.0,0.0,12.0,0.0,64.0,0.0,23.0,12.0,5408.0,1754.0
A89027,SPRINGWELL MEDICAL GROUP,U05458,SUNDERLAND CENTRAL PCN,00P,E38000176,0.0,0.0,14.0,0.0,1.0,2.0,56.0,0.0,45.0,43.0,5162.0,1207.0
A89028,GRANGEWOOD SURGERY,U69720,COALFIELDS PCN,00P,E38000176,1.0,0.0,37.0,0.0,6.0,2.0,76.0,2.0,54.0,28.0,5838.0,1691.0
A89030,WESTBOURNE MEDICAL GROUP,U69720,COALFIELDS PCN,00P,E38000176,0.0,1.0,27.0,0.0,9.0,2.0,68.0,0.0,67.0,50.0,5109.0,1500.0
A89031,HYLTON MEDICAL GROUP,U,Unallocated,00P,E38000176,0.0,0.0,5.0,1.0,0.0,1.0,38.0,0.0,35.0,26.0,6493.0,903.0
A89032,NEW SILKSWORTH MEDICAL PRACTICE,U05458,SUNDERLAND CENTRAL PCN,00P,E38000176,0.0,0.0,28.0,1.0,2.0,0.0,75.0,4.0,49.0,20.0,7066.0,2122.0
A89034,PARK LANE PRACTICE,U52297,SUNDERLAND EAST PCN,00P,E38000176,0.0,0.0,9.0,0.0,5.0,1.0,8.0,1.0,7.0,7.0,3611.0,501.0
A89035,SOUTHLANDS MEDICAL GROUP,U52297,SUNDERLAND EAST PCN,00P,E38000176,0.0,0.0,37.0,0.0,0.0,1.0,78.0,0.0,60.0,53.0,8739.0,2106.0
A89036,CASTLETOWN MEDICAL CENTRE,U,Unallocated,00P,E38000176,0.0,0.0,11.0,0.0,2.0,0.0,12.0,0.0,8.0,6.0,1851.0,456.0
A89040,MONKWEARMOUTH HEALTH CENTRE,U,Unallocated,00P,E38000176,0.0,0.0,4.0,0.0,0.0,3.0,57.0,0.0,24.0,5.0,3353.0,1131.0
A89041,HAPPY HOUSE SURGERY,U05458,SUNDERLAND CENTRAL PCN,00P,E38000176,0.0,0.0,30.0,1.0,1.0,5.0,66.0,1.0,55.0,17.0,6685.0,1409.0
A89614,SUNDERLAND GP ALLIANCE SOUTH HYLTON SURG,U05458,SUNDERLAND CENTRAL PCN,00P,E38000176,0.0,0.0,21.0,14.0,1.0,1.0,61.0,0.0,36.0,18.0,3647.0,886.0
A89616,RICKLETON MEDICAL CENTRE,U61868,WASHINGTON PCN,00P,E38000176,0.0,0.0,9.0,1.0,5.0,2.0,12.0,0.0,14.0,12.0,2356.0,599.0
A89617,I J HEALTHCARE,U61868,WASHINGTON PCN,00P,E38000176,0.0,0.0,22.0,0.0,0.0,3.0,29.0,2.0,24.0,20.0,2641.0,919.0
A89623,CHESTER SURGERY,U,Unallocated,00P,E38000176,0.0,0.0,0.0,0.0,0.0,0.0,4.0,0.0,3.0,*,2593.0,513.0
B81003,BEACON MEDICAL,U87666,APOLLO PCN,03H,E38000119,0.0,1.0,105.0,20.0,23.0,3.0,179.0,0.0,135.0,122.0,9245.0,3480.0
B81004,"EASTGATE MEDICAL GROUP, HORNSEA",U89699,YORKSHIRE COAST & WOLDS PCN,02Y,E38000052,4.0,0.0,88.0,34.0,0.0,7.0,136.0,1.0,113.0,96.0,7987.0,4445.0
B81005,THE CENTRAL SURGERY BARTON,U97101,NORTH LINCOLNSHIRE NORTH PCN,03K,E38000122,0.0,1.0,132.0,5.0,9.0,3.0,168.0,1.0,123.0,103.0,12612.0,4283.0
B81006,HUMBER PRIMARY CARE,U56223,BRIDLINGTON PCN,02Y,E38000052,0.0,0.0,124.0,15.0,47.0,12.0,174.0,0.0,108.0,102.0,7587.0,3942.0
B81007,WINTERTON MEDICAL PRACTICE,U97101,NORTH LINCOLNSHIRE NORTH PCN,03K,E38000122,1.0,2.0,61.0,2.0,0.0,6.0,98.0,0.0,59.0,42.0,7143.0,2813.0
B81008,HULL FAMILY PRACTICE,U82095,HULL MEDICAS PCN,03F,E38000085,0.0,0.0,149.0,11.0,26.0,11.0,290.0,2.0,210.0,151.0,31257.0,6767.0
B81009,MARKET WEIGHTON GROUP PRACTICE,U28348,HARTHILL EAST RIDING PCN,02Y,E38000052,0.0,0.0,58.0,7.0,11.0,1.0,57.0,5.0,37.0,30.0,6490.0,2082.0
B81011,KINGSTON HEALTH (HULL),U76753,HASP PCN - HULL ASSOCIATION OF SIMILAR PRACTICES,03F,E38000085,0.0,0.0,99.0,20.0,10.0,1.0,60.0,0.0,43.0,40.0,8665.0,1967.0
B81012,DR AP KUMAR,U93843,PANACEA PCN,03H,E38000119,0.0,0.0,16.0,10.0,1.0,0.0,22.0,0.0,17.0,14.0,2527.0,677.0
B81013,MONTAGUE MEDICAL PRACTICE,U64175,CYGNET EAST RIDING PCN,02Y,E38000052,0.0,0.0,36.0,12.0,4.0,2.0,66.0,0.0,36.0,32.0,7473.0,1517.0
B81015,CLEE MEDICAL CENTRE,U93843,PANACEA PCN,03H,E38000119,1.0,0.0,166.0,86.0,46.0,15.0,218.0,0.0,176.0,160.0,13479.0,3610.0
B81016,PELHAM MEDICAL GROUP,U36776,FRESHNEY PELHAM NEL PCN,03H,E38000119,1.0,5.0,68.0,31.0,11.0,2.0,71.0,0.0,68.0,54.0,8348.0,1775.0
B81017,THE QUAYS MEDICAL PRACTICE,U03824,VENN PCN,03F,E38000085,4.0,0.0,115.0,49.0,17.0,3.0,75.0,1.0,63.0,49.0,14733.0,1460.0
B81018,ORCHARD 2000 GROUP,U76753,HASP PCN - HULL ASSOCIATION OF SIMILAR PRACTICES,03F,E38000085,0.0,0.0,46.0,4.0,2.0,3.0,29.0,2.0,25.0,24.0,7871.0,1419.0
B81020,THE SUTTON MANOR SURGERY,U03824,VENN PCN,03F,E38000085,0.0,0.0,86.0,8.0,20.0,5.0,74.0,0.0,61.0,47.0,6734.0,1988.0
B81022,CAMBRIDGE AVENUE & MESSINGHAM MC,U52219,NORTH LINCOLNSHIRE SOUTH PCN,03K,E38000122,0.0,0.0,181.0,120.0,26.0,5.0,170.0,1.0,131.0,119.0,9244.0,3462.0
B81024,WILLERBY AND SWANLAND SURGERY,U28348,HARTHILL EAST RIDING PCN,02Y,E38000052,0.0,0.0,54.0,2.0,21.0,3.0,140.0,5.0,82.0,75.0,8080.0,3317.0
B81025,HOLDERNESS HEALTH,U64827,HOLDERNESS PCN,02Y,E38000052,0.0,0.0,318.0,70.0,62.0,14.0,407.0,2.0,280.0,215.0,23252.0,10334.0
B81026,ANCORA MEDICAL PRACTICE,U52219,NORTH LINCOLNSHIRE SOUTH PCN,03K,E38000122,0.0,0.0,111.0,17.0,11.0,6.0,138.0,0.0,106.0,85.0,16827.0,3444.0
B81027,ST ANDREWS SURGERY,U88890,HULL SYMPHONIE PCN,03F,E38000085,0.0,0.0,59.0,8.0,8.0,6.0,59.0,0.0,58.0,47.0,6568.0,1311.0
B81029,THE SNAITH AND RAWCLIFFE MEDICAL GROUP,U64175,CYGNET EAST RIDING PCN,02Y,E38000052,0.0,0.0,94.0,0.0,0.0,1.0,91.0,0.0,67.0,62.0,9120.0,2802.0
B81030,SLC MEDICAL GROUP,U95892,SLC MEDICAL GROUP PCN,03H,E38000119,1.0,0.0,194.0,73.0,90.0,10.0,368.0,0.0,300.0,153.0,18144.0,6657.0
B81031,WOODFIELD MEDICAL,U36776,FRESHNEY PELHAM NEL PCN,03H,E38000119,14.0,6.0,173.0,74.0,6.0,14.0,135.0,0.0,128.0,114.0,16409.0,4726.0
B81032,WILBERFORCE SURGERY,U88890,HULL SYMPHONIE PCN,03F,E38000085,0.0,0.0,15.0,1.0,2.0,2.0,9.0,0.0,6.0,*,5395.0,485.0
B81034,LEVEN & BEEFORD MEDICAL PRACTICE,U89699,YORKSHIRE COAST & WOLDS PCN,02Y,E38000052,0.0,0.0,66.0,5.0,0.0,3.0,90.0,1.0,57.0,33.0,7706.0,3782.0
B81035,THE AVENUES MEDICAL CENTRE,U76349,ACCLAIM NHS PCN,03F,E38000085,0.0,0.0,39.0,8.0,15.0,0.0,67.0,3.0,47.0,43.0,5498.0,1415.0
B81036,POCKLINGTON GROUP PRACTICE,U03826,YORK EAST PCN,03Q,E38000188,0.0,0.0,75.0,4.0,5.0,4.0,118.0,0.0,95.0,52.0,14241.0,4860.0
B81037,THE PARK SURGERY,U89699,YORKSHIRE COAST & WOLDS PCN,02Y,E38000052,2.0,0.0,61.0,0.0,27.0,4.0,182.0,1.0,112.0,85.0,10119.0,4491.0
B81038,THE OAKS MEDICAL CENTRE,U88890,HULL SYMPHONIE PCN,03F,E38000085,0.0,0.0,30.0,1.0,2.0,1.0,67.0,0.0,36.0,16.0,6350.0,1790.0
B81039,THE ROXTON PRACTICE,U16538,MERIDIAN HEALTH GROUP NEL PCN,03H,E38000119,0.0,1.0,237.0,49.0,113.0,24.0,395.0,0.0,302.0,254.0,27573.0,7213.0
B81040,DR JAD WEIR & PARTNERS,U76349,ACCLAIM NHS PCN,03F,E38000085,0.0,0.0,74.0,10.0,14.0,7.0,131.0,1.0,94.0,93.0,13498.0,2513.0
B81041,GILBERDYKE HEALTH CENTRE,U64175,CYGNET EAST RIDING PCN,02Y,E38000052,0.0,0.0,58.0,44.0,10.0,2.0,43.0,0.0,17.0,14.0,4526.0,1665.0
B81042,MANOR ROAD SURGERY,U30913,BEVERLEY PCN,02Y,E38000052,0.0,0.0,115.0,4.0,7.0,3.0,142.0,0.0,84.0,46.0,9622.0,4029.0
B81043,SOUTH AXHOLME PRACTICE,U,Unallocated,03K,E38000122,0.0,0.0,81.0,0.0,0.0,0.0,141.0,0.0,84.0,51.0,10575.0,4381.0
B81045,ASHBY TURN PRIMARY CARE PARTNERS,U52219,NORTH LINCOLNSHIRE SOUTH PCN,03K,E38000122,0.0,0.0,101.0,11.0,15.0,14.0,118.0,0.0,88.0,84.0,9572.0,2767.0
B81046,THE BRIDGE GROUP PRACTICE,U03824,VENN PCN,03F,E38000085,0.0,0.0,24.0,0.0,4.0,3.0,54.0,1.0,40.0,29.0,7519.0,1464.0
B81047,WOLSELEY MEDICAL CENTRE,U88890,HULL SYMPHONIE PCN,03F,E38000085,0.0,0.0,43.0,6.0,5.0,1.0,33.0,0.0,26.0,23.0,6439.0,1145.0
B81048,MODALITY PARTNERSHIP (HULL),U62384,HULL MODALITY PARTNERSHIP PCN,03F,E38000085,1.0,0.0,428.0,143.0,91.0,7.0,369.0,18.0,230.0,200.0,46507.0,9518.0
B81051,OLD FIRE STATION SURGERY,U30913,BEVERLEY PCN,02Y,E38000052,0.0,0.0,24.0,2.0,0.0,1.0,129.0,3.0,85.0,45.0,7320.0,3654.0
B81052,PRINCES MEDICAL CENTRE,U79397,MARMOT PCN,03F,E38000085,0.0,0.0,13.0,0.0,3.0,2.0,11.0,0.0,7.0,*,3827.0,843.0
B81054,CLIFTON HOUSE MEDICAL CENTRE,U76349,ACCLAIM NHS PCN,03F,E38000085,0.0,0.0,27.0,2.0,7.0,2.0,72.0,0.0,41.0,30.0,6405.0,1688.0
B81061,THE RIDINGS MEDICAL GROUP,U97785,RIVER & WOLDS EAST RIDING PCN,02Y,E38000052,0.0,0.0,335.0,50.0,90.0,6.0,557.0,9.0,436.0,388.0,37239.0,11497.0
B81063,BRIDGE STREET SURGERY,U97101,NORTH LINCOLNSHIRE NORTH PCN,03K,E38000122,0.0,0.0,18.0,0.0,5.0,4.0,66.0,0.0,36.0,15.0,5183.0,2183.0
B81064,CHURCH LANE MEDICAL CENTRE,U,Unallocated,03K,E38000122,1.0,0.0,58.0,12.0,22.0,7.0,106.0,2.0,90.0,80.0,8790.0,2074.0
B81065,TRENT VIEW MEDICAL PRACTICE,U,Unallocated,03K,E38000122,0.0,0.0,138.0,69.0,27.0,10.0,128.0,0.0,113.0,79.0,8270.0,2820.0
B81068,BARTHOLOMEW MEDICAL GROUP,U64175,CYGNET EAST RIDING PCN,02Y,E38000052,0.0,0.0,91.0,14.0,22.0,7.0,142.0,1.0,124.0,117.0,13831.0,3736.0
B81069,DRS REDDY AND NUNN,U56223,BRIDLINGTON PCN,02Y,E38000052,1.0,0.0,165.0,17.0,55.0,9.0,366.0,3.0,249.0,215.0,20878.0,9497.0
B81074,CITY HEALTH PRACTICE LTD,U03824,VENN PCN,03F,E38000085,0.0,0.0,117.0,22.0,11.0,2.0,56.0,0.0,40.0,27.0,8822.0,2641.0
B81075,HASTINGS MEDICAL CENTRE,U88890,HULL SYMPHONIE PCN,03F,E38000085,1.0,0.0,35.0,7.0,0.0,0.0,34.0,0.0,28.0,21.0,2977.0,1051.0
B81082,NORTH BEVERLEY MEDICAL CENTRE,U30913,BEVERLEY PCN,02Y,E38000052,0.0,0.0,43.0,16.0,7.0,0.0,53.0,0.0,39.0,27.0,5126.0,1610.0
B81085,HAXBY GROUP HULL,U,Unallocated,03F,E38000085,0.0,0.0,160.0,7.0,23.0,7.0,154.0,4.0,105.0,78.0,34544.0,4143.0
B81087,BIRKWOOD MEDICAL CENTRE,U93843,PANACEA PCN,03H,E38000119,0.0,1.0,59.0,21.0,13.0,5.0,74.0,0.0,65.0,55.0,6091.0,1745.0
B81088,HOWDEN MEDICAL PRACTICE,U64175,CYGNET EAST RIDING PCN,02Y,E38000052,0.0,0.0,11.0,3.0,2.0,0.0,49.0,2.0,44.0,43.0,6221.0,2060.0
B81090,THE OSWALD ROAD MEDICAL SURGERY,U,Unallocated,03K,E38000122,0.0,0.0,59.0,4.0,11.0,5.0,45.0,0.0,36.0,33.0,3995.0,811.0
B81091,LITTLEFIELD SURGERY,U36776,FRESHNEY PELHAM NEL PCN,03H,E38000119,1.0,1.0,38.0,3.0,5.0,1.0,37.0,0.0,37.0,32.0,3959.0,1234.0
B81092,"THE MEDICAL CENTRE, DRIFFIELD",U89699,YORKSHIRE COAST & WOLDS PCN,02Y,E38000052,0.0,0.0,59.0,1.0,11.0,0.0,117.0,0.0,83.0,64.0,8986.0,3532.0
B81097,DELTA HEALTHCARE,U,Unallocated,03F,E38000085,0.0,0.0,8.0,1.0,1.0,1.0,13.0,0.0,11.0,10.0,2064.0,449.0
B81099,THE KIRTON LINDSEY AND SCOTTER SURGERY,U52219,NORTH LINCOLNSHIRE SOUTH PCN,03K,E38000122,0.0,1.0,73.0,18.0,9.0,3.0,103.0,2.0,76.0,59.0,7799.0,2848.0
B81100,DR AC MILNER,U28348,HARTHILL EAST RIDING PCN,02Y,E38000052,0.0,0.0,46.0,19.0,4.0,1.0,69.0,0.0,65.0,33.0,2858.0,1363.0
B81101,GREENGATES MEDICAL GROUP,U30913,BEVERLEY PCN,02Y,E38000052,0.0,0.0,133.0,30.0,49.0,9.0,280.0,5.0,168.0,111.0,18178.0,5750.0
B81104,CAMPUS HEALTH CENTRE,U76349,ACCLAIM NHS PCN,03F,E38000085,0.0,0.0,13.0,3.0,4.0,0.0,24.0,0.0,6.0,6.0,7009.0,416.0
B81108,DR A SINHA,U93843,PANACEA PCN,03H,E38000119,0.0,0.0,43.0,14.0,12.0,4.0,32.0,0.0,27.0,19.0,3511.0,932.0
B81109,RIVERSIDE SURGERY,U44401,NORTH LINCOLNSHIRE EAST PCN,03K,E38000122,0.0,0.0,177.0,62.0,36.0,14.0,309.0,0.0,186.0,137.0,16467.0,5974.0
B81112,JAMES ALEXANDER FAMILY PRACTICE,U79397,MARMOT PCN,03F,E38000085,9.0,0.0,134.0,17.0,7.0,14.0,221.0,0.0,135.0,25.0,18496.0,2939.0
B81113,CEDAR MEDICAL PRACTICE,U52219,NORTH LINCOLNSHIRE SOUTH PCN,03K,E38000122,0.0,0.0,45.0,8.0,16.0,1.0,80.0,0.0,58.0,56.0,8113.0,1934.0
B81118,WEST COMMON LANE TEACHING PRACTICE,U52219,NORTH LINCOLNSHIRE SOUTH PCN,03K,E38000122,5.0,0.0,55.0,13.0,6.0,1.0,54.0,0.0,42.0,33.0,6234.0,1474.0
B81119,GOODHEART SURGERY,U76753,HASP PCN - HULL ASSOCIATION OF SIMILAR PRACTICES,03F,E38000085,0.0,0.0,43.0,6.0,7.0,4.0,27.0,0.0,27.0,18.0,5431.0,937.0
B81606,STIRLING MEDICAL CENTRE (MATHEWS),U93843,PANACEA PCN,03H,E38000119,1.0,0.0,25.0,10.0,7.0,3.0,24.0,0.0,23.0,23.0,3659.0,650.0
B81616,DR GT HENDOW'S PRACTICE,U79397,MARMOT PCN,03F,E38000085,0.0,0.0,16.0,3.0,6.0,0.0,25.0,3.0,17.0,10.0,2292.0,591.0
B81617,CHERRY TREE MEDICAL PRACTICE,U,Unallocated,03K,E38000122,0.0,0.0,56.0,3.0,3.0,14.0,112.0,0.0,78.0,67.0,14868.0,1383.0
B81619,PARK VIEW SURGERY,U28348,HARTHILL EAST RIDING PCN,02Y,E38000052,0.0,1.0,391.0,4.0,0.0,0.0,14.0,0.0,13.0,13.0,1892.0,564.0
B81628,BARNETBY MEDICAL CENTRE,U44401,NORTH LINCOLNSHIRE EAST PCN,03K,E38000122,0.0,0.0,11.0,0.0,0.0,0.0,28.0,0.0,20.0,16.0,2050.0,817.0
B81631,DRS RAUT AND THOUFEEQ,U76753,HASP PCN - HULL ASSOCIATION OF SIMILAR PRACTICES,03F,E38000085,0.0,0.0,18.0,9.0,2.0,0.0,12.0,0.0,9.0,7.0,3880.0,818.0
B81635,LAURBEL SURGERY,U76753,HASP PCN - HULL ASSOCIATION OF SIMILAR PRACTICES,03F,E38000085,0.0,0.0,36.0,2.0,1.0,0.0,31.0,0.0,25.0,25.0,2612.0,1110.0
B81642,DR OZ QURESHI,U93843,PANACEA PCN,03H,E38000119,0.0,0.0,41.0,18.0,10.0,2.0,77.0,1.0,62.0,61.0,3055.0,1301.0
B81645,EAST PARK PRACTICE,U03824,VENN PCN,03F,E38000085,0.0,0.0,15.0,8.0,0.0,0.0,8.0,0.0,5.0,*,1755.0,273.0
B81647,WEST TOWN SURGERY,U44401,NORTH LINCOLNSHIRE EAST PCN,03K,E38000122,0.0,0.0,9.0,3.0,1.0,0.0,14.0,0.0,10.0,8.0,2285.0,805.0
B81648,THE KILLINGHOLME SURGERY,U44401,NORTH LINCOLNSHIRE EAST PCN,03K,E38000122,0.0,0.0,7.0,1.0,1.0,1.0,4.0,0.0,3.0,*,1230.0,397.0
B81653,KING STREET MEDICAL CENTRE,U28348,HARTHILL EAST RIDING PCN,02Y,E38000052,0.0,0.0,85.0,10.0,18.0,2.0,150.0,1.0,124.0,90.0,5293.0,2166.0
B81655,GREENLANDS SURGERY,U93843,PANACEA PCN,03H,E38000119,0.0,0.0,28.0,16.0,3.0,1.0,23.0,1.0,19.0,16.0,2718.0,541.0
B81656,RAJ MEDICAL CENTRE,U87666,APOLLO PCN,03H,E38000119,0.0,0.0,44.0,3.0,13.0,6.0,48.0,0.0,35.0,26.0,5951.0,885.0
B81663,CORE CARE FAMILY PRACTICE,U87666,APOLLO PCN,03H,E38000119,0.0,0.0,18.0,0.0,5.0,1.0,11.0,0.0,8.0,6.0,2410.0,529.0
B81665,HEALING PARTNERSHIP,U87666,APOLLO PCN,03H,E38000119,0.0,0.0,23.0,3.0,6.0,1.0,12.0,0.0,11.0,9.0,1910.0,445.0
B81666,DR MITCHELL,U28348,HARTHILL EAST RIDING PCN,02Y,E38000052,0.0,0.0,6.0,2.0,0.0,1.0,22.0,0.0,21.0,8.0,1916.0,781.0
B81675,NEWINGTON SURGERY,U,Unallocated,03F,E38000085,0.0,0.0,73.0,2.0,11.0,4.0,36.0,0.0,12.0,11.0,12771.0,1388.0
B81697,DR P SURESH BABU,U93843,PANACEA PCN,03H,E38000119,0.0,0.0,11.0,8.0,3.0,4.0,21.0,0.0,20.0,15.0,2401.0,580.0
B82002,MILLFIELD SURGERY,U66218,SOUTH HAMBLETON & RYEDALE PCN,42D,E38000241,1.0,0.0,63.0,10.0,3.0,3.0,70.0,0.0,62.0,31.0,5743.0,2325.0
B82004,NIDDERDALE GROUP PRACTICE,U56977,KNARESBOROUGH & RURAL PCN,42D,E38000241,0.0,0.0,79.0,7.0,31.0,0.0,87.0,3.0,75.0,71.0,7898.0,3191.0
B82005,PRIORY MEDICAL GROUP,U56562,PRIORY MEDICAL GROUP YORK PCN,03Q,E38000188,4.0,1.0,462.0,276.0,7.0,7.0,397.0,0.0,388.0,375.0,49039.0,8891.0
B82007,TOWNHEAD SURGERY,U,Unallocated,36J,E38000232,0.0,0.0,62.0,0.0,6.0,4.0,122.0,0.0,112.0,76.0,6219.0,3350.0
B82008,NORTH HOUSE SURGERY,U13990,RIPON & MASHAM PCN,42D,E38000241,0.0,0.0,56.0,2.0,18.0,8.0,142.0,0.0,127.0,97.0,6042.0,2711.0
B82010,RIPON SPA SURGERY,U13990,RIPON & MASHAM PCN,42D,E38000241,0.0,1.0,27.0,3.0,11.0,2.0,99.0,0.0,80.0,76.0,5792.0,1870.0
B82011,SHERBURN SURGERY,U52075,NORTH RIDING HEALTHY COMMUNITY PCN,42D,E38000241,2.0,0.0,54.0,24.0,15.0,3.0,40.0,3.0,29.0,22.0,4295.0,1523.0
B82012,THE LEEDS ROAD PRACTICE,U91790,HEART OF HARROGATE PCN,42D,E38000241,0.0,0.0,80.0,3.0,6.0,15.0,292.0,3.0,276.0,258.0,11876.0,3838.0
B82013,MOSS HEALTHCARE HARROGATE,U91790,HEART OF HARROGATE PCN,42D,E38000241,0.0,0.0,105.0,3.0,8.0,1.0,204.0,1.0,180.0,167.0,16368.0,4115.0
B82014,KINGSWOOD SURGERY,U91790,HEART OF HARROGATE PCN,42D,E38000241,0.0,0.0,30.0,0.0,2.0,2.0,128.0,2.0,74.0,55.0,5243.0,1544.0
B82016,STRAYSIDE HEALTH,U98318,MOWBRAY SQUARE PCN,42D,E38000241,0.0,0.0,91.0,10.0,27.0,2.0,139.0,0.0,101.0,87.0,12403.0,3298.0
B82017,WHITBY GROUP PRACTICE,U81483,WHITBY COAST & MOORS PCN,42D,E38000241,0.0,0.0,130.0,8.0,3.0,4.0,144.0,0.0,142.0,106.0,9132.0,4165.0
B82018,ESCRICK SURGERY,U,Unallocated,42D,E38000241,0.0,0.0,27.0,3.0,11.0,0.0,37.0,0.0,26.0,12.0,4878.0,1987.0
B82019,TOPCLIFFE SURGERY,U57955,HAMBLETON SOUTH PCN,42D,E38000241,0.0,0.0,16.0,2.0,0.0,0.0,16.0,0.0,12.0,12.0,3465.0,887.0
B82021,DALTON TERRACE SURGERY,U68335,YORK CITY PCN,03Q,E38000188,0.0,0.0,76.0,44.0,9.0,2.0,59.0,0.0,54.0,26.0,7863.0,2149.0
B82022,GREAT AYTON SURGERY,U80470,HAMBLETON NORTH PCN,42D,E38000241,0.0,0.0,36.0,6.0,10.0,2.0,72.0,15.0,50.0,48.0,3762.0,1913.0
B82023,CATTERICK VILLAGE SURGERY,U03298,RICHMONDSHIRE PCN,42D,E38000241,0.0,0.0,18.0,2.0,9.0,1.0,84.0,0.0,69.0,62.0,4620.0,1440.0
B82024,EASTFIELD MEDICAL CENTRE,U98994,SCARBOROUGH CORE PCN,42D,E38000241,0.0,0.0,46.0,5.0,2.0,3.0,51.0,1.0,24.0,*,6842.0,1980.0
B82025,DERWENT PRACTICE,U52075,NORTH RIDING HEALTHY COMMUNITY PCN,42D,E38000241,0.0,0.0,86.0,10.0,0.0,2.0,175.0,3.0,103.0,86.0,16007.0,5041.0
B82026,HAXBY GROUP PRACTICE,U45670,WEST OUTER AND NORTH EAST YORK PCN,03Q,E38000188,8.0,7.0,409.0,223.0,44.0,3.0,404.0,5.0,255.0,176.0,22465.0,9329.0
B82027,THE SPA SURGERY,U98318,MOWBRAY SQUARE PCN,42D,E38000241,0.0,0.0,98.0,21.0,8.0,1.0,124.0,2.0,95.0,86.0,10866.0,3158.0
B82029,DOCTORS LANE SURGERY,U03298,RICHMONDSHIRE PCN,42D,E38000241,0.0,0.0,21.0,5.0,0.0,2.0,30.0,1.0,23.0,13.0,2121.0,1105.0
B82030,MASHAM & KIRKBY MALZEARD SURGERY,U13990,RIPON & MASHAM PCN,42D,E38000241,0.0,0.0,70.0,1.0,3.0,0.0,41.0,0.0,30.0,14.0,3968.0,1897.0
B82031,SHERBURN GROUP PRACTICE,U21078,TADCASTER AND SELBY RURAL PCN,42D,E38000241,0.0,0.0,65.0,10.0,11.0,1.0,56.0,0.0,43.0,35.0,9218.0,2026.0
B82032,CHURCH LANE SURGERY,U56977,KNARESBOROUGH & RURAL PCN,42D,E38000241,0.0,0.0,90.0,7.0,25.0,2.0,130.0,0.0,63.0,53.0,9090.0,3291.0
B82033,PICKERING MEDICAL PRACTICE,U66218,SOUTH HAMBLETON & RYEDALE PCN,42D,E38000241,1.0,1.0,68.0,6.0,14.0,3.0,141.0,1.0,93.0,75.0,7020.0,3845.0
B82034,QUAKERS LANE SURGERY,U03298,RICHMONDSHIRE PCN,42D,E38000241,0.0,0.0,72.0,18.0,14.0,0.0,74.0,0.0,62.0,51.0,4180.0,2137.0
B82035,SCORTON MEDICAL CENTRE,U03298,RICHMONDSHIRE PCN,42D,E38000241,0.0,0.0,19.0,0.0,4.0,6.0,76.0,0.0,60.0,49.0,2617.0,1019.0
B82036,PARK STREET,U13990,RIPON & MASHAM PCN,42D,E38000241,0.0,0.0,68.0,7.0,32.0,1.0,91.0,0.0,81.0,79.0,5766.0,1999.0
B82037,FILEY SURGERY,U57009,FILEY AND SCARBOROUGH PCN,42D,E38000241,0.0,0.0,107.0,2.0,29.0,3.0,71.0,0.0,37.0,19.0,5305.0,3471.0
B82038,HAXBY GROUP SCARBOROUGH,U98994,SCARBOROUGH CORE PCN,42D,E38000241,0.0,0.0,127.0,9.0,42.0,3.0,269.0,1.0,168.0,150.0,18836.0,5361.0
B82041,BEECH TREE SURGERY,U,Unallocated,42D,E38000241,1.0,0.0,78.0,15.0,2.0,3.0,164.0,2.0,98.0,54.0,11893.0,3918.0
B82042,LAMBERT MEDICAL CENTRE,U57955,HAMBLETON SOUTH PCN,42D,E38000241,0.0,0.0,52.0,1.0,2.0,3.0,112.0,0.0,101.0,84.0,6115.0,2470.0
B82044,STOKESLEY SURGERY,U80470,HAMBLETON NORTH PCN,42D,E38000241,0.0,0.0,12.0,1.0,1.0,2.0,114.0,0.0,96.0,95.0,6331.0,3175.0
B82045,CENTRAL DALES PRACTICE,U03298,RICHMONDSHIRE PCN,42D,E38000241,0.0,0.0,35.0,8.0,7.0,0.0,42.0,0.0,29.0,27.0,2657.0,1453.0
B82046,STAITHES SURGERY,U81483,WHITBY COAST & MOORS PCN,42D,E38000241,0.0,0.0,30.0,20.0,0.0,0.0,20.0,1.0,13.0,12.0,2150.0,932.0
B82047,UNITY HEALTH,U06272,UNITY HEALTH PCN,03Q,E38000188,2.0,0.0,62.0,46.0,4.0,1.0,88.0,0.0,82.0,69.0,15317.0,1293.0
B82049,THIRSK DOCTORS SURGERY,U57955,HAMBLETON SOUTH PCN,42D,E38000241,1.0,0.0,44.0,2.0,21.0,2.0,80.0,0.0,65.0,57.0,5979.0,2232.0
B82050,MOWBRAY HOUSE SURGERY,U80470,HAMBLETON NORTH PCN,42D,E38000241,0.0,0.0,229.0,4.0,45.0,4.0,244.0,0.0,200.0,127.0,15552.0,6279.0
B82053,DYNELEY HOUSE SURGERY,U,Unallocated,36J,E38000232,0.0,0.0,89.0,2.0,40.0,0.0,186.0,1.0,148.0,123.0,11542.0,4063.0
B82054,SCARBOROUGH MEDICAL GROUP,U57009,FILEY AND SCARBOROUGH PCN,42D,E38000241,0.0,0.0,115.0,15.0,42.0,2.0,220.0,0.0,97.0,54.0,11156.0,5478.0
B82057,SPRINGBANK SURGERY,U56977,KNARESBOROUGH & RURAL PCN,42D,E38000241,0.0,0.0,43.0,2.0,2.0,3.0,95.0,0.0,89.0,86.0,5846.0,1708.0
B82059,CHURCH AVENUE MEDICAL GROUP,U91790,HEART OF HARROGATE PCN,42D,E38000241,0.0,0.0,116.0,42.0,17.0,0.0,160.0,0.0,115.0,108.0,8500.0,2900.0
B82060,EASTGATE MEDICAL GROUP,U56977,KNARESBOROUGH & RURAL PCN,42D,E38000241,0.0,0.0,77.0,4.0,0.0,4.0,176.0,4.0,133.0,125.0,9774.0,3155.0
B82061,BENTHAM MEDICAL PRACTICE,U59980,WESTERN DALES PCN,01K,E38000228,0.0,0.0,61.0,0.0,1.0,0.0,88.0,0.0,76.0,61.0,4978.0,2453.0
B82063,AYTON AND SNAINTON MEDICAL PRACTICE,U52075,NORTH RIDING HEALTHY COMMUNITY PCN,42D,E38000241,0.0,0.0,34.0,2.0,1.0,1.0,90.0,0.0,74.0,48.0,6381.0,3346.0
B82064,TOLLERTON SURGERY,U66218,SOUTH HAMBLETON & RYEDALE PCN,42D,E38000241,0.0,0.0,18.0,3.0,0.0,1.0,13.0,0.0,13.0,7.0,2651.0,961.0
B82066,GLEBE HOUSE SURGERY,U57955,HAMBLETON SOUTH PCN,42D,E38000241,1.0,0.0,83.0,15.0,0.0,2.0,97.0,2.0,88.0,75.0,7216.0,2999.0
B82067,STOCKWELL ROAD SURGERY,U56977,KNARESBOROUGH & RURAL PCN,42D,E38000241,0.0,0.0,64.0,1.0,20.0,0.0,126.0,0.0,86.0,78.0,6602.0,2144.0
B82068,HELMSLEY SURGERY,U66218,SOUTH HAMBLETON & RYEDALE PCN,42D,E38000241,0.0,0.0,26.0,8.0,7.0,2.0,42.0,0.0,33.0,19.0,2427.0,1177.0
B82069,BEECH HOUSE SURGERY,U56977,KNARESBOROUGH & RURAL PCN,42D,E38000241,0.0,0.0,37.0,4.0,16.0,2.0,78.0,0.0,61.0,49.0,5580.0,2086.0
B82071,THE OLD SCHOOL MEDICAL PRACTICE,U45670,WEST OUTER AND NORTH EAST YORK PCN,03Q,E38000188,1.0,0.0,103.0,18.0,13.0,1.0,42.0,0.0,24.0,11.0,5161.0,2191.0
B82072,THE FRIARY SURGERY,U03298,RICHMONDSHIRE PCN,42D,E38000241,0.0,3.0,49.0,32.0,0.0,2.0,42.0,0.0,40.0,40.0,3459.0,1624.0
B82073,SOUTH MILFORD SURGERY,U21078,TADCASTER AND SELBY RURAL PCN,42D,E38000241,0.0,0.0,39.0,5.0,8.0,0.0,49.0,0.0,41.0,35.0,8529.0,2348.0
B82074,POSTERNGATE SURGERY,U,Unallocated,42D,E38000241,2.0,1.0,109.0,22.0,6.0,2.0,143.0,0.0,111.0,87.0,14722.0,3944.0
B82075,MAYFORD HOUSE SURGERY,U80470,HAMBLETON NORTH PCN,42D,E38000241,0.0,0.0,123.0,22.0,20.0,2.0,159.0,0.0,116.0,102.0,6688.0,2770.0
B82077,KIRKBYMOORSIDE SURGERY,U66218,SOUTH HAMBLETON & RYEDALE PCN,42D,E38000241,0.0,0.0,34.0,3.0,1.0,2.0,80.0,0.0,77.0,68.0,4151.0,2022.0
B82078,LEYBURN MEDICAL PRACTICE,U03298,RICHMONDSHIRE PCN,42D,E38000241,1.0,2.0,100.0,35.0,28.0,1.0,70.0,0.0,63.0,58.0,3871.0,2293.0
B82079,STILLINGTON SURGERY,U66218,SOUTH HAMBLETON & RYEDALE PCN,42D,E38000241,0.0,0.0,28.0,2.0,0.0,0.0,39.0,0.0,34.0,20.0,2521.0,1243.0
B82080,MY HEALTH GROUP,U03826,YORK EAST PCN,03Q,E38000188,4.0,0.0,130.0,68.0,2.0,5.0,209.0,3.0,149.0,68.0,13721.0,5036.0
B82081,ELVINGTON MEDICAL PRACTICE,U03826,YORK EAST PCN,03Q,E38000188,0.0,0.0,29.0,5.0,7.0,3.0,132.0,0.0,77.0,71.0,5316.0,1917.0
B82083,YORK MEDICAL GROUP,U66012,YORK MEDICAL GROUP PCN,03Q,E38000188,12.0,0.0,384.0,171.0,1.0,14.0,310.0,4.0,272.0,162.0,36996.0,7147.0
B82086,ESK VALLEY MEDICAL PRACTICE,U81483,WHITBY COAST & MOORS PCN,42D,E38000241,0.0,0.0,101.0,47.0,6.0,2.0,32.0,0.0,20.0,17.0,3543.0,1569.0
B82088,BROOK SQUARE SURGERY,U98994,SCARBOROUGH CORE PCN,42D,E38000241,0.0,0.0,62.0,19.0,38.0,6.0,97.0,1.0,64.0,40.0,8358.0,2257.0
B82091,PARK PARADE SURGERY,U,Unallocated,42D,E38000241,0.0,0.0,28.0,9.0,10.0,0.0,81.0,1.0,51.0,44.0,6027.0,1641.0
B82097,SCOTT ROAD MEDICAL CENTRE,U,Unallocated,42D,E38000241,0.0,0.0,59.0,31.0,9.0,2.0,58.0,1.0,44.0,35.0,9247.0,2049.0
B82098,JORVIK GILLYGATE PRACTICE,U68335,YORK CITY PCN,03Q,E38000188,1.0,0.0,132.0,81.0,11.0,2.0,156.0,6.0,134.0,37.0,22525.0,4742.0
B82100,FRONT STREET SURGERY,U45670,WEST OUTER AND NORTH EAST YORK PCN,03Q,E38000188,1.0,0.0,114.0,50.0,20.0,0.0,41.0,0.0,25.0,20.0,6384.0,2320.0
B82101,SLEIGHTS AND SANDSEND MEDICAL PRACTICE,U81483,WHITBY COAST & MOORS PCN,42D,E38000241,0.0,0.0,59.0,17.0,6.0,1.0,58.0,1.0,40.0,23.0,3521.0,1766.0
B82104,HAREWOOD MEDICAL PRACTICE,U03298,RICHMONDSHIRE PCN,42D,E38000241,0.0,0.0,47.0,24.0,6.0,3.0,56.0,0.0,45.0,37.0,7501.0,840.0
B82105,TADCASTER MEDICAL CENTRE,U21078,TADCASTER AND SELBY RURAL PCN,42D,E38000241,1.0,0.0,47.0,4.0,17.0,1.0,51.0,0.0,39.0,37.0,7117.0,2300.0
B82106,HACKNESS ROAD SURGERY,U57009,FILEY AND SCARBOROUGH PCN,42D,E38000241,0.0,0.0,57.0,14.0,0.0,1.0,48.0,0.0,40.0,23.0,3255.0,1522.0
B82609,AMPLEFORTH SURGERY,U52075,NORTH RIDING HEALTHY COMMUNITY PCN,42D,E38000241,0.0,0.0,31.0,14.0,0.0,0.0,29.0,0.0,25.0,23.0,2972.0,1203.0
B82619,TERRINGTON SURGERY,U66218,SOUTH HAMBLETON & RYEDALE PCN,42D,E38000241,0.0,0.0,7.0,3.0,1.0,0.0,8.0,0.0,7.0,*,1309.0,538.0
B82628,HUNMANBY SURGERY,U57009,FILEY AND SCARBOROUGH PCN,42D,E38000241,0.0,0.0,35.0,4.0,6.0,2.0,58.0,0.0,36.0,24.0,2879.0,1656.0
B83002,ILKLEY & WHARFEDALE MEDICAL PRACTICE,U,Unallocated,36J,E38000232,0.0,0.0,30.0,0.0,19.0,0.0,43.0,0.0,21.0,16.0,4122.0,1564.0
B83005,THORNBURY MEDICAL PRACTICE,U78361,BRADFORD CITY 5 PCN,36J,E38000232,0.0,0.0,14.0,0.0,4.0,1.0,24.0,0.0,24.0,23.0,6147.0,682.0
B83008,LING HOUSE MEDICAL CENTRE,U,Unallocated,36J,E38000232,0.0,0.0,37.0,0.0,11.0,6.0,90.0,0.0,77.0,64.0,17611.0,2323.0
B83009,SUNNYBANK & COWGILL MEDICAL PRACTICE,U87769,AFFINITY CARE PCN,36J,E38000232,0.0,0.0,94.0,0.0,4.0,9.0,119.0,0.0,97.0,74.0,12827.0,3121.0
B83010,PARKLANDS MEDICAL PRACTICE,U65044,THE FIVE PARKS PCN,36J,E38000232,0.0,0.0,55.0,8.0,3.0,1.0,111.0,0.0,24.0,22.0,8445.0,1629.0
B83012,MANOR MEDICAL PRACTICE,U17022,BRADFORD NORTH WEST PCN,36J,E38000232,0.0,0.0,37.0,1.0,18.0,11.0,106.0,0.0,86.0,64.0,9836.0,1368.0
B83014,BINGLEY MEDICAL PRACTICE,U28474,THE BINGLEY BUBBLE PCN,36J,E38000232,0.0,0.0,107.0,1.0,39.0,4.0,179.0,0.0,134.0,97.0,10356.0,3440.0
B83015,TONG MEDICAL PRACTICE,U27086,BD4+ PCN,36J,E38000232,0.0,0.0,46.0,15.0,3.0,5.0,74.0,0.0,56.0,26.0,7748.0,1152.0
B83016,FARROW MEDICAL CENTRE,U98513,FIVE LANE ENDS PCN,36J,E38000232,2.0,0.0,54.0,7.0,4.0,3.0,44.0,2.0,28.0,27.0,8014.0,789.0
B83018,IDLE MEDICAL CENTRE,U76383,WISHH PCN,36J,E38000232,1.0,0.0,57.0,14.0,6.0,4.0,117.0,0.0,60.0,55.0,10162.0,2332.0
B83019,GRANGE PARK SURGERY,U,Unallocated,36J,E38000232,0.0,0.0,53.0,0.0,11.0,1.0,78.0,1.0,59.0,54.0,5460.0,1817.0
B83020,THE WILLOWS MEDICAL PRACTICE,U87769,AFFINITY CARE PCN,36J,E38000232,0.0,0.0,84.0,1.0,19.0,5.0,123.0,1.0,87.0,61.0,14765.0,3471.0
B83022,BAILDON MEDICAL PRACTICE,U28474,THE BINGLEY BUBBLE PCN,36J,E38000232,0.0,0.0,83.0,1.0,10.0,2.0,126.0,0.0,70.0,22.0,7126.0,2950.0
B83025,DR I M RAJA & PARTNER,U38216,BRADFORD CITY 6 PCN,36J,E38000232,0.0,0.0,13.0,0.0,2.0,0.0,14.0,0.0,11.0,11.0,4049.0,448.0
B83026,PRIMROSE SURGERY,U78361,BRADFORD CITY 5 PCN,36J,E38000232,0.0,0.0,10.0,0.0,1.0,0.0,8.0,0.0,7.0,5.0,5598.0,313.0
B83028,WIBSEY & QUEENSBURY MED P,U65044,THE FIVE PARKS PCN,36J,E38000232,0.0,0.0,45.0,6.0,15.0,3.0,73.0,0.0,66.0,37.0,8653.0,2146.0
B83029,LOW MOOR SURGERY,U27086,BD4+ PCN,36J,E38000232,0.0,1.0,51.0,0.0,7.0,2.0,69.0,0.0,58.0,31.0,8142.0,2099.0
B83031,OAK GLEN SURGERY,U28474,THE BINGLEY BUBBLE PCN,36J,E38000232,0.0,0.0,14.0,0.0,2.0,0.0,19.0,0.0,15.0,9.0,2979.0,949.0
B83032,BRADFORD MOOR PRACTICE,U78361,BRADFORD CITY 5 PCN,36J,E38000232,0.0,0.0,11.0,0.0,4.0,1.0,13.0,0.0,10.0,8.0,4023.0,399.0
B83033,MODALITY PARTNERSHIP (AWC),U85476,MODALITY (KEIGHLEY) PCN,36J,E38000232,0.0,0.0,518.0,1.0,62.0,18.0,841.0,0.0,572.0,484.0,67118.0,19309.0
B83034,GRANGE MEDICAL CENTRE,U38216,BRADFORD CITY 6 PCN,36J,E38000232,0.0,0.0,9.0,0.0,1.0,0.0,18.0,0.0,17.0,15.0,6284.0,626.0
B83035,HORTON PARK MEDICAL PRACTICE,U65044,THE FIVE PARKS PCN,36J,E38000232,1.0,0.0,64.0,4.0,5.0,4.0,71.0,1.0,42.0,18.0,14450.0,1344.0
B83037,THE WILSDEN MEDICAL PRACTICE,U28474,THE BINGLEY BUBBLE PCN,36J,E38000232,1.0,0.0,74.0,2.0,18.0,1.0,121.0,1.0,99.0,84.0,7286.0,2751.0
B83038,LEYLANDS LANE MEDICAL PRACTICE,U17022,BRADFORD NORTH WEST PCN,36J,E38000232,0.0,0.0,73.0,3.0,10.0,4.0,137.0,0.0,97.0,82.0,16320.0,2354.0
B83039,THE SALTAIRE & WINDHILL MEDICAL P'SHIP,U76383,WISHH PCN,36J,E38000232,1.0,0.0,221.0,25.0,52.0,0.0,232.0,2.0,144.0,121.0,19281.0,5025.0
B83041,BOWLING HALL MED PRACTICE,U27086,BD4+ PCN,36J,E38000232,0.0,0.0,47.0,1.0,6.0,3.0,66.0,0.0,47.0,32.0,12677.0,1793.0
B83042,ROOLEY LANE MED. CENTRE,U27086,BD4+ PCN,36J,E38000232,1.0,0.0,48.0,2.0,4.0,1.0,58.0,0.0,39.0,34.0,7930.0,1242.0
B83045,HOLLYNS HEALTH & WELLBEING,U17022,BRADFORD NORTH WEST PCN,36J,E38000232,0.0,0.0,63.0,0.0,4.0,3.0,96.0,0.0,85.0,83.0,9990.0,2319.0
B83051,BRADFORD STUDENT HEALTH SERVICE,U38216,BRADFORD CITY 6 PCN,36J,E38000232,0.0,0.0,6.0,0.0,0.0,0.0,2.0,0.0,1.0,*,9384.0,57.0
B83052,KENSINGTON PARTNERSHIP,U37316,BRADFORD CITY 4 PCN,36J,E38000232,0.0,1.0,66.0,3.0,4.0,9.0,164.0,0.0,139.0,129.0,21263.0,2124.0
B83054,HAIGH HALL MEDICAL PRACTICE,U87769,AFFINITY CARE PCN,36J,E38000232,1.0,0.0,42.0,8.0,8.0,1.0,45.0,0.0,31.0,30.0,5090.0,1036.0
B83055,THE RIDGE MEDICAL PRACT.,U65044,THE FIVE PARKS PCN,36J,E38000232,2.0,0.0,123.0,39.0,17.0,6.0,166.0,0.0,156.0,125.0,27587.0,4012.0
B83056,MOORSIDE SURGERY,U98513,FIVE LANE ENDS PCN,36J,E38000232,0.0,5.0,68.0,1.0,16.0,1.0,47.0,0.0,38.0,33.0,7122.0,1502.0
B83058,THE AVICENNA MEDICAL PRACTICE,U78361,BRADFORD CITY 5 PCN,36J,E38000232,0.0,0.0,16.0,3.0,0.0,2.0,22.0,0.0,21.0,12.0,8359.0,376.0
B83062,ASHCROFT SURGERY,U98513,FIVE LANE ENDS PCN,36J,E38000232,0.0,1.0,61.0,5.0,12.0,3.0,71.0,0.0,39.0,31.0,7993.0,1189.0
B83063,SHIPLEY MEDICAL PRACTICE-AFFINITY CARE,U87769,AFFINITY CARE PCN,36J,E38000232,10.0,0.0,114.0,46.0,21.0,16.0,202.0,0.0,156.0,128.0,16049.0,3105.0
B83064,THE ROCKWELL AND WROSE PRACTICE,U98513,FIVE LANE ENDS PCN,36J,E38000232,2.0,1.0,90.0,2.0,29.0,4.0,98.0,0.0,58.0,54.0,9665.0,1883.0
B83067,THE SPRINGFIELD SURGERY (BINGLEY),U28474,THE BINGLEY BUBBLE PCN,36J,E38000232,0.0,0.0,38.0,1.0,8.0,1.0,64.0,0.0,46.0,27.0,5913.0,1910.0
B83604,THE LISTER SURGERY,U37316,BRADFORD CITY 4 PCN,36J,E38000232,0.0,0.0,12.0,0.0,5.0,1.0,18.0,0.0,17.0,14.0,4379.0,395.0
B83611,NEW OTLEY ROAD MEDICAL PRACTICE,U38216,BRADFORD CITY 6 PCN,36J,E38000232,0.0,0.0,25.0,1.0,1.0,2.0,31.0,0.0,30.0,21.0,11045.0,809.0
B83614,PICTON MEDICAL CENTRE,U37316,BRADFORD CITY 4 PCN,36J,E38000232,0.0,0.0,43.0,0.0,2.0,1.0,38.0,0.0,32.0,17.0,9040.0,711.0
B83620,ADDINGHAM SURGERY,U,Unallocated,36J,E38000232,0.0,0.0,28.0,0.0,6.0,0.0,46.0,0.0,38.0,30.0,2019.0,1479.0
B83622,DR IA GILKAR & PARTNERS,U38216,BRADFORD CITY 6 PCN,36J,E38000232,0.0,0.0,10.0,0.0,0.0,0.0,15.0,0.0,11.0,7.0,3978.0,366.0
B83624,I G MEDICAL,U,Unallocated,36J,E38000232,0.0,0.0,106.0,0.0,36.0,4.0,315.0,0.0,250.0,208.0,11785.0,5205.0
B83626,VALLEY VIEW SURGERY,U78361,BRADFORD CITY 5 PCN,36J,E38000232,0.0,0.0,18.0,1.0,3.0,2.0,17.0,0.0,16.0,11.0,5981.0,463.0
B83627,FRIZINGHALL MEDICAL CENTRE,U38216,BRADFORD CITY 6 PCN,36J,E38000232,0.0,0.0,5.0,0.0,0.0,0.0,4.0,0.0,2.0,*,3065.0,396.0
B83628,CLARENDON MEDICAL CENTRE,U38216,BRADFORD CITY 6 PCN,36J,E38000232,0.0,0.0,35.0,0.0,1.0,2.0,32.0,0.0,23.0,13.0,9330.0,608.0
B83629,PEEL PARK SURGERY,U78361,BRADFORD CITY 5 PCN,36J,E38000232,0.0,0.0,13.0,0.0,8.0,0.0,11.0,0.0,9.0,5.0,2825.0,342.0
B83641,ASHWELL MEDICAL CENTRE,U17022,BRADFORD NORTH WEST PCN,36J,E38000232,0.0,0.0,27.0,0.0,12.0,2.0,26.0,0.0,17.0,11.0,10238.0,781.0
B83642,THE CITY MEDICAL PRACTICE,U37316,BRADFORD CITY 4 PCN,36J,E38000232,0.0,1.0,13.0,0.0,3.0,4.0,20.0,0.0,21.0,16.0,4339.0,382.0
B83653,DR GILKAR,U38216,BRADFORD CITY 6 PCN,36J,E38000232,0.0,0.0,12.0,0.0,0.0,0.0,27.0,0.0,19.0,14.0,7285.0,565.0
B83657,BEVAN COMMUNITY BENEFIT SOCIETY,U78361,BRADFORD CITY 5 PCN,36J,E38000232,0.0,0.0,17.0,1.0,1.0,1.0,0.0,0.0,1.0,*,5377.0,78.0
B83659,PARK GRANGE MEDICAL CENTRE,U38216,BRADFORD CITY 6 PCN,36J,E38000232,0.0,0.0,10.0,1.0,9.0,2.0,33.0,0.0,28.0,5.0,3772.0,250.0
B83660,BILTON MEDICAL CENTRE,U37316,BRADFORD CITY 4 PCN,36J,E38000232,0.0,0.0,21.0,1.0,2.0,0.0,17.0,0.0,6.0,5.0,5399.0,417.0
B83661,MOOR PARK MEDICAL PRACTICE,U78361,BRADFORD CITY 5 PCN,36J,E38000232,0.0,0.0,13.0,0.0,4.0,1.0,11.0,0.0,9.0,8.0,2708.0,242.0
B84001,STATION ROAD SURGERY,U,Unallocated,02T,E38000025,0.0,0.0,78.0,0.0,1.0,4.0,70.0,0.0,66.0,54.0,8352.0,1826.0
B84003,RYDINGS HALL SURGERY,U,Unallocated,02T,E38000025,2.0,1.0,54.0,7.0,9.0,3.0,78.0,0.0,61.0,32.0,5843.0,1871.0
B84004,HEBDEN BRIDGE GROUP PRACTICE,U,Unallocated,02T,E38000025,5.0,0.0,155.0,28.0,16.0,4.0,123.0,3.0,97.0,54.0,14090.0,4476.0
B84006,TODMORDEN GROUP PRACTICE,U,Unallocated,02T,E38000025,1.0,0.0,78.0,21.0,4.0,4.0,131.0,6.0,98.0,70.0,12660.0,3310.0
B84007,BRIG ROYD SURGERY,U,Unallocated,02T,E38000025,0.0,0.0,63.0,2.0,3.0,0.0,71.0,0.0,47.0,37.0,8224.0,2368.0
B84008,THE NORTHOLME PRACTICE,U,Unallocated,02T,E38000025,2.0,2.0,99.0,14.0,7.0,2.0,123.0,5.0,100.0,77.0,12485.0,3986.0
B84009,STAINLAND ROAD MEDICAL CENTRE,U,Unallocated,02T,E38000025,0.0,0.0,69.0,7.0,12.0,2.0,96.0,0.0,76.0,65.0,8955.0,2592.0
B84010,KEIGHLEY ROAD SURGERY,U84379,NORTH HALIFAX PCN,02T,E38000025,0.0,0.0,94.0,28.0,7.0,1.0,60.0,1.0,50.0,47.0,8144.0,1919.0
B84011,CHURCH LANE SURGERY,U,Unallocated,02T,E38000025,0.0,2.0,44.0,8.0,7.0,3.0,121.0,2.0,68.0,47.0,8128.0,2834.0
B84012,SPRING HALL GROUP PRACTICE,U,Unallocated,02T,E38000025,3.0,0.0,272.0,45.0,25.0,11.0,285.0,4.0,249.0,223.0,23893.0,4587.0
B84013,PLANE TREES GROUP PRACTICE,U84379,NORTH HALIFAX PCN,02T,E38000025,0.0,2.0,53.0,10.0,5.0,5.0,71.0,0.0,55.0,48.0,7381.0,1948.0
B84014,RASTRICK HEALTH CENTRE,U,Unallocated,02T,E38000025,6.0,0.0,82.0,19.0,5.0,2.0,49.0,1.0,44.0,32.0,4115.0,1475.0
B84016,BANKFIELD SURGERY,U,Unallocated,02T,E38000025,0.0,0.0,85.0,0.0,1.0,2.0,100.0,0.0,66.0,26.0,9154.0,2182.0
B84019,THE BOULEVARD MEDICAL PRACTICE,U,Unallocated,02T,E38000025,1.0,0.0,129.0,35.0,14.0,4.0,125.0,3.0,45.0,34.0,14734.0,2364.0
B84021,KING CROSS PRACTICE,U,Unallocated,02T,E38000025,0.0,0.0,85.0,32.0,20.0,6.0,100.0,2.0,70.0,59.0,6795.0,1877.0
B84612,LISTER LANE SURGERY,U,Unallocated,02T,E38000025,0.0,1.0,66.0,10.0,5.0,7.0,49.0,0.0,41.0,22.0,7892.0,1141.0
B84613,BEECHWOOD MEDICAL CENTRE,U84379,NORTH HALIFAX PCN,02T,E38000025,0.0,0.0,63.0,11.0,6.0,3.0,94.0,0.0,49.0,40.0,9314.0,1431.0
B84618,CARITAS GROUP PRACTICE,U84379,NORTH HALIFAX PCN,02T,E38000025,0.0,0.0,51.0,6.0,12.0,2.0,41.0,0.0,35.0,27.0,6704.0,1207.0
B84623,LONGROYDE SURGERY,U,Unallocated,02T,E38000025,1.0,0.0,35.0,3.0,1.0,1.0,50.0,0.0,38.0,32.0,4307.0,841.0
B85001,PARKVIEW SURGERY,U54372,SPEN HEALTH & WELLBEING PCN,X2C4Y,E38000254,0.0,0.0,28.0,0.0,1.0,3.0,83.0,0.0,72.0,51.0,5304.0,1419.0
B85002,DEARNE VALLEY HEALTH CENTRE,U79310,THE MAST PCN,X2C4Y,E38000254,0.0,0.0,33.0,2.0,1.0,1.0,65.0,0.0,57.0,48.0,3644.0,967.0
B85004,CALDER VIEW SURGERY,U,Unallocated,X2C4Y,E38000254,4.0,0.0,536.0,513.0,0.0,2.0,28.0,0.0,24.0,23.0,5240.0,886.0
B85005,SHEPLEY PRIMARY CARE LIMITED,U79310,THE MAST PCN,X2C4Y,E38000254,0.0,0.0,29.0,0.0,4.0,2.0,39.0,0.0,29.0,7.0,4882.0,1823.0
B85006,ELMWOOD FAMILY DOCTORS,U69551,THE VALLEYS HEALTH & SOCIAL CARE PCN,X2C4Y,E38000254,0.0,0.0,152.0,7.0,30.0,2.0,150.0,1.0,108.0,99.0,11425.0,3931.0
B85008,BATLEY HEALTH CENTRE SURGERY,U63540,BATLEY BIRSTALL PCN,X2C4Y,E38000254,0.0,0.0,47.0,2.0,16.0,3.0,41.0,0.0,29.0,14.0,5371.0,828.0
B85009,"NORTH ROAD SUITE,RAVENSTHORPE HEALTH CTR",U,Unallocated,X2C4Y,E38000254,0.0,0.0,42.0,2.0,3.0,2.0,57.0,0.0,51.0,46.0,7155.0,1481.0
B85010,DALTON SURGERY,U38221,TOLSON CARE PARTNERSHIP PCN,X2C4Y,E38000254,0.0,0.0,33.0,0.0,1.0,2.0,72.0,1.0,56.0,42.0,5788.0,1349.0
B85012,UNDERCLIFFE SURGERY,U54372,SPEN HEALTH & WELLBEING PCN,X2C4Y,E38000254,0.0,0.0,65.0,6.0,5.0,2.0,69.0,0.0,7.0,*,8893.0,1841.0
B85014,BROOKROYD HOUSE,U54372,SPEN HEALTH & WELLBEING PCN,X2C4Y,E38000254,2.0,0.0,279.0,214.0,9.0,1.0,64.0,0.0,43.0,38.0,7170.0,2149.0
B85015,WELLINGTON HOUSE,U63540,BATLEY BIRSTALL PCN,X2C4Y,E38000254,0.0,0.0,50.0,3.0,13.0,3.0,76.0,1.0,51.0,23.0,6646.0,1755.0
B85016,MELTHAM ROAD SURGERY,U69575,VIADUCT CARE PCN,X2C4Y,E38000254,0.0,0.0,51.0,2.0,4.0,4.0,48.0,0.0,35.0,29.0,9110.0,1595.0
B85018,GROVE HOUSE SURGERY,U63540,BATLEY BIRSTALL PCN,X2C4Y,E38000254,0.0,1.0,58.0,1.0,18.0,0.0,75.0,0.0,68.0,63.0,7983.0,1462.0
B85019,MIRFIELD HEALTH CENTRE,U,Unallocated,X2C4Y,E38000254,0.0,0.0,91.0,2.0,8.0,6.0,165.0,2.0,126.0,121.0,13006.0,4265.0
B85020,EIGHTLANDS SURGERY,U,Unallocated,X2C4Y,E38000254,0.0,0.0,54.0,7.0,3.0,4.0,33.0,0.0,33.0,23.0,5583.0,1057.0
B85021,CLECKHEATON GROUP PRACTICE,U54372,SPEN HEALTH & WELLBEING PCN,X2C4Y,E38000254,0.0,0.0,65.0,4.0,8.0,4.0,90.0,0.0,75.0,64.0,6959.0,2090.0
B85022,HONLEY SURGERY,U69551,THE VALLEYS HEALTH & SOCIAL CARE PCN,X2C4Y,E38000254,0.0,0.0,29.0,0.0,16.0,2.0,46.0,0.0,39.0,26.0,5749.0,2224.0
B85023,THE ALMONDBURY SURGERY,U38221,TOLSON CARE PARTNERSHIP PCN,X2C4Y,E38000254,0.0,0.0,39.0,2.0,2.0,5.0,95.0,0.0,51.0,42.0,4911.0,1370.0
B85024,THE WATERLOO PRACTICE,U38221,TOLSON CARE PARTNERSHIP PCN,X2C4Y,E38000254,0.0,0.0,72.0,2.0,20.0,5.0,57.0,1.0,48.0,46.0,7258.0,2011.0
B85025,BLACKBURN RD.MEDICAL CTR.,U63540,BATLEY BIRSTALL PCN,X2C4Y,E38000254,0.0,0.0,89.0,7.0,18.0,5.0,116.0,0.0,112.0,63.0,9871.0,2452.0
B85026,KIRKBURTON HEALTH CENTRE,U79310,THE MAST PCN,X2C4Y,E38000254,0.0,0.0,45.0,5.0,10.0,3.0,99.0,0.0,37.0,30.0,5999.0,2041.0
B85027,LINDLEY GROUP PRACTICE LTD,U,Unallocated,X2C4Y,E38000254,0.0,0.0,45.0,1.0,2.0,5.0,84.0,0.0,63.0,45.0,8154.0,2107.0
B85028,THE GRANGE MEDICAL PRACTICE,U,Unallocated,X2C4Y,E38000254,0.0,0.0,156.0,10.0,23.0,6.0,118.0,0.0,89.0,68.0,14867.0,2604.0
B85030,THE GREENWAY MEDICAL PRACTICE,U54372,SPEN HEALTH & WELLBEING PCN,X2C4Y,E38000254,0.0,0.0,67.0,5.0,5.0,1.0,62.0,0.0,45.0,33.0,7763.0,1695.0
B85031,LEPTON AND KIRKHEATON SURGERIES,U79310,THE MAST PCN,X2C4Y,E38000254,0.0,0.0,65.0,24.0,10.0,1.0,37.0,0.0,28.0,16.0,5167.0,1789.0
B85032,MELTHAM GROUP PRACTICE,U69551,THE VALLEYS HEALTH & SOCIAL CARE PCN,X2C4Y,E38000254,0.0,0.0,48.0,0.0,16.0,2.0,71.0,0.0,57.0,52.0,4486.0,1446.0
B85033,THE LINDLEY VILLAGE SURG.,U,Unallocated,X2C4Y,E38000254,0.0,0.0,46.0,6.0,8.0,0.0,86.0,1.0,62.0,53.0,4624.0,1166.0
B85036,NEW STREET & NETHERTON GROUP PRACTICE,U69575,VIADUCT CARE PCN,X2C4Y,E38000254,0.0,0.0,109.0,41.0,12.0,2.0,70.0,0.0,66.0,41.0,6903.0,1692.0
B85037,NEWSOME SURGERY LIMITED,U69575,VIADUCT CARE PCN,X2C4Y,E38000254,1.0,0.0,32.0,1.0,1.0,2.0,41.0,1.0,30.0,26.0,4669.0,1038.0
B85038,THE PADDOCK SURGERY,U66858,DEWSBURY & THORNHILL PCN,X2C4Y,E38000254,1.0,0.0,44.0,19.0,3.0,2.0,46.0,0.0,29.0,25.0,4630.0,1223.0
B85041,MOUNT PLEASANT MED CENTRE,U63540,BATLEY BIRSTALL PCN,X2C4Y,E38000254,0.0,0.0,35.0,0.0,4.0,5.0,68.0,0.0,43.0,10.0,14134.0,1682.0
B85042,PADDOCK AND LONGWOOD FAMILY PRACTICE,U69575,VIADUCT CARE PCN,X2C4Y,E38000254,0.0,0.0,57.0,4.0,6.0,2.0,59.0,0.0,48.0,39.0,7695.0,1302.0
B85044,THORNTON LODGE SURGERY,U69575,VIADUCT CARE PCN,X2C4Y,E38000254,0.0,0.0,15.0,2.0,1.0,0.0,6.0,0.0,6.0,*,2706.0,200.0
B85048,WOODHOUSE HILL SURGERY,U,Unallocated,X2C4Y,E38000254,0.0,0.0,28.0,5.0,2.0,0.0,25.0,0.0,24.0,23.0,4022.0,432.0
B85051,FIELDHEAD SURGERY,U69575,VIADUCT CARE PCN,X2C4Y,E38000254,0.0,0.0,39.0,4.0,2.0,4.0,66.0,1.0,47.0,29.0,5538.0,1424.0
B85054,COLNE VALLEY GROUP PRACTICE,U69551,THE VALLEYS HEALTH & SOCIAL CARE PCN,X2C4Y,E38000254,0.0,0.0,67.0,0.0,2.0,3.0,74.0,0.0,47.0,32.0,7933.0,2432.0
B85055,HEALDS ROAD SURGERY,U66858,DEWSBURY & THORNHILL PCN,X2C4Y,E38000254,0.0,0.0,33.0,9.0,4.0,6.0,56.0,1.0,49.0,32.0,12087.0,942.0
B85058,ROSE MEDICAL PRACTICE,U38221,TOLSON CARE PARTNERSHIP PCN,X2C4Y,E38000254,0.0,0.0,13.0,0.0,0.0,1.0,12.0,0.0,8.0,7.0,2725.0,322.0
B85059,SLAITHWAITE HEALTH CENTRE,U69551,THE VALLEYS HEALTH & SOCIAL CARE PCN,X2C4Y,E38000254,0.0,0.0,56.0,15.0,15.0,0.0,29.0,0.0,20.0,18.0,6981.0,1570.0
B85060,GREENHEAD FAMILY DOCTORS,U38221,TOLSON CARE PARTNERSHIP PCN,X2C4Y,E38000254,0.0,0.0,11.0,0.0,0.0,2.0,28.0,1.0,23.0,17.0,1761.0,592.0
B85061,SKELMANTHORPE FAMILY DOCTORS,U79310,THE MAST PCN,X2C4Y,E38000254,0.0,0.0,86.0,8.0,2.0,6.0,148.0,0.0,129.0,116.0,7281.0,2365.0
B85062,UNIVERSITY HEALTH CENTRE,U38221,TOLSON CARE PARTNERSHIP PCN,X2C4Y,E38000254,0.0,0.0,6.0,1.0,0.0,1.0,2.0,0.0,3.0,*,13917.0,105.0
B85606,THORNHILL LEES MEDICAL CENTRE,U66858,DEWSBURY & THORNHILL PCN,X2C4Y,E38000254,0.0,0.0,6.0,0.0,0.0,1.0,10.0,0.0,11.0,9.0,3868.0,690.0
B85610,OAKLANDS HEALTH CENTRE,U69551,THE VALLEYS HEALTH & SOCIAL CARE PCN,X2C4Y,E38000254,0.0,0.0,42.0,0.0,7.0,3.0,72.0,0.0,59.0,28.0,8675.0,2253.0
B85611,DR HANDA & PARTNER,U,Unallocated,X2C4Y,E38000254,0.0,0.0,0.0,0.0,0.0,0.0,33.0,0.0,33.0,32.0,3122.0,547.0
B85612,LIVERSEDGE MEDICAL CENTRE,U54372,SPEN HEALTH & WELLBEING PCN,X2C4Y,E38000254,0.0,0.0,28.0,2.0,10.0,4.0,32.0,0.0,17.0,14.0,4074.0,737.0
B85614,CROFT MEDICAL CENTRE,U,Unallocated,X2C4Y,E38000254,0.0,0.0,34.0,3.0,9.0,0.0,66.0,0.0,35.0,29.0,6267.0,599.0
B85619,COOK LANE SURGERY,U54372,SPEN HEALTH & WELLBEING PCN,X2C4Y,E38000254,0.0,0.0,19.0,1.0,7.0,1.0,33.0,0.0,31.0,22.0,2759.0,433.0
B85620,WINDSOR MEDICAL CENTRE,U66858,DEWSBURY & THORNHILL PCN,X2C4Y,E38000254,0.0,0.0,4.0,0.0,2.0,0.0,10.0,0.0,7.0,7.0,2501.0,478.0
B85623,MARSH SURGERY,U,Unallocated,X2C4Y,E38000254,0.0,0.0,11.0,1.0,2.0,0.0,18.0,0.0,17.0,12.0,2874.0,546.0
B85634,BIRKBY HEALTH CENTRE,U,Unallocated,X2C4Y,E38000254,0.0,0.0,22.0,3.0,11.0,0.0,13.0,0.0,11.0,11.0,3291.0,328.0
B85636,WESTBOURNE SURGERY,U,Unallocated,X2C4Y,E38000254,0.0,0.0,23.0,2.0,2.0,0.0,28.0,0.0,25.0,20.0,3444.0,978.0
B85640,KIRKGATE SURGERY,U63540,BATLEY BIRSTALL PCN,X2C4Y,E38000254,0.0,1.0,16.0,2.0,4.0,0.0,18.0,0.0,11.0,11.0,2922.0,698.0
B85641,LOCKWOOD SURGERY,U69575,VIADUCT CARE PCN,X2C4Y,E38000254,0.0,0.0,38.0,0.0,10.0,3.0,56.0,0.0,38.0,38.0,3405.0,757.0
B85645,SAVILE TOWN MEDICAL CTR.,U66858,DEWSBURY & THORNHILL PCN,X2C4Y,E38000254,0.0,0.0,3.0,1.0,0.0,0.0,9.0,0.0,5.0,*,2321.0,148.0
B85646,THE ALBION MOUNT MEDICAL PRACTICE,U66858,DEWSBURY & THORNHILL PCN,X2C4Y,E38000254,0.0,0.0,28.0,2.0,6.0,4.0,81.0,0.0,73.0,52.0,5205.0,1053.0
B85650,DR MAHMOOD & PARTNERS,U,Unallocated,X2C4Y,E38000254,0.0,0.0,11.0,0.0,1.0,0.0,4.0,0.0,4.0,*,4652.0,257.0
B85652,SIDINGS HEALTHCARE CENTRE,U66858,DEWSBURY & THORNHILL PCN,X2C4Y,E38000254,0.0,0.0,25.0,9.0,2.0,2.0,24.0,0.0,21.0,18.0,6976.0,692.0
B85655,CHERRY TREE SURGERY,U63540,BATLEY BIRSTALL PCN,X2C4Y,E38000254,0.0,1.0,14.0,3.0,1.0,3.0,10.0,0.0,13.0,13.0,2365.0,408.0
B85659,THE WHITEHOUSE CENTRE,U38221,TOLSON CARE PARTNERSHIP PCN,X2C4Y,E38000254,0.0,0.0,6.0,1.0,0.0,0.0,0.0,0.0,0.0,*,1682.0,17.0
B85660,THE JUNCTION SURGERY,U38221,TOLSON CARE PARTNERSHIP PCN,X2C4Y,E38000254,0.0,0.0,25.0,1.0,4.0,4.0,43.0,1.0,38.0,20.0,5586.0,1109.0
B86002,CITY VIEW MEDICAL PRACTICE,U16878,BEESTON PCN,15F,E38000225,0.0,0.0,48.0,5.0,21.0,2.0,93.0,0.0,78.0,66.0,13351.0,1338.0
B86003,DR G LEES & PARTNERS,U92581,ARMLEY PCN,15F,E38000225,0.0,1.0,43.0,8.0,11.0,3.0,114.0,1.0,87.0,46.0,15199.0,1703.0
B86004,HIGHFIELD SURGERY,U61505,HOLT PARK PCN,15F,E38000225,0.0,0.0,42.0,0.0,17.0,1.0,73.0,6.0,60.0,42.0,6694.0,1879.0
B86005,DR N DUMPHY & PARTNERS,U16878,BEESTON PCN,15F,E38000225,0.0,0.0,20.0,0.0,4.0,1.0,29.0,0.0,24.0,18.0,5019.0,616.0
B86006,OULTON MEDICAL CENTRE,U76315,LS25/LS26 PCN,15F,E38000225,0.0,0.0,131.0,37.0,29.0,2.0,157.0,0.0,131.0,110.0,12004.0,3177.0
B86007,WINDMILL HEALTH CENTRE,U84543,SEACROFT PCN,15F,E38000225,0.0,0.0,83.0,12.0,24.0,6.0,122.0,0.0,91.0,79.0,7790.0,1540.0
B86008,ALWOODLEY MEDICAL CENTRE,U82712,CENTRAL NORTH LEEDS PCN,15F,E38000225,0.0,0.0,76.0,4.0,5.0,10.0,143.0,0.0,109.0,72.0,15109.0,3999.0
B86009,MANSTON SURGERY,U43067,CROSSGATES PCN,15F,E38000225,0.0,0.0,34.0,0.0,13.0,1.0,49.0,0.0,46.0,29.0,6006.0,1724.0
B86010,COLLINGHAM CHURCH VIEW SURGERY,U11393,WETHERBY PCN,15F,E38000225,0.0,0.0,33.0,0.0,10.0,1.0,81.0,0.0,56.0,47.0,7127.0,2873.0
B86011,HILLFOOT SURGERY,U31269,WEST LEEDS PCN,15F,E38000225,0.0,0.0,57.0,6.0,16.0,4.0,56.0,0.0,50.0,37.0,7941.0,1693.0
B86012,LEEDS CITY MEDICAL PRACTICE,U16878,BEESTON PCN,15F,E38000225,0.0,0.0,26.0,3.0,9.0,4.0,79.0,0.0,63.0,48.0,17808.0,1688.0
B86013,THE NORTH LEEDS MEDICAL PRACTICE,U31228,"BURMANTOFTS, HAREHILLS & RICHMOND HILL PCN",15F,E38000225,0.0,0.0,41.0,6.0,10.0,5.0,117.0,0.0,102.0,82.0,17906.0,1976.0
B86014,ROBIN LANE HEALTH AND WELLBEING CENTRE,U31269,WEST LEEDS PCN,15F,E38000225,0.0,0.0,46.0,4.0,21.0,2.0,218.0,0.0,182.0,158.0,11013.0,2430.0
B86015,MANOR PARK SURGERY,U31269,WEST LEEDS PCN,15F,E38000225,0.0,0.0,66.0,5.0,20.0,2.0,58.0,0.0,49.0,34.0,11795.0,2161.0
B86016,SHAFTESBURY MEDICAL CTR.,U67243,YORK ROAD PCN,15F,E38000225,0.0,0.0,79.0,0.0,34.0,5.0,153.0,0.0,135.0,121.0,15450.0,2879.0
B86017,CRAVEN ROAD MEDICAL PRACTICE,U11864,WOODSLEY PCN,15F,E38000225,4.0,0.0,42.0,15.0,17.0,1.0,70.0,0.0,54.0,41.0,14900.0,2060.0
B86018,MULBERRY STREET MEDICAL PRACTICE,U31269,WEST LEEDS PCN,15F,E38000225,0.0,0.0,36.0,4.0,21.0,0.0,63.0,0.0,50.0,35.0,5628.0,1719.0
B86019,DIAMOND MEDICAL GROUP,U82712,CENTRAL NORTH LEEDS PCN,15F,E38000225,0.0,0.0,107.0,8.0,41.0,5.0,138.0,6.0,92.0,83.0,17265.0,3093.0
B86020,LOFTHOUSE SURGERY,U76315,LS25/LS26 PCN,15F,E38000225,0.0,0.0,36.0,3.0,4.0,1.0,118.0,1.0,98.0,74.0,8875.0,2303.0
B86022,OAKWOOD LANE MEDICAL PRACTICE,U84543,SEACROFT PCN,15F,E38000225,2.0,0.0,73.0,22.0,23.0,5.0,103.0,0.0,58.0,46.0,12325.0,1789.0
B86024,PRIORY VIEW MEDICAL CENTRE,U92581,ARMLEY PCN,15F,E38000225,0.0,0.0,36.0,1.0,1.0,4.0,81.0,0.0,53.0,37.0,8002.0,1582.0
B86025,HYDE PARK SURGERY,U11864,WOODSLEY PCN,15F,E38000225,0.0,0.0,12.0,0.0,5.0,1.0,26.0,0.0,23.0,20.0,10325.0,590.0
B86028,SOUTH QUEEN MEDICAL CENTRE,U,Unallocated,15F,E38000225,0.0,0.0,30.0,4.0,20.0,1.0,34.0,0.0,26.0,23.0,4309.0,871.0
B86029,WESTGATE SURGERY,U50263,OTLEY PCN,15F,E38000225,0.0,0.0,35.0,1.0,16.0,0.0,46.0,0.0,28.0,23.0,4381.0,1374.0
B86030,BURTON CROFT SURGERY,U11864,WOODSLEY PCN,15F,E38000225,0.0,1.0,61.0,2.0,1.0,3.0,156.0,2.0,130.0,103.0,8815.0,1912.0
B86032,CHEVIN MEDICAL PRACTICE,U50263,OTLEY PCN,15F,E38000225,0.0,0.0,82.0,14.0,32.0,1.0,199.0,0.0,168.0,123.0,13540.0,5160.0
B86033,CROSSLEY STREET SURGERY,U11393,WETHERBY PCN,15F,E38000225,0.0,0.0,106.0,2.0,44.0,5.0,143.0,0.0,103.0,79.0,8249.0,3626.0
B86034,SPA SURGERY,U11393,WETHERBY PCN,15F,E38000225,0.0,0.0,39.0,0.0,17.0,0.0,54.0,2.0,40.0,31.0,5020.0,1805.0
B86035,SOUTH BANK SURGERY,U94664,MIDDLETON AND HUNSLET PCN,15F,E38000225,1.0,0.0,26.0,5.0,9.0,6.0,123.0,0.0,97.0,76.0,7830.0,1529.0
B86036,GIBSON LANE PRACTICE,U76315,LS25/LS26 PCN,15F,E38000225,0.0,0.0,78.0,0.0,28.0,1.0,106.0,0.0,78.0,54.0,8069.0,2949.0
B86038,GUISELEY AND YEADON MEDICAL PRACTICE,U81168,YEADON PCN,15F,E38000225,0.0,1.0,28.0,2.0,9.0,4.0,140.0,0.0,114.0,66.0,8207.0,2447.0
B86039,ALLERTON MEDICAL CENTRE,U78708,CHAPELTOWN PCN,15F,E38000225,1.0,0.0,23.0,0.0,8.0,4.0,57.0,0.0,56.0,39.0,8220.0,1422.0
B86041,VESPER ROAD,U11864,WOODSLEY PCN,15F,E38000225,0.0,0.0,22.0,1.0,4.0,2.0,37.0,8.0,27.0,22.0,6913.0,901.0
B86042,LINGWELL CROFT SURGERY,U94664,MIDDLETON AND HUNSLET PCN,15F,E38000225,1.0,0.0,23.0,3.0,8.0,7.0,195.0,0.0,175.0,84.0,13732.0,2059.0
B86043,EAST PARK MEDICAL CENTRE,U31228,"BURMANTOFTS, HAREHILLS & RICHMOND HILL PCN",15F,E38000225,0.0,0.0,25.0,2.0,7.0,7.0,56.0,1.0,30.0,26.0,9038.0,1224.0
B86044,"DR S HUTCHINSON & PARTNERS, IW&H M PRAC",U61505,HOLT PARK PCN,15F,E38000225,0.0,0.0,70.0,5.0,13.0,6.0,268.0,2.0,200.0,158.0,23137.0,5195.0
B86048,GARFORTH MEDICAL CENTRE,U76315,LS25/LS26 PCN,15F,E38000225,0.0,0.0,167.0,57.0,52.0,8.0,192.0,1.0,146.0,124.0,11077.0,3474.0
B86049,WOODHOUSE MEDICAL PRACTICE,U78708,CHAPELTOWN PCN,15F,E38000225,0.0,1.0,23.0,1.0,5.0,1.0,62.0,0.0,46.0,42.0,9103.0,1020.0
B86050,WEST LODGE SURGERY,U31269,WEST LEEDS PCN,15F,E38000225,0.0,0.0,94.0,4.0,56.0,4.0,137.0,0.0,127.0,108.0,16857.0,3545.0
B86051,AIRE VALLEY SURGERY,U81168,YEADON PCN,15F,E38000225,0.0,0.0,24.0,1.0,8.0,3.0,101.0,2.0,82.0,54.0,11941.0,3097.0
B86052,PARK ROAD & MENSTON,U81168,YEADON PCN,15F,E38000225,0.0,0.0,67.0,14.0,33.0,1.0,111.0,0.0,58.0,44.0,9083.0,3022.0
B86054,THE GARDEN SURGERY,U67243,YORK ROAD PCN,15F,E38000225,0.0,0.0,14.0,0.0,5.0,3.0,82.0,0.0,76.0,69.0,5206.0,989.0
B86055,ASHFIELD MEDICAL CENTRE,U43067,CROSSGATES PCN,15F,E38000225,0.0,0.0,38.0,1.0,2.0,2.0,63.0,0.0,42.0,33.0,4881.0,1350.0
B86057,WINDSOR HOUSE GROUP PRACTICE,U,Unallocated,15F,E38000225,0.0,0.0,101.0,6.0,32.0,4.0,158.0,1.0,109.0,89.0,16349.0,3494.0
B86059,MEANWOOD HEALTH CENTRE,U82712,CENTRAL NORTH LEEDS PCN,15F,E38000225,1.0,1.0,33.0,4.0,0.0,4.0,84.0,0.0,51.0,30.0,13964.0,2340.0
B86060,THORNTON MEDICAL CENTRE,U92581,ARMLEY PCN,15F,E38000225,1.0,0.0,29.0,0.0,9.0,3.0,81.0,0.0,62.0,24.0,9479.0,1468.0
B86061,HAREHILLS CORNER SURGERY,U31228,"BURMANTOFTS, HAREHILLS & RICHMOND HILL PCN",15F,E38000225,0.0,0.0,3.0,0.0,2.0,0.0,6.0,0.0,6.0,6.0,4791.0,301.0
B86062,THE MEDICAL CENTRE,U67243,YORK ROAD PCN,15F,E38000225,0.0,0.0,39.0,0.0,12.0,4.0,51.0,0.0,42.0,38.0,6482.0,1764.0
B86064,LEIGH VIEW MEDICAL PRACTICE,U,Unallocated,15F,E38000225,0.0,0.0,63.0,1.0,30.0,4.0,98.0,1.0,78.0,69.0,13888.0,3177.0
B86066,THE STREET LANE PRACTICE,U82712,CENTRAL NORTH LEEDS PCN,15F,E38000225,0.0,0.0,93.0,10.0,17.0,1.0,103.0,1.0,80.0,55.0,11704.0,2748.0
B86067,THE DEKEYSER GROUP PRACTICE,U,Unallocated,15F,E38000225,0.0,0.0,80.0,17.0,31.0,6.0,106.0,3.0,82.0,71.0,13754.0,3092.0
B86068,ABBEY GRANGE MEDICAL PRACTICE,U11864,WOODSLEY PCN,15F,E38000225,0.0,0.0,36.0,0.0,15.0,4.0,71.0,0.0,62.0,48.0,6403.0,1456.0
B86069,BURLEY PARK MEDICAL CENTRE,U11864,WOODSLEY PCN,15F,E38000225,0.0,0.0,26.0,3.0,6.0,2.0,79.0,0.0,74.0,59.0,12881.0,963.0
B86070,AIREBOROUGH FAMILY PRACTICE,U50263,OTLEY PCN,15F,E38000225,0.0,0.0,7.0,0.0,2.0,0.0,89.0,0.0,79.0,61.0,3372.0,1127.0
B86071,WHITEHALL SURGERY,U,Unallocated,15F,E38000225,0.0,0.0,46.0,5.0,16.0,4.0,64.0,1.0,52.0,42.0,7103.0,1293.0
B86075,DR T P FOX & PARTNERS,U43067,CROSSGATES PCN,15F,E38000225,0.0,0.0,85.0,0.0,22.0,5.0,187.0,0.0,191.0,158.0,11355.0,2599.0
B86081,BELLBROOKE SURGERY,U31228,"BURMANTOFTS, HAREHILLS & RICHMOND HILL PCN",15F,E38000225,0.0,3.0,29.0,0.0,7.0,3.0,109.0,1.0,87.0,77.0,13303.0,1144.0
B86086,LAUREL BANK SURGERY,U11864,WOODSLEY PCN,15F,E38000225,0.0,0.0,9.0,0.0,0.0,0.0,25.0,1.0,23.0,14.0,6569.0,711.0
B86089,NOVA SCOTIA MEDICAL CNTR,U76315,LS25/LS26 PCN,15F,E38000225,0.0,0.0,24.0,0.0,8.0,0.0,88.0,0.0,71.0,66.0,4841.0,1165.0
B86092,KIPPAX HALL SURGERY,U76315,LS25/LS26 PCN,15F,E38000225,0.0,0.0,49.0,2.0,15.0,1.0,36.0,0.0,30.0,28.0,5330.0,1462.0
B86093,PARK EDGE PRACTICE,U84543,SEACROFT PCN,15F,E38000225,0.0,0.0,26.0,0.0,6.0,1.0,44.0,0.0,39.0,32.0,4779.0,1018.0
B86094,DR S M CHEN & PARTNER,U31269,WEST LEEDS PCN,15F,E38000225,0.0,0.0,18.0,3.0,1.0,1.0,36.0,0.0,34.0,28.0,4108.0,827.0
B86096,ARTHINGTON MEDICAL CENTRE,U94664,MIDDLETON AND HUNSLET PCN,15F,E38000225,0.0,0.0,19.0,5.0,9.0,1.0,46.0,0.0,40.0,24.0,4851.0,806.0
B86100,ST MARTINS PRACTICE,U78708,CHAPELTOWN PCN,15F,E38000225,0.0,0.0,26.0,2.0,9.0,3.0,81.0,0.0,59.0,50.0,6471.0,1062.0
B86101,GILDERSOME HEALTH CENTRE,U,Unallocated,15F,E38000225,0.0,0.0,27.0,3.0,17.0,1.0,36.0,0.0,31.0,21.0,2672.0,852.0
B86103,CONWAY MEDICAL CENTRE,U31228,"BURMANTOFTS, HAREHILLS & RICHMOND HILL PCN",15F,E38000225,0.0,0.0,4.0,0.0,1.0,0.0,6.0,0.0,5.0,5.0,4545.0,229.0
B86104,BRAMLEY VILLAGE HEALTH & WELLBEING CTR,U,Unallocated,15F,E38000225,0.0,0.0,53.0,6.0,24.0,2.0,47.0,0.0,35.0,25.0,15922.0,1434.0
B86106,FOUNDRY LANE SURGERY,U84543,SEACROFT PCN,15F,E38000225,0.0,0.0,10.0,1.0,4.0,0.0,14.0,0.0,13.0,13.0,6927.0,735.0
B86108,CHAPELTOWN FAMILY SURGERY,U31228,"BURMANTOFTS, HAREHILLS & RICHMOND HILL PCN",15F,E38000225,0.0,0.0,19.0,4.0,3.0,3.0,23.0,0.0,21.0,21.0,6209.0,472.0
B86109,KIRKSTALL LANE MEDICAL CENTRE,U11864,WOODSLEY PCN,15F,E38000225,0.0,0.0,23.0,0.0,4.0,0.0,64.0,2.0,56.0,51.0,7206.0,662.0
B86110,LEEDS STUDENT MEDICAL PRACTICE,U96282,LSMP AND THE LIGHT PCN,15F,E38000225,0.0,0.0,3.0,0.0,0.0,0.0,0.0,0.0,0.0,*,41241.0,5.0
B86623,ASHTON VIEW MEDICAL CTR,U31228,"BURMANTOFTS, HAREHILLS & RICHMOND HILL PCN",15F,E38000225,0.0,0.0,1.0,0.0,0.0,2.0,3.0,0.0,2.0,*,4962.0,144.0
B86642,DR S HUSSAIN,U94664,MIDDLETON AND HUNSLET PCN,15F,E38000225,0.0,0.0,7.0,0.0,7.0,0.0,7.0,0.0,6.0,5.0,2525.0,303.0
B86643,THE ROUNDHAY ROAD SURGERY,U31228,"BURMANTOFTS, HAREHILLS & RICHMOND HILL PCN",15F,E38000225,0.0,0.0,1.0,0.0,0.0,2.0,10.0,0.0,11.0,9.0,3561.0,273.0
B86648,FAMILY DOCTORS,U43067,CROSSGATES PCN,15F,E38000225,0.0,0.0,6.0,0.0,1.0,1.0,24.0,0.0,25.0,23.0,1697.0,752.0
B86655,BEECH TREE MEDICAL CENTRE,U,Unallocated,15F,E38000225,0.0,0.0,2.0,1.0,0.0,1.0,7.0,0.0,8.0,8.0,1920.0,307.0
B86658,MOORFIELD HOUSE SURGERY,U76315,LS25/LS26 PCN,15F,E38000225,9.0,0.0,164.0,89.0,35.0,5.0,154.0,0.0,130.0,114.0,8996.0,2389.0
B86666,NEWTON SURGERY,U31228,"BURMANTOFTS, HAREHILLS & RICHMOND HILL PCN",15F,E38000225,0.0,0.0,1.0,0.0,1.0,1.0,25.0,0.0,23.0,8.0,5126.0,572.0
B86667,BEESTON VILLAGE SURGERY,U16878,BEESTON PCN,15F,E38000225,0.0,0.0,16.0,1.0,3.0,0.0,33.0,0.0,33.0,26.0,7195.0,795.0
B86669,YORK STREET HEALTH PRACTICE,U31228,"BURMANTOFTS, HAREHILLS & RICHMOND HILL PCN",15F,E38000225,0.0,0.0,3.0,0.0,0.0,2.0,0.0,0.0,0.0,*,3201.0,31.0
B86672,HAWTHORN SURGERY,U,Unallocated,15F,E38000225,0.0,0.0,25.0,0.0,9.0,1.0,55.0,0.0,51.0,26.0,5941.0,969.0
B86673,WETHERBY & BRAMHAM SURGERY,U11393,WETHERBY PCN,15F,E38000225,1.0,0.0,72.0,7.0,25.0,2.0,95.0,0.0,88.0,81.0,5180.0,1916.0
B86675,LINCOLN GREEN MEDICAL CENTRE,U31228,"BURMANTOFTS, HAREHILLS & RICHMOND HILL PCN",15F,E38000225,0.0,0.0,6.0,1.0,3.0,0.0,13.0,0.0,11.0,7.0,4796.0,395.0
B86678,DRIGHLINGTON MEDICAL CENTRE,U,Unallocated,15F,E38000225,1.0,0.0,21.0,3.0,6.0,0.0,49.0,1.0,34.0,31.0,2274.0,717.0
B87001,MIDDLESTOWN,U,Unallocated,03R,E38000190,0.0,0.0,80.0,29.0,0.0,3.0,54.0,3.0,49.0,32.0,7533.0,2327.0
B87002,ORCHARD CROFT,U,Unallocated,03R,E38000190,0.0,0.0,67.0,5.0,31.0,2.0,93.0,1.0,80.0,37.0,7977.0,2509.0
B87003,COLLEGE LANE SURGERY,U31847,WAKEFIELD HEALTH ALLIANCE SOUTH PCN,03R,E38000190,0.0,0.0,116.0,12.0,18.0,3.0,56.0,0.0,49.0,34.0,8429.0,2605.0
B87004,WARRENGATE MEDICAL CENTRE,U10827,TRINITY HEALTH GROUP PCN,03R,E38000190,0.0,0.0,64.0,1.0,19.0,8.0,88.0,0.0,89.0,44.0,10143.0,1521.0
B87005,RIVERSIDE MEDICAL CENTRE,U84490,WAKEFIELD NORTH PCN,03R,E38000190,0.0,0.0,63.0,4.0,11.0,3.0,88.0,2.0,55.0,34.0,9349.0,2260.0
B87006,PARK GREEN SURGERY,U31847,WAKEFIELD HEALTH ALLIANCE SOUTH PCN,03R,E38000190,0.0,0.0,56.0,3.0,22.0,6.0,87.0,0.0,70.0,50.0,8539.0,2084.0
B87007,NORTHGATE SURGERY,U10439,PONTEFRACT AND KNOTTINGLEY PCN,03R,E38000190,1.0,0.0,143.0,32.0,28.0,2.0,121.0,1.0,107.0,85.0,13378.0,2838.0
B87008,LUPSET HEALTH CENTRE,U,Unallocated,03R,E38000190,0.0,0.0,115.0,10.0,12.0,6.0,127.0,3.0,111.0,76.0,10829.0,2525.0
B87009,ST THOMAS ROAD SURGERY,U84490,WAKEFIELD NORTH PCN,03R,E38000190,0.0,0.0,84.0,33.0,1.0,3.0,35.0,0.0,28.0,16.0,4866.0,1391.0
B87011,FRIARWOOD SURGERY,U10439,PONTEFRACT AND KNOTTINGLEY PCN,03R,E38000190,1.0,0.0,182.0,74.0,41.0,5.0,128.0,1.0,105.0,104.0,10125.0,3053.0
B87012,MAYBUSH MEDICAL CENTRE,U10827,TRINITY HEALTH GROUP PCN,03R,E38000190,0.0,0.0,49.0,3.0,24.0,1.0,80.0,1.0,76.0,60.0,8371.0,1518.0
B87013,OUTWOOD PARK MEDICAL CENTRE,U08248,BRIGANTES PCN,03R,E38000190,0.0,0.0,70.0,1.0,23.0,1.0,127.0,0.0,97.0,65.0,11161.0,3314.0
B87015,STUART ROAD,U10439,PONTEFRACT AND KNOTTINGLEY PCN,03R,E38000190,1.0,0.0,153.0,107.0,1.0,3.0,55.0,0.0,46.0,42.0,5690.0,1586.0
B87016,WHITE ROSE SURGERY,U31847,WAKEFIELD HEALTH ALLIANCE SOUTH PCN,03R,E38000190,0.0,0.0,175.0,45.0,15.0,15.0,198.0,0.0,188.0,171.0,20090.0,4384.0
B87017,TRINITY MEDICAL CENTRE,U10827,TRINITY HEALTH GROUP PCN,03R,E38000190,0.0,0.0,158.0,3.0,47.0,8.0,155.0,1.0,148.0,111.0,23060.0,4261.0
B87018,HENRY MOORE CLINIC,U84490,WAKEFIELD NORTH PCN,03R,E38000190,0.0,0.0,143.0,74.0,23.0,5.0,84.0,2.0,66.0,61.0,9720.0,1991.0
B87019,STANLEY,U08248,BRIGANTES PCN,03R,E38000190,0.0,0.0,36.0,0.0,14.0,2.0,77.0,0.0,62.0,35.0,5816.0,1566.0
B87020,CHAPELTHORPE,U,Unallocated,03R,E38000190,0.0,0.0,77.0,0.0,29.0,4.0,131.0,2.0,116.0,87.0,10354.0,3490.0
B87021,ASH GROVE,U10439,PONTEFRACT AND KNOTTINGLEY PCN,03R,E38000190,0.0,0.0,114.0,16.0,5.0,2.0,130.0,0.0,85.0,54.0,10364.0,2512.0
B87022,HOMESTEAD,U08248,BRIGANTES PCN,03R,E38000190,0.0,0.0,41.0,3.0,17.0,5.0,39.0,3.0,32.0,31.0,8042.0,932.0
B87025,CASTLEFORD MEDICAL PRACTICE,U25219,FIVE TOWNS PCN,03R,E38000190,0.0,0.0,51.0,5.0,17.0,4.0,107.0,1.0,81.0,63.0,7094.0,1361.0
B87026,THE GRANGE MEDICAL CENTRE,U31847,WAKEFIELD HEALTH ALLIANCE SOUTH PCN,03R,E38000190,0.0,0.0,105.0,8.0,34.0,10.0,108.0,1.0,92.0,80.0,11657.0,2834.0
B87027,NEW SOUTHGATE SURGERY,U08248,BRIGANTES PCN,03R,E38000190,0.0,0.0,55.0,4.0,20.0,3.0,88.0,0.0,67.0,31.0,11320.0,2653.0
B87028,CROFTON AND SHARLSTON MED PRAC,U10827,TRINITY HEALTH GROUP PCN,03R,E38000190,0.0,0.0,59.0,0.0,14.0,1.0,66.0,1.0,57.0,50.0,8510.0,2502.0
B87030,HEALTH CARE FIRST PARTNERSHIP,U25219,FIVE TOWNS PCN,03R,E38000190,0.0,0.0,252.0,19.0,15.0,11.0,228.0,2.0,196.0,136.0,24390.0,5468.0
B87031,OSSETT SURGERY,U,Unallocated,03R,E38000190,0.0,0.0,137.0,12.0,29.0,7.0,205.0,4.0,178.0,61.0,17355.0,4874.0
B87032,STATION LANE,U84490,WAKEFIELD NORTH PCN,03R,E38000190,0.0,0.0,64.0,2.0,1.0,2.0,51.0,5.0,41.0,35.0,6809.0,1354.0
B87033,NEWLAND SURGERY,U84490,WAKEFIELD NORTH PCN,03R,E38000190,0.0,0.0,12.0,1.0,0.0,2.0,12.0,1.0,10.0,8.0,4588.0,1152.0
B87036,LANGTHWAITE SURGERY,U31847,WAKEFIELD HEALTH ALLIANCE SOUTH PCN,03R,E38000190,0.0,0.0,25.0,6.0,2.0,0.0,23.0,1.0,14.0,11.0,3393.0,873.0
B87039,KING'S MEDICAL PRACTICE,U25219,FIVE TOWNS PCN,03R,E38000190,0.0,0.0,104.0,8.0,5.0,3.0,138.0,0.0,122.0,93.0,12334.0,2340.0
B87042,TIEVE TARA,U84490,WAKEFIELD NORTH PCN,03R,E38000190,0.0,0.0,20.0,2.0,5.0,10.0,40.0,0.0,46.0,46.0,4797.0,772.0
B87044,ALVERTHORPE,U08248,BRIGANTES PCN,03R,E38000190,0.0,0.0,7.0,0.0,0.0,0.0,17.0,0.0,13.0,11.0,1884.0,530.0
B87602,PATIENCE LANE SURGERY,U25219,FIVE TOWNS PCN,03R,E38000190,0.0,0.0,27.0,2.0,10.0,0.0,23.0,0.0,13.0,*,2958.0,753.0
B87604,EASTMOOR HEALTH CENTRE,U08248,BRIGANTES PCN,03R,E38000190,0.0,0.0,13.0,3.0,0.0,1.0,11.0,0.0,11.0,6.0,2562.0,349.0
C81001,SPRINGS HEALTH CENTRE,U67865,NORTH EAST DERBYSHIRE PCN,15M,E38000261,0.0,0.0,57.0,3.0,11.0,0.0,95.0,0.0,89.0,83.0,8968.0,2540.0
C81002,THE VALLEYS MEDICAL PARTNERSHIP,U67865,NORTH EAST DERBYSHIRE PCN,15M,E38000261,0.0,0.0,53.0,1.0,19.0,7.0,133.0,0.0,102.0,76.0,9128.0,3182.0
C81003,SETT VALLEY MEDICAL CENTRE,U28405,HIGH PEAK & BUXTON PCN,15M,E38000261,0.0,0.0,49.0,1.0,0.0,2.0,102.0,0.0,84.0,67.0,7520.0,2562.0
C81004,IVY GROVE SURGERY,U72812,ALFRETON RIPLEY CRICH & HEANOR PCN,15M,E38000261,1.0,0.0,31.0,1.0,9.0,1.0,124.0,0.0,85.0,61.0,7747.0,2699.0
C81005,JESSOP MEDICAL PRACTICE,U72812,ALFRETON RIPLEY CRICH & HEANOR PCN,15M,E38000261,0.0,0.0,92.0,13.0,24.0,15.0,224.0,2.0,169.0,119.0,13010.0,3868.0
C81006,HORIZON HEALTHCARE,U60509,DERBY CITY NORTH PCN,15M,E38000261,0.0,0.0,63.0,22.0,11.0,10.0,124.0,0.0,126.0,109.0,25530.0,3024.0
C81007,VERNON STREET MEDICAL CTR,U53999,GREATER DERBY PCN,15M,E38000261,0.0,0.0,35.0,7.0,17.0,4.0,104.0,2.0,85.0,77.0,10013.0,1774.0
C81008,ROYAL PRIMARY CARE CLAY CROSS,U17168,SOUTH HARDWICK PCN,15M,E38000261,0.0,0.0,37.0,1.0,11.0,8.0,85.0,0.0,83.0,68.0,7460.0,2259.0
C81009,WILSON STREET SURGERY,U60509,DERBY CITY NORTH PCN,15M,E38000261,0.0,0.0,39.0,13.0,10.0,18.0,82.0,0.0,65.0,63.0,18977.0,2328.0
C81010,THE MOIR MEDICAL CENTRE,U,Unallocated,15M,E38000261,0.0,0.0,43.0,5.0,12.0,4.0,135.0,1.0,108.0,80.0,10822.0,2974.0
C81012,THE SURGERY AT WHEATBRIDGE,U,Unallocated,15M,E38000261,0.0,0.0,64.0,10.0,18.0,5.0,171.0,2.0,148.0,93.0,12260.0,3494.0
C81013,BASLOW HEALTH CENTRE,U63258,DERBYSHIRE DALES PCN,15M,E38000261,0.0,0.0,33.0,1.0,10.0,1.0,58.0,3.0,27.0,26.0,3021.0,1672.0
C81014,DERWENT VALLEY MEDICAL PRACTICE,U53999,GREATER DERBY PCN,15M,E38000261,0.0,0.0,43.0,4.0,18.0,3.0,83.0,2.0,76.0,61.0,9494.0,2316.0
C81015,NEWBOLD SURGERY,U,Unallocated,15M,E38000261,0.0,0.0,20.0,1.0,8.0,3.0,103.0,0.0,70.0,34.0,9247.0,3191.0
C81016,PEAK & DALES MEDICAL PARTNERSHIP,U63258,DERBYSHIRE DALES PCN,15M,E38000261,0.0,0.0,19.0,1.0,4.0,0.0,84.0,0.0,64.0,51.0,5839.0,2633.0
C81017,ARTHUR MEDICAL CENTRE,U61321,BELPER PCN,15M,E38000261,0.0,0.0,42.0,10.0,19.0,5.0,92.0,1.0,68.0,63.0,6756.0,2203.0
C81018,DOVE RIVER,U57641,EAST STAFFORDSHIRE PCN,05D,E38000053,0.0,0.0,43.0,0.0,1.0,0.0,78.0,0.0,55.0,46.0,6717.0,2459.0
C81020,NEWHALL SURGERY,U90656,SWADLINCOTE PCN,15M,E38000261,0.0,0.0,85.0,8.0,35.0,3.0,75.0,1.0,63.0,57.0,8815.0,2370.0
C81021,OLD STATION SURGERY,U,Unallocated,15M,E38000261,0.0,0.0,41.0,8.0,14.0,1.0,135.0,0.0,100.0,90.0,12120.0,2887.0
C81022,SOUTH STREET SURGERY,U,Unallocated,15M,E38000261,0.0,0.0,9.0,0.0,5.0,1.0,34.0,0.0,25.0,18.0,3143.0,942.0
C81023,THE AITUNE MEDICAL PRACTICE,U,Unallocated,15M,E38000261,0.0,0.0,16.0,0.0,5.0,1.0,64.0,0.0,56.0,35.0,5895.0,2011.0
C81025,DRONFIELD MEDICAL PRACTICE,U,Unallocated,15M,E38000261,0.0,0.0,36.0,12.0,10.0,2.0,115.0,0.0,65.0,63.0,7612.0,2766.0
C81026,ADAM HOUSE MEDICAL CENTRE,U,Unallocated,15M,E38000261,0.0,0.0,8.0,3.0,3.0,1.0,111.0,1.0,81.0,50.0,5169.0,1444.0
C81027,SOMERCOTES MEDICAL CENTRE,U72812,ALFRETON RIPLEY CRICH & HEANOR PCN,15M,E38000261,0.0,0.0,27.0,2.0,8.0,1.0,58.0,0.0,56.0,36.0,6773.0,1645.0
C81028,IMPERIAL ROAD SURGERY,U,Unallocated,15M,E38000261,0.0,0.0,2.0,0.0,1.0,9.0,66.0,3.0,23.0,*,.,.
C81029,STAFFA HEALTH,U17168,SOUTH HARDWICK PCN,15M,E38000261,0.0,0.0,20.0,2.0,5.0,7.0,162.0,0.0,49.0,43.0,13351.0,3836.0
C81030,CREDAS MEDICAL,U63258,DERBYSHIRE DALES PCN,15M,E38000261,0.0,0.0,69.0,8.0,13.0,3.0,138.0,2.0,98.0,55.0,6272.0,2961.0
C81031,PARK SURGERY,U72812,ALFRETON RIPLEY CRICH & HEANOR PCN,15M,E38000261,0.0,0.0,32.0,2.0,3.0,4.0,90.0,1.0,82.0,46.0,7702.0,1961.0
C81032,SWADLINCOTE SURGERY,U90656,SWADLINCOTE PCN,15M,E38000261,0.0,0.0,56.0,20.0,15.0,3.0,95.0,0.0,73.0,57.0,10789.0,2955.0
C81033,SHIRES HEALTHCARE,U05048,NORTH HARDWICK AND BOLSOVER PCN,15M,E38000261,0.0,1.0,114.0,33.0,18.0,5.0,195.0,0.0,157.0,123.0,13035.0,2984.0
C81034,STEWART MEDICAL CENTRE,U28405,HIGH PEAK & BUXTON PCN,15M,E38000261,0.0,0.0,24.0,1.0,0.0,6.0,175.0,7.0,75.0,63.0,12668.0,3989.0
C81035,VILLAGE SURGERY,U47223,DERBY CITY SOUTH PCN,15M,E38000261,0.0,0.0,61.0,11.0,17.0,6.0,172.0,0.0,116.0,85.0,10148.0,2304.0
C81036,FRIAR GATE SURGERY,U,Unallocated,15M,E38000261,0.0,0.0,11.0,1.0,4.0,2.0,50.0,0.0,41.0,32.0,4045.0,674.0
C81037,ASHBOURNE MEDICAL PRACTICE,U63258,DERBYSHIRE DALES PCN,15M,E38000261,0.0,0.0,50.0,3.0,21.0,2.0,87.0,0.0,72.0,64.0,7908.0,2876.0
C81038,WHITEMOOR MEDICAL CENTRE,U61321,BELPER PCN,15M,E38000261,1.0,0.0,77.0,8.0,22.0,2.0,148.0,3.0,130.0,95.0,9483.0,3056.0
C81039,EYAM SURGERY,U63258,DERBYSHIRE DALES PCN,15M,E38000261,0.0,0.0,19.0,3.0,0.0,2.0,34.0,0.0,34.0,21.0,2492.0,1102.0
C81040,PARK LANE SURGERY,U53999,GREATER DERBY PCN,15M,E38000261,0.0,0.0,20.0,0.0,4.0,0.0,51.0,0.0,14.0,10.0,6232.0,2243.0
C81041,WELBECK ROAD HEALTH CENTRE,U05048,NORTH HARDWICK AND BOLSOVER PCN,15M,E38000261,0.0,0.0,44.0,17.0,10.0,2.0,77.0,1.0,57.0,53.0,9459.0,2496.0
C81042,MICKLEOVER MEDICAL CENTRE,U53999,GREATER DERBY PCN,15M,E38000261,0.0,0.0,38.0,4.0,19.0,5.0,111.0,0.0,96.0,66.0,9944.0,3073.0
C81044,WHITTINGTON MOOR SURGERY,U,Unallocated,15M,E38000261,1.0,0.0,65.0,7.0,17.0,1.0,111.0,0.0,100.0,65.0,6640.0,1876.0
C81045,ROYAL PRIMARY CARE CHESTERFIELD WEST,U53637,NORTH DERBYSHIRE PCN,15M,E38000261,1.0,0.0,49.0,10.0,25.0,6.0,125.0,0.0,114.0,82.0,10359.0,2785.0
C81046,WEST HALLAM MEDICAL CTR,U,Unallocated,15M,E38000261,0.0,0.0,18.0,0.0,12.0,1.0,96.0,0.0,79.0,51.0,3333.0,1323.0
C81047,ALVASTON MEDICAL CENTRE,U47223,DERBY CITY SOUTH PCN,15M,E38000261,0.0,0.0,66.0,9.0,23.0,1.0,196.0,0.0,169.0,97.0,9583.0,3176.0
C81048,APPLETREE MEDICAL PRACTICE,U61321,BELPER PCN,15M,E38000261,0.0,0.0,46.0,7.0,24.0,4.0,137.0,3.0,64.0,54.0,7971.0,3059.0
C81049,KELVINGROVE MEDICAL CENTRE,U72812,ALFRETON RIPLEY CRICH & HEANOR PCN,15M,E38000261,0.0,0.0,29.0,10.0,6.0,1.0,75.0,3.0,39.0,29.0,7792.0,1944.0
C81050,THE VILLAGE SURGERY,U17168,SOUTH HARDWICK PCN,15M,E38000261,1.0,0.0,28.0,8.0,12.0,7.0,105.0,0.0,92.0,85.0,7654.0,1984.0
C81051,THE PARK MEDICAL PRACTICE,U60843,OAKDALE PARK PCN,15M,E38000261,0.0,1.0,129.0,5.0,47.0,8.0,202.0,3.0,144.0,119.0,21671.0,4832.0
C81052,ROYAL PRIMARY CARE BROOKLYN,U72812,ALFRETON RIPLEY CRICH & HEANOR PCN,15M,E38000261,0.0,0.0,21.0,3.0,10.0,0.0,92.0,0.0,87.0,60.0,5508.0,1514.0
C81053,PARKSIDE SURGERY,U72812,ALFRETON RIPLEY CRICH & HEANOR PCN,15M,E38000261,0.0,0.0,49.0,2.0,20.0,9.0,74.0,0.0,62.0,51.0,8675.0,2266.0
C81054,HOLLYBROOK MEDICAL CENTRE,U47223,DERBY CITY SOUTH PCN,15M,E38000261,0.0,0.0,122.0,17.0,40.0,13.0,350.0,3.0,277.0,242.0,30472.0,5076.0
C81055,NORTH WINGFIELD MEDICAL CENTRE,U17168,SOUTH HARDWICK PCN,15M,E38000261,0.0,0.0,13.0,0.0,5.0,6.0,47.0,0.0,39.0,33.0,3994.0,1041.0
C81056,CLAY CROSS MEDICAL CENTRE,U17168,SOUTH HARDWICK PCN,15M,E38000261,0.0,0.0,11.0,2.0,2.0,6.0,55.0,0.0,28.0,18.0,5156.0,1582.0
C81057,WILLINGTON SURGERY,U47223,DERBY CITY SOUTH PCN,15M,E38000261,0.0,0.0,65.0,14.0,16.0,2.0,72.0,0.0,48.0,37.0,7943.0,2697.0
C81058,THE BRIMINGTON SURGERY,U,Unallocated,15M,E38000261,0.0,0.0,23.0,6.0,8.0,3.0,103.0,1.0,94.0,79.0,6963.0,1941.0
C81059,RIPLEY MEDICAL CENTRE,U72812,ALFRETON RIPLEY CRICH & HEANOR PCN,15M,E38000261,0.0,0.0,34.0,7.0,10.0,2.0,60.0,4.0,49.0,40.0,4690.0,1312.0
C81060,WOODVILLE SURGERY,U90656,SWADLINCOTE PCN,15M,E38000261,0.0,0.0,14.0,1.0,7.0,1.0,70.0,1.0,46.0,41.0,8921.0,2001.0
C81061,LITTLEWICK MEDICAL CENTRE,U,Unallocated,15M,E38000261,0.0,0.0,78.0,9.0,28.0,5.0,189.0,1.0,145.0,83.0,13829.0,3740.0
C81062,HANNAGE BROOK MEDICAL CENTRE,U63258,DERBYSHIRE DALES PCN,15M,E38000261,0.0,0.0,45.0,9.0,22.0,1.0,68.0,2.0,45.0,40.0,6176.0,2619.0
C81063,THORNBROOK SURGERY,U28405,HIGH PEAK & BUXTON PCN,15M,E38000261,0.0,0.0,12.0,1.0,0.0,3.0,93.0,0.0,68.0,31.0,6955.0,2530.0
C81064,PARK FARM MEDICAL CENTRE,U53999,GREATER DERBY PCN,15M,E38000261,0.0,0.0,43.0,5.0,17.0,6.0,233.0,0.0,202.0,120.0,9780.0,2966.0
C81065,BUXTON MEDICAL PRACTICE,U28405,HIGH PEAK & BUXTON PCN,15M,E38000261,0.0,0.0,13.0,2.0,0.0,2.0,53.0,2.0,23.0,11.0,7096.0,1862.0
C81066,OVERDALE MEDICAL PRACTICE,U60843,OAKDALE PARK PCN,15M,E38000261,0.0,0.0,57.0,2.0,25.0,2.0,93.0,0.0,55.0,41.0,9054.0,2969.0
C81067,CHATSWORTH ROAD MEDICAL CENTRE,U,Unallocated,15M,E38000261,0.0,0.0,42.0,1.0,25.0,1.0,104.0,0.0,88.0,51.0,6761.0,3153.0
C81068,CHAPEL STREET MEDICAL CENTRE,U53999,GREATER DERBY PCN,15M,E38000261,0.0,0.0,36.0,6.0,19.0,1.0,105.0,0.0,66.0,42.0,9698.0,2500.0
C81069,RIVERSDALE SURGERY,U61321,BELPER PCN,15M,E38000261,0.0,0.0,113.0,46.0,33.0,5.0,199.0,8.0,131.0,106.0,10152.0,3508.0
C81070,OAKHILL MEDICAL PRACTICE,U,Unallocated,15M,E38000261,0.0,0.0,22.0,0.0,10.0,1.0,36.0,0.0,27.0,19.0,2562.0,1253.0
C81071,OSMASTON SURGERY,U60509,DERBY CITY NORTH PCN,15M,E38000261,0.0,0.0,36.0,9.0,8.0,4.0,86.0,0.0,41.0,28.0,10311.0,1706.0
C81072,LISTER HOUSE SURGERY,U06438,PCCO PCN,15M,E38000261,0.0,0.0,52.0,16.0,20.0,13.0,156.0,3.0,132.0,101.0,25926.0,2876.0
C81073,MACKLIN STREET SURGERY,U53999,GREATER DERBY PCN,15M,E38000261,0.0,0.0,23.0,2.0,6.0,3.0,123.0,0.0,88.0,69.0,10954.0,1905.0
C81074,ELMWOOD MEDICAL CENTRE,U,Unallocated,15M,E38000261,0.0,0.0,8.0,0.0,0.0,0.0,26.0,0.0,18.0,10.0,3647.0,1101.0
C81075,HENMORE HEALTH - BRAILSFORD SURGERY,U,Unallocated,15M,E38000261,0.0,0.0,20.0,1.0,7.0,1.0,48.0,0.0,21.0,19.0,3737.0,1519.0
C81080,GOYT VALLEY MEDICAL PRACTICE,U28405,HIGH PEAK & BUXTON PCN,15M,E38000261,0.0,0.0,5.0,0.0,1.0,2.0,76.0,0.0,58.0,46.0,5897.0,2168.0
C81081,MANOR HOUSE SURGERY,U60978,GLOSSOP PCN,15M,E38000261,0.0,0.0,84.0,2.0,30.0,8.0,186.0,0.0,157.0,94.0,15653.0,4512.0
C81082,HARTINGTON SURGERY,U28405,HIGH PEAK & BUXTON PCN,15M,E38000261,0.0,0.0,0.0,0.0,0.0,1.0,19.0,0.0,16.0,13.0,2456.0,1041.0
C81083,WEST PARK SURGERY,U,Unallocated,15M,E38000261,0.0,0.0,52.0,6.0,17.0,3.0,140.0,2.0,120.0,107.0,13709.0,3120.0
C81084,INSPIRE HEALTH - AVENUE HOUSE SURGERY,U,Unallocated,15M,E38000261,0.0,0.0,97.0,16.0,36.0,11.0,216.0,1.0,186.0,126.0,15871.0,4444.0
C81086,HENMORE HEALTH - ASHBOURNE SURGERY,U,Unallocated,15M,E38000261,0.0,0.0,24.0,1.0,5.0,4.0,95.0,6.0,54.0,49.0,5891.0,2131.0
C81089,STUBLEY MEDICAL CENTRE,U,Unallocated,15M,E38000261,0.0,0.0,47.0,0.0,22.0,0.0,75.0,0.0,64.0,38.0,4361.0,1700.0
C81091,KILLAMARSH MEDICAL PRACTICE,U67865,NORTH EAST DERBYSHIRE PCN,15M,E38000261,0.0,0.0,65.0,1.0,17.0,2.0,86.0,2.0,75.0,50.0,6340.0,2109.0
C81092,EVELYN MEDICAL CENTRE,U63258,DERBYSHIRE DALES PCN,15M,E38000261,0.0,0.0,8.0,0.0,0.0,2.0,50.0,1.0,43.0,17.0,3792.0,1867.0
C81094,CRICH MEDICAL PRACTICE,U72812,ALFRETON RIPLEY CRICH & HEANOR PCN,15M,E38000261,0.0,0.0,37.0,3.0,15.0,2.0,88.0,0.0,18.0,15.0,5773.0,2462.0
C81095,EMMETT CARR SURGERY,U05048,NORTH HARDWICK AND BOLSOVER PCN,15M,E38000261,0.0,0.0,14.0,9.0,7.0,1.0,23.0,0.0,19.0,18.0,3913.0,943.0
C81096,CRAG'S HEALTH CARE,U05048,NORTH HARDWICK AND BOLSOVER PCN,15M,E38000261,0.0,0.0,20.0,5.0,4.0,5.0,27.0,0.0,27.0,22.0,4406.0,1313.0
C81097,COLLEGE STREET MEDICAL PRACTICE,U,Unallocated,15M,E38000261,0.0,0.0,21.0,3.0,9.0,1.0,47.0,0.0,18.0,16.0,4683.0,1100.0
C81099,LIMES MEDICAL CENTRE,U17168,SOUTH HARDWICK PCN,15M,E38000261,0.0,0.0,47.0,2.0,20.0,7.0,108.0,2.0,78.0,55.0,8049.0,2476.0
C81101,LIME GROVE MEDICAL CENTRE,U63258,DERBYSHIRE DALES PCN,15M,E38000261,0.0,0.0,37.0,1.0,14.0,3.0,75.0,0.0,65.0,47.0,6148.0,2161.0
C81106,LAMBGATES HEALTH CENTRE,U60978,GLOSSOP PCN,15M,E38000261,0.0,0.0,42.0,0.0,21.0,0.0,57.0,1.0,46.0,13.0,6025.0,1413.0
C81108,MELBOURNE & CHELLASTON MEDICAL PRACTICE,U47223,DERBY CITY SOUTH PCN,15M,E38000261,0.0,0.0,42.0,8.0,19.0,1.0,151.0,2.0,110.0,60.0,12175.0,3312.0
C81110,WELLBROOK MEDICAL CENTRE,U47223,DERBY CITY SOUTH PCN,15M,E38000261,0.0,0.0,35.0,1.0,13.0,4.0,110.0,1.0,86.0,75.0,10242.0,1955.0
C81113,MICKLEOVER SURGERY,U53999,GREATER DERBY PCN,15M,E38000261,0.0,1.0,19.0,2.0,4.0,3.0,52.0,0.0,51.0,49.0,5108.0,1398.0
C81114,GRESLEYDALE HEALTHCARE CENTRE,U90656,SWADLINCOTE PCN,15M,E38000261,0.0,0.0,51.0,0.0,23.0,2.0,89.0,0.0,76.0,63.0,11992.0,2095.0
C81115,GLADSTONE HOUSE SURGERY,U,Unallocated,15M,E38000261,0.0,0.0,24.0,5.0,7.0,1.0,73.0,3.0,50.0,18.0,3760.0,1206.0
C81118,DERBY FAMILY MEDICAL CENTRE,U53999,GREATER DERBY PCN,15M,E38000261,0.0,0.0,11.0,0.0,4.0,3.0,74.0,0.0,60.0,25.0,7510.0,932.0
C81604,EDEN SURGERY,U,Unallocated,15M,E38000261,0.0,0.0,36.0,3.0,7.0,0.0,31.0,0.0,23.0,17.0,4194.0,867.0
C81611,MATLOCK AND ASHOVER PRACTICE,U63258,DERBYSHIRE DALES PCN,15M,E38000261,0.0,0.0,65.0,8.0,27.0,7.0,116.0,4.0,73.0,63.0,6658.0,3141.0
C81615,COTTAGE LANE SURGERY,U60978,GLOSSOP PCN,15M,E38000261,0.0,0.0,15.0,0.0,0.0,2.0,35.0,0.0,25.0,17.0,1933.0,386.0
C81616,PEARTREE MEDICAL CENTRE,U53999,GREATER DERBY PCN,15M,E38000261,0.0,0.0,2.0,1.0,1.0,2.0,33.0,0.0,29.0,9.0,4813.0,566.0
C81634,ARDEN HOUSE MEDICAL PRACTICE,U28405,HIGH PEAK & BUXTON PCN,15M,E38000261,0.0,0.0,21.0,2.0,0.0,1.0,28.0,0.0,24.0,16.0,3700.0,948.0
C81638,CASTLE STREET MEDICAL CENTRE,U05048,NORTH HARDWICK AND BOLSOVER PCN,15M,E38000261,0.0,0.0,6.0,1.0,4.0,2.0,23.0,3.0,11.0,8.0,3269.0,766.0
C81640,SIMMONDLEY MEDICAL PRACTICE,U60978,GLOSSOP PCN,15M,E38000261,0.0,0.0,15.0,0.0,5.0,1.0,30.0,0.0,26.0,11.0,2836.0,851.0
C81647,ST LAWRENCE ROAD SURGERY,U17168,SOUTH HARDWICK PCN,15M,E38000261,0.0,0.0,32.0,15.0,6.0,2.0,39.0,1.0,35.0,25.0,2999.0,1100.0
C81649,CALOW AND BRIMINGTON PRACTICE,U,Unallocated,15M,E38000261,0.0,0.0,28.0,2.0,7.0,7.0,51.0,0.0,40.0,30.0,6322.0,1732.0
C81652,DERWENT MEDICAL CENTRE,U60509,DERBY CITY NORTH PCN,15M,E38000261,0.0,0.0,7.0,1.0,0.0,1.0,22.0,0.0,16.0,11.0,4196.0,698.0
C81653,BROOK MEDICAL CENTRE,U53999,GREATER DERBY PCN,15M,E38000261,0.0,0.0,5.0,1.0,2.0,3.0,17.0,0.0,13.0,12.0,3913.0,629.0
C81655,FAMILY FRIENDLY SURGERY,U05048,NORTH HARDWICK AND BOLSOVER PCN,15M,E38000261,0.0,0.0,8.0,2.0,2.0,1.0,41.0,0.0,36.0,34.0,2748.0,979.0
C81658,WINGERWORTH MEDICAL CENTRE,U17168,SOUTH HARDWICK PCN,15M,E38000261,0.0,0.0,30.0,8.0,13.0,3.0,70.0,0.0,46.0,29.0,5975.0,2064.0
C81662,BARLBOROUGH MEDICAL PRACTICE,U67865,NORTH EAST DERBYSHIRE PCN,15M,E38000261,0.0,0.0,20.0,3.0,7.0,3.0,87.0,0.0,79.0,65.0,6781.0,1768.0
C82001,SOUTH LEICESTERSHIRE MEDICAL GROUP,U30213,CROSS COUNTIES PCN,03W,E38000051,0.0,0.0,107.0,9.0,2.0,1.0,192.0,0.0,136.0,109.0,19668.0,6092.0
C82002,COUNTESTHORPE HEALTH CENTRE,U71931,SOUTH BLABY & LUTTERWORTH PCN,03W,E38000051,0.0,0.0,51.0,1.0,0.0,2.0,73.0,1.0,60.0,53.0,8164.0,2720.0
C82003,GREENGATE MEDICAL CENTRE,U63948,WATERMEAD PCN,04V,E38000201,0.0,0.0,51.0,2.0,13.0,0.0,117.0,0.0,66.0,58.0,8923.0,2624.0
C82005,GROBY ROAD MEDICAL CENTRE (ID PATCHETT),U87499,G3 PCN,04C,E38000097,0.0,0.0,26.0,0.0,0.0,3.0,67.0,0.0,58.0,44.0,9353.0,1514.0
C82007,CASTLE DONINGTON SURGERY,U42007,NORTH WEST LEICESTERSHIRE PCN,04V,E38000201,0.0,0.0,27.0,0.0,11.0,6.0,109.0,4.0,80.0,69.0,8299.0,2402.0
C82008,OAKMEADOW SURGERY (GJ INGRAMS),U48026,LEICESTER CITY & UNIVERSITY PCN,04C,E38000097,0.0,0.0,29.0,0.0,0.0,5.0,56.0,0.0,46.0,25.0,7002.0,1346.0
C82009,MARKET HARBOROUGH MED.CTR,U50165,MARKET HARBOROUGH & BOSWORTH PCN,03W,E38000051,0.0,1.0,149.0,4.0,2.0,15.0,355.0,5.0,337.0,245.0,22565.0,6887.0
C82010,OAKHAM MEDICAL PRACTICE,U67590,RUTLAND HEALTH PCN,03W,E38000051,0.0,0.0,114.0,71.0,5.0,4.0,199.0,0.0,156.0,143.0,10807.0,4156.0
C82011,PINFOLD MEDICAL PRACTICE,U76772,CARILLON PCN,04V,E38000201,0.0,1.0,26.0,1.0,0.0,2.0,67.0,1.0,26.0,17.0,10475.0,2129.0
C82012,IBSTOCK & BARLESTONE SURGERIES,U42007,NORTH WEST LEICESTERSHIRE PCN,04V,E38000201,0.0,0.0,72.0,5.0,16.0,3.0,76.0,0.0,70.0,48.0,9607.0,2468.0
C82013,BUSHLOE SURGERY,U09521,OADBY & WIGSTON PCN,03W,E38000051,0.0,0.0,49.0,1.0,3.0,7.0,137.0,0.0,123.0,93.0,10429.0,2991.0
C82014,CASTLE MEDICAL GROUP,U42007,NORTH WEST LEICESTERSHIRE PCN,04V,E38000201,0.0,0.0,75.0,4.0,3.0,3.0,140.0,0.0,119.0,110.0,13999.0,4128.0
C82016,LONG CLAWSON MEDICAL PRACTICE,U25294,"MELTON, SYSTON AND VALE PCN",03W,E38000051,0.0,0.0,40.0,1.0,2.0,1.0,95.0,0.0,59.0,36.0,8119.0,2892.0
C82017,MEASHAM MEDICAL UNIT,U42007,NORTH WEST LEICESTERSHIRE PCN,04V,E38000201,0.0,0.0,86.0,10.0,2.0,1.0,98.0,0.0,75.0,43.0,12280.0,3711.0
C82018,MANOR PARK MEDICAL PRACTICE,U08206,ACROSS LEICESTER PCN,04C,E38000097,0.0,0.0,41.0,1.0,3.0,1.0,91.0,3.0,82.0,82.0,11636.0,2369.0
C82019,STURDEE ROAD HEALTH AND WELLBEING CENTRE,U,Unallocated,04C,E38000097,0.0,0.0,9.0,1.0,0.0,0.0,27.0,0.0,18.0,16.0,4906.0,952.0
C82020,DE MONTFORT SURGERY,U00147,WILLOWS HEALTH PCN,04C,E38000097,0.0,0.0,13.0,0.0,0.0,5.0,36.0,0.0,35.0,29.0,20128.0,380.0
C82021,THE CENTRAL SURGERY,U09521,OADBY & WIGSTON PCN,03W,E38000051,0.0,0.0,32.0,0.0,0.0,1.0,93.0,0.0,65.0,63.0,5650.0,1583.0
C82022,THE BILLESDON SURGERY,U30213,CROSS COUNTIES PCN,03W,E38000051,0.0,0.0,21.0,1.0,3.0,6.0,64.0,0.0,66.0,42.0,5304.0,2060.0
C82024,SPINNEY HILL MEDICAL CENTRE,U64426,BELGRAVE & SPINNEY HILL PCN,04C,E38000097,0.0,0.0,121.0,5.0,0.0,5.0,122.0,0.0,118.0,79.0,16655.0,3320.0
C82025,THE WYCLIFFE MEDICAL PRACTICE,U71931,SOUTH BLABY & LUTTERWORTH PCN,03W,E38000051,0.0,0.0,75.0,0.0,3.0,1.0,99.0,0.0,61.0,41.0,7955.0,2787.0
C82026,BRIDGE STREET MEDICAL PRACTICE,U76772,CARILLON PCN,04V,E38000201,1.0,0.0,74.0,40.0,2.0,5.0,92.0,0.0,71.0,60.0,6528.0,1742.0
C82027,THE OLD SCHOOL SURGERY,U,Unallocated,04V,E38000201,0.0,0.0,33.0,4.0,1.0,1.0,71.0,0.0,68.0,66.0,5714.0,1738.0
C82028,MARKFIELD MEDICAL CENTRE,U42007,NORTH WEST LEICESTERSHIRE PCN,04V,E38000201,0.0,0.0,39.0,2.0,9.0,1.0,78.0,0.0,71.0,30.0,5201.0,2112.0
C82030,DOWNING DRIVE SURGERY,U73005,SALUTEM PCN,04C,E38000097,0.0,0.0,37.0,1.0,2.0,0.0,93.0,1.0,73.0,46.0,5012.0,1839.0
C82031,JOHNSON MEDICAL PRACTICE,U73005,SALUTEM PCN,04C,E38000097,1.0,0.0,984.0,970.0,2.0,3.0,63.0,1.0,46.0,38.0,13270.0,1628.0
C82032,THE ANSTEY SURGERY,U33192,SOAR VALLEY PCN,04V,E38000201,0.0,0.0,31.0,1.0,0.0,4.0,56.0,0.0,28.0,22.0,5628.0,1715.0
C82033,HUMBERSTONE MEDICAL CENTRE (IP JONES),U73005,SALUTEM PCN,04C,E38000097,0.0,0.0,32.0,0.0,0.0,3.0,84.0,0.0,68.0,56.0,9889.0,1591.0
C82034,QUORN MEDICAL CENTRE,U33192,SOAR VALLEY PCN,04V,E38000201,0.0,0.0,21.0,0.0,4.0,0.0,108.0,0.0,57.0,45.0,7337.0,2329.0
C82035,PARK VIEW SURGERY,U76772,CARILLON PCN,04V,E38000201,0.0,0.0,13.0,0.0,0.0,6.0,72.0,0.0,58.0,35.0,6418.0,1504.0
C82037,EAST PARK MEDICAL CENTRE (RP PANDYA),U64426,BELGRAVE & SPINNEY HILL PCN,04C,E38000097,0.0,1.0,148.0,0.0,3.0,1.0,77.0,0.0,57.0,50.0,8223.0,2139.0
C82038,LATHAM HOUSE MEDICAL PRACTICE,U25294,"MELTON, SYSTON AND VALE PCN",03W,E38000051,0.0,0.0,148.0,5.0,5.0,6.0,325.0,0.0,278.0,226.0,28702.0,8603.0
C82039,KINGSWAY SURGERY,U12169,NORTH BLABY PCN,03W,E38000051,0.0,0.0,40.0,0.0,4.0,1.0,53.0,0.0,46.0,45.0,9250.0,1845.0
C82040,ORCHARD SURGERY,U12563,RUSHCLIFFE PCN,52R,E38000243,0.0,0.0,21.0,3.0,2.0,0.0,62.0,5.0,43.0,37.0,7307.0,1908.0
C82041,CHARNWOOD MEDICAL GROUP,U51667,BEACON (CHARNWOOD) PCN,04V,E38000201,0.0,0.0,54.0,2.0,10.0,2.0,68.0,1.0,56.0,31.0,10691.0,2434.0
C82042,THE COUNTY PRACTICE,U25294,"MELTON, SYSTON AND VALE PCN",03W,E38000051,0.0,0.0,49.0,0.0,6.0,4.0,116.0,4.0,94.0,58.0,9544.0,3275.0
C82043,STATION VIEW HEALTH CENTRE,U,Unallocated,04V,E38000201,0.0,0.0,11.0,0.0,3.0,5.0,93.0,0.0,67.0,31.0,8313.0,2631.0
C82044,EMPINGHAM MEDICAL CENTRE,U67590,RUTLAND HEALTH PCN,03W,E38000051,0.0,0.0,59.0,2.0,1.0,1.0,93.0,0.0,81.0,49.0,6805.0,2641.0
C82045,WHITWICK ROAD SURGERY,U42007,NORTH WEST LEICESTERSHIRE PCN,04V,E38000201,0.0,0.0,12.0,2.0,1.0,3.0,51.0,0.0,33.0,22.0,7184.0,1430.0
C82046,SAFFRON GROUP PRACTICE,U,Unallocated,04C,E38000097,0.0,0.0,67.0,3.0,2.0,4.0,79.0,0.0,33.0,30.0,14824.0,2349.0
C82047,MAPLES FAMILY MED.PRACT.,U,Unallocated,04V,E38000201,0.0,0.0,31.0,7.0,2.0,2.0,76.0,0.0,32.0,30.0,8425.0,2231.0
C82048,ROSEMEAD DRIVE SURGERY,U09521,OADBY & WIGSTON PCN,03W,E38000051,0.0,0.0,25.0,1.0,0.0,2.0,50.0,0.0,49.0,34.0,4046.0,1318.0
C82050,LONG LANE SURGERY,U42007,NORTH WEST LEICESTERSHIRE PCN,04V,E38000201,0.0,0.0,57.0,3.0,11.0,3.0,117.0,0.0,73.0,40.0,11073.0,2876.0
C82051,NEWBOLD VERDON MED.PRACT.,U,Unallocated,04V,E38000201,0.0,0.0,75.0,1.0,0.0,0.0,133.0,20.0,72.0,65.0,8735.0,3217.0
C82052,DR AM LEWIS' PRACTICE,U42007,NORTH WEST LEICESTERSHIRE PCN,04V,E38000201,0.0,0.0,16.0,2.0,0.0,0.0,28.0,1.0,25.0,20.0,2704.0,1012.0
C82053,HOCKLEY FARM MED PRACT (A NANA),U48026,LEICESTER CITY & UNIVERSITY PCN,04C,E38000097,0.0,0.0,36.0,0.0,0.0,7.0,63.0,0.0,51.0,38.0,9460.0,1494.0
C82054,THE BURBAGE SURGERY,U,Unallocated,04V,E38000201,0.0,0.0,56.0,2.0,4.0,2.0,143.0,0.0,114.0,103.0,9438.0,3010.0
C82055,THE LIMES MEDICAL CENTRE,U12169,NORTH BLABY PCN,03W,E38000051,0.0,0.0,86.0,1.0,1.0,3.0,121.0,0.0,103.0,97.0,10978.0,3384.0
C82056,THE GLENFIELD SURGERY,U87499,G3 PCN,03W,E38000051,0.0,0.0,54.0,0.0,0.0,3.0,103.0,0.0,87.0,51.0,10657.0,3409.0
C82059,WESTCOTES GP SURGERY (ONE),U36231,ORION PCN,04C,E38000097,0.0,0.0,1.0,0.0,0.0,0.0,4.0,0.0,2.0,*,1719.0,169.0
C82060,THE PRACTICE-SAYEED,U00147,WILLOWS HEALTH PCN,04C,E38000097,0.0,0.0,8.0,0.0,0.0,0.0,8.0,0.0,7.0,6.0,3717.0,365.0
C82061,BARWELL & HOLLYCROFT MEDICAL CENTRES,U,Unallocated,04V,E38000201,0.0,0.0,91.0,10.0,0.0,3.0,115.0,0.0,70.0,53.0,12947.0,2617.0
C82062,BARROW HEALTH CENTRE,U33192,SOAR VALLEY PCN,04V,E38000201,0.0,0.0,31.0,0.0,0.0,1.0,68.0,3.0,45.0,29.0,6785.0,2253.0
C82063,EAST LEICESTER MED PRACT(S LONGWORTH),U73005,SALUTEM PCN,04C,E38000097,0.0,0.0,32.0,1.0,1.0,1.0,63.0,0.0,44.0,14.0,10621.0,1564.0
C82064,FOREST HOUSE SURGERY,U51667,BEACON (CHARNWOOD) PCN,04V,E38000201,0.0,0.0,29.0,1.0,0.0,6.0,153.0,0.0,121.0,108.0,9342.0,2892.0
C82066,FOREST MEDICAL GROUP,U12169,NORTH BLABY PCN,03W,E38000051,0.0,0.0,80.0,14.0,8.0,9.0,215.0,0.0,131.0,59.0,14182.0,3361.0
C82067,THE CROFT MEDICAL CENTRE,U09521,OADBY & WIGSTON PCN,03W,E38000051,0.0,0.0,38.0,2.0,0.0,0.0,67.0,1.0,41.0,25.0,6716.0,1994.0
C82068,NORTHFIELD MEDICAL CENTRE,U71931,SOUTH BLABY & LUTTERWORTH PCN,03W,E38000051,0.0,0.0,74.0,0.0,0.0,0.0,123.0,1.0,86.0,70.0,9253.0,3127.0
C82070,WOODBROOK MEDICAL CENTRE,U76772,CARILLON PCN,04V,E38000201,0.0,0.0,37.0,1.0,0.0,2.0,75.0,0.0,66.0,51.0,8360.0,1884.0
C82071,WIGSTON CENTRAL SURGERY,U09521,OADBY & WIGSTON PCN,03W,E38000051,0.0,0.0,58.0,0.0,0.0,3.0,128.0,0.0,89.0,73.0,11376.0,2999.0
C82072,BROOM LEYS SURGERY,U42007,NORTH WEST LEICESTERSHIRE PCN,04V,E38000201,0.0,0.0,32.0,3.0,1.0,1.0,64.0,0.0,61.0,56.0,7027.0,1716.0
C82073,MERRIDALE MEDICAL CENTRE (RP TEW),U87332,CITY CARE ALLIANCE PCN,04C,E38000097,0.0,0.0,32.0,2.0,0.0,4.0,56.0,0.0,32.0,12.0,12388.0,1684.0
C82075,CASTLE MEAD MEDICAL CENTRE,U,Unallocated,04V,E38000201,0.0,0.0,58.0,1.0,0.0,2.0,81.0,0.0,64.0,62.0,8379.0,2623.0
C82076,THE WELBY PRACTICE,U,Unallocated,71E,E38000238,0.0,0.0,38.0,9.0,12.0,2.0,66.0,1.0,30.0,25.0,4848.0,1993.0
C82077,THE UPPINGHAM SURGERY,U67590,RUTLAND HEALTH PCN,03W,E38000051,0.0,0.0,100.0,3.0,8.0,3.0,87.0,0.0,65.0,62.0,9146.0,3532.0
C82078,THE JUBILEE MEDICAL PRACTICE,U25294,"MELTON, SYSTON AND VALE PCN",03W,E38000051,0.0,0.0,65.0,12.0,4.0,4.0,103.0,1.0,71.0,63.0,9076.0,2803.0
C82079,SOUTH WIGSTON HEALTH CTR.,U09521,OADBY & WIGSTON PCN,03W,E38000051,0.0,0.0,27.0,1.0,0.0,2.0,74.0,0.0,66.0,29.0,5525.0,1347.0
C82080,SHEFA MEDICAL PRACTICE,U77315,LEICESTER CENTRAL PCN,04C,E38000097,0.0,0.0,18.0,0.0,1.0,2.0,21.0,0.0,23.0,20.0,4132.0,542.0
C82082,THE CENTRE SURGERY,U,Unallocated,04V,E38000201,0.0,0.0,24.0,0.0,1.0,1.0,46.0,0.0,38.0,35.0,4377.0,1181.0
C82084,DR B MODI,U64426,BELGRAVE & SPINNEY HILL PCN,04C,E38000097,0.0,0.0,32.0,8.0,2.0,0.0,12.0,0.0,9.0,5.0,3289.0,521.0
C82086,FOSSE MEDICAL CENTRE (DR H MUKADAM),U08206,ACROSS LEICESTER PCN,04C,E38000097,0.0,0.0,23.0,1.0,1.0,0.0,26.0,0.0,25.0,21.0,9176.0,1043.0
C82088,HORIZON HEALTHCARE,U,Unallocated,04C,E38000097,0.0,0.0,26.0,0.0,0.0,7.0,28.0,0.0,31.0,25.0,8803.0,1615.0
C82091,BIRSTALL MEDICAL CENTRE,U63948,WATERMEAD PCN,04V,E38000201,0.0,0.0,47.0,1.0,3.0,4.0,92.0,0.0,66.0,24.0,8585.0,1462.0
C82092,AYLESTONE HEALTH CENTRE,U36231,ORION PCN,04C,E38000097,0.0,0.0,32.0,0.0,1.0,1.0,13.0,1.0,11.0,10.0,4081.0,682.0
C82093,THE ORCHARD MED PRACTICE,U,Unallocated,04V,E38000201,0.0,0.0,48.0,1.0,21.0,2.0,83.0,0.0,48.0,30.0,9935.0,2687.0
C82094,BEAUMONT LODGE MEDICAL PRACTICE,U08206,ACROSS LEICESTER PCN,04C,E38000097,0.0,0.0,32.0,1.0,0.0,0.0,25.0,0.0,19.0,16.0,5844.0,950.0
C82095,ALPINE HOUSE SURGERY,U33192,SOAR VALLEY PCN,04V,E38000201,0.0,0.0,28.0,2.0,2.0,1.0,115.0,0.0,85.0,63.0,7086.0,1972.0
C82096,HUGGLESCOTE SURGERY,U42007,NORTH WEST LEICESTERSHIRE PCN,04V,E38000201,0.0,0.0,21.0,1.0,2.0,4.0,43.0,0.0,39.0,23.0,8696.0,1525.0
C82097,CHARNWOOD SURGERY,U33192,SOAR VALLEY PCN,04V,E38000201,0.0,0.0,2.0,0.0,0.0,2.0,11.0,0.0,9.0,8.0,2565.0,486.0
C82098,HAZELMERE MEDICAL CENTRE,U71931,SOUTH BLABY & LUTTERWORTH PCN,03W,E38000051,0.0,0.0,52.0,0.0,5.0,2.0,76.0,0.0,55.0,38.0,5589.0,1651.0
C82099,AL-WAQAS MEDICAL CENTRE,U,Unallocated,04C,E38000097,0.0,0.0,8.0,0.0,3.0,1.0,12.0,0.0,13.0,8.0,4042.0,572.0
C82100,THE HEDGES MEDICAL CENTRE (SA BAILEY),U,Unallocated,04C,E38000097,0.0,0.0,52.0,2.0,7.0,3.0,142.0,0.0,28.0,18.0,5367.0,1056.0
C82102,MANOR HOUSE SURGERY,U42007,NORTH WEST LEICESTERSHIRE PCN,04V,E38000201,0.0,0.0,9.0,0.0,0.0,0.0,22.0,0.0,15.0,14.0,3624.0,1182.0
C82103,DISHLEY GRANGE MEDICAL PRACTICE,U51667,BEACON (CHARNWOOD) PCN,04V,E38000201,0.0,0.0,13.0,1.0,1.0,3.0,43.0,0.0,28.0,19.0,5525.0,1308.0
C82107,COSSINGTON PARK SURGERY,U36231,ORION PCN,04C,E38000097,0.0,0.0,8.0,0.0,0.0,4.0,56.0,0.0,48.0,33.0,6684.0,1020.0
C82109,HUSBANDS BOSWORTH MEDICAL CENTRE,U50165,MARKET HARBOROUGH & BOSWORTH PCN,03W,E38000051,0.0,0.0,16.0,0.0,1.0,2.0,35.0,0.0,31.0,25.0,4041.0,1268.0
C82111,CAMPUS VIEW MEDICAL CENTRE,U76772,CARILLON PCN,04V,E38000201,0.0,0.0,10.0,0.0,0.0,1.0,35.0,1.0,28.0,18.0,16464.0,154.0
C82112,SEVERN SURGERY,U63948,WATERMEAD PCN,03W,E38000051,0.0,0.0,21.0,1.0,0.0,0.0,38.0,0.0,32.0,29.0,8244.0,1357.0
C82114,DR U K ROY,U87332,CITY CARE ALLIANCE PCN,04C,E38000097,0.0,0.0,5.0,0.0,0.0,0.0,4.0,0.0,4.0,*,2148.0,252.0
C82116,HIGHFIELDS SURGERY (R WADHWA),U08206,ACROSS LEICESTER PCN,04C,E38000097,0.0,0.0,12.0,3.0,1.0,2.0,18.0,0.0,18.0,18.0,4613.0,492.0
C82119,NARBOROUGH ROAD SURGERY,U,Unallocated,04C,E38000097,0.0,0.0,7.0,0.0,0.0,1.0,19.0,0.0,19.0,15.0,2891.0,402.0
C82120,WHITWICK HEALTH CENTRE,U42007,NORTH WEST LEICESTERSHIRE PCN,04V,E38000201,0.0,0.0,20.0,5.0,0.0,0.0,29.0,0.0,27.0,12.0,2942.0,1003.0
C82121,HEATH LANE SURGERY,U,Unallocated,04V,E38000201,0.0,0.0,45.0,0.0,0.0,3.0,151.0,0.0,122.0,115.0,11465.0,3379.0
C82124,VICTORIA PARK HEALTH CENTRE,U48026,LEICESTER CITY & UNIVERSITY PCN,04C,E38000097,0.0,0.0,38.0,7.0,2.0,1.0,25.0,0.0,19.0,19.0,23685.0,952.0
C82600,THE BANKS SURGERY,U33192,SOAR VALLEY PCN,04V,E38000201,0.0,0.0,10.0,0.0,7.0,1.0,32.0,0.0,25.0,18.0,5143.0,1091.0
C82610,THE PARKS MEDICAL CENTRE (B HAINSWORTH),U87332,CITY CARE ALLIANCE PCN,04C,E38000097,0.0,0.0,9.0,0.0,0.0,1.0,13.0,0.0,2.0,*,6173.0,646.0
C82611,THE MASHARANI PRACTICE,U71931,SOUTH BLABY & LUTTERWORTH PCN,03W,E38000051,0.0,0.0,32.0,0.0,12.0,3.0,66.0,0.0,49.0,38.0,5550.0,1432.0
C82614,SPIRIT PRIMARY CARE LIMITED-ASQUITH,U87332,CITY CARE ALLIANCE PCN,04C,E38000097,0.0,0.0,11.0,0.0,0.0,1.0,29.0,0.0,19.0,18.0,3582.0,708.0
C82620,DR S SHAFI,U36231,ORION PCN,04C,E38000097,0.0,0.0,3.0,0.0,0.0,0.0,6.0,0.0,0.0,*,2082.0,249.0
C82624,SPIRIT PRIMARY CARE LTD-BEAUMONT LEYS,U87332,CITY CARE ALLIANCE PCN,04C,E38000097,0.0,0.0,23.0,2.0,1.0,4.0,84.0,0.0,75.0,53.0,7598.0,696.0
C82627,SILVERDALE MEDICAL CENTRE,U63948,WATERMEAD PCN,04V,E38000201,0.0,0.0,33.0,3.0,1.0,2.0,68.0,0.0,22.0,15.0,6750.0,1480.0
C82628,GROBY SURGERY,U87499,G3 PCN,04V,E38000201,0.0,0.0,20.0,0.0,0.0,0.0,21.0,0.0,15.0,10.0,2667.0,864.0
C82631,ENDERBY MEDICAL CENTRE,U12169,NORTH BLABY PCN,03W,E38000051,0.0,0.0,21.0,0.0,0.0,3.0,31.0,1.0,27.0,21.0,6019.0,1055.0
C82634,RATBY MEDICAL CENTRE,U,Unallocated,04V,E38000201,0.0,0.0,32.0,7.0,10.0,2.0,31.0,0.0,25.0,13.0,5364.0,1075.0
C82639,WESTEND MEDICAL PRACTICE,U36231,ORION PCN,04C,E38000097,0.0,0.0,33.0,0.0,0.0,0.0,78.0,0.0,70.0,49.0,8632.0,1562.0
C82642,HIGHFIELDS MEDICAL CENTRE,U77315,LEICESTER CENTRAL PCN,04C,E38000097,0.0,0.0,30.0,0.0,0.0,1.0,41.0,0.0,36.0,34.0,8502.0,1084.0
C82643,COMMUNITY HEALTH CENTRE (ZS OSAMA),U77315,LEICESTER CENTRAL PCN,04C,E38000097,0.0,0.0,22.0,1.0,1.0,0.0,56.0,0.0,54.0,30.0,12995.0,1319.0
C82644,DR MK LAKHANI'S PRACTICE,U33192,SOAR VALLEY PCN,04V,E38000201,0.0,0.0,2.0,0.0,1.0,0.0,18.0,0.0,15.0,11.0,4286.0,790.0
C82649,MARKET OVERTON & SOMERBY SURGERIES,U67590,RUTLAND HEALTH PCN,03W,E38000051,0.0,0.0,24.0,10.0,0.0,1.0,34.0,0.0,28.0,25.0,4150.0,1640.0
C82650,DESFORD MEDICAL CENTRE,U,Unallocated,04V,E38000201,0.0,0.0,17.0,0.0,1.0,0.0,37.0,0.0,21.0,21.0,4308.0,1092.0
C82651,BROADHURST ST MED PRACT (KS MORJARIA),U64426,BELGRAVE & SPINNEY HILL PCN,04C,E38000097,0.0,0.0,579.0,0.0,0.0,1.0,11.0,0.0,12.0,12.0,3125.0,662.0
C82653,WESTCOTES GP SURGERY (TWO),U36231,ORION PCN,04C,E38000097,0.0,0.0,0.0,0.0,0.0,1.0,3.0,0.0,0.0,*,1924.0,126.0
C82656,FIELD STREET SURGERY,U51667,BEACON (CHARNWOOD) PCN,04V,E38000201,0.0,0.0,7.0,1.0,0.0,0.0,15.0,1.0,11.0,9.0,2533.0,573.0
C82659,DR R KAPUR & PARTNERS,U,Unallocated,04C,E38000097,0.0,0.0,5.0,0.0,0.0,0.0,6.0,0.0,6.0,6.0,2583.0,308.0
C82660,ST PETER'S MED CENTRE (MANSINGH & MEHRA),U,Unallocated,04C,E38000097,0.0,0.0,16.0,0.0,0.0,4.0,59.0,0.0,56.0,45.0,6527.0,943.0
C82662,WALNUT ST MED CTR,U,Unallocated,04C,E38000097,0.0,0.0,12.0,1.0,0.0,2.0,11.0,0.0,10.0,10.0,8261.0,408.0
C82667,THE CHARNWOOD PRACTICE,U64426,BELGRAVE & SPINNEY HILL PCN,04C,E38000097,0.0,0.0,11.0,0.0,0.0,1.0,39.0,0.0,38.0,32.0,7205.0,983.0
C82669,THE SURGERY @ AYLESTONE,U,Unallocated,04C,E38000097,0.0,0.0,3.0,0.0,0.0,1.0,14.0,0.0,10.0,5.0,3676.0,516.0
C82670,INCLUSION HEALTHCARE,U,Unallocated,04C,E38000097,0.0,0.0,1.0,1.0,0.0,1.0,1.0,0.0,0.0,*,752.0,20.0
C82671,BRANDON SURGERY DR R KAPUR & PARTNER,U,Unallocated,04C,E38000097,0.0,0.0,7.0,0.0,0.0,0.0,14.0,0.0,14.0,13.0,7513.0,782.0
C82676,ST ELIZABETH'S MEDICAL CENTRE (JA WOOD),U73005,SALUTEM PCN,04C,E38000097,0.0,0.0,28.0,2.0,0.0,2.0,93.0,0.0,56.0,35.0,6410.0,1093.0
C82678,THURMASTON HEALTH CENTRE,U63948,WATERMEAD PCN,04V,E38000201,0.0,1.0,22.0,0.0,8.0,1.0,54.0,1.0,47.0,29.0,4409.0,1120.0
C82680,SPIRIT PRIMARY CARE LTD-RUSHEY MEAD,U87332,CITY CARE ALLIANCE PCN,04C,E38000097,0.0,0.0,16.0,5.0,1.0,0.0,73.0,0.0,54.0,48.0,3885.0,864.0
C83001,HEART OF LINCOLN HEALTH GROUP,U38661,LINCOLN HEALTH PARTNERSHIP PCN,71E,E38000238,1.0,2.0,151.0,31.0,23.0,10.0,161.0,1.0,105.0,86.0,24222.0,3066.0
C83002,NAVENBY CLIFF VILLAGES SURGERY,U,Unallocated,71E,E38000238,0.0,0.0,50.0,7.0,3.0,2.0,106.0,0.0,20.0,10.0,6403.0,2306.0
C83003,BEECHFIELD MEDICAL CENTRE,U41693,SPALDING PCN,71E,E38000238,0.0,0.0,99.0,8.0,22.0,6.0,208.0,1.0,180.0,136.0,17294.0,3723.0
C83004,LIQUORPOND SURGERY,U75268,BOSTON PCN,71E,E38000238,0.0,0.0,72.0,2.0,25.0,5.0,128.0,0.0,98.0,71.0,9358.0,2200.0
C83005,SPILSBY SURGERY,U58435,FIRST COASTAL PCN,71E,E38000238,0.0,0.0,77.0,8.0,11.0,2.0,102.0,1.0,35.0,30.0,4947.0,2340.0
C83007,LAKESIDE HEALTHCARE STAMFORD,U52802,FOUR COUNTIES PCN,71E,E38000238,0.0,0.0,168.0,19.0,82.0,6.0,356.0,4.0,308.0,238.0,20113.0,6707.0
C83008,SWINGBRIDGE SURGERY,U,Unallocated,71E,E38000238,0.0,0.0,44.0,12.0,5.0,0.0,97.0,0.0,53.0,46.0,6558.0,1256.0
C83009,LINDUM MEDICAL PRACTICE,U,Unallocated,71E,E38000238,1.0,0.0,35.0,6.0,7.0,6.0,98.0,0.0,85.0,80.0,7018.0,1544.0
C83010,PARKSIDE MEDICAL CENTRE,U75268,BOSTON PCN,71E,E38000238,0.0,0.0,74.0,6.0,24.0,3.0,138.0,0.0,113.0,103.0,15593.0,3026.0
C83011,MILLVIEW MEDICAL CENTRE,U,Unallocated,71E,E38000238,0.0,0.0,84.0,15.0,4.0,6.0,169.0,10.0,155.0,139.0,9460.0,3092.0
C83013,RUSKINGTON SURGERY,U,Unallocated,71E,E38000238,0.0,1.0,72.0,11.0,6.0,2.0,92.0,1.0,86.0,69.0,5664.0,2273.0
C83014,BOULTHAM PARK MEDICAL PRACTICE,U17435,APEX PCN,71E,E38000238,0.0,0.0,83.0,28.0,21.0,0.0,99.0,0.0,62.0,41.0,8241.0,1982.0
C83015,SWINESHEAD SURGERY,U75268,BOSTON PCN,71E,E38000238,0.0,0.0,114.0,3.0,16.0,4.0,74.0,3.0,66.0,63.0,6132.0,2580.0
C83018,CLEVELAND SURGERY,U56215,TRENT CARE PCN,71E,E38000238,0.0,0.0,69.0,8.0,3.0,5.0,162.0,8.0,48.0,46.0,9628.0,2381.0
C83019,BEACON MEDICAL PRACTICE,U58435,FIRST COASTAL PCN,71E,E38000238,2.0,0.0,200.0,39.0,23.0,6.0,244.0,1.0,147.0,124.0,15535.0,6737.0
C83020,CAYTHORPE & ANCASTER MEDICAL PRACTICE,U,Unallocated,71E,E38000238,0.0,0.0,81.0,9.0,15.0,0.0,119.0,5.0,92.0,62.0,7361.0,2941.0
C83022,MUNRO MEDICAL CENTRE,U41693,SPALDING PCN,71E,E38000238,0.0,0.0,100.0,4.0,33.0,2.0,266.0,4.0,254.0,216.0,18243.0,4747.0
C83023,SLEAFORD MEDICAL GROUP,U,Unallocated,71E,E38000238,0.0,1.0,210.0,12.0,16.0,10.0,233.0,2.0,218.0,175.0,13220.0,4258.0
C83024,THE GLENSIDE COUNTRY PRACTICE,U,Unallocated,71E,E38000238,0.0,0.0,20.0,4.0,0.0,1.0,20.0,0.0,6.0,5.0,2677.0,1049.0
C83025,RICHMOND MEDICAL CENTRE,U17435,APEX PCN,71E,E38000238,0.0,0.0,150.0,26.0,31.0,5.0,163.0,2.0,129.0,91.0,14627.0,4217.0
C83026,THE DEEPINGS PRACTICE,U17012,SOUTH LINCOLNSHIRE RURAL PCN,71E,E38000238,1.0,0.0,131.0,17.0,44.0,5.0,231.0,2.0,164.0,160.0,16745.0,6459.0
C83027,HORNCASTLE MEDICAL GROUP,U,Unallocated,71E,E38000238,0.0,0.0,98.0,10.0,31.0,3.0,141.0,6.0,129.0,95.0,7155.0,3190.0
C83028,HOLBEACH MEDICAL CENTRE,U17012,SOUTH LINCOLNSHIRE RURAL PCN,71E,E38000238,0.0,0.0,42.0,1.0,11.0,3.0,107.0,1.0,53.0,51.0,5846.0,2053.0
C83029,BRANSTON & HEIGHINGTON FAMILY PRACTICE,U,Unallocated,71E,E38000238,0.0,0.0,24.0,1.0,1.0,1.0,41.0,0.0,24.0,20.0,3278.0,1039.0
C83030,BILLINGHAY MEDICAL PRACTICE,U,Unallocated,71E,E38000238,0.0,0.0,35.0,17.0,6.0,5.0,48.0,0.0,50.0,43.0,3804.0,1432.0
C83031,NETTLEHAM MEDICAL PRACTICE,U,Unallocated,71E,E38000238,0.0,0.0,134.0,13.0,20.0,5.0,155.0,0.0,100.0,98.0,8384.0,3768.0
C83032,MERTON LODGE SURGERY,U58435,FIRST COASTAL PCN,71E,E38000238,0.0,4.0,67.0,50.0,0.0,3.0,112.0,0.0,92.0,86.0,4436.0,2482.0
C83033,HIBALDSTOW MEDICAL PRACTICE,U56215,TRENT CARE PCN,71E,E38000238,0.0,0.0,45.0,10.0,0.0,1.0,29.0,0.0,21.0,21.0,2626.0,1141.0
C83035,HEREWARD MEDICAL CENTRE,U52802,FOUR COUNTIES PCN,71E,E38000238,0.0,0.0,68.0,12.0,10.0,4.0,161.0,0.0,113.0,100.0,9791.0,2851.0
C83036,GOSBERTON MEDICAL CENTRE,U17012,SOUTH LINCOLNSHIRE RURAL PCN,71E,E38000238,0.0,0.0,59.0,8.0,14.0,1.0,83.0,1.0,51.0,46.0,6010.0,2364.0
C83037,WELTON FAMILY HEALTH CENTRE,U,Unallocated,71E,E38000238,0.0,0.0,55.0,9.0,14.0,1.0,49.0,1.0,36.0,31.0,7499.0,2384.0
C83038,THE GLEBE PRACTICE,U56215,TRENT CARE PCN,71E,E38000238,6.0,0.0,38.0,2.0,0.0,6.0,100.0,1.0,99.0,84.0,5598.0,2411.0
C83039,MOULTON MEDICAL CENTRE,U17012,SOUTH LINCOLNSHIRE RURAL PCN,71E,E38000238,0.0,2.0,59.0,36.0,11.0,1.0,56.0,1.0,41.0,35.0,3831.0,1787.0
C83040,ST. PETERS HILL SURGERY,U,Unallocated,71E,E38000238,0.0,0.0,108.0,6.0,43.0,6.0,188.0,8.0,116.0,99.0,11158.0,3432.0
C83041,THE WOODLAND MEDICAL PRACTICE,U17435,APEX PCN,71E,E38000238,0.0,0.0,90.0,27.0,26.0,3.0,138.0,4.0,120.0,70.0,5720.0,1931.0
C83042,MARSH MEDICAL PRACTICE,U33832,MERIDIAN MEDICAL PCN,71E,E38000238,1.0,2.0,87.0,15.0,0.0,1.0,92.0,1.0,59.0,59.0,4612.0,2389.0
C83043,MARKET RASEN SURGERY,U,Unallocated,71E,E38000238,0.0,1.0,92.0,4.0,17.0,8.0,130.0,0.0,126.0,106.0,7470.0,3137.0
C83044,CASKGATE STREET SURGERY,U56215,TRENT CARE PCN,71E,E38000238,0.0,0.0,67.0,1.0,1.0,5.0,154.0,3.0,118.0,98.0,10120.0,2397.0
C83045,HAWTHORN MEDICAL PRACTICE,U58435,FIRST COASTAL PCN,71E,E38000238,2.0,0.0,130.0,12.0,55.0,4.0,157.0,0.0,107.0,89.0,11776.0,4906.0
C83046,THE HEATH SURGERY,U,Unallocated,71E,E38000238,0.0,0.0,30.0,3.0,7.0,0.0,45.0,1.0,37.0,32.0,4930.0,1191.0
C83048,ST. JOHNS MEDICAL CENTRE,U,Unallocated,71E,E38000238,0.0,1.0,61.0,25.0,12.0,8.0,129.0,5.0,106.0,92.0,10737.0,2482.0
C83049,DR SINHA & PARTNERS,U58435,FIRST COASTAL PCN,71E,E38000238,0.0,1.0,53.0,5.0,21.0,2.0,69.0,0.0,10.0,7.0,7360.0,2113.0
C83051,ABBEY MEDICAL PRACTICE,U,Unallocated,71E,E38000238,0.0,0.0,37.0,6.0,0.0,1.0,31.0,0.0,17.0,15.0,7938.0,818.0
C83052,THE INGHAM SURGERY,U,Unallocated,71E,E38000238,0.0,0.0,30.0,10.0,6.0,1.0,16.0,0.0,14.0,12.0,3178.0,997.0
C83053,COLSTERWORTH SURGERY,U,Unallocated,71E,E38000238,0.0,0.0,14.0,1.0,0.0,0.0,14.0,1.0,9.0,8.0,1777.0,663.0
C83054,BOURNE GALLETLY PRACTICE TEAM,U17012,SOUTH LINCOLNSHIRE RURAL PCN,71E,E38000238,0.0,0.0,98.0,25.0,25.0,4.0,133.0,0.0,76.0,63.0,12465.0,3590.0
C83055,STICKNEY SURGERY,U58435,FIRST COASTAL PCN,71E,E38000238,0.0,0.0,81.0,16.0,8.0,0.0,57.0,2.0,34.0,32.0,4288.0,1933.0
C83056,EAST LINDSEY MEDICAL GROUP,U33832,MERIDIAN MEDICAL PCN,71E,E38000238,0.0,0.0,114.0,5.0,21.0,4.0,216.0,0.0,107.0,89.0,9911.0,4217.0
C83057,KIRTON MEDICAL CENTRE,U75268,BOSTON PCN,71E,E38000238,0.0,0.0,41.0,4.0,18.0,3.0,91.0,0.0,87.0,86.0,6624.0,1739.0
C83058,WASHINGBOROUGH SURGERY,U,Unallocated,71E,E38000238,1.0,0.0,58.0,5.0,23.0,3.0,125.0,3.0,79.0,64.0,6558.0,2785.0
C83059,GREYFRIARS SURGERY,U75268,BOSTON PCN,71E,E38000238,1.0,0.0,103.0,31.0,19.0,5.0,163.0,1.0,101.0,94.0,11727.0,2352.0
C83060,THE SIDINGS MEDICAL PRACTICE,U75268,BOSTON PCN,71E,E38000238,0.0,0.0,83.0,16.0,9.0,4.0,119.0,5.0,69.0,62.0,12709.0,2726.0
C83061,NORTH THORESBY SURGERY,U,Unallocated,71E,E38000238,0.0,2.0,66.0,16.0,13.0,4.0,129.0,1.0,121.0,106.0,6031.0,3000.0
C83062,CHURCH WALK SURGERY,U,Unallocated,71E,E38000238,0.0,0.0,40.0,5.0,0.0,8.0,72.0,0.0,65.0,56.0,4388.0,1528.0
C83063,LONG SUTTON MEDICAL CTR.,U17012,SOUTH LINCOLNSHIRE RURAL PCN,71E,E38000238,0.0,0.0,53.0,3.0,1.0,3.0,186.0,1.0,112.0,81.0,11043.0,4783.0
C83064,MARISCO MEDICAL PRACTICE,U58435,FIRST COASTAL PCN,71E,E38000238,2.0,2.0,195.0,68.0,29.0,6.0,231.0,0.0,120.0,112.0,8248.0,5972.0
C83065,LITTLEBURY MEDICAL CENTRE,U17012,SOUTH LINCOLNSHIRE RURAL PCN,71E,E38000238,1.0,0.0,64.0,13.0,7.0,6.0,135.0,1.0,120.0,82.0,7272.0,2382.0
C83067,LONG BENNINGTON MEDICAL CENTRE,U,Unallocated,71E,E38000238,0.0,0.0,58.0,5.0,6.0,3.0,69.0,0.0,55.0,45.0,4839.0,2215.0
C83072,MINSTER MEDICAL PRACTICE,U,Unallocated,71E,E38000238,1.0,1.0,37.0,10.0,12.0,3.0,100.0,1.0,82.0,64.0,7360.0,2220.0
C83073,CLIFF HOUSE MEDICAL PRACTICE,U,Unallocated,71E,E38000238,0.0,0.0,29.0,1.0,5.0,3.0,92.0,7.0,68.0,68.0,7253.0,1078.0
C83074,WILLINGHAM-BY-STOW SURGERY,U,Unallocated,71E,E38000238,0.0,0.0,28.0,8.0,5.0,2.0,62.0,2.0,48.0,47.0,3356.0,1634.0
C83075,VINE STREET SURGERY,U,Unallocated,71E,E38000238,0.0,0.0,47.0,13.0,23.0,1.0,103.0,1.0,69.0,69.0,8041.0,2345.0
C83078,BRANT ROAD & SPRINGCLIFFE SURGERY,U,Unallocated,71E,E38000238,0.0,0.0,57.0,7.0,5.0,3.0,135.0,0.0,115.0,106.0,7004.0,1846.0
C83079,GLEBE PARK SURGERY,U,Unallocated,71E,E38000238,5.0,0.0,63.0,32.0,3.0,2.0,71.0,0.0,54.0,52.0,6128.0,1217.0
C83080,THE HARROWBY LANE SURGERY,U,Unallocated,71E,E38000238,0.0,0.0,47.0,23.0,6.0,4.0,64.0,2.0,52.0,51.0,4625.0,1208.0
C83082,BIRCHWOOD MEDICAL PRACTICE,U17435,APEX PCN,71E,E38000238,2.0,3.0,78.0,18.0,16.0,3.0,156.0,0.0,125.0,101.0,8590.0,2196.0
C83083,THE NEW CONINGSBY SURGERY,U,Unallocated,71E,E38000238,0.0,0.0,55.0,19.0,13.0,2.0,85.0,0.0,55.0,47.0,5727.0,1925.0
C83085,JAMES STREET FAMILY PRACTICE,U33832,MERIDIAN MEDICAL PCN,71E,E38000238,0.0,1.0,71.0,7.0,10.0,20.0,185.0,1.0,119.0,105.0,9845.0,3618.0
C83611,THE BASSINGHAM SURGERY,U,Unallocated,71E,E38000238,0.0,0.0,33.0,4.0,6.0,2.0,55.0,1.0,44.0,38.0,5877.0,1351.0
C83613,CAISTOR HEALTH CENTRE,U,Unallocated,71E,E38000238,0.0,0.0,65.0,19.0,15.0,3.0,65.0,0.0,47.0,41.0,3833.0,1487.0
C83614,SUTTERTON SURGERY,U17012,SOUTH LINCOLNSHIRE RURAL PCN,71E,E38000238,0.0,0.0,33.0,5.0,12.0,1.0,17.0,3.0,10.0,10.0,2574.0,1039.0
C83617,ABBEYVIEW SURGERY,U17012,SOUTH LINCOLNSHIRE RURAL PCN,71E,E38000238,0.0,0.0,39.0,2.0,6.0,1.0,61.0,0.0,41.0,36.0,7222.0,2016.0
C83626,BRAYFORD MEDICAL PRACTICE,U38661,LINCOLN HEALTH PARTNERSHIP PCN,71E,E38000238,5.0,0.0,121.0,30.0,14.0,6.0,69.0,3.0,46.0,32.0,10037.0,990.0
C83634,TASBURGH LODGE SURGERY,U33832,MERIDIAN MEDICAL PCN,71E,E38000238,0.0,0.0,40.0,6.0,13.0,0.0,72.0,0.0,51.0,42.0,3138.0,1866.0
C83635,WOODHALL SPA NEW SURGERY,U,Unallocated,71E,E38000238,0.0,0.0,41.0,1.0,4.0,2.0,47.0,0.0,31.0,27.0,3445.0,1894.0
C83641,TRENT VALLEY SURGERY,U56215,TRENT CARE PCN,71E,E38000238,4.0,0.0,386.0,176.0,16.0,1.0,66.0,0.0,34.0,33.0,2636.0,1369.0
C83643,BINBROOK SURGERY,U,Unallocated,71E,E38000238,3.0,0.0,54.0,31.0,10.0,1.0,17.0,0.0,17.0,15.0,1567.0,814.0
C83649,MARKET CROSS SURGERY,U,Unallocated,71E,E38000238,0.0,0.0,19.0,5.0,0.0,4.0,25.0,0.0,23.0,19.0,3883.0,1217.0
C83650,THE WRAGBY SURGERY,U,Unallocated,71E,E38000238,0.0,0.0,46.0,22.0,7.0,2.0,52.0,1.0,37.0,25.0,2952.0,1241.0
C84001,LARWOOD SURGERY,U05001,LARWOOD & BAWTRY PCN,02Q,E38000008,0.0,0.0,145.0,14.0,4.0,9.0,370.0,0.0,296.0,279.0,25274.0,6058.0
C84004,ST ALBANS MEDICAL CENTRE,U63129,BULWELL AND TOP VALLEY PCN,52R,E38000243,0.0,0.0,28.0,2.0,9.0,3.0,45.0,0.0,35.0,18.0,8357.0,1406.0
C84005,VILLAGE HEALTH GROUP,U12563,RUSHCLIFFE PCN,52R,E38000243,0.0,0.0,107.0,5.0,8.0,6.0,215.0,0.0,160.0,134.0,20797.0,7352.0
C84008,TUXFORD MEDICAL CENTRE,U,Unallocated,02Q,E38000008,0.0,0.0,58.0,0.0,3.0,3.0,60.0,0.0,45.0,39.0,4634.0,1609.0
C84009,BARNBY GATE SURGERY,U65095,NEWARK PCN,52R,E38000243,0.0,0.0,56.0,5.0,5.0,4.0,106.0,0.0,79.0,68.0,10837.0,2808.0
C84010,TRENTSIDE MEDICAL GROUP,U12949,SYNERGY HEALTH PCN,52R,E38000243,0.0,0.0,46.0,1.0,1.0,4.0,216.0,0.0,171.0,90.0,15411.0,3401.0
C84011,ELMSWOOD SURGERY,U44561,BESTWOOD AND SHERWOOD PCN,52R,E38000243,0.0,0.0,24.0,1.0,0.0,3.0,65.0,1.0,43.0,27.0,7069.0,1958.0
C84012,WILLOWBROOK MEDICAL PRACTICE,U85198,ASHFIELD NORTH PCN,52R,E38000243,0.0,0.0,79.0,3.0,18.0,6.0,146.0,0.0,130.0,110.0,9221.0,2741.0
C84013,KINGFISHER FAMILY PRACTICE,U,Unallocated,02Q,E38000008,0.0,0.0,167.0,7.0,33.0,6.0,138.0,1.0,110.0,96.0,11910.0,3991.0
C84014,WOODLANDS MEDICAL PRACTICE,U85198,ASHFIELD NORTH PCN,52R,E38000243,0.0,0.0,49.0,13.0,11.0,4.0,107.0,1.0,97.0,90.0,9546.0,2252.0
C84016,OAKWOOD SURGERY,U32323,MANSFIELD NORTH PCN,52R,E38000243,0.0,0.0,98.0,3.0,10.0,5.0,137.0,0.0,104.0,98.0,12167.0,3689.0
C84017,BELVOIR HEALTH GROUP,U12563,RUSHCLIFFE PCN,52R,E38000243,0.0,0.0,68.0,6.0,0.0,7.0,304.0,0.0,144.0,141.0,20657.0,6192.0
C84018,THE FAMILY MEDICAL CENTRE,U47242,NOTTINGHAM CITY EAST PCN,52R,E38000243,0.0,0.0,44.0,1.0,2.0,6.0,85.0,0.0,61.0,43.0,10967.0,1420.0
C84019,FOUNTAIN MEDICAL CENTRE,U65095,NEWARK PCN,52R,E38000243,0.0,0.0,21.0,0.0,3.0,2.0,141.0,4.0,93.0,85.0,9361.0,2913.0
C84020,CHURCHSIDE MEDICAL PRACTICE,U18267,ROSEWOOD PCN,52R,E38000243,0.0,0.0,33.0,2.0,1.0,0.0,50.0,0.0,28.0,21.0,5783.0,1143.0
C84021,MIDDLETON LODGE PRACTICE,U90349,SHERWOOD PCN,52R,E38000243,0.0,0.0,44.0,5.0,1.0,7.0,94.0,0.0,79.0,32.0,10208.0,2875.0
C84023,THE UNIV OF NOTTINGHAM HEALTH SERV,U59216,UNITY (NOTTINGHAM) PCN,52R,E38000243,0.0,1.0,23.0,2.0,3.0,0.0,7.0,0.0,3.0,*,40349.0,603.0
C84024,NEWGATE MEDICAL GROUP,U10748,NEWGATE MEDICAL GROUP PCN,02Q,E38000008,0.0,0.0,154.0,6.0,6.0,15.0,346.0,2.0,245.0,168.0,23184.0,6480.0
C84025,EAST BRIDGFORD MED CENTRE,U12563,RUSHCLIFFE PCN,52R,E38000243,0.0,0.0,12.0,0.0,2.0,3.0,71.0,0.0,52.0,48.0,5828.0,2275.0
C84026,STENHOUSE MEDICAL CENTRE,U51200,ARNOLD AND CALVERTON PCN,52R,E38000243,0.0,1.0,86.0,25.0,1.0,6.0,124.0,2.0,92.0,71.0,9546.0,3205.0
C84028,THE RUDDINGTON MED CENTRE,U12563,RUSHCLIFFE PCN,52R,E38000243,0.0,0.0,45.0,0.0,0.0,3.0,126.0,0.0,119.0,114.0,6074.0,1640.0
C84029,LOMBARD MEDICAL CENTRE,U65095,NEWARK PCN,52R,E38000243,0.0,0.0,47.0,2.0,6.0,6.0,163.0,0.0,79.0,65.0,18183.0,4253.0
C84030,THE OAKS MEDICAL CENTRE,U99463,NOTTINGHAM WEST PCN,52R,E38000243,0.0,0.0,43.0,0.0,1.0,3.0,112.0,0.0,84.0,74.0,10141.0,1884.0
C84032,"EASTWOOD PRIMARY CARE CENTRE, CHURCH STREET SITE",U99463,NOTTINGHAM WEST PCN,52R,E38000243,0.0,0.0,84.0,0.0,1.0,5.0,186.0,1.0,146.0,91.0,12709.0,5103.0
C84033,WESTDALE LANE SURGERY,U47851,ARROW HEALTH PCN,52R,E38000243,0.0,0.0,26.0,0.0,1.0,1.0,81.0,0.0,69.0,60.0,7261.0,2083.0
C84034,CHURCHFIELDS MEDICAL PRACTICE,U,Unallocated,52R,E38000243,0.0,1.0,53.0,2.0,6.0,0.0,41.0,0.0,28.0,18.0,7200.0,1541.0
C84035,CROWN HOUSE SURGERY,U,Unallocated,02Q,E38000008,0.0,0.0,69.0,31.0,6.0,0.0,98.0,0.0,67.0,63.0,8342.0,3138.0
C84036,FOREST MEDICAL,U18267,ROSEWOOD PCN,52R,E38000243,0.0,0.0,42.0,4.0,1.0,7.0,146.0,0.0,119.0,103.0,15636.0,3330.0
C84037,ABBEY MEDICAL GROUP,U90349,SHERWOOD PCN,52R,E38000243,0.0,0.0,54.0,3.0,0.0,3.0,116.0,1.0,74.0,49.0,9377.0,3281.0
C84039,DERBY ROAD HEALTH CENTRE,U29053,CITY SOUTH PCN,52R,E38000243,0.0,0.0,31.0,0.0,0.0,1.0,53.0,0.0,35.0,23.0,10713.0,1472.0
C84042,SAXON CROSS SURGERY,U99463,NOTTINGHAM WEST PCN,52R,E38000243,0.0,0.0,16.0,0.0,0.0,1.0,55.0,0.0,42.0,24.0,5700.0,1440.0
C84043,LEEN VIEW SURGERY,U63129,BULWELL AND TOP VALLEY PCN,52R,E38000243,0.0,0.0,81.0,0.0,28.0,8.0,120.0,0.0,114.0,44.0,10646.0,1986.0
C84044,DEER PARK FAMILY MEDICAL PRACTICE,U29053,CITY SOUTH PCN,52R,E38000243,0.0,0.0,7.0,1.0,0.0,0.0,59.0,0.0,45.0,20.0,8119.0,2494.0
C84045,COLLINGHAM MEDICAL CENTRE,U65095,NEWARK PCN,52R,E38000243,6.0,0.0,68.0,7.0,3.0,3.0,58.0,0.0,49.0,34.0,5522.0,2514.0
C84046,CLIFTON MEDICAL PRACTICE,U19169,CLIFTON & MEADOWS PCN,52R,E38000243,0.0,0.0,41.0,0.0,2.0,6.0,108.0,0.0,76.0,50.0,7596.0,1540.0
C84047,THE CALVERTON PRACTICE,U51200,ARNOLD AND CALVERTON PCN,52R,E38000243,0.0,0.0,17.0,1.0,1.0,1.0,112.0,0.0,86.0,66.0,7762.0,2867.0
C84049,SOUTHWELL MEDICAL CENTRE,U65095,NEWARK PCN,52R,E38000243,0.0,0.0,75.0,14.0,4.0,5.0,121.0,1.0,81.0,59.0,8268.0,3874.0
C84051,ORCHARD MEDICAL PRACTICE,U32323,MANSFIELD NORTH PCN,52R,E38000243,0.0,0.0,81.0,0.0,0.0,4.0,215.0,0.0,172.0,139.0,15414.0,3690.0
C84053,TORKARD HILL MEDICAL CTRE,U06437,BYRON PCN,52R,E38000243,1.0,0.0,51.0,1.0,1.0,7.0,189.0,1.0,169.0,131.0,13697.0,3158.0
C84055,HIGHCROFT SURGERY,U51200,ARNOLD AND CALVERTON PCN,52R,E38000243,0.0,0.0,53.0,12.0,3.0,1.0,96.0,0.0,57.0,39.0,8942.0,2273.0
C84057,PLEASLEY SURGERY,U32323,MANSFIELD NORTH PCN,52R,E38000243,0.0,0.0,27.0,11.0,1.0,6.0,28.0,0.0,26.0,22.0,3468.0,932.0
C84059,SHERWOOD MEDICAL PARTNERSHIP,U90349,SHERWOOD PCN,52R,E38000243,8.0,0.0,103.0,9.0,0.0,1.0,110.0,0.0,96.0,73.0,10953.0,2076.0
C84060,RIVERGREEN MEDICAL CENTRE,U19169,CLIFTON & MEADOWS PCN,52R,E38000243,0.0,0.0,46.0,0.0,11.0,5.0,110.0,0.0,92.0,78.0,6891.0,1679.0
C84061,KING'S MEDICAL CENTRE,U85198,ASHFIELD NORTH PCN,52R,E38000243,0.0,0.0,51.0,8.0,17.0,8.0,86.0,0.0,75.0,73.0,8151.0,1497.0
C84063,GREENDALE PRIMARY CARE CENTRE,U47242,NOTTINGHAM CITY EAST PCN,52R,E38000243,0.0,1.0,28.0,2.0,1.0,2.0,46.0,1.0,40.0,38.0,7552.0,1030.0
C84064,PARKSIDE MEDICAL CENTRE,U63129,BULWELL AND TOP VALLEY PCN,52R,E38000243,0.0,0.0,83.0,27.0,1.0,8.0,100.0,0.0,74.0,62.0,9206.0,1358.0
C84065,ABBEY MEDICAL CENTRE,U99463,NOTTINGHAM WEST PCN,52R,E38000243,0.0,0.0,36.0,3.0,6.0,4.0,49.0,0.0,45.0,40.0,4255.0,917.0
C84066,DAYBROOK MEDICAL PRACTICE,U47851,ARROW HEALTH PCN,52R,E38000243,0.0,0.0,51.0,2.0,4.0,3.0,104.0,0.0,65.0,38.0,8241.0,2291.0
C84067,ASHFIELD HOUSE (ANNESLEY),U53963,ASHFIELD SOUTH PCN,52R,E38000243,0.0,0.0,67.0,0.0,18.0,4.0,53.0,0.0,52.0,45.0,4179.0,1387.0
C84069,ROUNDWOOD SURGERY,U18267,ROSEWOOD PCN,52R,E38000243,0.0,0.0,61.0,5.0,2.0,8.0,108.0,0.0,79.0,66.0,10380.0,2744.0
C84072,THE WELLSPRING SURGERY,U47242,NOTTINGHAM CITY EAST PCN,52R,E38000243,0.0,0.0,31.0,1.0,2.0,3.0,43.0,0.0,42.0,35.0,9404.0,1105.0
C84074,FAMILY MEDICAL CENTRE (KIRKBY),U53963,ASHFIELD SOUTH PCN,52R,E38000243,0.0,0.0,74.0,0.0,5.0,7.0,32.0,1.0,31.0,30.0,4324.0,1030.0
C84076,KIRKBY HEALTH CENTRE,U53963,ASHFIELD SOUTH PCN,52R,E38000243,0.0,0.0,48.0,0.0,0.0,3.0,37.0,0.0,30.0,24.0,3251.0,817.0
C84077,BRIERLEY PARK MEDICAL GROUP,U85198,ASHFIELD NORTH PCN,52R,E38000243,0.0,0.0,125.0,8.0,4.0,14.0,193.0,0.0,149.0,120.0,14844.0,4000.0
C84078,HUCKNALL ROAD MEDICAL CENTRE,U44561,BESTWOOD AND SHERWOOD PCN,52R,E38000243,0.0,0.0,62.0,5.0,4.0,4.0,174.0,0.0,102.0,75.0,10889.0,2179.0
C84080,THE MANOR SURGERY,U99463,NOTTINGHAM WEST PCN,52R,E38000243,0.0,1.0,36.0,0.0,1.0,8.0,179.0,0.0,158.0,107.0,10786.0,3003.0
C84081,JOHN RYLE MEDICAL PRACTICE,U19169,CLIFTON & MEADOWS PCN,52R,E38000243,0.0,0.0,19.0,1.0,0.0,1.0,70.0,0.0,46.0,33.0,5613.0,1324.0
C84084,RADCLIFFE-ON-TRENT. HEALTH CENTRE,U12563,RUSHCLIFFE PCN,52R,E38000243,0.0,0.0,38.0,2.0,0.0,2.0,105.0,0.0,91.0,82.0,6037.0,2516.0
C84085,VICTORIA AND MAPPERLEY PRACTICE,U47242,NOTTINGHAM CITY EAST PCN,52R,E38000243,0.0,0.0,79.0,2.0,6.0,2.0,62.0,0.0,45.0,30.0,9146.0,1661.0
C84086,ST GEORGES MED PRACTICE,U12563,RUSHCLIFFE PCN,52R,E38000243,0.0,0.0,41.0,0.0,1.0,3.0,125.0,2.0,75.0,68.0,12640.0,2478.0
C84087,RAINWORTH HEALTH CENTRE,U90349,SHERWOOD PCN,52R,E38000243,0.0,0.0,17.0,0.0,1.0,2.0,22.0,1.0,19.0,14.0,4455.0,1170.0
C84090,MUSTERS MEDICAL PRACTICE,U12563,RUSHCLIFFE PCN,52R,E38000243,0.0,0.0,11.0,0.0,2.0,3.0,89.0,0.0,65.0,57.0,7390.0,1910.0
C84091,ASPLEY MEDICAL CENTRE,U78528,ASPIRE PCN,52R,E38000243,1.0,0.0,22.0,0.0,1.0,5.0,64.0,0.0,46.0,11.0,7604.0,1187.0
C84092,BRIDGEWAY PRACTICE,U19169,CLIFTON & MEADOWS PCN,52R,E38000243,0.0,0.0,17.0,0.0,0.0,1.0,18.0,0.0,16.0,13.0,4744.0,534.0
C84094,RIVERSIDE HEALTH CENTRE,U,Unallocated,02Q,E38000008,0.0,0.0,203.0,9.0,3.0,11.0,296.0,1.0,274.0,257.0,19293.0,4969.0
C84095,OAKENHALL MEDICAL PRACT,U06437,BYRON PCN,52R,E38000243,0.0,0.0,13.0,0.0,0.0,1.0,104.0,0.0,67.0,38.0,5559.0,1513.0
C84101,BAWTRY AND BLYTH MEDICAL,U05001,LARWOOD & BAWTRY PCN,02Q,E38000008,1.0,0.0,13.0,0.0,0.0,1.0,23.0,0.0,9.0,5.0,2626.0,1068.0
C84105,FAIRFIELDS PRACTICE,U94342,RADFORD AND MARY POTTER PCN,52R,E38000243,0.0,0.0,23.0,0.0,7.0,2.0,23.0,0.0,20.0,17.0,6761.0,647.0
C84106,MILLVIEW SURGERY,U18267,ROSEWOOD PCN,52R,E38000243,0.0,0.0,34.0,2.0,9.0,3.0,70.0,0.0,50.0,45.0,6494.0,1743.0
C84107,THE LINDEN MEDICAL GROUP,U99463,NOTTINGHAM WEST PCN,52R,E38000243,0.0,0.0,10.0,0.0,4.0,2.0,66.0,0.0,29.0,22.0,5128.0,1802.0
C84112,BRAMCOTE SURGERY,U99463,NOTTINGHAM WEST PCN,52R,E38000243,0.0,0.0,10.0,0.0,0.0,0.0,31.0,0.0,18.0,16.0,2936.0,873.0
C84113,MAJOR OAK MEDICAL PRACTICE,U90349,SHERWOOD PCN,52R,E38000243,0.0,0.0,39.0,4.0,5.0,3.0,79.0,0.0,77.0,52.0,5543.0,1886.0
C84115,PLAINS VIEW SURGERY,U47851,ARROW HEALTH PCN,52R,E38000243,0.0,0.0,19.0,0.0,0.0,3.0,84.0,1.0,64.0,38.0,7849.0,2085.0
C84116,MELBOURNE PARK MEDICAL CENTRE,U78528,ASPIRE PCN,52R,E38000243,0.0,0.0,41.0,1.0,2.0,2.0,44.0,0.0,42.0,27.0,6982.0,1362.0
C84117,RADFORD MEDICAL PRACTICE (KAUR),U94342,RADFORD AND MARY POTTER PCN,52R,E38000243,0.0,0.0,14.0,2.0,2.0,0.0,18.0,0.0,14.0,8.0,19679.0,448.0
C84120,CHILWELL VALLEY AND MEADOWS PRACTICE,U99463,NOTTINGHAM WEST PCN,52R,E38000243,0.0,0.0,53.0,0.0,0.0,5.0,222.0,0.0,171.0,164.0,12487.0,3290.0
C84122,WOLLATON PARK MEDICAL CENTRE,U29053,CITY SOUTH PCN,52R,E38000243,0.0,0.0,36.0,0.0,0.0,4.0,56.0,0.0,42.0,29.0,9150.0,1692.0
C84123,BILSTHORPE SURGERY,U90349,SHERWOOD PCN,52R,E38000243,0.0,0.0,4.0,1.0,1.0,3.0,31.0,0.0,17.0,13.0,3439.0,964.0
C84129,RISE PARK SURGERY,U63129,BULWELL AND TOP VALLEY PCN,52R,E38000243,0.0,1.0,91.0,7.0,0.0,8.0,117.0,1.0,90.0,78.0,7735.0,2066.0
C84131,NEWTHORPE MEDICAL PRACTICE,U99463,NOTTINGHAM WEST PCN,52R,E38000243,0.0,0.0,23.0,1.0,6.0,1.0,74.0,0.0,56.0,56.0,6756.0,1891.0
C84136,ST. LUKE'S SURGERY,U78528,ASPIRE PCN,52R,E38000243,0.0,0.0,5.0,0.0,0.0,2.0,22.0,0.0,21.0,11.0,4272.0,555.0
C84140,LOWMOOR ROAD SURGERY,U53963,ASHFIELD SOUTH PCN,52R,E38000243,0.0,0.0,51.0,15.0,0.0,3.0,27.0,0.0,22.0,22.0,3739.0,1214.0
C84142,SELSTON SURGERY,U53963,ASHFIELD SOUTH PCN,52R,E38000243,0.0,0.0,8.0,0.0,5.0,3.0,61.0,0.0,58.0,55.0,3951.0,1281.0
C84144,THE MEADOWS HEALTH CENTRE,U19169,CLIFTON & MEADOWS PCN,52R,E38000243,0.0,0.0,14.0,1.0,0.0,0.0,16.0,0.0,15.0,13.0,4609.0,489.0
C84150,UNITY SURGERY,U47851,ARROW HEALTH PCN,52R,E38000243,0.0,0.0,8.0,0.0,1.0,1.0,43.0,0.0,34.0,32.0,4011.0,861.0
C84151,THE MEDICAL CENTRE - ZULU ROAD,U44561,BESTWOOD AND SHERWOOD PCN,52R,E38000243,0.0,0.0,8.0,0.0,1.0,1.0,5.0,1.0,4.0,*,3288.0,263.0
C84605,CASTLE HEALTHCARE PRACTICE,U12563,RUSHCLIFFE PCN,52R,E38000243,0.0,0.0,67.0,0.0,1.0,6.0,146.0,3.0,130.0,98.0,14123.0,3593.0
C84613,JUBILEE PARK MEDICAL PARTNERSHIP,U12949,SYNERGY HEALTH PCN,52R,E38000243,0.0,0.0,34.0,2.0,6.0,1.0,67.0,4.0,58.0,40.0,9840.0,2389.0
C84619,TUDOR HOUSE MEDICAL PRACTICE,U44561,BESTWOOD AND SHERWOOD PCN,52R,E38000243,0.0,0.0,24.0,2.0,0.0,5.0,29.0,0.0,9.0,9.0,5867.0,991.0
C84621,WEST BRIDGFORD MEDICAL CENTRE,U12563,RUSHCLIFFE PCN,52R,E38000243,0.0,0.0,16.0,3.0,0.0,1.0,54.0,0.0,43.0,33.0,4713.0,612.0
C84624,HAMA MEDICAL CENTRE,U99463,NOTTINGHAM WEST PCN,52R,E38000243,1.0,0.0,22.0,0.0,0.0,1.0,39.0,0.0,38.0,20.0,4529.0,1153.0
C84628,SHERWOOD RISE MEDICAL CENTRE,U44561,BESTWOOD AND SHERWOOD PCN,52R,E38000243,0.0,0.0,12.0,1.0,3.0,6.0,34.0,0.0,29.0,17.0,7487.0,534.0
C84629,"HEALTH CARE COMPLEX, KIRKBY",U53963,ASHFIELD SOUTH PCN,52R,E38000243,0.0,0.0,7.0,0.0,0.0,4.0,25.0,0.0,20.0,15.0,3500.0,824.0
C84637,SANDY LANE SURGERY,U32323,MANSFIELD NORTH PCN,52R,E38000243,0.0,0.0,25.0,7.0,4.0,9.0,92.0,1.0,64.0,42.0,8045.0,1678.0
C84646,THE IVY MEDICAL GROUP,U47851,ARROW HEALTH PCN,52R,E38000243,0.0,0.0,39.0,0.0,6.0,4.0,75.0,1.0,51.0,30.0,4421.0,1954.0
C84654,JACKSDALE MEDICAL CENTRE,U53963,ASHFIELD SOUTH PCN,52R,E38000243,0.0,0.0,81.0,1.0,1.0,2.0,47.0,0.0,26.0,25.0,3545.0,1054.0
C84656,HILL VIEW SURGERY,U90349,SHERWOOD PCN,52R,E38000243,0.0,0.0,52.0,4.0,20.0,1.0,62.0,0.0,36.0,26.0,6678.0,1972.0
C84658,MEDEN MEDICAL SERVICES,U32323,MANSFIELD NORTH PCN,52R,E38000243,0.0,0.0,25.0,5.0,4.0,2.0,72.0,0.0,59.0,46.0,8304.0,2161.0
C84660,HOUNSFIELD SURGERY,U65095,NEWARK PCN,52R,E38000243,0.0,0.0,22.0,0.0,4.0,1.0,16.0,0.0,6.0,*,3260.0,1264.0
C84664,WELBECK SURGERY,U44561,BESTWOOD AND SHERWOOD PCN,52R,E38000243,0.0,0.0,27.0,4.0,1.0,1.0,23.0,0.0,21.0,20.0,4428.0,604.0
C84667,GILTBROOK SURGERY,U99463,NOTTINGHAM WEST PCN,52R,E38000243,0.0,0.0,7.0,1.0,0.0,4.0,38.0,0.0,30.0,28.0,4877.0,1224.0
C84676,GREENFIELDS MEDICAL PRACTICE,U,Unallocated,52R,E38000243,0.0,0.0,12.0,0.0,1.0,4.0,24.0,0.0,19.0,11.0,7849.0,541.0
C84679,ACORN MEDICAL PRACTICE,U18267,ROSEWOOD PCN,52R,E38000243,0.0,0.0,9.0,0.0,1.0,3.0,16.0,0.0,16.0,15.0,3989.0,481.0
C84682,SHERRINGTON PARK MEDICAL PRACTICE,U44561,BESTWOOD AND SHERWOOD PCN,52R,E38000243,0.0,0.0,3.0,1.0,0.0,1.0,22.0,0.0,14.0,11.0,4376.0,680.0
C84683,THE WINDMILL PRACTICE,U47242,NOTTINGHAM CITY EAST PCN,52R,E38000243,0.0,0.0,31.0,1.0,4.0,3.0,36.0,0.0,34.0,28.0,10466.0,970.0
C84691,HIGH GREEN MEDICAL PRACTICE,U94342,RADFORD AND MARY POTTER PCN,52R,E38000243,0.0,0.0,15.0,1.0,1.0,7.0,35.0,0.0,31.0,26.0,8495.0,522.0
C84692,NORTH LEVERTON SURGERY,U,Unallocated,02Q,E38000008,0.0,0.0,33.0,0.0,1.0,0.0,22.0,0.0,21.0,16.0,1846.0,857.0
C84693,BAKERSFIELD MEDICAL CENTRE,U47242,NOTTINGHAM CITY EAST PCN,52R,E38000243,0.0,0.0,2.0,0.0,0.0,3.0,30.0,0.0,21.0,15.0,4222.0,972.0
C84694,LIME TREE SURGERY,U,Unallocated,52R,E38000243,0.0,0.0,32.0,0.0,0.0,3.0,20.0,0.0,16.0,6.0,4054.0,640.0
C84695,THE ALICE MEDICAL CENTRE,U44561,BESTWOOD AND SHERWOOD PCN,52R,E38000243,0.0,0.0,19.0,0.0,0.0,2.0,50.0,0.0,26.0,22.0,4040.0,477.0
C84696,WEST OAK SURGERY,U12949,SYNERGY HEALTH PCN,52R,E38000243,0.0,0.0,7.0,0.0,1.0,1.0,39.0,0.0,31.0,11.0,3865.0,1006.0
C84703,THE GAMSTON MEDICAL CTR.,U12563,RUSHCLIFFE PCN,52R,E38000243,0.0,0.0,39.0,2.0,10.0,2.0,59.0,0.0,40.0,34.0,5873.0,1044.0
C84704,JRB HEALTHCARE BEECHDALE SURGERY,U,Unallocated,52R,E38000243,0.0,0.0,13.0,0.0,0.0,9.0,79.0,0.0,76.0,62.0,7116.0,1077.0
C84705,HICKINGS LANE MEDICAL CTR,U99463,NOTTINGHAM WEST PCN,52R,E38000243,0.0,0.0,40.0,19.0,1.0,2.0,42.0,0.0,27.0,22.0,6788.0,1260.0
C84714,SUNRISE MEDICAL PRACTICE,U59216,UNITY (NOTTINGHAM) PCN,52R,E38000243,0.0,0.0,7.0,1.0,0.0,0.0,0.0,0.0,0.0,*,6109.0,8.0
C85001,GOLDTHORPE MEDICAL CENTRE PMS PRACTICE,U16464,BARNSLEY PCN,02P,E38000006,0.0,0.0,30.0,3.0,8.0,1.0,43.0,1.0,39.0,39.0,3588.0,864.0
C85003,ASHVILLE MEDICAL CENTRE PMS PRACTICE,U16464,BARNSLEY PCN,02P,E38000006,0.0,0.0,50.0,5.0,25.0,7.0,130.0,1.0,93.0,74.0,10864.0,2394.0
C85004,PENISTONE GROUP PMS PRACTICE,U16464,BARNSLEY PCN,02P,E38000006,0.0,0.0,56.0,0.0,4.0,6.0,120.0,0.0,85.0,64.0,12169.0,4129.0
C85005,ROYSTON GROUP PRACTICE,U16464,BARNSLEY PCN,02P,E38000006,1.0,0.0,32.0,4.0,12.0,6.0,88.0,0.0,82.0,69.0,5672.0,1633.0
C85006,WOODLAND DRIVE MEDICAL CENTRE,U16464,BARNSLEY PCN,02P,E38000006,0.0,1.0,40.0,0.0,0.0,0.0,64.0,1.0,38.0,7.0,4253.0,1360.0
C85007,THE DOVE VALLEY PMS PRACTICE,U16464,BARNSLEY PCN,02P,E38000006,1.0,0.0,40.0,5.0,17.0,3.0,92.0,0.0,68.0,56.0,8139.0,2337.0
C85008,WALDERSLADE SURGERY,U16464,BARNSLEY PCN,02P,E38000006,0.0,0.0,59.0,0.0,0.0,6.0,144.0,0.0,99.0,67.0,9669.0,3165.0
C85009,THE KAKOTY PRACTICE,U16464,BARNSLEY PCN,02P,E38000006,0.0,0.0,16.0,4.0,3.0,2.0,73.0,0.0,69.0,56.0,6711.0,807.0
C85010,HILL BROW SURGERY PMS PRACTICE,U16464,BARNSLEY PCN,02P,E38000006,0.0,0.0,114.0,20.0,1.0,5.0,195.0,0.0,149.0,117.0,12862.0,3805.0
C85013,WOMBWELL GMS PRACTICE,U16464,BARNSLEY PCN,02P,E38000006,0.0,0.0,40.0,4.0,7.0,2.0,89.0,8.0,65.0,59.0,9050.0,1983.0
C85014,THE ROSE TREE PMS PRACTICE,U16464,BARNSLEY PCN,02P,E38000006,0.0,0.0,40.0,1.0,5.0,2.0,103.0,0.0,77.0,50.0,7702.0,2088.0
C85016,GARLAND HOUSE SURGERY,U16464,BARNSLEY PCN,02P,E38000006,0.0,0.0,11.0,0.0,0.0,2.0,101.0,0.0,87.0,66.0,8301.0,2507.0
C85017,BURLEIGH MEDICAL CENTRE,U16464,BARNSLEY PCN,02P,E38000006,0.0,0.0,16.0,0.0,2.0,8.0,123.0,0.0,83.0,66.0,9577.0,2159.0
C85018,GRIMETHORPE SURGERY,U16464,BARNSLEY PCN,02P,E38000006,0.0,0.0,29.0,1.0,2.0,5.0,62.0,0.0,57.0,36.0,5983.0,1381.0
C85019,THE GROVE MEDICAL PRACTICE,U16464,BARNSLEY PCN,02P,E38000006,0.0,0.0,30.0,2.0,5.0,1.0,62.0,0.0,49.0,31.0,9034.0,2374.0
C85020,HUDDERSFIELD ROAD SURGERY,U16464,BARNSLEY PCN,02P,E38000006,3.0,0.0,43.0,8.0,1.0,4.0,89.0,0.0,73.0,52.0,9240.0,2859.0
C85022,HOYLAND MEDICAL PRACTICE,U16464,BARNSLEY PCN,02P,E38000006,0.0,0.0,20.0,0.0,1.0,3.0,90.0,0.0,67.0,35.0,10625.0,2549.0
C85023,HOLLYGREEN PRACTICE,U16464,BARNSLEY PCN,02P,E38000006,0.0,0.0,29.0,1.0,2.0,8.0,121.0,8.0,96.0,53.0,9167.0,2298.0
C85028,LUNDWOOD MEDICAL CENTRE PMS PRACTICE,U16464,BARNSLEY PCN,02P,E38000006,0.0,0.0,0.0,0.0,0.0,1.0,22.0,4.0,6.0,5.0,2935.0,753.0
C85030,WOMBWELL MEDICAL CENTRE PRACTICE,U16464,BARNSLEY PCN,02P,E38000006,2.0,0.0,18.0,1.0,2.0,3.0,86.0,1.0,60.0,38.0,8168.0,1906.0
C85033,VICTORIA MEDICAL CENTRE PMS PRACTICE,U16464,BARNSLEY PCN,02P,E38000006,1.0,0.0,9.0,0.0,0.0,2.0,115.0,0.0,74.0,58.0,9042.0,2085.0
C85614,DARTON HEALTH CENTRE PRACTICE,U16464,BARNSLEY PCN,02P,E38000006,0.0,0.0,4.0,2.0,1.0,0.0,27.0,0.0,11.0,6.0,3758.0,866.0
C85619,ST GEORGE'S MEDICAL CENTRE PMS PRACTICE,U16464,BARNSLEY PCN,02P,E38000006,0.0,0.0,26.0,1.0,7.0,2.0,86.0,0.0,75.0,47.0,7418.0,1291.0
C85622,MONK BRETTON HEALTH CENTRE PRACTICE,U16464,BARNSLEY PCN,02P,E38000006,0.0,0.0,0.0,0.0,0.0,0.0,25.0,1.0,20.0,19.0,1813.0,482.0
C85623,KINGSWELL SURGERY PMS PRACTICE,U16464,BARNSLEY PCN,02P,E38000006,0.0,0.0,16.0,1.0,0.0,1.0,22.0,0.0,19.0,18.0,4603.0,1133.0
C86001,GREAT NORTH MEDICAL GROUP,U,Unallocated,02X,E38000044,5.0,0.0,194.0,71.0,9.0,7.0,176.0,2.0,135.0,118.0,13307.0,3399.0
C86002,THE RANSOME PRACTICE,U30587,DONCASTER NORTH PCN,02X,E38000044,0.0,0.0,37.0,0.0,2.0,0.0,38.0,0.0,29.0,19.0,6910.0,1355.0
C86003,HATFIELD HEALTH CENTRE,U,Unallocated,02X,E38000044,0.0,0.0,81.0,2.0,2.0,1.0,179.0,6.0,130.0,117.0,7469.0,2284.0
C86005,MEXBOROUGH HEALTH CENTRE,U,Unallocated,02X,E38000044,0.0,0.0,44.0,0.0,12.0,2.0,50.0,0.0,43.0,17.0,3551.0,1159.0
C86006,REGENT SQUARE GROUP PRACTICE,U,Unallocated,02X,E38000044,0.0,0.0,77.0,0.0,6.0,4.0,46.0,0.0,38.0,17.0,8458.0,1941.0
C86007,THE BURNS PRACTICE,U,Unallocated,02X,E38000044,1.0,3.0,187.0,12.0,45.0,5.0,154.0,0.0,113.0,111.0,15434.0,4000.0
C86009,THE MAYFLOWER MEDICAL PRACTICE,U,Unallocated,02X,E38000044,2.0,0.0,99.0,45.0,1.0,0.0,39.0,0.0,19.0,19.0,5536.0,1913.0
C86011,MOUNT GROUP PRACTICE,U,Unallocated,02X,E38000044,0.0,3.0,88.0,1.0,20.0,5.0,110.0,1.0,89.0,86.0,11280.0,2736.0
C86012,THE OAKWOOD SURGERY,U,Unallocated,02X,E38000044,0.0,0.0,42.0,0.0,2.0,3.0,94.0,0.0,86.0,77.0,4069.0,1439.0
C86013,THE TICKHILL & COLLIERY MEDICAL PRACTICE,U,Unallocated,02X,E38000044,0.0,0.0,105.0,12.0,9.0,4.0,112.0,0.0,81.0,70.0,5978.0,2672.0
C86015,THE ROSSINGTON PRACTICE,U,Unallocated,02X,E38000044,1.0,0.0,77.0,1.0,14.0,2.0,67.0,0.0,42.0,18.0,6576.0,1724.0
C86016,THE LAKESIDE PRACTICE,U,Unallocated,02X,E38000044,0.0,0.0,54.0,3.0,2.0,3.0,69.0,1.0,51.0,47.0,7223.0,1928.0
C86017,KINGTHORNE GROUP PRACTICE,U,Unallocated,02X,E38000044,1.0,1.0,168.0,21.0,3.0,4.0,114.0,1.0,81.0,77.0,13316.0,2468.0
C86018,NORTHFIELD SURGERY,U,Unallocated,02X,E38000044,3.0,0.0,81.0,14.0,0.0,4.0,73.0,1.0,58.0,48.0,7871.0,2044.0
C86019,THE SCOTT PRACTICE,U,Unallocated,02X,E38000044,1.0,0.0,90.0,1.0,7.0,4.0,126.0,0.0,109.0,75.0,13731.0,2903.0
C86020,ST. JOHNS GROUP PRACTICE,U,Unallocated,02X,E38000044,1.0,0.0,77.0,1.0,19.0,3.0,85.0,0.0,77.0,41.0,6939.0,1714.0
C86021,WHITE HOUSE FARM MEDICAL CENTRE,U,Unallocated,02X,E38000044,0.0,0.0,67.0,2.0,2.0,3.0,111.0,0.0,19.0,16.0,4684.0,1542.0
C86023,DON VALLEY HEALTHCARE,U,Unallocated,02X,E38000044,0.0,0.0,78.0,1.0,1.0,11.0,106.0,0.0,73.0,65.0,11480.0,2430.0
C86024,CONISBROUGH GROUP PRACTICE,U,Unallocated,02X,E38000044,0.0,0.0,81.0,10.0,0.0,7.0,160.0,0.0,59.0,57.0,9460.0,2544.0
C86025,FRANCES STREET MEDICAL CENTRE,U,Unallocated,02X,E38000044,0.0,0.0,21.0,1.0,1.0,2.0,30.0,0.0,27.0,26.0,5503.0,1034.0
C86026,EDLINGTON HEALTH CENTRE PRACTICE,U,Unallocated,02X,E38000044,0.0,0.0,23.0,0.0,0.0,2.0,18.0,0.0,14.0,*,4133.0,864.0
C86032,SCAWSBY HEALTH CENTRE PRACTICE,U30587,DONCASTER NORTH PCN,02X,E38000044,0.0,1.0,39.0,0.0,0.0,2.0,22.0,0.0,11.0,7.0,4282.0,1206.0
C86033,THE NAYAR PRACTICE,U30587,DONCASTER NORTH PCN,02X,E38000044,0.0,0.0,41.0,1.0,4.0,2.0,27.0,0.0,17.0,5.0,4323.0,840.0
C86034,THE NEW SURGERY,U,Unallocated,02X,E38000044,1.0,0.0,43.0,1.0,5.0,1.0,76.0,1.0,72.0,67.0,7895.0,2126.0
C86037,FIELD ROAD SURGERY,U,Unallocated,02X,E38000044,8.0,0.0,97.0,46.0,2.0,0.0,93.0,0.0,78.0,63.0,7335.0,1970.0
C86038,PETERSGATE MEDICAL CENTRE,U30587,DONCASTER NORTH PCN,02X,E38000044,0.0,0.0,93.0,3.0,10.0,7.0,49.0,0.0,43.0,27.0,7680.0,1830.0
C86605,ASKERN MEDICAL PRACTICE,U30587,DONCASTER NORTH PCN,02X,E38000044,0.0,0.0,26.0,2.0,0.0,3.0,30.0,0.0,29.0,27.0,6391.0,1427.0
C86606,BARNBURGH SURGERY,U,Unallocated,02X,E38000044,0.0,0.0,0.0,0.0,0.0,0.0,11.0,0.0,11.0,*,1724.0,616.0
C86609,ASA MEDICAL GROUP,U,Unallocated,02X,E38000044,0.0,0.0,190.0,41.0,2.0,7.0,149.0,0.0,116.0,94.0,16389.0,3688.0
C86611,DUNSVILLE MEDICAL CENTRE,U,Unallocated,02X,E38000044,0.0,0.0,82.0,20.0,4.0,1.0,47.0,2.0,35.0,29.0,5499.0,1477.0
C86614,THORNE MOOR MEDICAL PRACTICE,U,Unallocated,02X,E38000044,0.0,0.0,113.0,1.0,7.0,5.0,114.0,0.0,101.0,99.0,7678.0,2021.0
C86616,DENABY MEDICAL PRACTICE,U30587,DONCASTER NORTH PCN,02X,E38000044,0.0,0.0,17.0,1.0,0.0,1.0,15.0,0.0,12.0,10.0,3140.0,605.0
C86621,WEST END CLINIC,U,Unallocated,02X,E38000044,0.0,0.0,205.0,179.0,1.0,1.0,36.0,0.0,28.0,14.0,3745.0,775.0
C86625,CONISBROUGH MEDICAL PRACTICE,U30587,DONCASTER NORTH PCN,02X,E38000044,0.0,0.0,10.0,0.0,0.0,0.0,4.0,0.0,3.0,*,1493.0,227.0
C86626,PARK VIEW SURGERY,U30587,DONCASTER NORTH PCN,02X,E38000044,0.0,1.0,22.0,0.0,1.0,2.0,30.0,0.0,20.0,12.0,2215.0,568.0
C87002,DINNINGTON GROUP PRACTICE,U87177,ROTHER VALLEY SOUTH PCN,03L,E38000141,0.0,0.0,156.0,9.0,55.0,9.0,256.0,2.0,209.0,200.0,16134.0,5009.0
C87003,WOODSTOCK BOWER GROUP PRACTICE,U09529,ROTHERHAM CENTRAL NORTH PCN,03L,E38000141,0.0,0.0,29.0,4.0,1.0,9.0,76.0,1.0,65.0,61.0,9539.0,1815.0
C87004,KIVETON PARK MEDICAL PRACTICE,U87177,ROTHER VALLEY SOUTH PCN,03L,E38000141,0.0,0.0,52.0,0.0,2.0,5.0,116.0,0.0,105.0,80.0,9263.0,2770.0
C87005,ST ANN'S MEDICAL CENTRE,U,Unallocated,03L,E38000141,2.0,0.0,149.0,29.0,3.0,11.0,245.0,0.0,154.0,136.0,15571.0,3434.0
C87006,THE MAGNA GROUP PRACTICE,U,Unallocated,03L,E38000141,0.0,3.0,66.0,4.0,7.0,4.0,177.0,4.0,154.0,151.0,12306.0,2884.0
C87007,STAG MEDICAL CENTRE,U88280,RAVEN PCN,03L,E38000141,0.0,0.0,99.0,29.0,32.0,5.0,160.0,0.0,125.0,107.0,8548.0,3142.0
C87008,SWALLOWNEST HEALTH CENTRE,U87177,ROTHER VALLEY SOUTH PCN,03L,E38000141,0.0,0.0,107.0,4.0,30.0,4.0,164.0,1.0,118.0,104.0,12411.0,3730.0
C87009,BRINSWORTH MEDICAL CENTRE,U88280,RAVEN PCN,03L,E38000141,0.0,0.0,43.0,4.0,5.0,3.0,91.0,0.0,71.0,66.0,8741.0,1980.0
C87010,YORK ROAD SURGERY,U,Unallocated,03L,E38000141,0.0,0.0,22.0,1.0,9.0,3.0,39.0,0.0,37.0,31.0,4000.0,724.0
C87012,BROOM LANE MEDICAL CENTRE,U09529,ROTHERHAM CENTRAL NORTH PCN,03L,E38000141,0.0,0.0,75.0,6.0,7.0,3.0,204.0,1.0,162.0,149.0,12681.0,2919.0
C87013,PARKGATE MEDICAL CENTRE,U,Unallocated,03L,E38000141,0.0,0.0,50.0,5.0,1.0,6.0,56.0,0.0,41.0,38.0,5240.0,1295.0
C87015,WICKERSLEY HEALTH CENTRE,U01680,MALTBY WICKERSLEY PCN,03L,E38000141,0.0,0.0,84.0,41.0,25.0,0.0,62.0,0.0,42.0,33.0,5130.0,1665.0
C87016,MORTHEN ROAD SURGERY,U01680,MALTBY WICKERSLEY PCN,03L,E38000141,0.0,0.0,73.0,7.0,29.0,5.0,151.0,0.0,136.0,131.0,9371.0,2892.0
C87017,CLIFTON MEDICAL CENTRE,U,Unallocated,03L,E38000141,0.0,1.0,84.0,20.0,29.0,5.0,158.0,0.0,154.0,153.0,10346.0,2507.0
C87018,HIGH STREET SURGERY,U,Unallocated,03L,E38000141,0.0,0.0,50.0,3.0,19.0,0.0,105.0,4.0,90.0,64.0,6028.0,1682.0
C87020,GREENSIDE SURGERY,U09529,ROTHERHAM CENTRAL NORTH PCN,03L,E38000141,0.0,0.0,45.0,0.0,14.0,5.0,62.0,0.0,43.0,41.0,3866.0,1243.0
C87022,VILLAGE SURGERY,U87177,ROTHER VALLEY SOUTH PCN,03L,E38000141,0.0,0.0,50.0,11.0,5.0,2.0,100.0,0.0,79.0,79.0,7079.0,1535.0
C87024,RAWMARSH HEALTH CENTRE,U,Unallocated,03L,E38000141,0.0,0.0,13.0,0.0,6.0,0.0,21.0,0.0,15.0,12.0,3641.0,646.0
C87029,MARKET SURGERY,U,Unallocated,03L,E38000141,1.0,0.0,75.0,13.0,2.0,2.0,184.0,2.0,159.0,150.0,10133.0,2454.0
C87030,CROWN STREET SURGERY,U,Unallocated,03L,E38000141,0.0,0.0,99.0,61.0,2.0,3.0,127.0,0.0,91.0,80.0,7179.0,2227.0
C87031,DR RAOLU'S PRACTICE,U01680,MALTBY WICKERSLEY PCN,03L,E38000141,0.0,0.0,33.0,17.0,2.0,1.0,40.0,0.0,33.0,22.0,3080.0,860.0
C87603,GREASBROUGH MEDICAL CENTRE,U09529,ROTHERHAM CENTRAL NORTH PCN,03L,E38000141,0.0,1.0,20.0,1.0,6.0,2.0,44.0,0.0,26.0,12.0,3455.0,613.0
C87604,THORPE HESLEY SURGERY,U88280,RAVEN PCN,03L,E38000141,0.0,0.0,26.0,0.0,0.0,1.0,38.0,0.0,31.0,28.0,4722.0,1235.0
C87608,SHAKESPEARE ROAD SURGERY,U,Unallocated,03L,E38000141,0.0,0.0,21.0,0.0,4.0,3.0,34.0,0.0,30.0,28.0,5460.0,398.0
C87616,BLYTH ROAD MEDICAL CENTRE,U01680,MALTBY WICKERSLEY PCN,03L,E38000141,0.0,0.0,50.0,6.0,3.0,8.0,106.0,1.0,93.0,92.0,5023.0,1389.0
C87620,MANOR FIELD SURGERY,U01680,MALTBY WICKERSLEY PCN,03L,E38000141,1.0,1.0,53.0,3.0,7.0,6.0,109.0,0.0,90.0,90.0,5719.0,1421.0
C87622,GATEWAY PRIMARY CARE,U88280,RAVEN PCN,03L,E38000141,0.0,0.0,42.0,2.0,11.0,7.0,72.0,0.0,70.0,66.0,9225.0,993.0
C88005,WALKLEY HOUSE & STANNINGTON M.C,U26996,CITYVIEW PCN,03N,E38000146,0.0,0.0,72.0,3.0,16.0,3.0,174.0,0.0,143.0,104.0,12655.0,3192.0
C88006,NORFOLK PARK HEALTH CENTRE,U91476,GPA1 PCN,03N,E38000146,0.0,0.0,10.0,0.0,4.0,4.0,28.0,0.0,28.0,21.0,5318.0,709.0
C88007,PORTER BROOK MEDICAL CENTRE,U24972,STUDENT & CENTRAL SHEFFIELD PCN,03N,E38000146,0.0,0.0,24.0,3.0,4.0,4.0,126.0,2.0,64.0,59.0,25708.0,1099.0
C88008,FORGE HEALTH GROUP,U20350,FOUNDRY PCN,03N,E38000146,0.0,0.0,38.0,1.0,14.0,18.0,133.0,0.0,96.0,82.0,12450.0,1630.0
C88009,FOXHILL MEDICAL CENTRE,U93827,NETWORK NORTH PCN,03N,E38000146,0.0,0.0,38.0,5.0,1.0,1.0,53.0,1.0,45.0,20.0,5158.0,1036.0
C88010,CHAPELGREEN PRACTICE,U93827,NETWORK NORTH PCN,03N,E38000146,0.0,0.0,74.0,18.0,26.0,7.0,166.0,3.0,105.0,79.0,10263.0,3915.0
C88011,BUCHANAN ROAD SURGERY,U79313,SAPA 5 PCN,03N,E38000146,0.0,0.0,34.0,1.0,0.0,1.0,57.0,1.0,49.0,39.0,4096.0,669.0
C88014,NORWOOD MEDICAL CENTRE,U79313,SAPA 5 PCN,03N,E38000146,0.0,0.0,47.0,0.0,1.0,1.0,106.0,0.0,82.0,73.0,8152.0,1501.0
C88015,MEADOWGREEN HEALTH CENTRE,U64938,PEAK EDGE PCN,03N,E38000146,0.0,0.0,117.0,13.0,0.0,7.0,151.0,1.0,136.0,84.0,14623.0,4268.0
C88018,TRAMWAYS MEDICAL CENTRE (O'CONNELL),U80633,HILLSBOROUGH PCN,03N,E38000146,0.0,0.0,44.0,7.0,9.0,0.0,66.0,0.0,40.0,32.0,6853.0,1971.0
C88019,GLEADLESS MEDICAL CENTRE,U12376,HEELEY PLUS PCN,03N,E38000146,0.0,0.0,23.0,0.0,8.0,2.0,81.0,0.0,44.0,36.0,7440.0,1205.0
C88020,WHITE HOUSE SURGERY,U91476,GPA1 PCN,03N,E38000146,0.0,0.0,59.0,2.0,4.0,0.0,67.0,2.0,52.0,47.0,6743.0,967.0
C88021,FAR LANE MEDICAL CENTRE,U80633,HILLSBOROUGH PCN,03N,E38000146,0.0,0.0,23.0,0.0,5.0,0.0,51.0,0.0,36.0,30.0,5688.0,1803.0
C88022,STONECROFT MEDICAL CENTRE,U28378,TOWNSHIPS 2 PCN,03N,E38000146,0.0,0.0,33.0,0.0,0.0,1.0,44.0,8.0,26.0,22.0,3840.0,1417.0
C88023,SOTHALL & BEIGHTON HEALTH CENTRES,U62853,TOWNSHIPS 1 PCN,03N,E38000146,0.0,0.0,49.0,5.0,4.0,3.0,62.0,0.0,45.0,22.0,7426.0,2133.0
C88025,BIRLEY HEALTH CENTRE,U62853,TOWNSHIPS 1 PCN,03N,E38000146,0.0,0.0,64.0,5.0,3.0,9.0,159.0,0.0,124.0,99.0,7514.0,1791.0
C88026,SLOAN MEDICAL CENTRE,U64938,PEAK EDGE PCN,03N,E38000146,0.0,0.0,56.0,12.0,0.0,6.0,90.0,0.0,74.0,71.0,11899.0,2013.0
C88027,UPWELL STREET SURGERY,U20350,FOUNDRY PCN,03N,E38000146,0.0,0.0,54.0,30.0,2.0,2.0,93.0,0.0,61.0,53.0,4567.0,579.0
C88028,BROOMHILL SURGERY,U28163,WEST 3 PCN,03N,E38000146,0.0,0.0,27.0,2.0,2.0,1.0,82.0,0.0,68.0,53.0,7795.0,2301.0
C88030,DUKE MEDICAL CENTRE,U91476,GPA1 PCN,03N,E38000146,0.0,0.0,20.0,0.0,3.0,2.0,40.0,0.0,30.0,20.0,7138.0,1112.0
C88031,UPPERTHORPE MEDICAL CENTRE,U26996,CITYVIEW PCN,03N,E38000146,0.0,0.0,55.0,1.0,15.0,3.0,128.0,0.0,95.0,62.0,11412.0,2503.0
C88032,CHARNOCK HEALTH PRIMARY CARE CENTRE,U28378,TOWNSHIPS 2 PCN,03N,E38000146,0.0,0.0,25.0,2.0,1.0,1.0,118.0,0.0,61.0,56.0,4061.0,1534.0
C88034,NETHERGREEN SURGERY,U13245,PORTER VALLEY PCN,03N,E38000146,0.0,0.0,29.0,6.0,3.0,1.0,70.0,0.0,55.0,43.0,6589.0,2517.0
C88035,FIRTH PARK SURGERY,U20350,FOUNDRY PCN,03N,E38000146,0.0,0.0,22.0,0.0,5.0,10.0,74.0,0.0,56.0,51.0,9545.0,1205.0
C88036,HANDSWORTH MEDICAL PRACTICE,U31169,SEVEN HILLS PCN,03N,E38000146,0.0,0.0,48.0,2.0,1.0,1.0,79.0,0.0,55.0,34.0,8668.0,1912.0
C88037,STEEL CITY GENERAL PRACTICE,U64938,PEAK EDGE PCN,03N,E38000146,0.0,0.0,80.0,8.0,3.0,1.0,94.0,0.0,81.0,58.0,11969.0,2431.0
C88038,THE MATHEWS PRACTICE BELGRAVE,U12376,HEELEY PLUS PCN,03N,E38000146,0.0,0.0,3.0,0.0,1.0,1.0,28.0,0.0,0.0,*,4890.0,1098.0
C88039,ECCLESFIELD GROUP PRACT,U93827,NETWORK NORTH PCN,03N,E38000146,0.0,0.0,28.0,2.0,10.0,4.0,132.0,0.0,117.0,107.0,7009.0,1931.0
C88040,OUGHTIBRIDGE SURGERY,U49944,UPPER DON VALLEY PCN,03N,E38000146,0.0,0.0,46.0,12.0,2.0,3.0,52.0,0.0,43.0,31.0,4700.0,1443.0
C88041,WOODSEATS MEDICAL CENTRE,U64938,PEAK EDGE PCN,03N,E38000146,0.0,0.0,59.0,7.0,16.0,6.0,166.0,1.0,121.0,113.0,10380.0,2534.0
C88043,TRAMWAYS AND MIDDLEWOOD MEDICAL CENTRES,U80633,HILLSBOROUGH PCN,03N,E38000146,0.0,0.0,29.0,1.0,3.0,2.0,42.0,0.0,42.0,38.0,9324.0,1659.0
C88044,MANCHESTER ROAD SURGERY,U26996,CITYVIEW PCN,03N,E38000146,0.0,0.0,20.0,5.0,0.0,0.0,31.0,0.0,24.0,9.0,4349.0,1066.0
C88045,DYKES HALL MEDICAL CENTRE,U80633,HILLSBOROUGH PCN,03N,E38000146,0.0,0.0,58.0,3.0,0.0,2.0,66.0,2.0,53.0,39.0,6898.0,1893.0
C88046,BEAUCHIEF MEDICAL PRACTICE,U,Unallocated,03N,E38000146,0.0,0.0,26.0,0.0,0.0,0.0,39.0,0.0,32.0,25.0,5516.0,1395.0
C88047,WINCOBANK MEDICAL CENTRE,U20350,FOUNDRY PCN,03N,E38000146,0.0,0.0,39.0,9.0,4.0,0.0,31.0,0.0,24.0,16.0,6362.0,1300.0
C88048,BURNGREAVE SURGERY,U20350,FOUNDRY PCN,03N,E38000146,0.0,0.0,32.0,2.0,1.0,0.0,23.0,0.0,12.0,11.0,7324.0,750.0
C88049,ELM LANE SURGERY,U79313,SAPA 5 PCN,03N,E38000146,0.0,0.0,22.0,0.0,3.0,1.0,68.0,0.0,47.0,33.0,4726.0,1239.0
C88050,JAUNTY SPRINGS HEALTH CENTRE,U28378,TOWNSHIPS 2 PCN,03N,E38000146,0.0,0.0,21.0,0.0,0.0,0.0,32.0,1.0,29.0,19.0,2579.0,939.0
C88051,PAGE HALL MEDICAL CENTRE,U20350,FOUNDRY PCN,03N,E38000146,0.0,0.0,25.0,1.0,2.0,4.0,68.0,0.0,56.0,47.0,7375.0,603.0
C88052,HOLLIES MEDICAL CENTRE,U13245,PORTER VALLEY PCN,03N,E38000146,0.0,0.0,51.0,3.0,15.0,4.0,125.0,0.0,95.0,83.0,8998.0,1998.0
C88053,FALKLAND HOUSE SURGERY,U13245,PORTER VALLEY PCN,03N,E38000146,0.0,0.0,20.0,0.0,1.0,0.0,29.0,1.0,20.0,18.0,3029.0,943.0
C88054,GRENOSIDE SURGERY,U93827,NETWORK NORTH PCN,03N,E38000146,0.0,0.0,29.0,1.0,14.0,1.0,78.0,2.0,24.0,11.0,6041.0,1736.0
C88059,HAROLD STREET MEDICAL CENTRE,U31169,SEVEN HILLS PCN,03N,E38000146,0.0,0.0,2.0,0.0,0.0,0.0,7.0,0.0,4.0,*,2160.0,373.0
C88060,SHARROW LANE MEDICAL CENTRE,U12376,HEELEY PLUS PCN,03N,E38000146,0.0,0.0,2.0,0.0,0.0,2.0,14.0,0.0,4.0,*,4537.0,440.0
C88062,RUSTLINGS ROAD MEDICAL CENTRE,U13245,PORTER VALLEY PCN,03N,E38000146,0.0,0.0,13.0,0.0,4.0,2.0,31.0,1.0,24.0,22.0,3846.0,736.0
C88069,CLOVER GROUP PRACTICE,U31169,SEVEN HILLS PCN,03N,E38000146,1.0,0.0,45.0,4.0,3.0,7.0,89.0,1.0,55.0,38.0,14634.0,1211.0
C88070,SHIREGREEN MEDICAL CENTRE,U79313,SAPA 5 PCN,03N,E38000146,0.0,0.0,28.0,0.0,9.0,5.0,87.0,1.0,73.0,44.0,6902.0,1025.0
C88072,WOODHOUSE MEDICAL CENTRE,U28378,TOWNSHIPS 2 PCN,03N,E38000146,1.0,0.0,34.0,2.0,1.0,5.0,178.0,10.0,141.0,119.0,9286.0,2643.0
C88073,HEELEY GREEN SURGERY,U12376,HEELEY PLUS PCN,03N,E38000146,0.0,0.0,23.0,1.0,0.0,2.0,65.0,1.0,29.0,18.0,4322.0,912.0
C88074,DEEPCAR MEDICAL CENTRE,U49944,UPPER DON VALLEY PCN,03N,E38000146,0.0,0.0,26.0,8.0,3.0,1.0,48.0,0.0,31.0,13.0,4058.0,1108.0
C88076,DEVONSHIRE GREEN MEDICAL CENTRE,U12376,HEELEY PLUS PCN,03N,E38000146,0.0,0.0,10.0,0.0,1.0,2.0,24.0,0.0,19.0,13.0,8540.0,785.0
C88077,GREEN CROSS GROUP PRACTICE,U79313,SAPA 5 PCN,03N,E38000146,0.0,1.0,31.0,1.0,3.0,0.0,124.0,0.0,112.0,85.0,6632.0,1208.0
C88078,MOSBOROUGH HEALTH CENTRE,U62853,TOWNSHIPS 1 PCN,03N,E38000146,0.0,0.0,30.0,4.0,3.0,2.0,51.0,0.0,39.0,32.0,5542.0,1580.0
C88079,CROOKES PRACTICE,U28163,WEST 3 PCN,03N,E38000146,0.0,0.0,16.0,1.0,0.0,2.0,34.0,0.0,31.0,24.0,7312.0,1078.0
C88082,CARRFIELD MEDICAL CENTRE,U12376,HEELEY PLUS PCN,03N,E38000146,0.0,0.0,1.0,0.0,0.0,0.0,3.0,1.0,2.0,*,6101.0,347.0
C88084,CLOVER NORTH DARNALL HEALTH CENTRE,U31169,SEVEN HILLS PCN,03N,E38000146,0.0,0.0,10.0,3.0,3.0,0.0,7.0,1.0,5.0,*,2676.0,414.0
C88085,RICHMOND MEDICAL CENTRE,U28378,TOWNSHIPS 2 PCN,03N,E38000146,0.0,0.0,60.0,1.0,0.0,5.0,92.0,11.0,62.0,61.0,8130.0,1579.0
C88086,SOUTHEY GREEN MEDICAL CTR,U20350,FOUNDRY PCN,03N,E38000146,0.0,0.0,6.0,0.0,0.0,1.0,16.0,0.0,4.0,*,2211.0,396.0
C88087,DOVERCOURT GROUP PRACTICE,U91476,GPA1 PCN,03N,E38000146,0.0,0.0,48.0,1.0,3.0,4.0,57.0,5.0,44.0,39.0,7954.0,1501.0
C88088,EAST BANK MEDICAL CENTRE,U91476,GPA1 PCN,03N,E38000146,0.0,0.0,23.0,3.0,2.0,2.0,17.0,0.0,17.0,6.0,6788.0,852.0
C88090,MANOR AND PARK GROUP PRACTICE,U91476,GPA1 PCN,03N,E38000146,0.0,0.0,23.0,3.0,2.0,2.0,57.0,1.0,29.0,24.0,6945.0,1086.0
C88091,BARNSLEY ROAD SURGERY,U79313,SAPA 5 PCN,03N,E38000146,0.0,0.0,3.0,0.0,2.0,0.0,12.0,0.0,11.0,5.0,1981.0,341.0
C88092,VALLEY MEDICAL CENTRE,U49944,UPPER DON VALLEY PCN,03N,E38000146,0.0,0.0,77.0,7.0,7.0,0.0,117.0,0.0,87.0,63.0,7009.0,2554.0
C88095,MILL ROAD SURGERY,U93827,NETWORK NORTH PCN,03N,E38000146,0.0,0.0,17.0,0.0,0.0,3.0,73.0,1.0,45.0,33.0,4134.0,1389.0
C88622,SHEFFIELD MEDICAL CENTRE,U20350,FOUNDRY PCN,03N,E38000146,0.0,0.0,9.0,3.0,0.0,0.0,31.0,0.0,21.0,12.0,2773.0,205.0
C88627,UNIVERSITY HEALTH SERVICE HEALTH CENTRE,U39345,UOS STUDENT PCN,03N,E38000146,0.0,0.0,1.0,0.0,0.0,0.0,0.0,0.0,0.0,*,34025.0,0.0
C88631,VERITAS HEALTH CENTRE,U12376,HEELEY PLUS PCN,03N,E38000146,0.0,0.0,1.0,0.0,0.0,1.0,5.0,0.0,0.0,*,1176.0,217.0
C88647,THE THORPE PRACTICE,U62853,TOWNSHIPS 1 PCN,03N,E38000146,0.0,0.0,67.0,8.0,7.0,3.0,126.0,1.0,102.0,91.0,8163.0,2452.0
C88648,CRYSTAL PEAKS MEDICAL CENTRE,U62853,TOWNSHIPS 1 PCN,03N,E38000146,0.0,0.0,50.0,2.0,13.0,6.0,74.0,1.0,46.0,30.0,5278.0,1916.0
C88652,GREYSTONES MEDICAL CENTRE,U13245,PORTER VALLEY PCN,03N,E38000146,0.0,0.0,5.0,0.0,1.0,0.0,18.0,0.0,16.0,15.0,3657.0,555.0
C88655,THE MEDICAL CENTRE DR OKORIE,U31169,SEVEN HILLS PCN,03N,E38000146,0.0,0.0,5.0,1.0,2.0,0.0,0.0,0.0,0.0,*,990.0,161.0
D81001,LENSFIELD MEDICAL PRACTICE,U88254,CAM MEDICAL PCN,06H,E38000260,0.0,0.0,23.0,0.0,0.0,0.0,76.0,0.0,68.0,50.0,12710.0,1579.0
D81002,HUNTINGDON ROAD SURGERY,U24388,CANTAB MEDICAL PRACTICES PCN,06H,E38000260,0.0,0.0,36.0,3.0,3.0,2.0,114.0,1.0,88.0,81.0,20969.0,2839.0
D81003,YORK STREET MEDICAL PRACTICE,U71777,CAMBRIDGE CITY PCN,06H,E38000260,0.0,0.0,7.0,0.0,0.0,1.0,17.0,1.0,13.0,10.0,9545.0,1323.0
D81004,ALCONBURY SURGERY,U89554,A1 NETWORK PCN,06H,E38000260,0.0,0.0,36.0,6.0,12.0,1.0,120.0,1.0,90.0,74.0,11839.0,2837.0
D81005,NEWNHAM WALK SURGERY,U88254,CAM MEDICAL PCN,06H,E38000260,0.0,0.0,15.0,2.0,4.0,0.0,34.0,0.0,26.0,18.0,13534.0,1490.0
D81008,NORTH BRINK PRACTICE,U79015,WISBECH PCN,06H,E38000260,0.0,0.0,102.0,10.0,2.0,7.0,189.0,0.0,76.0,62.0,14653.0,4225.0
D81010,PRIORY FIELDS SURGERY,U,Unallocated,06H,E38000260,0.0,0.0,48.0,16.0,9.0,2.0,111.0,2.0,94.0,81.0,9094.0,2039.0
D81011,CLARKSON SURGERY,U79015,WISBECH PCN,06H,E38000260,0.0,0.0,42.0,11.0,17.0,1.0,100.0,0.0,65.0,59.0,6691.0,2516.0
D81012,CORNFORD HOUSE SURGERY,U65941,CAMBRIDGE CITY 4 PCN,06H,E38000260,0.0,0.0,45.0,1.0,4.0,0.0,127.0,0.0,113.0,110.0,9106.0,2235.0
D81013,TRUMPINGTON STREET MEDICAL PRACTICE,U88254,CAM MEDICAL PCN,06H,E38000260,0.0,0.0,24.0,2.0,2.0,1.0,36.0,1.0,29.0,25.0,19680.0,1352.0
D81014,STAPLOE MEDICAL CENTRE,U16004,ELY SOUTH PCN,06H,E38000260,0.0,0.0,82.0,37.0,1.0,5.0,163.0,3.0,110.0,88.0,19856.0,3865.0
D81015,PARSON DROVE SURGERY,U79015,WISBECH PCN,06H,E38000260,1.0,0.0,37.0,14.0,11.0,1.0,42.0,0.0,20.0,17.0,5100.0,1920.0
D81016,ARBURY ROAD SURGERY,U71777,CAMBRIDGE CITY PCN,06H,E38000260,0.0,0.0,26.0,4.0,3.0,2.0,56.0,0.0,30.0,28.0,11059.0,1515.0
D81017,MILL ROAD SURGERY,U65941,CAMBRIDGE CITY 4 PCN,06H,E38000260,0.0,0.0,17.0,7.0,0.0,1.0,78.0,0.0,58.0,56.0,8429.0,818.0
D81018,"ORCHARD SURGERY,MELBOURN",U19471,MERIDIAN PCN,06H,E38000260,0.0,0.0,14.0,4.0,2.0,2.0,63.0,0.0,35.0,29.0,6373.0,1906.0
D81021,ST. GEORGE'S MEDICAL CENTRE,U30123,ELY NORTH PCN,06H,E38000260,0.0,0.0,33.0,2.0,4.0,2.0,133.0,0.0,81.0,69.0,10610.0,2405.0
D81022,JENNER HEALTHCARE,U85953,PETERBOROUGH & EAST PCN,06H,E38000260,0.0,0.0,50.0,6.0,18.0,5.0,180.0,0.0,152.0,133.0,13271.0,4191.0
D81023,PASTON HEALTH CENTRE,U11694,BMC PCN,06H,E38000260,0.0,0.0,25.0,3.0,5.0,8.0,86.0,0.0,61.0,36.0,11679.0,2094.0
D81025,CHERRY HINTON MEDICAL CENTRE,U65941,CAMBRIDGE CITY 4 PCN,06H,E38000260,0.0,0.0,12.0,1.0,1.0,1.0,47.0,0.0,34.0,32.0,7777.0,1494.0
D81026,BOROUGHBURY MEDICAL CENTRE,U11694,BMC PCN,06H,E38000260,0.0,0.0,83.0,7.0,12.0,17.0,412.0,0.0,259.0,177.0,40070.0,7911.0
D81027,WELLSIDE SURGERY,U89554,A1 NETWORK PCN,06H,E38000260,1.0,0.0,44.0,0.0,2.0,0.0,47.0,0.0,36.0,28.0,6418.0,1647.0
D81028,FIRS HOUSE SURGERY,U09738,CAMBRIDGE NORTH VILLAGES PCN,06H,E38000260,0.0,0.0,20.0,4.0,2.0,6.0,192.0,0.0,135.0,85.0,10083.0,3002.0
D81029,OLD FLETTON SURGERY,U,Unallocated,06H,E38000260,0.0,0.0,67.0,8.0,28.0,7.0,76.0,5.0,62.0,51.0,11025.0,2390.0
D81030,GROVE MEDICAL PRACTICE,U63072,ST IVES PCN,06H,E38000260,1.0,0.0,85.0,15.0,31.0,0.0,121.0,1.0,86.0,41.0,11185.0,3914.0
D81031,YAXLEY GROUP PRACTICE,U,Unallocated,06H,E38000260,0.0,0.0,84.0,8.0,26.0,2.0,120.0,0.0,78.0,70.0,17302.0,3473.0
D81033,OVER SURGERY,U09738,CAMBRIDGE NORTH VILLAGES PCN,06H,E38000260,0.0,0.0,21.0,1.0,0.0,1.0,34.0,0.0,23.0,19.0,3858.0,1145.0
D81034,ST MARY'S SURGERY,U30123,ELY NORTH PCN,06H,E38000260,0.0,0.0,105.0,65.0,40.0,0.0,182.0,0.0,134.0,71.0,14441.0,4459.0
D81035,COMBERTON SURGERY,U19471,MERIDIAN PCN,06H,E38000260,0.0,0.0,35.0,2.0,6.0,2.0,85.0,0.0,64.0,15.0,7745.0,2304.0
D81036,PRIORS FIELD SURGERY,U30123,ELY NORTH PCN,06H,E38000260,0.0,0.0,18.0,5.0,4.0,0.0,39.0,0.0,35.0,25.0,3945.0,1177.0
D81037,BRIDGE STREET MEDICAL CENTRE,U24388,CANTAB MEDICAL PRACTICES PCN,06H,E38000260,0.0,0.0,6.0,0.0,1.0,0.0,13.0,0.0,11.0,*,10639.0,838.0
D81038,KIMBOLTON MEDICAL CENTRE,U89554,A1 NETWORK PCN,06H,E38000260,0.0,0.0,22.0,3.0,11.0,1.0,61.0,0.0,43.0,43.0,5338.0,1988.0
D81041,BOURN SURGERY,U19471,MERIDIAN PCN,06H,E38000260,0.0,0.0,16.0,1.0,4.0,1.0,44.0,0.0,39.0,34.0,5425.0,1479.0
D81042,WATERBEACH AND COTTENHAM SURGERIES,U09738,CAMBRIDGE NORTH VILLAGES PCN,06H,E38000260,0.0,0.0,26.0,2.0,5.0,3.0,114.0,9.0,75.0,58.0,8031.0,1618.0
D81043,GRANTA MEDICAL PRACTICES,U83524,GRANTA PCN,06H,E38000260,0.0,0.0,267.0,24.0,25.0,7.0,458.0,40.0,307.0,243.0,45373.0,13386.0
D81044,NUFFIELD ROAD MEDICAL CENTRE,U71777,CAMBRIDGE CITY PCN,06H,E38000260,0.0,0.0,54.0,8.0,1.0,6.0,202.0,0.0,151.0,146.0,11927.0,2013.0
D81045,BUCKDEN SURGERY,U89554,A1 NETWORK PCN,06H,E38000260,0.0,0.0,27.0,0.0,0.0,3.0,94.0,1.0,77.0,54.0,7933.0,2585.0
D81046,NEW QUEEN STREET SURGERY,U,Unallocated,06H,E38000260,0.0,0.0,157.0,107.0,23.0,4.0,127.0,10.0,103.0,86.0,16041.0,3345.0
D81047,ASHWELL SURGERY,U82047,ICKNIELD PCN,06K,E38000049,0.0,0.0,55.0,3.0,5.0,2.0,50.0,0.0,40.0,31.0,6087.0,2002.0
D81049,SPINNEY SURGERY,U63072,ST IVES PCN,06H,E38000260,0.0,0.0,47.0,1.0,2.0,2.0,72.0,0.0,58.0,47.0,9228.0,2569.0
D81050,THE HICKS GROUP PRACTICE,U,Unallocated,06H,E38000260,0.0,0.0,46.0,4.0,7.0,3.0,138.0,1.0,107.0,87.0,13989.0,3171.0
D81051,BURWELL SURGERY,U16004,ELY SOUTH PCN,06H,E38000260,0.0,0.0,67.0,1.0,7.0,0.0,57.0,1.0,49.0,44.0,7516.0,2205.0
D81052,CORNERSTONE PRACTICE,U66904,FENLAND PCN,06H,E38000260,1.0,0.0,83.0,23.0,2.0,2.0,109.0,0.0,97.0,61.0,7078.0,2515.0
D81054,RED HOUSE SURGERY,U24388,CANTAB MEDICAL PRACTICES PCN,06H,E38000260,0.0,0.0,17.0,0.0,1.0,2.0,60.0,1.0,16.0,12.0,18914.0,1838.0
D81055,BOTTISHAM MEDICAL PRACTICE,U71777,CAMBRIDGE CITY PCN,06H,E38000260,0.0,0.0,38.0,1.0,0.0,3.0,139.0,0.0,109.0,101.0,4254.0,1592.0
D81056,PETERSFIELD MEDICAL PRACTICE,U65941,CAMBRIDGE CITY 4 PCN,06H,E38000260,0.0,0.0,6.0,0.0,2.0,0.0,22.0,0.0,20.0,17.0,6375.0,653.0
D81057,LAKESIDE HEALTHCARE ST NEOTS,U20640,ST NEOTS PCN,06H,E38000260,0.0,0.0,89.0,14.0,19.0,0.0,223.0,2.0,162.0,143.0,16488.0,4451.0
D81059,RAMSEY HEALTH CENTRE,U66904,FENLAND PCN,06H,E38000260,0.0,0.0,27.0,2.0,6.0,2.0,67.0,0.0,60.0,45.0,5903.0,1804.0
D81060,MOAT HOUSE SURGERY,U63072,ST IVES PCN,06H,E38000260,0.0,0.0,12.0,1.0,2.0,3.0,58.0,0.0,49.0,39.0,5617.0,1934.0
D81061,GEORGE CLARE SURGERY,U55369,SOUTH FENLAND PCN,06H,E38000260,0.0,0.0,73.0,6.0,5.0,0.0,114.0,0.0,60.0,59.0,9437.0,2593.0
D81062,HADDENHAM SURGERY,U16004,ELY SOUTH PCN,06H,E38000260,0.0,0.0,42.0,10.0,1.0,0.0,49.0,0.0,39.0,28.0,6214.0,1929.0
D81064,MERCHEFORD HOUSE,U66904,FENLAND PCN,06H,E38000260,0.0,0.0,10.0,2.0,1.0,3.0,85.0,0.0,78.0,64.0,5154.0,1913.0
D81065,NIGHTINGALE MEDICAL CENTRE,U13771,PETERBOROUGH PARTNERSHIPS PCN,06H,E38000260,0.0,0.0,15.0,3.0,3.0,2.0,17.0,0.0,12.0,9.0,6566.0,605.0
D81066,QUEEN EDITH MEDICAL PRACTICE,U65941,CAMBRIDGE CITY 4 PCN,06H,E38000260,0.0,0.0,24.0,4.0,1.0,5.0,70.0,0.0,59.0,46.0,9199.0,1559.0
D81070,WOODLANDS SURGERY,U65941,CAMBRIDGE CITY 4 PCN,06H,E38000260,0.0,0.0,9.0,2.0,1.0,0.0,12.0,0.0,11.0,6.0,10426.0,791.0
D81073,WESTWOOD CLINIC,U13771,PETERBOROUGH PARTNERSHIPS PCN,06H,E38000260,0.0,0.0,25.0,14.0,3.0,2.0,34.0,0.0,32.0,30.0,5097.0,664.0
D81078,MAPLE SURGERY BAR HILL HEALTH CENTRE,U09738,CAMBRIDGE NORTH VILLAGES PCN,06H,E38000260,0.0,0.0,15.0,5.0,3.0,0.0,8.0,0.0,8.0,8.0,3399.0,733.0
D81081,GREAT STAUGHTON SURGERY,U20640,ST NEOTS PCN,06H,E38000260,0.0,0.0,24.0,1.0,6.0,1.0,31.0,1.0,26.0,26.0,3881.0,1513.0
D81082,ALMOND ROAD SURGERY,U89554,A1 NETWORK PCN,06H,E38000260,0.0,0.0,24.0,5.0,6.0,4.0,62.0,0.0,41.0,31.0,6435.0,1535.0
D81084,WILLINGHAM MEDICAL PRACTICE,U09738,CAMBRIDGE NORTH VILLAGES PCN,06H,E38000260,0.0,0.0,29.0,3.0,1.0,1.0,34.0,0.0,19.0,14.0,10800.0,1597.0
D81085,PAPWORTH SURGERY,U,Unallocated,06H,E38000260,0.0,0.0,26.0,6.0,5.0,2.0,38.0,0.0,30.0,29.0,6136.0,1348.0
D81086,EAST BARNWELL HEALTH CENTRE,U71777,CAMBRIDGE CITY PCN,06H,E38000260,0.0,0.0,22.0,7.0,1.0,0.0,26.0,0.0,15.0,14.0,6866.0,1046.0
D81603,RIVERSIDE PRACTICE,U66904,FENLAND PCN,06H,E38000260,0.0,0.0,70.0,52.0,11.0,1.0,62.0,1.0,59.0,53.0,5894.0,1590.0
D81606,RIVERPORT MEDICAL PRACTICE,U63072,ST IVES PCN,06H,E38000260,0.0,0.0,39.0,3.0,9.0,0.0,101.0,2.0,79.0,72.0,10470.0,2984.0
D81607,SWAVESEY SURGERY,U09738,CAMBRIDGE NORTH VILLAGES PCN,06H,E38000260,0.0,0.0,12.0,0.0,0.0,1.0,11.0,1.0,4.0,*,2948.0,642.0
D81611,FENLAND GROUP PRACTICE,U55369,SOUTH FENLAND PCN,06H,E38000260,0.0,0.0,51.0,15.0,23.0,3.0,100.0,0.0,84.0,75.0,10539.0,3054.0
D81612,MILTON SURGERY,U09738,CAMBRIDGE NORTH VILLAGES PCN,06H,E38000260,0.0,0.0,24.0,2.0,7.0,1.0,25.0,0.0,25.0,22.0,4029.0,966.0
D81615,THORPE ROAD,U89134,CENTRAL THISTLEMOOR & THORPE PCN,06H,E38000260,0.0,0.0,11.0,2.0,5.0,9.0,100.0,2.0,79.0,71.0,10117.0,1535.0
D81618,AILSWORTH MEDICAL CENTRE,U13771,PETERBOROUGH PARTNERSHIPS PCN,06H,E38000260,0.0,0.0,6.0,0.0,2.0,0.0,9.0,0.0,7.0,6.0,2823.0,577.0
D81622,TRINITY SURGERY,U79015,WISBECH PCN,06H,E38000260,0.0,0.0,15.0,2.0,2.0,6.0,136.0,0.0,136.0,129.0,12644.0,2091.0
D81625,THISTLEMOOR MEDICAL CENTRE,U89134,CENTRAL THISTLEMOOR & THORPE PCN,06H,E38000260,0.0,0.0,122.0,67.0,30.0,7.0,56.0,0.0,38.0,30.0,30231.0,2216.0
D81629,WILLOW TREE SURGERY,U13771,PETERBOROUGH PARTNERSHIPS PCN,06H,E38000260,0.0,0.0,11.0,2.0,2.0,1.0,44.0,0.0,35.0,34.0,5530.0,966.0
D81630,HAMPTON MEDICAL CENTRE,U81217,BRETTON PARK & HAMPTON PCN,06H,E38000260,0.0,0.0,12.0,0.0,2.0,1.0,128.0,0.0,110.0,109.0,12256.0,876.0
D81631,CENTRAL MEDICAL CENTRE,U89134,CENTRAL THISTLEMOOR & THORPE PCN,06H,E38000260,0.0,0.0,38.0,9.0,2.0,1.0,24.0,0.0,22.0,22.0,14376.0,809.0
D81633,ACORN SURGERY,U,Unallocated,06H,E38000260,0.0,0.0,34.0,2.0,0.0,5.0,103.0,0.0,95.0,91.0,10167.0,1180.0
D81637,MONKFIELD MEDICAL PRACTICE,U19471,MERIDIAN PCN,06H,E38000260,0.0,0.0,17.0,2.0,0.0,2.0,17.0,0.0,8.0,*,13301.0,881.0
D81645,THE GRANGE MEDICAL CENTRE,U13771,PETERBOROUGH PARTNERSHIPS PCN,06H,E38000260,0.0,0.0,3.0,0.0,0.0,0.0,11.0,0.0,10.0,10.0,2433.0,321.0
D82001,HOLT MEDICAL PRACTICE,U,Unallocated,26A,E38000239,0.0,0.0,92.0,0.0,2.0,8.0,200.0,0.0,171.0,124.0,8782.0,5480.0
D82002,GROVE SURGERY,U31420,BRECKLAND SURGERIES PCN,26A,E38000239,0.0,0.0,23.0,2.0,2.0,0.0,61.0,0.0,38.0,37.0,10117.0,2298.0
D82003,BEACHES MEDICAL CENTRE,U36042,GORLESTON PCN,26A,E38000239,0.0,0.0,130.0,32.0,72.0,5.0,296.0,0.0,258.0,219.0,19094.0,5729.0
D82004,CROMER GROUP PRACTICE,U,Unallocated,26A,E38000239,0.0,0.0,109.0,0.0,10.0,7.0,205.0,0.0,147.0,144.0,7494.0,4562.0
D82005,SHERINGHAM MEDICAL PRACTICE,U,Unallocated,26A,E38000239,3.0,0.0,85.0,4.0,33.0,1.0,188.0,35.0,84.0,60.0,5359.0,4016.0
D82006,CHET VALLEY MEDICAL PRACTICE,U05433,SOUTH NORFOLK HIP PCN,26A,E38000239,0.0,0.0,31.0,7.0,4.0,2.0,83.0,2.0,55.0,51.0,6320.0,2582.0
D82007,EAST NORFOLK MEDICAL PRACTICE,U72706,GREAT YARMOUTH & NORTHERN VILLAGES PCN,26A,E38000239,0.0,0.0,107.0,28.0,48.0,7.0,220.0,2.0,186.0,169.0,20177.0,4956.0
D82008,ST STEPHENS GATE MEDICAL PARTNERSHIP,U55887,CENTRAL NORWICH PCN,26A,E38000239,0.0,0.0,101.0,7.0,1.0,6.0,149.0,0.0,107.0,68.0,15199.0,3948.0
D82009,STALHAM STAITHE SURGERY,U,Unallocated,26A,E38000239,0.0,0.0,35.0,0.0,6.0,3.0,85.0,0.0,60.0,52.0,4591.0,2515.0
D82010,GRIMSTON MEDICAL CENTRE,U10602,WEST NORFOLK COASTAL PCN,26A,E38000239,0.0,0.0,36.0,2.0,0.0,1.0,45.0,0.0,36.0,36.0,3628.0,1681.0
D82011,CASTLE PARTNERSHIP,U55887,CENTRAL NORWICH PCN,26A,E38000239,0.0,0.0,74.0,18.0,24.0,1.0,207.0,2.0,157.0,121.0,13916.0,3781.0
D82012,MAGDALEN MEDICAL PRACTICE,U19864,NORWICH NORTH PCN,26A,E38000239,0.0,0.0,68.0,7.0,15.0,4.0,128.0,1.0,109.0,92.0,11827.0,2839.0
D82013,OLD CATTON MEDICAL PRACTICE,U,Unallocated,26A,E38000239,0.0,0.0,39.0,1.0,5.0,2.0,69.0,0.0,64.0,53.0,7166.0,1651.0
D82015,BRIDGE STREET SURGERY,U10555,SWAFFHAM & DOWNHAM MARKET PCN,26A,E38000239,0.0,0.0,164.0,95.0,14.0,3.0,135.0,0.0,123.0,95.0,5743.0,2673.0
D82016,MARKET SURGERY,U,Unallocated,26A,E38000239,0.0,0.0,45.0,13.0,13.0,7.0,147.0,1.0,121.0,103.0,6971.0,3072.0
D82017,TRINITY & BOWTHORPE MEDICAL PRACTICE,U00000,WEST NORWICH PCN,26A,E38000239,0.0,0.0,28.0,1.0,3.0,3.0,62.0,0.0,47.0,43.0,9422.0,1855.0
D82018,HELLESDON MEDICAL PRACTICE,U,Unallocated,26A,E38000239,0.0,0.0,45.0,3.0,12.0,3.0,153.0,0.0,110.0,78.0,8260.0,2899.0
D82019,THE MILLWOOD PARTNERSHIP,U36042,GORLESTON PCN,26A,E38000239,0.0,0.0,89.0,7.0,45.0,8.0,243.0,2.0,205.0,155.0,14185.0,5256.0
D82020,ORCHARD SURGERY,U73212,MID NORFOLK PCN,26A,E38000239,0.0,0.0,33.0,9.0,1.0,3.0,180.0,0.0,129.0,123.0,9949.0,3059.0
D82022,LAWNS PRACTICE,U05433,SOUTH NORFOLK HIP PCN,26A,E38000239,0.0,0.0,36.0,15.0,16.0,0.0,76.0,0.0,52.0,46.0,5136.0,2042.0
D82023,ROUNDWELL MEDICAL CENTRE,U00000,WEST NORWICH PCN,26A,E38000239,0.0,0.0,30.0,2.0,1.0,1.0,75.0,0.0,57.0,56.0,12627.0,2416.0
D82024,MARRIOTT'S MEDICAL PRACTICES,U00000,WEST NORWICH PCN,26A,E38000239,1.0,0.0,62.0,7.0,6.0,10.0,206.0,6.0,152.0,150.0,10289.0,2790.0
D82025,HOVETON & WROXHAM MEDICAL CENTRE,U,Unallocated,26A,E38000239,0.0,0.0,13.0,1.0,0.0,2.0,158.0,0.0,56.0,51.0,6791.0,3386.0
D82026,LAKENHAM SURGERY,U55887,CENTRAL NORWICH PCN,26A,E38000239,0.0,0.0,41.0,6.0,5.0,1.0,47.0,2.0,34.0,33.0,6980.0,1735.0
D82027,HEACHAM GROUP PRACTICE,U10602,WEST NORFOLK COASTAL PCN,26A,E38000239,0.0,0.0,36.0,3.0,1.0,2.0,164.0,0.0,112.0,104.0,4393.0,3216.0
D82028,LUDHAM AND STALHAM GREEN SURGERIES,U,Unallocated,26A,E38000239,0.0,0.0,19.0,4.0,1.0,0.0,86.0,1.0,39.0,17.0,3677.0,2238.0
D82029,DRAYTON MEDICAL PRACTICE,U,Unallocated,26A,E38000239,0.0,0.0,36.0,5.0,5.0,5.0,266.0,4.0,204.0,151.0,14511.0,4789.0
D82030,REEPHAM & AYLSHAM MEDICAL PRACTICE,U,Unallocated,26A,E38000239,0.0,0.0,60.0,6.0,16.0,6.0,116.0,2.0,109.0,99.0,6154.0,2779.0
D82031,PARISH FIELDS PRACTICE,U05433,SOUTH NORFOLK HIP PCN,26A,E38000239,0.0,0.0,40.0,16.0,13.0,4.0,88.0,0.0,69.0,50.0,5857.0,2286.0
D82032,BRUNDALL MEDICAL PARTNERSHIP,U,Unallocated,26A,E38000239,0.0,0.0,21.0,2.0,5.0,3.0,136.0,0.0,99.0,97.0,6028.0,2413.0
D82034,ATTLEBOROUGH SURGERY,U05433,SOUTH NORFOLK HIP PCN,26A,E38000239,0.0,0.0,71.0,20.0,31.0,8.0,203.0,2.0,124.0,68.0,14539.0,4438.0
D82035,UPWELL HEALTH CENTRE,U13032,FENS & BRECKS PCN,26A,E38000239,0.0,0.0,27.0,3.0,7.0,3.0,79.0,1.0,54.0,46.0,7916.0,3012.0
D82036,OLD MILL AND MILLGATES MEDICAL PRACTICE,U05433,SOUTH NORFOLK HIP PCN,26A,E38000239,0.0,0.0,25.0,0.0,6.0,6.0,102.0,0.0,90.0,48.0,6478.0,2508.0
D82037,LONG STRATTON MEDICAL PARTNERSHIP,U05433,SOUTH NORFOLK HIP PCN,26A,E38000239,0.0,0.0,20.0,4.0,2.0,1.0,115.0,0.0,75.0,51.0,8265.0,2935.0
D82038,WELLS HEALTH CENTRE,U10602,WEST NORFOLK COASTAL PCN,26A,E38000239,0.0,0.0,26.0,2.0,10.0,0.0,68.0,0.0,63.0,58.0,2125.0,1174.0
D82039,MATTISHALL AND LENWADE SURGERIES,U73212,MID NORFOLK PCN,26A,E38000239,0.0,0.0,30.0,8.0,6.0,5.0,144.0,2.0,123.0,116.0,6029.0,2608.0
D82040,WENSUM VALLEY MEDICAL PRACTICE,U00000,WEST NORWICH PCN,26A,E38000239,0.0,0.0,26.0,2.0,4.0,0.0,50.0,0.0,36.0,27.0,11535.0,1572.0
D82041,SCHOOL LANE SURGERY,U31420,BRECKLAND SURGERIES PCN,26A,E38000239,0.0,0.0,65.0,18.0,16.0,0.0,57.0,0.0,54.0,39.0,8022.0,2006.0
D82042,E HARLING & KENNINGHALL MEDICAL PRACTICE,U,Unallocated,26A,E38000239,0.0,0.0,25.0,1.0,9.0,3.0,72.0,0.0,48.0,43.0,6265.0,2387.0
D82043,WATLINGTON MEDICAL CENTRE,U13032,FENS & BRECKS PCN,26A,E38000239,0.0,0.0,21.0,0.0,0.0,2.0,41.0,0.0,26.0,17.0,4875.0,1854.0
D82044,VIDA HEALTHCARE,U48652,KINGS LYNN PCN,26A,E38000239,1.0,0.0,395.0,3.0,20.0,6.0,390.0,0.0,298.0,281.0,21536.0,8486.0
D82045,WYMONDHAM MEDICAL PARTNERSHIP,U,Unallocated,26A,E38000239,0.0,1.0,118.0,11.0,6.0,5.0,183.0,0.0,125.0,106.0,14872.0,4571.0
D82046,CHURCH HILL SURGERY,U05433,SOUTH NORFOLK HIP PCN,26A,E38000239,0.0,0.0,36.0,0.0,16.0,3.0,54.0,1.0,46.0,45.0,3106.0,1389.0
D82047,OAK STREET MEDICAL PRACT.,U19864,NORWICH NORTH PCN,26A,E38000239,0.0,0.0,19.0,1.0,0.0,0.0,37.0,0.0,28.0,19.0,5299.0,1385.0
D82048,THORPEWOOD MEDICAL GROUP,U,Unallocated,26A,E38000239,0.0,0.0,49.0,0.0,2.0,2.0,135.0,0.0,110.0,95.0,9847.0,2666.0
D82049,LITCHAM HEALTH CENTRE,U10555,SWAFFHAM & DOWNHAM MARKET PCN,26A,E38000239,0.0,0.0,19.0,2.0,0.0,0.0,17.0,0.0,16.0,6.0,2442.0,1055.0
D82050,THEATRE ROYAL SURGERY,U73212,MID NORFOLK PCN,26A,E38000239,0.0,0.0,68.0,2.0,6.0,5.0,175.0,1.0,123.0,90.0,8028.0,2913.0
D82051,ST JAMES MEDICAL PRACTICE,U48652,KINGS LYNN PCN,26A,E38000239,1.0,0.0,59.0,16.0,12.0,5.0,154.0,1.0,115.0,88.0,14548.0,3882.0
D82053,MUNDESLEY MEDICAL CENTRE,U,Unallocated,26A,E38000239,0.0,0.0,90.0,86.0,27.0,7.0,118.0,0.0,85.0,43.0,3573.0,2203.0
D82054,FAKENHAM MEDICAL PRACTICE,U,Unallocated,26A,E38000239,0.0,0.0,109.0,52.0,30.0,8.0,204.0,3.0,171.0,166.0,10699.0,4874.0
D82056,ELMHAM SURGERY,U73212,MID NORFOLK PCN,26A,E38000239,0.0,1.0,38.0,5.0,3.0,0.0,196.0,3.0,137.0,132.0,6848.0,3132.0
D82057,CAMPINGLAND SURGERY,U10555,SWAFFHAM & DOWNHAM MARKET PCN,26A,E38000239,0.0,0.0,63.0,9.0,2.0,2.0,125.0,0.0,91.0,68.0,4672.0,2470.0
D82058,COASTAL VILLAGES PRACTICE,U72706,GREAT YARMOUTH & NORTHERN VILLAGES PCN,26A,E38000239,0.0,0.0,110.0,14.0,42.0,8.0,283.0,0.0,257.0,183.0,11327.0,6120.0
D82059,BIRCHWOOD MEDICAL PRACTICE,U,Unallocated,26A,E38000239,0.0,0.0,64.0,2.0,20.0,6.0,164.0,1.0,97.0,83.0,8272.0,3701.0
D82060,BACON ROAD MEDICAL CENTRE,U00000,WEST NORWICH PCN,26A,E38000239,0.0,0.0,1.0,0.0,0.0,2.0,73.0,1.0,57.0,*,4112.0,943.0
D82062,COLTISHALL MEDICAL PRACTICE,U,Unallocated,26A,E38000239,0.0,0.0,22.0,6.0,1.0,2.0,120.0,1.0,67.0,43.0,6304.0,2525.0
D82063,WATTON MEDICAL PRACTICE,U31420,BRECKLAND SURGERIES PCN,26A,E38000239,0.0,0.0,57.0,17.0,30.0,9.0,191.0,1.0,167.0,148.0,10583.0,3544.0
D82064,HUMBLEYARD PRACTICE,U,Unallocated,26A,E38000239,0.0,0.0,93.0,13.0,22.0,1.0,160.0,1.0,134.0,114.0,17612.0,4938.0
D82065,MANOR FARM MEDICAL CENTRE,U10555,SWAFFHAM & DOWNHAM MARKET PCN,26A,E38000239,3.0,2.0,146.0,69.0,5.0,3.0,82.0,2.0,68.0,48.0,5396.0,2484.0
D82066,PASTON SURGERY,U,Unallocated,26A,E38000239,0.0,0.0,54.0,7.0,2.0,2.0,112.0,0.0,89.0,77.0,4480.0,2181.0
D82067,THE PARK SURGERY,U72706,GREAT YARMOUTH & NORTHERN VILLAGES PCN,26A,E38000239,0.0,0.0,71.0,5.0,24.0,8.0,97.0,2.0,84.0,69.0,12525.0,2639.0
D82068,HOWDALE SURGERY,U10555,SWAFFHAM & DOWNHAM MARKET PCN,26A,E38000239,0.0,0.0,106.0,40.0,5.0,2.0,89.0,0.0,73.0,42.0,5641.0,2268.0
D82070,GREAT MASSINGHAM SURGERY,U10602,WEST NORFOLK COASTAL PCN,26A,E38000239,0.0,0.0,18.0,2.0,0.0,0.0,63.0,0.0,56.0,40.0,4512.0,1952.0
D82071,EAST NORWICH MEDICAL PARTNERSHIP,U,Unallocated,26A,E38000239,0.0,0.0,56.0,12.0,10.0,3.0,160.0,0.0,123.0,94.0,10480.0,3540.0
D82072,BURNHAM SURGERY,U10602,WEST NORFOLK COASTAL PCN,26A,E38000239,0.0,0.0,39.0,1.0,18.0,0.0,35.0,0.0,34.0,30.0,2403.0,1533.0
D82073,THE LIONWOOD MEDICAL PRACTICE,U,Unallocated,26A,E38000239,2.0,0.0,105.0,37.0,28.0,3.0,147.0,3.0,103.0,62.0,12653.0,2622.0
D82076,LAWSON ROAD SURGERY,U19864,NORWICH NORTH PCN,26A,E38000239,0.0,0.0,43.0,9.0,8.0,0.0,91.0,1.0,68.0,53.0,7128.0,1642.0
D82078,HEATHGATE MEDICAL PRACTICE,U05433,SOUTH NORFOLK HIP PCN,26A,E38000239,0.0,0.0,9.0,1.0,0.0,1.0,95.0,0.0,70.0,47.0,7346.0,2680.0
D82079,FELTWELL SURGERY,U13032,FENS & BRECKS PCN,26A,E38000239,0.0,0.0,10.0,6.0,2.0,0.0,71.0,1.0,50.0,45.0,4102.0,1481.0
D82080,BLOFIELD SURGERY,U,Unallocated,26A,E38000239,0.0,0.0,43.0,4.0,8.0,5.0,164.0,1.0,92.0,83.0,6692.0,2234.0
D82084,HARLESTON MEDICAL PRACTICE,U05433,SOUTH NORFOLK HIP PCN,26A,E38000239,0.0,0.0,3.0,0.0,0.0,2.0,70.0,1.0,27.0,27.0,5437.0,2651.0
D82085,HINGHAM SURGERY,U,Unallocated,26A,E38000239,0.0,2.0,43.0,3.0,5.0,1.0,62.0,0.0,62.0,46.0,5766.0,2280.0
D82087,PROSPECT MEDICAL PRACTICE,U,Unallocated,26A,E38000239,0.0,0.0,34.0,5.0,2.0,6.0,37.0,0.0,32.0,32.0,6013.0,813.0
D82088,UEA MEDICAL CENTRE,U55887,CENTRAL NORWICH PCN,26A,E38000239,0.0,0.0,6.0,0.0,3.0,0.0,3.0,0.0,3.0,*,20206.0,223.0
D82096,WOODCOCK RD SURGERY,U,Unallocated,26A,E38000239,0.0,0.0,13.0,0.0,0.0,3.0,36.0,0.0,28.0,20.0,7313.0,1052.0
D82099,SOUTHGATES SURGICAL & MEDICAL CENTRE,U48652,KINGS LYNN PCN,26A,E38000239,0.0,0.0,36.0,8.0,7.0,3.0,82.0,0.0,58.0,26.0,14479.0,2537.0
D82100,SHIPDHAM SURGERY,U73212,MID NORFOLK PCN,26A,E38000239,0.0,0.0,17.0,0.0,6.0,0.0,64.0,0.0,52.0,47.0,3223.0,1369.0
D82104,ACLE MEDICAL PARTNERSHIP,U,Unallocated,26A,E38000239,0.0,0.0,26.0,2.0,1.0,7.0,114.0,0.0,70.0,46.0,6682.0,2827.0
D82105,ST CLEMENTS SURGERY,U13032,FENS & BRECKS PCN,26A,E38000239,0.0,0.0,12.0,0.0,2.0,4.0,70.0,0.0,69.0,57.0,5843.0,1913.0
D82106,WEST POTTERGATE MED PRAC,U55887,CENTRAL NORWICH PCN,26A,E38000239,0.0,2.0,27.0,12.0,3.0,2.0,56.0,1.0,35.0,31.0,5055.0,917.0
D82600,FLEGGBURGH SURGERY,U72706,GREAT YARMOUTH & NORTHERN VILLAGES PCN,26A,E38000239,0.0,0.0,12.0,1.0,0.0,0.0,9.0,0.0,9.0,8.0,1290.0,685.0
D82604,BOUGHTON SURGERY,U13032,FENS & BRECKS PCN,26A,E38000239,0.0,0.0,13.0,1.0,1.0,0.0,23.0,0.0,21.0,8.0,2537.0,1031.0
D82618,THE WOOTTONS SURGERY,U48652,KINGS LYNN PCN,26A,E38000239,0.0,0.0,18.0,3.0,1.0,1.0,68.0,0.0,65.0,45.0,4272.0,1448.0
D82621,PLOWRIGHT MEDICAL CENTRE,U10555,SWAFFHAM & DOWNHAM MARKET PCN,26A,E38000239,0.0,0.0,95.0,63.0,5.0,0.0,85.0,0.0,67.0,60.0,4759.0,2195.0
D82624,WINDMILL SURGERY,U,Unallocated,26A,E38000239,0.0,0.0,31.0,2.0,11.0,3.0,74.0,0.0,72.0,50.0,7135.0,1584.0
D82628,ALDBOROUGH SURGERY,U,Unallocated,26A,E38000239,0.0,0.0,25.0,1.0,3.0,1.0,45.0,0.0,26.0,26.0,2716.0,1383.0
D83001,CONSTABLE COUNTRY RURAL MEDICAL PRACTICE,U49615,SOUTH RURAL PCN,06L,E38000086,0.0,0.0,69.0,2.0,31.0,0.0,86.0,0.0,59.0,44.0,8090.0,3111.0
D83002,ALEXANDRA & CRESTVIEW SURGERIES,U59961,LOWESTOFT PCN,26A,E38000239,0.0,0.0,61.0,11.0,19.0,5.0,98.0,0.0,53.0,50.0,12065.0,3369.0
D83003,WICKHAMBROOK SURGERY,U39025,WEST SUFFOLK RURAL PCN,07K,E38000204,0.0,0.0,24.0,6.0,13.0,1.0,32.0,1.0,28.0,24.0,3403.0,1646.0
D83004,FELIXSTOWE ROAD MEDICAL PRACTICE,U95792,NORTH EAST IPSWICH PCN,06L,E38000086,0.0,0.0,13.0,1.0,9.0,3.0,66.0,14.0,26.0,13.0,7763.0,2388.0
D83005,ANGEL HILL SURGERY,U98785,BURY ST EDMUNDS PCN,07K,E38000204,0.0,0.0,76.0,3.0,23.0,1.0,143.0,1.0,101.0,70.0,10127.0,3737.0
D83006,BILDESTON HEALTH CENTRE,U49615,SOUTH RURAL PCN,06L,E38000086,0.0,0.0,34.0,1.0,12.0,2.0,48.0,0.0,13.0,11.0,5160.0,2421.0
D83007,IXWORTH SURGERY,U23742,BLACKBOURNE PCN,07K,E38000204,1.0,0.0,25.0,0.0,7.0,2.0,95.0,1.0,34.0,31.0,6899.0,2657.0
D83008,BURLINGTON PRIMARY CARE,U40593,ORWELL PCN,06L,E38000086,0.0,0.0,53.0,10.0,38.0,1.0,99.0,1.0,70.0,63.0,13690.0,2458.0
D83009,BECCLES MEDICAL CENTRE,U47975,SOUTH WAVENEY PCN,26A,E38000239,0.0,0.0,161.0,9.0,73.0,4.0,195.0,3.0,130.0,120.0,13297.0,5905.0
D83010,LONGSHORE SURGERIES,U47975,SOUTH WAVENEY PCN,26A,E38000239,0.0,0.0,34.0,7.0,19.0,1.0,65.0,0.0,43.0,39.0,4107.0,2313.0
D83011,BRIDGE ROAD SURGERY,U59961,LOWESTOFT PCN,26A,E38000239,0.0,0.0,72.0,12.0,40.0,4.0,150.0,0.0,121.0,109.0,8258.0,3616.0
D83012,UNITY HEALTHCARE,U52763,HAVERHILL PCN,07K,E38000204,0.0,1.0,102.0,14.0,26.0,10.0,235.0,2.0,176.0,151.0,20643.0,7455.0
D83013,THE GUILDHALL AND BARROW SURGERY,U98785,BURY ST EDMUNDS PCN,07K,E38000204,0.0,0.0,48.0,5.0,28.0,1.0,169.0,5.0,142.0,109.0,10070.0,3633.0
D83015,HOWARD HOUSE SURGERY,U52997,EAST SUFFOLK PCN,06L,E38000086,0.0,0.0,95.0,0.0,34.0,1.0,140.0,2.0,105.0,98.0,5303.0,2988.0
D83016,VICTORIA ROAD SURGERY,U59961,LOWESTOFT PCN,26A,E38000239,0.0,0.0,57.0,7.0,11.0,5.0,103.0,0.0,76.0,43.0,7638.0,2881.0
D83017,NEEDHAM MARKET COUNTRY PRACTICE,U49615,SOUTH RURAL PCN,06L,E38000086,0.0,0.0,57.0,1.0,27.0,4.0,144.0,4.0,99.0,81.0,10182.0,3632.0
D83018,MARKET CROSS SURGERY,U89162,FOREST HEATH PCN,07K,E38000204,0.0,0.0,56.0,1.0,18.0,5.0,95.0,0.0,76.0,65.0,9950.0,2961.0
D83019,MENDLESHAM MEDICAL GROUP,U52997,EAST SUFFOLK PCN,06L,E38000086,0.0,0.0,37.0,0.0,18.0,0.0,43.0,0.0,25.0,16.0,5607.0,2324.0
D83020,THE HOLBROOK AND SHOTLEY PRACTICE,U49615,SOUTH RURAL PCN,06L,E38000086,0.0,0.0,48.0,0.0,18.0,2.0,114.0,1.0,82.0,65.0,5672.0,2348.0
D83021,HAVERHILL FAMILY PRACTICE,U52763,HAVERHILL PCN,07K,E38000204,0.0,0.0,45.0,0.0,14.0,6.0,142.0,0.0,112.0,97.0,17049.0,3375.0
D83022,SOLE BAY H/C,U47975,SOUTH WAVENEY PCN,26A,E38000239,0.0,0.0,63.0,15.0,31.0,5.0,66.0,1.0,45.0,34.0,3252.0,2119.0
D83023,HIGH STREET SURGERY,U59961,LOWESTOFT PCN,26A,E38000239,2.0,1.0,52.0,10.0,5.0,8.0,150.0,0.0,120.0,101.0,8737.0,2742.0
D83024,IVRY STREET MEDICAL PRACTICE,U26878,BARRACK LANE & IVRY STREET PCN,06L,E38000086,0.0,0.0,72.0,2.0,21.0,3.0,85.0,1.0,62.0,50.0,10930.0,3008.0
D83026,FRAMLINGHAM SURGERY,U10033,NORTH EAST COASTAL PCN,06L,E38000086,1.0,0.0,55.0,5.0,25.0,2.0,132.0,4.0,118.0,111.0,6220.0,2784.0
D83027,ORCHARD HOUSE SURGERY,U89162,FOREST HEATH PCN,07K,E38000204,0.0,0.0,62.0,1.0,15.0,0.0,81.0,3.0,69.0,54.0,9390.0,2298.0
D83028,LEISTON SURGERY,U10033,NORTH EAST COASTAL PCN,06L,E38000086,0.0,0.0,85.0,1.0,33.0,6.0,130.0,9.0,102.0,87.0,6350.0,2946.0
D83029,THE ROOKERY MEDICAL CENTRE,U89162,FOREST HEATH PCN,07K,E38000204,0.0,0.0,33.0,0.0,13.0,2.0,93.0,0.0,74.0,57.0,10887.0,3041.0
D83030,KIRKLEY MILL HEALTH CENTRE,U59961,LOWESTOFT PCN,26A,E38000239,1.0,0.0,53.0,3.0,9.0,3.0,37.0,0.0,24.0,14.0,6144.0,1426.0
D83033,BOTESDALE HEALTH CENTRE,U23742,BLACKBOURNE PCN,07K,E38000204,0.0,0.0,26.0,4.0,6.0,2.0,66.0,0.0,39.0,34.0,6897.0,3203.0
D83034,BUNGAY MEDICAL CENTRE,U47975,SOUTH WAVENEY PCN,26A,E38000239,0.0,0.0,63.0,2.0,4.0,5.0,158.0,2.0,119.0,113.0,8155.0,3547.0
D83035,CUTLERS HILL SURGERY,U47975,SOUTH WAVENEY PCN,26A,E38000239,0.0,0.0,66.0,2.0,17.0,1.0,95.0,10.0,58.0,41.0,6829.0,3859.0
D83037,HADLEIGH HEALTH CENTRE,U49615,SOUTH RURAL PCN,06L,E38000086,0.0,0.0,69.0,3.0,34.0,8.0,196.0,3.0,152.0,129.0,11740.0,4571.0
D83038,MOUNT FARM SURGERY,U98785,BURY ST EDMUNDS PCN,07K,E38000204,0.0,0.0,49.0,1.0,25.0,3.0,169.0,2.0,108.0,74.0,12663.0,3464.0
D83040,VICTORIA SURGERY,U98785,BURY ST EDMUNDS PCN,07K,E38000204,0.0,0.0,33.0,0.0,10.0,1.0,142.0,0.0,99.0,82.0,8383.0,2863.0
D83041,DEBENHAM GROUP PRACTICE,U52997,EAST SUFFOLK PCN,06L,E38000086,0.0,0.0,50.0,3.0,24.0,0.0,59.0,0.0,44.0,35.0,7162.0,2865.0
D83043,EYE HEALTH CENTRE,U52997,EAST SUFFOLK PCN,06L,E38000086,0.0,0.0,36.0,2.0,10.0,2.0,97.0,0.0,86.0,61.0,4381.0,1932.0
D83044,STOWHEALTH,U52997,EAST SUFFOLK PCN,06L,E38000086,0.0,3.0,125.0,2.0,65.0,3.0,248.0,0.0,200.0,179.0,18976.0,4714.0
D83045,LAKENHEATH SURGERY,U89162,FOREST HEATH PCN,07K,E38000204,0.0,0.0,16.0,0.0,5.0,0.0,24.0,1.0,20.0,19.0,4143.0,1384.0
D83046,TWO RIVERS MEDICAL CENTRE,U95792,NORTH EAST IPSWICH PCN,06L,E38000086,0.0,0.0,116.0,2.0,59.0,9.0,254.0,67.0,133.0,92.0,23643.0,5904.0
D83047,ROSEDALE SURGERY,U59961,LOWESTOFT PCN,26A,E38000239,2.0,0.0,115.0,19.0,31.0,2.0,182.0,0.0,128.0,113.0,11853.0,4019.0
D83048,GROVE MEDICAL CENTRE,U40593,ORWELL PCN,06L,E38000086,0.0,0.0,125.0,29.0,59.0,3.0,182.0,2.0,141.0,129.0,12433.0,5419.0
D83049,LITTLE ST JOHN STREET SURGERY,U64705,THE DEBEN HEALTH GROUP PCN,06L,E38000086,0.0,3.0,99.0,26.0,26.0,3.0,99.0,0.0,88.0,78.0,4584.0,2294.0
D83050,CARDINAL MEDICAL PRACTICE,U,Unallocated,06L,E38000086,0.0,0.0,117.0,10.0,71.0,5.0,224.0,2.0,168.0,153.0,22893.0,5329.0
D83051,THE DERBY ROAD PRACTICE,U52997,EAST SUFFOLK PCN,06L,E38000086,0.0,0.0,54.0,1.0,26.0,4.0,125.0,0.0,91.0,77.0,16223.0,3365.0
D83053,SAXMUNDHAM HEALTH CENTRE,U10033,NORTH EAST COASTAL PCN,06L,E38000086,0.0,0.0,15.0,2.0,4.0,4.0,102.0,0.0,60.0,22.0,6466.0,2907.0
D83054,THE PENINSULA PRACTICE,U64705,THE DEBEN HEALTH GROUP PCN,06L,E38000086,1.0,0.0,71.0,21.0,22.0,0.0,109.0,3.0,85.0,78.0,4410.0,2478.0
D83055,WOOLPIT HEALTH CENTRE,U23742,BLACKBOURNE PCN,07K,E38000204,0.0,0.0,32.0,1.0,12.0,5.0,88.0,3.0,73.0,69.0,11777.0,4327.0
D83056,HAWTHORN DRIVE SURGERY,U40593,ORWELL PCN,06L,E38000086,0.0,0.0,47.0,2.0,20.0,2.0,136.0,0.0,79.0,66.0,9358.0,1672.0
D83057,FRAMFIELD HOUSE SURGERY,U64705,THE DEBEN HEALTH GROUP PCN,06L,E38000086,0.0,0.0,145.0,36.0,47.0,5.0,167.0,2.0,129.0,123.0,10536.0,4064.0
D83059,BARRACK LANE MEDICAL CENTRE,U26878,BARRACK LANE & IVRY STREET PCN,06L,E38000086,0.0,0.0,83.0,6.0,46.0,4.0,114.0,2.0,94.0,92.0,19006.0,2685.0
D83060,HARDWICKE HOUSE GROUP PRACTICE,U10430,SUDBURY PCN,07K,E38000204,0.0,0.0,11.0,1.0,3.0,3.0,241.0,3.0,158.0,105.0,18023.0,6159.0
D83061,WICKHAM MARKET MEDICAL CENTRE,U64705,THE DEBEN HEALTH GROUP PCN,06L,E38000086,1.0,0.0,74.0,15.0,37.0,2.0,138.0,2.0,107.0,104.0,7105.0,2869.0
D83062,FOREST SURGERY,U89162,FOREST HEATH PCN,07K,E38000204,1.0,0.0,62.0,5.0,25.0,0.0,93.0,1.0,78.0,58.0,5448.0,2078.0
D83064,GLEMSFORD SURGERY,U39025,WEST SUFFOLK RURAL PCN,07K,E38000204,0.0,0.0,22.0,5.0,5.0,2.0,45.0,0.0,36.0,15.0,3163.0,1439.0
D83067,OAKFIELD SURGERY,U89162,FOREST HEATH PCN,07K,E38000204,0.0,0.0,33.0,3.0,9.0,0.0,70.0,0.0,59.0,58.0,7019.0,1464.0
D83069,FRESSINGFIELD MEDICAL CENTRE,U52997,EAST SUFFOLK PCN,06L,E38000086,0.0,0.0,56.0,4.0,27.0,0.0,42.0,0.0,26.0,12.0,4329.0,2068.0
D83070,STANTON SURGERY,U23742,BLACKBOURNE PCN,07K,E38000204,0.0,0.0,73.0,26.0,16.0,1.0,38.0,0.0,17.0,14.0,3533.0,1608.0
D83073,DR SOLWAY AND DR ROY PRACTICE,U27258,EAST IPSWICH PCN,06L,E38000086,0.0,0.0,16.0,2.0,10.0,1.0,53.0,0.0,35.0,30.0,4827.0,864.0
D83074,ORCHARD MEDICAL PRACTICE,U27258,EAST IPSWICH PCN,06L,E38000086,2.0,0.0,58.0,8.0,32.0,6.0,89.0,0.0,79.0,61.0,12181.0,1969.0
D83075,SIAM SURGERY,U10430,SUDBURY PCN,07K,E38000204,0.0,0.0,52.0,2.0,30.0,2.0,112.0,1.0,98.0,88.0,10222.0,3052.0
D83076,CLARE GUILDHALL SURGERY,U39025,WEST SUFFOLK RURAL PCN,07K,E38000204,0.0,0.0,35.0,0.0,7.0,0.0,32.0,0.0,20.0,18.0,3759.0,1880.0
D83078,THE REYNARD SURGERY,U89162,FOREST HEATH PCN,07K,E38000204,0.0,0.0,26.0,0.0,11.0,1.0,44.0,0.0,27.0,26.0,8765.0,1477.0
D83079,COMBS FORD SURGERY,U52997,EAST SUFFOLK PCN,06L,E38000086,0.0,0.0,62.0,5.0,27.0,0.0,98.0,4.0,72.0,55.0,7150.0,2137.0
D83080,MARTLESHAM SURGERY,U,Unallocated,06L,E38000086,0.0,0.0,25.0,0.0,15.0,1.0,39.0,0.0,32.0,23.0,4340.0,1627.0
D83081,HAVEN HEALTH,U52997,EAST SUFFOLK PCN,06L,E38000086,0.0,0.0,59.0,1.0,19.0,2.0,131.0,0.0,110.0,99.0,6408.0,1894.0
D83084,EMBRACE MEDICAL CENTRE,U,Unallocated,06L,E38000086,1.0,0.0,13.0,0.0,13.0,1.0,42.0,0.0,30.0,30.0,5023.0,1508.0
D83608,ANDAMAN SURGERY,U59961,LOWESTOFT PCN,26A,E38000239,1.0,0.0,63.0,18.0,12.0,0.0,104.0,2.0,94.0,83.0,4679.0,1887.0
D83610,SWAN SURGERY,U98785,BURY ST EDMUNDS PCN,07K,E38000204,1.0,0.0,61.0,6.0,35.0,2.0,124.0,2.0,98.0,92.0,10409.0,2414.0
E81002,GREENSAND SURGERY (AMPTHILL),U83511,HILLTON PCN,M1J4Y,E38000249,0.0,0.0,38.0,3.0,1.0,2.0,79.0,1.0,68.0,63.0,8305.0,1894.0
E81003,DR JL HENDERSON & PARTNERS,U15644,LEIGHTON LINSLADE HEALTH CONNECTIONS PCN,M1J4Y,E38000249,0.0,0.0,59.0,5.0,2.0,3.0,133.0,2.0,104.0,100.0,17149.0,4141.0
E81004,SALISBURY HOUSE SURGERY,U15644,LEIGHTON LINSLADE HEALTH CONNECTIONS PCN,M1J4Y,E38000249,0.0,0.0,38.0,4.0,13.0,3.0,95.0,2.0,83.0,74.0,10006.0,2373.0
E81005,BELL HOUSE MEDICAL CENTRE,U51229,MEDICS PCN,M1J4Y,E38000249,0.0,0.0,18.0,4.0,1.0,3.0,65.0,0.0,56.0,24.0,9463.0,1329.0
E81006,STOPSLEY VILLAGE PRACTICE,U62122,EQUALITY PCN,M1J4Y,E38000249,0.0,0.0,38.0,10.0,8.0,0.0,64.0,0.0,35.0,24.0,7815.0,1675.0
E81007,HARROLD MEDICAL PRACTICE,U28178,UNITY (BEDFORD) PCN,M1J4Y,E38000249,0.0,0.0,24.0,5.0,12.0,3.0,31.0,0.0,25.0,24.0,5066.0,1630.0
E81008,WHEATFIELD SURGERY,U64165,TITAN PCN,M1J4Y,E38000249,0.0,0.0,36.0,10.0,3.0,3.0,73.0,1.0,62.0,62.0,10179.0,1816.0
E81009,WEST STREET SURGERY,U09531,CHILTERN HILLS PCN,M1J4Y,E38000249,3.0,0.0,658.0,581.0,8.0,0.0,104.0,0.0,85.0,74.0,9798.0,2648.0
E81010,DR WHM MATTA'S PRACTICE,U79932,HATTERS HEALTH PCN,M1J4Y,E38000249,0.0,0.0,52.0,12.0,0.0,3.0,68.0,0.0,55.0,49.0,8029.0,1169.0
E81012,GREENSANDS (POTTON),U,Unallocated,M1J4Y,E38000249,0.0,0.0,42.0,3.0,7.0,0.0,94.0,0.0,67.0,47.0,9883.0,3157.0
E81013,CASTLE MEDICAL GROUP PRACTICE,U59591,OASIS PCN,M1J4Y,E38000249,0.0,0.0,15.0,4.0,3.0,5.0,104.0,1.0,70.0,55.0,13014.0,1941.0
E81014,PRIORY GARDENS SURGERY,U09531,CHILTERN HILLS PCN,M1J4Y,E38000249,0.0,0.0,54.0,15.0,14.0,4.0,85.0,0.0,83.0,58.0,16161.0,2339.0
E81015,FLITWICK SURGERY,U,Unallocated,M1J4Y,E38000249,0.0,0.0,70.0,5.0,3.0,3.0,130.0,1.0,101.0,55.0,11209.0,3184.0
E81016,LISTER HOUSE SURGERY,U79932,HATTERS HEALTH PCN,M1J4Y,E38000249,0.0,0.0,21.0,6.0,2.0,1.0,45.0,0.0,39.0,39.0,5704.0,701.0
E81018,WOODLAND AVENUE PRACTICE,U51229,MEDICS PCN,M1J4Y,E38000249,0.0,0.0,19.0,3.0,2.0,1.0,70.0,4.0,18.0,16.0,11255.0,1884.0
E81019,LONDON ROAD HEALTH CENTRE,U39446,EAST BEDFORD PCN,M1J4Y,E38000249,0.0,0.0,73.0,21.0,4.0,7.0,119.0,0.0,95.0,58.0,20433.0,2617.0
E81021,QUEENS PARK HEALTH CENTRE,U,Unallocated,M1J4Y,E38000249,1.0,0.0,43.0,11.0,9.0,5.0,119.0,1.0,83.0,64.0,20139.0,2534.0
E81022,LARKSFIELD AND ARLESEY MEDICAL PRACTICE,U46464,IVEL VALLEY SOUTH PCN,M1J4Y,E38000249,1.0,0.0,47.0,13.0,21.0,3.0,151.0,6.0,116.0,92.0,16156.0,3263.0
E81024,SHARNBROOK SURGERY,U28178,UNITY (BEDFORD) PCN,M1J4Y,E38000249,0.0,0.0,21.0,0.0,2.0,0.0,60.0,2.0,36.0,32.0,4485.0,1592.0
E81025,THE OAKLEY SURGERY,U79932,HATTERS HEALTH PCN,M1J4Y,E38000249,0.0,0.0,42.0,20.0,1.0,1.0,55.0,0.0,41.0,34.0,6594.0,1041.0
E81026,LARKSIDE PRACTICE,U62122,EQUALITY PCN,M1J4Y,E38000249,0.0,1.0,39.0,7.0,1.0,3.0,40.0,0.0,34.0,20.0,8558.0,1442.0
E81027,HOUGHTON REGIS MEDICAL CENTRE,U64165,TITAN PCN,M1J4Y,E38000249,0.0,0.0,13.0,7.0,2.0,4.0,74.0,0.0,54.0,37.0,11980.0,1647.0
E81028,THE BLENHEIM MEDICAL CENTRE,U62122,EQUALITY PCN,M1J4Y,E38000249,0.0,0.0,20.0,9.0,3.0,2.0,61.0,1.0,47.0,38.0,14790.0,1314.0
E81029,PUTNOE MEDICAL CENTRE PARTNERSHIP,U39446,EAST BEDFORD PCN,M1J4Y,E38000249,0.0,1.0,84.0,9.0,2.0,6.0,188.0,0.0,110.0,89.0,14875.0,3303.0
E81030,CAULDWELL MEDICAL CENTRE,U39446,EAST BEDFORD PCN,M1J4Y,E38000249,0.0,0.0,11.0,2.0,2.0,3.0,53.0,0.0,33.0,24.0,10141.0,684.0
E81031,GREAT BARFORD SURGERY,U28178,UNITY (BEDFORD) PCN,M1J4Y,E38000249,0.0,0.0,22.0,10.0,10.0,4.0,19.0,0.0,18.0,15.0,3920.0,1292.0
E81032,LEA VALE MEDICAL PRACTICE,U91286,LEA VALE PCN,M1J4Y,E38000249,0.0,8.0,131.0,18.0,14.0,10.0,257.0,2.0,156.0,118.0,43772.0,3910.0
E81033,SHEFFORD HEALTH CENTRE,U46464,IVEL VALLEY SOUTH PCN,M1J4Y,E38000249,0.0,0.0,113.0,11.0,46.0,8.0,201.0,0.0,164.0,113.0,16404.0,4080.0
E81034,TODDINGTON MEDICAL CENTRE,U64165,TITAN PCN,M1J4Y,E38000249,0.0,0.0,167.0,14.0,3.0,1.0,90.0,1.0,65.0,61.0,6735.0,1715.0
E81035,SANDY HEALTH CENTRE,U23544,SANDHILLS PCN,M1J4Y,E38000249,0.0,0.0,33.0,3.0,2.0,1.0,90.0,1.0,70.0,49.0,7993.0,2069.0
E81036,IVEL MEDICAL CENTRE,U,Unallocated,M1J4Y,E38000249,2.0,0.0,33.0,2.0,8.0,4.0,134.0,2.0,96.0,93.0,10392.0,2676.0
E81037,THE DE PARYS GROUP,U90309,NORTH BEDFORD PCN,M1J4Y,E38000249,0.0,1.0,199.0,24.0,57.0,9.0,372.0,1.0,329.0,274.0,28318.0,7889.0
E81038,KING STREET SURGERY,U,Unallocated,M1J4Y,E38000249,0.0,0.0,90.0,21.0,8.0,6.0,176.0,17.0,119.0,100.0,16917.0,4395.0
E81040,SUNDON MEDICAL CENTRE,U79932,HATTERS HEALTH PCN,M1J4Y,E38000249,1.0,0.0,90.0,44.0,11.0,3.0,119.0,0.0,86.0,75.0,7639.0,1864.0
E81041,GARDENIA PRACTICE,U51229,MEDICS PCN,M1J4Y,E38000249,0.0,0.0,15.0,2.0,4.0,4.0,62.0,2.0,40.0,21.0,12349.0,1537.0
E81043,MARSTON FOREST HEALTHCARE,U,Unallocated,M1J4Y,E38000249,2.0,0.0,103.0,54.0,1.0,3.0,95.0,2.0,40.0,38.0,9184.0,1633.0
E81044,LEIGHTON ROAD SURGERY,U15644,LEIGHTON LINSLADE HEALTH CONNECTIONS PCN,M1J4Y,E38000249,0.0,0.0,45.0,5.0,4.0,3.0,138.0,0.0,135.0,126.0,16218.0,3281.0
E81045,KINGSBURY COURT SURGERY,U09531,CHILTERN HILLS PCN,M1J4Y,E38000249,0.0,2.0,50.0,7.0,9.0,4.0,116.0,0.0,99.0,95.0,8536.0,2004.0
E81046,DR A SULAKSHANA & PARTNERS,U83511,HILLTON PCN,M1J4Y,E38000249,0.0,0.0,56.0,10.0,25.0,2.0,96.0,2.0,81.0,74.0,9154.0,3041.0
E81047,GOLDINGTON AVENUE SURGERY,U28178,UNITY (BEDFORD) PCN,M1J4Y,E38000249,0.0,1.0,127.0,15.0,6.0,3.0,201.0,3.0,173.0,114.0,14883.0,3117.0
E81048,BUTE HOUSE MEDICAL CENTRE,U62122,EQUALITY PCN,M1J4Y,E38000249,0.0,0.0,22.0,5.0,3.0,3.0,63.0,3.0,40.0,31.0,9934.0,1094.0
E81049,PRIORY MEDICAL CENTRE,U28178,UNITY (BEDFORD) PCN,M1J4Y,E38000249,0.0,0.0,31.0,0.0,6.0,1.0,54.0,1.0,19.0,15.0,6003.0,1707.0
E81050,ASPLANDS MEDICAL CENTRE,U49574,ASCENT PCN,M1J4Y,E38000249,0.0,1.0,92.0,27.0,5.0,3.0,104.0,0.0,96.0,89.0,9795.0,3018.0
E81052,KIRBY ROAD SURGERY,U09531,CHILTERN HILLS PCN,M1J4Y,E38000249,1.0,2.0,38.0,1.0,8.0,2.0,79.0,2.0,59.0,57.0,6476.0,1618.0
E81057,SAFFRON HEALTH PARTNERSHIP,U23544,SANDHILLS PCN,M1J4Y,E38000249,0.0,0.0,48.0,4.0,6.0,5.0,168.0,0.0,89.0,62.0,17473.0,4197.0
E81060,LINDEN ROAD SURGERY,U39446,EAST BEDFORD PCN,M1J4Y,E38000249,0.0,1.0,29.0,12.0,0.0,6.0,75.0,0.0,60.0,34.0,5220.0,1105.0
E81061,DR CARRAGHER AND NEAL AND AKHTAR,U46464,IVEL VALLEY SOUTH PCN,M1J4Y,E38000249,0.0,0.0,26.0,19.0,0.0,1.0,28.0,1.0,22.0,16.0,5976.0,1251.0
E81063,CONWAY MEDICAL CENTRE,U27128,PHOENIX SUNRISERS PCN,M1J4Y,E38000249,0.0,0.0,4.0,2.0,3.0,0.0,45.0,0.0,33.0,28.0,8636.0,766.0
E81069,CADDINGTON SURGERY,U09531,CHILTERN HILLS PCN,M1J4Y,E38000249,0.0,0.0,48.0,3.0,5.0,3.0,63.0,0.0,55.0,53.0,3554.0,1375.0
E81073,THE MEDICI MEDICAL PRACTICE,U51229,MEDICS PCN,M1J4Y,E38000249,0.0,0.0,31.0,2.0,6.0,6.0,103.0,1.0,66.0,38.0,16214.0,1760.0
E81074,HOUGHTON CLOSE SURGERY,U83511,HILLTON PCN,M1J4Y,E38000249,0.0,0.0,71.0,6.0,4.0,3.0,136.0,1.0,123.0,96.0,9007.0,2710.0
E81076,DR DV SHAH'S PRACTICE,U27128,PHOENIX SUNRISERS PCN,M1J4Y,E38000249,0.0,0.0,22.0,2.0,7.0,0.0,37.0,0.0,30.0,23.0,5269.0,601.0
E81612,DRS MIRZA SUKHANI & PARTNERS,U79932,HATTERS HEALTH PCN,M1J4Y,E38000249,0.0,0.0,21.0,3.0,0.0,3.0,49.0,0.0,35.0,34.0,4897.0,692.0
E81615,ASHBURNHAM ROAD SURGERY,U,Unallocated,M1J4Y,E38000249,0.0,0.0,11.0,7.0,5.0,0.0,6.0,0.0,6.0,5.0,3942.0,308.0
E81617,DR PS BATH'S PRACTICE,U62122,EQUALITY PCN,M1J4Y,E38000249,0.0,0.0,20.0,16.0,0.0,1.0,40.0,1.0,8.0,5.0,4212.0,1071.0
E81631,MALZEARD ROAD PRACTICE,U27128,PHOENIX SUNRISERS PCN,M1J4Y,E38000249,0.0,0.0,14.0,5.0,4.0,2.0,48.0,0.0,36.0,24.0,9070.0,743.0
E81632,BARTON HILLS MEDICAL GROUP,U51229,MEDICS PCN,M1J4Y,E38000249,0.0,1.0,40.0,7.0,1.0,0.0,63.0,4.0,41.0,40.0,6671.0,1681.0
E81633,NEVILLE ROAD SURGERY,U27128,PHOENIX SUNRISERS PCN,M1J4Y,E38000249,0.0,1.0,20.0,2.0,1.0,1.0,26.0,0.0,24.0,18.0,4979.0,464.0
E81635,EASTGATE SURGERY,U09531,CHILTERN HILLS PCN,M1J4Y,E38000249,0.0,0.0,32.0,1.0,0.0,2.0,31.0,0.0,23.0,23.0,7710.0,941.0
E82001,ROTHSCHILD HOUSE GROUP,U36299,ALPHA PCN,06N,E38000079,0.0,0.0,61.0,4.0,2.0,5.0,268.0,0.0,209.0,131.0,34540.0,9311.0
E82002,WRAFTON HOUSE SURGERY,U71089,HATFIELD PCN,06K,E38000049,0.0,3.0,36.0,1.0,3.0,2.0,64.0,0.0,27.0,25.0,9363.0,1481.0
E82004,HATFIELD ROAD SURGERY,U75382,ALLIANCE PCN,06N,E38000079,0.0,0.0,5.0,0.0,0.0,0.0,11.0,0.0,7.0,6.0,4474.0,432.0
E82005,STANMORE MEDICAL GROUP,U55812,STEVENAGE NORTH PCN,06K,E38000049,0.0,0.0,230.0,51.0,4.0,16.0,383.0,0.0,325.0,285.0,40844.0,7492.0
E82006,THE LIMES SURGERY,U87508,HODDESDON & BROXBOURNE PCN,06K,E38000049,0.0,0.0,20.0,2.0,4.0,2.0,66.0,0.0,50.0,36.0,5841.0,1837.0
E82007,HANSCOMBE HOUSE SURGERY,U15138,HERTFORD AND RURALS PCN,06K,E38000049,0.0,0.0,47.0,2.0,9.0,0.0,64.0,0.0,29.0,22.0,9537.0,2273.0
E82008,THE NEVELLS ROAD SURGERY,U82047,ICKNIELD PCN,06K,E38000049,0.0,0.0,60.0,0.0,14.0,6.0,99.0,0.0,72.0,30.0,8956.0,2175.0
E82009,LINCOLN HOUSE SURGERY,U20639,DELTA PCN,06N,E38000079,2.0,0.0,50.0,4.0,2.0,4.0,145.0,0.0,109.0,89.0,20197.0,3295.0
E82012,FAIRBROOK MEDICAL CENTRE,U97051,HERTS FIVE PCN,06N,E38000079,0.0,0.0,20.0,0.0,1.0,8.0,101.0,0.0,59.0,40.0,12587.0,2083.0
E82013,BRIDGEWATER SURGERIES,U,Unallocated,06N,E38000079,0.0,1.0,94.0,5.0,4.0,11.0,259.0,0.0,226.0,179.0,31898.0,4608.0
E82014,"LODGE,HIGHFIELD & REDBOURN",U73966,HALO PCN,06N,E38000079,0.0,0.0,39.0,0.0,4.0,5.0,184.0,0.0,154.0,124.0,16444.0,3424.0
E82015,SUTHERGREY HOUSE MEDICAL CENTRE,U36652,CENTRAL WATFORD PCN,06N,E38000079,0.0,0.0,9.0,4.0,0.0,1.0,57.0,0.0,22.0,13.0,6884.0,1586.0
E82017,GARSTON MEDICAL CENTRE,U41025,GRAND UNION PCN,06N,E38000079,0.0,0.0,10.0,0.0,1.0,1.0,50.0,1.0,38.0,33.0,11446.0,1720.0
E82018,LISTER HOUSE SURGERY,U71089,HATFIELD PCN,06K,E38000049,0.0,0.0,41.0,7.0,5.0,3.0,98.0,3.0,64.0,57.0,12890.0,2009.0
E82019,BRIDGE COTTAGE SURGERY,U15138,HERTFORD AND RURALS PCN,06K,E38000049,0.0,0.0,101.0,10.0,27.0,3.0,147.0,0.0,87.0,69.0,11620.0,4253.0
E82020,CONSULTING ROOMS,U75382,ALLIANCE PCN,06N,E38000079,0.0,2.0,7.0,1.0,0.0,1.0,62.0,1.0,56.0,33.0,5535.0,1094.0
E82021,MUCH HADHAM HEALTH CENTRE,U,Unallocated,06K,E38000049,0.0,0.0,15.0,1.0,1.0,0.0,42.0,0.0,37.0,22.0,5079.0,1546.0
E82022,FERNVILLE SURGERY,U53612,DACORUM BETA PCN,06N,E38000079,0.0,0.0,25.0,0.0,1.0,2.0,159.0,13.0,85.0,78.0,15843.0,2807.0
E82023,BURVILL HOUSE SURGERY,U71089,HATFIELD PCN,06K,E38000049,0.0,3.0,48.0,2.0,6.0,3.0,51.0,0.0,46.0,34.0,10829.0,1321.0
E82024,LEA WHARF MEDICAL,U15138,HERTFORD AND RURALS PCN,06K,E38000049,1.0,0.0,75.0,14.0,21.0,2.0,138.0,0.0,114.0,92.0,14884.0,3027.0
E82027,PARKFIELD MEDICAL CENTRE,U24727,POTTERS BAR PCN,06N,E38000079,0.0,0.0,42.0,0.0,6.0,1.0,127.0,0.0,95.0,94.0,9830.0,2829.0
E82031,MALTINGS SURGERY,U06079,ABBEY HEALTH PCN,06N,E38000079,0.0,0.0,44.0,1.0,5.0,2.0,105.0,0.0,85.0,64.0,17301.0,2343.0
E82032,BENNETTS END SURGERY,U20639,DELTA PCN,06N,E38000079,0.0,0.0,31.0,0.0,1.0,2.0,123.0,2.0,100.0,81.0,12345.0,2690.0
E82035,KNEBWORTH & MARYMEAD PRACTICE,U80335,STEVENAGE SOUTH PCN,06K,E38000049,0.0,0.0,62.0,4.0,2.0,3.0,135.0,1.0,97.0,37.0,10064.0,2613.0
E82037,VILLAGE SURGERY,U08579,HARPENDEN HEALTH PCN,06N,E38000079,0.0,2.0,47.0,8.0,4.0,2.0,112.0,0.0,91.0,61.0,12012.0,3548.0
E82038,THE BUNTINGFORD & PUCKERIDGE MED PRAC.,U48691,WARE AND RURALS PCN,06K,E38000049,0.0,0.0,38.0,1.0,15.0,7.0,149.0,0.0,127.0,74.0,15681.0,4571.0
E82040,PEARTREE LANE SURGERY,U19152,WELWYN GARDEN CITY A PCN,06K,E38000049,0.0,0.0,73.0,1.0,31.0,5.0,137.0,0.0,95.0,93.0,17282.0,3623.0
E82041,THE GARDEN CITY PRACTICE,U19152,WELWYN GARDEN CITY A PCN,06K,E38000049,0.0,0.0,36.0,17.0,6.0,2.0,55.0,2.0,35.0,33.0,11008.0,1745.0
E82042,ABBEY ROAD SURGERY,U38328,BROXBOURNE ALLIANCE PCN,06K,E38000049,0.0,0.0,26.0,2.0,0.0,2.0,71.0,0.0,53.0,53.0,7883.0,1375.0
E82043,SCHOPWICK SURGERY,U97051,HERTS FIVE PCN,06N,E38000079,0.0,0.0,83.0,1.0,4.0,1.0,166.0,0.0,129.0,110.0,11907.0,3297.0
E82044,THE PORTMILL SURGERY,U81398,HITCHIN AND WHITWELL PCN,06K,E38000049,0.0,0.0,102.0,1.0,18.0,3.0,116.0,2.0,100.0,85.0,11506.0,3097.0
E82045,WATFORD HEALTH CENTRE,U36652,CENTRAL WATFORD PCN,06N,E38000079,1.0,0.0,23.0,12.0,6.0,2.0,118.0,0.0,73.0,57.0,16897.0,1740.0
E82046,VINE HOUSE HEALTH CENTRE,U77203,NORTH WATFORD PCN,06N,E38000079,0.0,0.0,21.0,0.0,1.0,2.0,58.0,1.0,46.0,44.0,8181.0,2322.0
E82050,GROVE HILL MEDICAL CENTRE,U75382,ALLIANCE PCN,06N,E38000079,0.0,0.0,5.0,0.0,0.0,1.0,23.0,0.0,11.0,*,4464.0,883.0
E82051,EVEREST HOUSE SURGERY,U53612,DACORUM BETA PCN,06N,E38000079,0.0,0.0,20.0,1.0,1.0,1.0,106.0,2.0,66.0,30.0,12073.0,2570.0
E82053,BANCROFT MEDICAL CENTRE,U81398,HITCHIN AND WHITWELL PCN,06K,E38000049,1.0,0.0,83.0,8.0,22.0,6.0,198.0,2.0,159.0,144.0,15005.0,2993.0
E82055,MIDWAY SURGERY,U78369,ALBAN HEALTHCARE PCN,06N,E38000079,0.0,0.0,12.0,1.0,3.0,3.0,126.0,0.0,90.0,67.0,10297.0,3099.0
E82056,SHEPHALL HEALTH CENTRE,U80335,STEVENAGE SOUTH PCN,06K,E38000049,0.0,1.0,64.0,13.0,4.0,5.0,52.0,1.0,51.0,44.0,8822.0,1645.0
E82058,POTTERELLS MEDICAL CENTRE,U71089,HATFIELD PCN,06K,E38000049,0.0,0.0,66.0,10.0,6.0,3.0,112.0,0.0,79.0,72.0,15070.0,2129.0
E82059,GRANGE STREET SURGERY,U78369,ALBAN HEALTHCARE PCN,06N,E38000079,0.0,0.0,24.0,2.0,1.0,3.0,94.0,0.0,71.0,55.0,8539.0,1878.0
E82060,PARKBURY HOUSE SURGERY,U78369,ALBAN HEALTHCARE PCN,06N,E38000079,0.0,1.0,28.0,2.0,1.0,1.0,160.0,1.0,111.0,44.0,18563.0,3349.0
E82061,AMWELL SURGERY,U87508,HODDESDON & BROXBOURNE PCN,06K,E38000049,0.0,0.0,114.0,13.0,16.0,0.0,143.0,0.0,111.0,92.0,11408.0,2875.0
E82062,HALL GROVE GROUP PRACTICE,U19152,WELWYN GARDEN CITY A PCN,06K,E38000049,0.0,0.0,56.0,0.0,24.0,3.0,157.0,0.0,126.0,66.0,12684.0,3361.0
E82063,THE MAPLES,U38328,BROXBOURNE ALLIANCE PCN,06K,E38000049,0.0,0.0,60.0,37.0,9.0,2.0,72.0,0.0,48.0,46.0,10486.0,1872.0
E82064,CHORLEYWOOD HEALTH CENTRE,U,Unallocated,06N,E38000079,0.0,0.0,9.0,0.0,0.0,2.0,60.0,0.0,49.0,10.0,5971.0,1522.0
E82066,HAVERFIELD SURGERY,U20639,DELTA PCN,06N,E38000079,0.0,0.0,5.0,0.0,3.0,1.0,48.0,0.0,8.0,6.0,3005.0,718.0
E82067,CHURCH STREET PARTNERSHIP,U,Unallocated,06K,E38000049,0.0,0.0,48.0,12.0,13.0,2.0,120.0,0.0,87.0,73.0,13649.0,2938.0
E82068,GADE AND CHORLEYWOOD HEALTH CENTRES,U72604,RICKMANSWORTH & CHORLEYWOOD PCN,06N,E38000079,0.0,0.0,47.0,0.0,3.0,5.0,124.0,0.0,89.0,63.0,15581.0,3918.0
E82069,THE ELMS SURGERY,U36652,CENTRAL WATFORD PCN,06N,E38000079,0.0,0.0,6.0,0.0,0.0,1.0,71.0,6.0,58.0,55.0,8020.0,777.0
E82070,WOODHALL FARM MEDICAL CTR,U75382,ALLIANCE PCN,06N,E38000079,0.0,0.0,0.0,0.0,0.0,2.0,9.0,0.0,7.0,*,3192.0,371.0
E82071,ELMS MEDICAL PRACTICE,U08579,HARPENDEN HEALTH PCN,06N,E38000079,0.0,6.0,66.0,4.0,7.0,2.0,95.0,0.0,60.0,32.0,14500.0,2779.0
E82073,MANOR VIEW PRACTICE,U18888,MVPS PCN,06N,E38000079,0.0,0.0,51.0,0.0,0.0,15.0,338.0,3.0,228.0,155.0,41777.0,6711.0
E82074,SOUTH STREET SURGERY,U,Unallocated,06K,E38000049,0.0,0.0,106.0,16.0,28.0,3.0,129.0,1.0,102.0,93.0,19290.0,3592.0
E82075,REGAL CHAMBERS SURGERY,U81398,HITCHIN AND WHITWELL PCN,06K,E38000049,0.0,0.0,88.0,7.0,17.0,0.0,129.0,0.0,93.0,90.0,10097.0,2405.0
E82077,DAVENPORT HOUSE SURGERY,U08579,HARPENDEN HEALTH PCN,06N,E38000079,0.0,0.0,18.0,1.0,1.0,2.0,88.0,0.0,62.0,44.0,10096.0,2327.0
E82078,HIGHVIEW MEDICAL CENTRE,U24727,POTTERS BAR PCN,06N,E38000079,0.0,0.0,21.0,2.0,1.0,1.0,94.0,0.0,76.0,64.0,8318.0,1877.0
E82079,CROMWELL MEDICAL CENTRE,U87882,LEA VALLEY HEALTH PCN,06K,E38000049,1.0,0.0,197.0,81.0,6.0,1.0,84.0,2.0,58.0,52.0,7535.0,1405.0
E82081,CUFFLEY AND GOFFS OAK MEDICAL PRACTICE,U38328,BROXBOURNE ALLIANCE PCN,06K,E38000049,0.0,0.0,61.0,18.0,13.0,1.0,69.0,0.0,47.0,46.0,10623.0,2998.0
E82082,THE BIRCHWOOD AND SOLLERSHOTT SURGERIES,U82047,ICKNIELD PCN,06K,E38000049,0.0,0.0,87.0,34.0,11.0,11.0,212.0,1.0,125.0,109.0,14215.0,4205.0
E82083,THE COLNE PRACTICE,U72604,RICKMANSWORTH & CHORLEYWOOD PCN,06N,E38000079,0.0,0.0,10.0,0.0,1.0,1.0,76.0,1.0,48.0,35.0,8190.0,2112.0
E82084,HARVEY GROUP PRACTICE,U73966,HALO PCN,06N,E38000079,0.0,0.0,30.0,0.0,1.0,0.0,106.0,2.0,79.0,24.0,11476.0,2263.0
E82085,THE RED HOUSE GROUP,U97051,HERTS FIVE PCN,06N,E38000079,0.0,0.0,23.0,1.0,1.0,0.0,105.0,0.0,83.0,51.0,14750.0,3916.0
E82086,KING GEORGE & MANOR HOUSE SURGERIES,U80335,STEVENAGE SOUTH PCN,06K,E38000049,0.0,0.0,70.0,11.0,1.0,6.0,154.0,1.0,127.0,121.0,20796.0,3537.0
E82088,HAILEY VIEW SURGERY,U87508,HODDESDON & BROXBOURNE PCN,06K,E38000049,0.0,0.0,44.0,7.0,11.0,2.0,118.0,0.0,97.0,84.0,8205.0,1930.0
E82090,PARK LANE SURGERY,U87508,HODDESDON & BROXBOURNE PCN,06K,E38000049,0.0,0.0,42.0,6.0,11.0,2.0,73.0,0.0,54.0,52.0,7554.0,2417.0
E82091,PARKWOOD SURGERY,U53612,DACORUM BETA PCN,06N,E38000079,7.0,0.0,33.0,1.0,1.0,5.0,127.0,0.0,91.0,76.0,13157.0,3018.0
E82092,DOLPHIN HOUSE SURGERY,U48691,WARE AND RURALS PCN,06K,E38000049,0.0,0.0,101.0,7.0,14.0,3.0,170.0,0.0,117.0,93.0,13585.0,3127.0
E82093,BEDWELL MEDICAL CENTRE,U80335,STEVENAGE SOUTH PCN,06K,E38000049,0.0,0.0,29.0,4.0,7.0,2.0,135.0,1.0,111.0,97.0,11455.0,2221.0
E82094,THE MANOR STREET SURGERY,U36299,ALPHA PCN,06N,E38000079,1.0,0.0,16.0,0.0,1.0,1.0,104.0,0.0,82.0,69.0,10160.0,2464.0
E82096,SHEEPCOT MEDICAL CENTRE,U77203,NORTH WATFORD PCN,06N,E38000079,0.0,0.0,11.0,0.0,2.0,6.0,74.0,0.0,23.0,23.0,8615.0,1864.0
E82098,ANNANDALE MEDICAL CENTRE,U24727,POTTERS BAR PCN,06N,E38000079,0.0,0.0,32.0,1.0,4.0,1.0,92.0,0.0,88.0,74.0,5804.0,1793.0
E82099,THE BALDOCK SURGERY,U82047,ICKNIELD PCN,06K,E38000049,0.0,1.0,51.0,3.0,1.0,3.0,158.0,1.0,127.0,118.0,9894.0,2735.0
E82100,CENTRAL SURGERY,U,Unallocated,06K,E38000049,0.0,0.0,219.0,73.0,18.0,0.0,86.0,1.0,74.0,65.0,10894.0,2915.0
E82102,NEW RIVER HEALTH,U15138,HERTFORD AND RURALS PCN,06K,E38000049,0.0,0.0,66.0,3.0,19.0,2.0,142.0,0.0,103.0,71.0,13910.0,3434.0
E82105,ABBOTSWOOD MEDICAL CENTRE,U77203,NORTH WATFORD PCN,06N,E38000079,0.0,0.0,8.0,0.0,0.0,3.0,17.0,0.0,12.0,8.0,4295.0,696.0
E82106,NEW ROAD SURGERY,U41025,GRAND UNION PCN,06N,E38000079,0.0,0.0,31.0,2.0,3.0,1.0,191.0,0.0,114.0,71.0,10859.0,3162.0
E82107,SUMMERFIELD HEALTH CENTRE,U06079,ABBEY HEALTH PCN,06N,E38000079,0.0,0.0,18.0,0.0,0.0,1.0,59.0,0.0,48.0,36.0,9078.0,1649.0
E82111,THE SYMONDS GREEN HEALTH CENTRE,U80335,STEVENAGE SOUTH PCN,06K,E38000049,0.0,0.0,45.0,31.0,17.0,1.0,54.0,0.0,36.0,29.0,6502.0,1093.0
E82113,VERULAM MEDICAL GROUP,U75382,ALLIANCE PCN,06N,E38000079,0.0,0.0,9.0,0.0,0.0,0.0,24.0,0.0,18.0,11.0,6215.0,981.0
E82115,STOCKWELL LODGE MED.CTR.,U87882,LEA VALLEY HEALTH PCN,06K,E38000049,0.0,0.0,80.0,34.0,10.0,0.0,65.0,0.0,47.0,43.0,8245.0,2190.0
E82117,THE GROVE MEDICAL CENTRE,U97051,HERTS FIVE PCN,06N,E38000079,0.0,0.0,9.0,0.0,0.0,5.0,142.0,0.0,101.0,94.0,10875.0,1639.0
E82121,WATTON PLACE CLINIC,U15138,HERTFORD AND RURALS PCN,06K,E38000049,0.0,0.0,50.0,37.0,0.0,2.0,18.0,0.0,18.0,9.0,3976.0,1213.0
E82123,WARDEN LODGE MEDICAL PRACTICE,U38328,BROXBOURNE ALLIANCE PCN,06K,E38000049,0.0,0.0,62.0,17.0,21.0,1.0,85.0,1.0,62.0,56.0,7666.0,2091.0
E82124,ATTENBOROUGH SURGERY,U34538,ATTENBOROUGH PCN,06N,E38000079,0.0,2.0,36.0,3.0,4.0,13.0,309.0,0.0,229.0,155.0,27975.0,5370.0
E82129,KINGS LANGLEY SURGERY,U20639,DELTA PCN,06N,E38000079,0.0,0.0,14.0,0.0,0.0,1.0,125.0,0.0,101.0,57.0,12376.0,3142.0
E82132,ROYSIA SURGERY,U19471,MERIDIAN PCN,06H,E38000260,0.0,0.0,15.0,2.0,0.0,1.0,20.0,0.0,18.0,15.0,5072.0,1040.0
E82133,HIGH STREET SURGERY,U87882,LEA VALLEY HEALTH PCN,06K,E38000049,0.0,0.0,75.0,40.0,4.0,2.0,24.0,0.0,19.0,16.0,8454.0,1117.0
E82626,WHITWELL SURGERY,U81398,HITCHIN AND WHITWELL PCN,06K,E38000049,0.0,0.0,36.0,20.0,0.0,0.0,7.0,0.0,5.0,5.0,2139.0,641.0
E82638,STANHOPE SURGERY,U87882,LEA VALLEY HEALTH PCN,06K,E38000049,1.0,0.0,87.0,38.0,3.0,4.0,28.0,0.0,25.0,16.0,6083.0,797.0
E82643,ARCHWAY SURGERY,U20639,DELTA PCN,06N,E38000079,0.0,0.0,4.0,0.0,0.0,0.0,10.0,0.0,7.0,7.0,2323.0,609.0
E82652,GOSSOMS END SURGERY,U36299,ALPHA PCN,06N,E38000079,0.0,0.0,18.0,0.0,0.0,1.0,21.0,1.0,14.0,8.0,2608.0,576.0
E82654,HELIX MEDICAL CENTRE,U,Unallocated,06K,E38000049,0.0,0.0,41.0,4.0,10.0,0.0,32.0,0.0,18.0,12.0,9482.0,1179.0
E82655,SOUTH OXHEY SURGERY,U18888,MVPS PCN,06N,E38000079,0.0,0.0,0.0,0.0,0.0,0.0,22.0,0.0,14.0,10.0,3724.0,524.0
E82657,LITTLE BUSHEY SURGERY,U97051,HERTS FIVE PCN,06N,E38000079,0.0,0.0,14.0,4.0,3.0,1.0,50.0,0.0,38.0,36.0,4784.0,1471.0
E82661,THE GARDEN CITY SURGERY,U82047,ICKNIELD PCN,06K,E38000049,0.0,0.0,10.0,2.0,4.0,3.0,76.0,1.0,65.0,41.0,6964.0,1176.0
E83003,OAKLEIGH ROAD HEALTH CENTRE,U33392,BARNET 2 PCN,93C,E38000240,0.0,0.0,8.0,0.0,0.0,1.0,82.0,0.0,64.0,50.0,8682.0,1810.0
E83005,LICHFIELD GROVE SURGERY,U58538,BARNET 3 PCN,93C,E38000240,0.0,0.0,3.0,0.0,0.0,2.0,46.0,0.0,35.0,34.0,5213.0,745.0
E83006,GREENFIELD MEDICAL CENTRE,U39686,BARNET 5 PCN,93C,E38000240,0.0,0.0,26.0,1.0,2.0,2.0,53.0,2.0,36.0,21.0,5763.0,992.0
E83007,SQUIRES LANE MEDICAL PRACTICE,U58538,BARNET 3 PCN,93C,E38000240,0.0,0.0,7.0,0.0,2.0,0.0,35.0,1.0,21.0,10.0,4071.0,793.0
E83008,HEATHFIELDE MEDICAL CENTRE,U30079,BARNET 6 PCN,93C,E38000240,0.0,0.0,10.0,0.0,2.0,1.0,24.0,2.0,13.0,*,6723.0,1463.0
E83009,PHGH DOCTORS,U30079,BARNET 6 PCN,93C,E38000240,0.0,0.0,18.0,0.0,2.0,2.0,98.0,0.0,14.0,13.0,10467.0,2343.0
E83010,THE SPEEDWELL PRACTICE,U33392,BARNET 2 PCN,93C,E38000240,0.0,0.0,23.0,0.0,5.0,6.0,99.0,0.0,72.0,66.0,10518.0,2087.0
E83011,THE EVERGLADE MEDICAL PRACTICE,U07605,BARNET 1W PCN,93C,E38000240,0.0,0.0,4.0,0.0,0.0,0.0,11.0,0.0,9.0,6.0,10228.0,868.0
E83012,THE OLD COURT HOUSE SURGERY,U58538,BARNET 3 PCN,93C,E38000240,0.0,0.0,29.0,0.0,4.0,0.0,84.0,0.0,62.0,32.0,8298.0,1963.0
E83013,CORNWALL HOUSE SURGERY,U58538,BARNET 3 PCN,93C,E38000240,0.0,0.0,7.0,0.0,0.0,1.0,32.0,0.0,19.0,11.0,4409.0,883.0
E83016,MILLWAY MEDICAL PRACTICE,U35438,BARNET 4 PCN,93C,E38000240,0.0,0.0,52.0,4.0,11.0,3.0,124.0,9.0,105.0,32.0,21355.0,3669.0
E83017,LONGROVE SURGERY,U58538,BARNET 3 PCN,93C,E38000240,0.0,0.0,50.0,0.0,4.0,5.0,138.0,1.0,105.0,67.0,14097.0,3320.0
E83018,WATLING MEDICAL CENTRE,U07605,BARNET 1W PCN,93C,E38000240,0.0,0.0,37.0,1.0,3.0,2.0,69.0,0.0,51.0,45.0,15131.0,2865.0
E83020,ST. GEORGES MEDICAL CENTRE,U39686,BARNET 5 PCN,93C,E38000240,0.0,0.0,36.0,1.0,7.0,2.0,70.0,5.0,58.0,18.0,10032.0,1543.0
E83021,TORRINGTON PARK GROUP PRACTICE,U33392,BARNET 2 PCN,93C,E38000240,0.0,0.0,30.0,0.0,5.0,2.0,72.0,0.0,54.0,35.0,10349.0,2179.0
E83024,ST ANDREWS MEDICAL PRACTICE.,U33392,BARNET 2 PCN,93C,E38000240,0.0,0.0,21.0,0.0,3.0,1.0,135.0,0.0,80.0,43.0,9118.0,2249.0
E83025,PENNINE DRIVE PRACTICE,U39686,BARNET 5 PCN,93C,E38000240,0.0,0.0,14.0,4.0,0.0,1.0,39.0,0.0,32.0,14.0,6535.0,1253.0
E83026,SUPREME MEDICAL CENTRE,U30079,BARNET 6 PCN,93C,E38000240,0.0,0.0,7.0,0.0,1.0,0.0,19.0,0.0,15.0,*,2780.0,841.0
E83027,THE PRACTICE AT 188,U30079,BARNET 6 PCN,93C,E38000240,0.0,0.0,4.0,0.0,1.0,6.0,203.0,0.0,161.0,46.0,9346.0,1320.0
E83028,PARKVIEW SURGERY,U07605,BARNET 1W PCN,93C,E38000240,0.0,0.0,3.0,0.0,0.0,0.0,7.0,0.0,6.0,*,5405.0,671.0
E83030,PENSHURST GARDENS SURGERY,U35438,BARNET 4 PCN,93C,E38000240,0.0,0.0,19.0,0.0,6.0,0.0,76.0,3.0,59.0,51.0,6170.0,1303.0
E83031,THE VILLAGE SURGERY,U33392,BARNET 2 PCN,93C,E38000240,0.0,0.0,12.0,0.0,1.0,1.0,32.0,0.0,33.0,17.0,5264.0,1002.0
E83032,OAK LODGE MEDICAL CENTRE,U06780,BARNET PCN 7,93C,E38000240,0.0,0.0,26.0,2.0,1.0,3.0,79.0,0.0,58.0,43.0,15272.0,1804.0
E83034,COLNEY HATCH LANE SURGERY,U33392,BARNET 2 PCN,93C,E38000240,0.0,0.0,6.0,0.0,0.0,3.0,22.0,0.0,11.0,9.0,4157.0,876.0
E83035,WENTWORTH GROUP PRACTICE - FINCHLEY,U58538,BARNET 3 PCN,93C,E38000240,0.0,0.0,61.0,4.0,12.0,3.0,305.0,2.0,171.0,139.0,21278.0,4024.0
E83038,JAI MEDICAL CENTRE,U84655,BARNET 1D PCN,93C,E38000240,0.0,0.0,278.0,77.0,8.0,6.0,111.0,2.0,90.0,48.0,7469.0,1393.0
E83039,RAVENSCROFT MEDICAL CENTRE,U39686,BARNET 5 PCN,93C,E38000240,0.0,0.0,20.0,0.0,1.0,0.0,34.0,0.0,27.0,19.0,4746.0,745.0
E83041,WAKEMANS HILL SURGERY,U84655,BARNET 1D PCN,93C,E38000240,0.0,0.0,8.0,2.0,0.0,1.0,22.0,0.0,17.0,12.0,4118.0,547.0
E83044,ADDINGTON MEDICAL CENTRE,U58538,BARNET 3 PCN,93C,E38000240,0.0,0.0,35.0,0.0,3.0,1.0,56.0,0.0,41.0,29.0,8033.0,1856.0
E83045,FRIERN BARNET MEDICAL CENTRE,U33392,BARNET 2 PCN,93C,E38000240,0.0,0.0,4.0,0.0,2.0,1.0,61.0,0.0,51.0,32.0,8244.0,1456.0
E83046,MULBERRY MEDICAL PRACTICE,U06780,BARNET PCN 7,93C,E38000240,0.0,0.0,18.0,0.0,1.0,0.0,33.0,0.0,22.0,13.0,6817.0,1088.0
E83049,LANGSTONE WAY SURGERY,U35438,BARNET 4 PCN,93C,E38000240,0.0,0.0,9.0,0.0,2.0,0.0,59.0,1.0,54.0,40.0,6312.0,925.0
E83050,EAST FINCHLEY MEDICAL CENTRE,U33392,BARNET 2 PCN,93C,E38000240,0.0,0.0,5.0,2.0,1.0,0.0,18.0,0.0,14.0,*,6078.0,1181.0
E83053,LANE END MEDICAL GROUP,U35438,BARNET 4 PCN,93C,E38000240,1.0,2.0,32.0,7.0,2.0,0.0,66.0,4.0,57.0,49.0,12189.0,2514.0
E83600,DRS ADLER AND ROSENBERG,U30079,BARNET 6 PCN,93C,E38000240,0.0,0.0,2.0,0.0,1.0,2.0,57.0,0.0,37.0,12.0,7161.0,691.0
E83613,EAST BARNET HEALTH CENTRE,U33392,BARNET 2 PCN,93C,E38000240,0.0,0.0,19.0,4.0,2.0,1.0,45.0,0.0,34.0,22.0,9365.0,1978.0
E83621,BRUNSWICK PARK MEDICAL PRACTICE,U33392,BARNET 2 PCN,93C,E38000240,0.0,0.0,8.0,0.0,1.0,2.0,63.0,0.0,52.0,42.0,7578.0,1733.0
E83622,TEMPLE FORTUNE MEDICAL GROUP,U30079,BARNET 6 PCN,93C,E38000240,0.0,0.0,50.0,30.0,4.0,0.0,89.0,0.0,69.0,61.0,7612.0,1437.0
E83637,COLINDALE MEDICAL CENTRE LP,U84655,BARNET 1D PCN,93C,E38000240,0.0,0.0,12.0,0.0,1.0,1.0,23.0,0.0,19.0,18.0,11522.0,850.0
E83638,THE MOUNTFIELD SURGERY,U30079,BARNET 6 PCN,93C,E38000240,0.0,0.0,9.0,0.0,0.0,0.0,19.0,1.0,16.0,12.0,4165.0,1027.0
E83639,ROSEMARY SURGERY,U33392,BARNET 2 PCN,93C,E38000240,0.0,0.0,4.0,0.0,0.0,0.0,18.0,0.0,15.0,13.0,5489.0,653.0
E83649,THE HODFORD ROAD PRACTICE,U30079,BARNET 6 PCN,93C,E38000240,0.0,0.0,2.0,0.0,1.0,0.0,14.0,0.0,11.0,8.0,3861.0,554.0
E83653,THE PHOENIX PRACTICE,U39686,BARNET 5 PCN,93C,E38000240,0.0,0.0,17.0,0.0,3.0,0.0,100.0,0.0,82.0,37.0,10455.0,1567.0
E83668,DR SP TALPAHEWA,U07605,BARNET 1W PCN,93C,E38000240,0.0,0.0,0.0,0.0,0.0,0.0,11.0,0.0,6.0,5.0,3415.0,536.0
E84002,FORTY WILLOWS SURGERY,U11559,HARNESS SOUTH PCN,W2U3Z,E38000256,0.0,0.0,27.0,1.0,2.0,6.0,91.0,1.0,71.0,33.0,6173.0,1198.0
E84003,PREMIER MEDICAL CENTRE,U,Unallocated,W2U3Z,E38000256,0.0,0.0,23.0,1.0,3.0,1.0,38.0,0.0,30.0,29.0,13303.0,1231.0
E84004,THE CIRCLE PRACTICE,U60450,HEALTH ALLIANCE PCN,W2U3Z,E38000256,0.0,0.0,17.0,3.0,0.0,2.0,53.0,0.0,30.0,8.0,5841.0,1575.0
E84005,KINGS ROAD SURGERY,U10339,HARROW COLLABORATIVE PCN,W2U3Z,E38000256,0.0,0.0,22.0,3.0,10.0,0.0,26.0,0.0,21.0,19.0,6179.0,1166.0
E84006,THE LAW MEDICAL GROUP PRACTICE,U61025,BRENT BEACON PCN,W2U3Z,E38000256,0.0,0.0,31.0,0.0,1.0,5.0,129.0,3.0,96.0,74.0,13902.0,2777.0
E84007,UXENDON CRESCENT SURGERY,U57586,BRENT NORTH KWH PCN,W2U3Z,E38000256,0.0,18.0,57.0,39.0,5.0,1.0,34.0,0.0,29.0,25.0,4687.0,1229.0
E84008,SIMPSON HOUSE MEDICAL CENTRE,U84846,HEALTHSENSE PCN,W2U3Z,E38000256,0.0,0.0,20.0,0.0,6.0,1.0,73.0,1.0,47.0,31.0,8358.0,2018.0
E84009,ENDERLEY ROAD MEDICAL CENTRE,U84846,HEALTHSENSE PCN,W2U3Z,E38000256,0.0,0.0,37.0,0.0,4.0,8.0,143.0,0.0,104.0,75.0,9847.0,2289.0
E84011,ST ANDREWS MEDICAL CENTRE,U,Unallocated,W2U3Z,E38000256,0.0,0.0,3.0,0.0,1.0,0.0,16.0,0.0,12.0,*,1413.0,312.0
E84012,MAPESBURY MEDICAL GROUP,U25131,KILBURN PARTNERSHIP PCN,W2U3Z,E38000256,0.0,0.0,20.0,0.0,1.0,2.0,29.0,0.0,25.0,10.0,6906.0,1276.0
E84013,CHURCH END MEDICAL CENTRE,U11559,HARNESS SOUTH PCN,W2U3Z,E38000256,0.0,0.0,11.0,1.0,3.0,2.0,39.0,0.0,27.0,17.0,7420.0,969.0
E84014,BACON LANE SURGERY,U51050,HARROW EAST PCN,W2U3Z,E38000256,0.0,0.0,35.0,3.0,1.0,1.0,64.0,0.0,48.0,48.0,8536.0,1644.0
E84015,WILLOW TREE FAMILY DOCTORS,U33065,HARNESS NORTH PCN,W2U3Z,E38000256,0.0,0.0,30.0,1.0,3.0,0.0,74.0,0.0,37.0,15.0,12355.0,2442.0
E84017,SUDBURY & ALPERTON MEDICAL CENTRE,U,Unallocated,W2U3Z,E38000256,0.0,0.0,22.0,1.0,3.0,1.0,55.0,0.0,46.0,34.0,6299.0,1305.0
E84018,STREATFIELD HEALTH CENTRE,U89806,SPHERE PCN,W2U3Z,E38000256,0.0,0.0,9.0,0.0,4.0,2.0,64.0,0.0,49.0,31.0,6119.0,1695.0
E84020,JAI MEDICAL CENTRE (BRENT),U57586,BRENT NORTH KWH PCN,W2U3Z,E38000256,1.0,3.0,114.0,58.0,14.0,0.0,43.0,0.0,25.0,13.0,5237.0,1087.0
E84021,THE WILLESDEN MEDICAL CENTRE,U,Unallocated,W2U3Z,E38000256,0.0,0.0,44.0,1.0,8.0,3.0,44.0,0.0,36.0,36.0,15369.0,1560.0
E84022,ROXBOURNE MEDICAL CENTRE,U84846,HEALTHSENSE PCN,W2U3Z,E38000256,0.0,0.0,4.0,0.0,1.0,2.0,117.0,0.0,94.0,90.0,5933.0,1100.0
E84024,THE PINN MEDICAL CENTRE,U84846,HEALTHSENSE PCN,W2U3Z,E38000256,0.0,0.0,51.0,1.0,18.0,5.0,174.0,0.0,133.0,75.0,17346.0,4302.0
E84025,THE LONSDALE MEDICAL CENTRE,U61025,BRENT BEACON PCN,W2U3Z,E38000256,0.0,0.0,17.0,0.0,1.0,3.0,65.0,1.0,43.0,29.0,17128.0,2384.0
E84028,THE STONEBRIDGE PRACTICE,U11559,HARNESS SOUTH PCN,W2U3Z,E38000256,0.0,0.0,3.0,1.0,0.0,5.0,26.0,0.0,30.0,23.0,5217.0,866.0
E84030,PRESTON HILL SURGERY,U33065,HARNESS NORTH PCN,W2U3Z,E38000256,0.0,0.0,5.0,0.0,0.0,0.0,17.0,0.0,16.0,14.0,3869.0,594.0
E84031,BRENTFIELD MEDICAL CENTRE,U11559,HARNESS SOUTH PCN,W2U3Z,E38000256,0.0,0.0,15.0,1.0,5.0,1.0,34.0,0.0,33.0,20.0,8276.0,1166.0
E84032,ELLIS PRACTICE,U,Unallocated,W2U3Z,E38000256,0.0,0.0,15.0,0.0,2.0,4.0,57.0,0.0,41.0,27.0,5662.0,787.0
E84033,CHALKHILL FAMILY PRACTICE,U,Unallocated,W2U3Z,E38000256,0.0,0.0,20.0,2.0,5.0,1.0,50.0,0.0,47.0,37.0,6121.0,621.0
E84036,GLADSTONE MEDICAL CENTRE,U,Unallocated,W2U3Z,E38000256,0.0,0.0,38.0,0.0,1.0,4.0,40.0,0.0,31.0,28.0,8049.0,972.0
E84039,HONEYPOT MEDICAL CENTRE,U51050,HARROW EAST PCN,W2U3Z,E38000256,1.0,5.0,186.0,14.0,14.0,2.0,146.0,1.0,113.0,113.0,16259.0,2522.0
E84040,THE PINNER ROAD SURGERY,U10339,HARROW COLLABORATIVE PCN,W2U3Z,E38000256,0.0,0.0,0.0,0.0,0.0,3.0,13.0,0.0,7.0,*,3918.0,594.0
E84042,KILBURN PARK MEDICAL CENTRE,U25131,KILBURN PARTNERSHIP PCN,W2U3Z,E38000256,0.0,0.0,10.0,0.0,0.0,3.0,37.0,0.0,34.0,28.0,6123.0,801.0
E84044,THE NORTHWICK SURGERY,U89806,SPHERE PCN,W2U3Z,E38000256,0.0,0.0,4.0,0.0,2.0,10.0,73.0,0.0,39.0,33.0,9775.0,1601.0
E84048,THE FRYENT WAY SURGERY,U57586,BRENT NORTH KWH PCN,W2U3Z,E38000256,0.0,0.0,42.0,2.0,10.0,0.0,51.0,0.0,37.0,29.0,6313.0,1370.0
E84049,BRAMPTON HEALTH CENTRE,U57586,BRENT NORTH KWH PCN,W2U3Z,E38000256,1.0,0.0,20.0,8.0,1.0,3.0,45.0,0.0,39.0,30.0,6763.0,706.0
E84051,STANLEY CORNER MEDICAL CENTRE,U,Unallocated,W2U3Z,E38000256,0.0,0.0,9.0,2.0,2.0,1.0,33.0,1.0,27.0,12.0,5518.0,839.0
E84053,HATCH END MEDICAL CENTRE,U89806,SPHERE PCN,W2U3Z,E38000256,0.0,0.0,16.0,16.0,0.0,0.0,21.0,0.0,14.0,9.0,2313.0,901.0
E84057,THE STANMORE MEDICAL CENTRE,U60450,HEALTH ALLIANCE PCN,W2U3Z,E38000256,0.0,0.0,19.0,1.0,3.0,6.0,167.0,0.0,123.0,89.0,10161.0,2354.0
E84058,GP DIRECT,U89806,SPHERE PCN,W2U3Z,E38000256,0.0,0.0,69.0,0.0,2.0,2.0,94.0,3.0,68.0,52.0,24069.0,2537.0
E84059,THE ALLENDALE ROAD SURGERY,U33609,NGP PCN,W2U3Z,E38000256,0.0,0.0,37.0,0.0,8.0,1.0,17.0,0.0,13.0,7.0,3981.0,722.0
E84061,ELLIOTT HALL MEDICAL CTR.,U89806,SPHERE PCN,W2U3Z,E38000256,0.0,1.0,37.0,0.0,12.0,3.0,120.0,0.0,80.0,74.0,8639.0,2743.0
E84062,THE SHAFTESBURY MEDICAL CENTRE,U10339,HARROW COLLABORATIVE PCN,W2U3Z,E38000256,0.0,0.0,6.0,0.0,3.0,2.0,45.0,0.0,37.0,36.0,4932.0,633.0
E84063,LANCELOT MEDICAL CENTRE,U,Unallocated,W2U3Z,E38000256,0.0,0.0,16.0,0.0,2.0,1.0,12.0,0.0,10.0,5.0,8598.0,539.0
E84066,GP PATHFINDER CLINICS,U,Unallocated,W2U3Z,E38000256,0.0,0.0,24.0,3.0,9.0,1.0,57.0,1.0,28.0,14.0,112508.0,1952.0
E84067,CHURCH LANE SURGERY,U33065,HARNESS NORTH PCN,W2U3Z,E38000256,0.0,0.0,8.0,1.0,1.0,3.0,13.0,0.0,12.0,9.0,8735.0,798.0
E84068,THE RIDGEWAY SURGERY,U84846,HEALTHSENSE PCN,W2U3Z,E38000256,0.0,0.0,12.0,0.0,2.0,1.0,99.0,0.0,84.0,77.0,12214.0,2670.0
E84069,BELMONT HEALTH CENTRE,U60450,HEALTH ALLIANCE PCN,W2U3Z,E38000256,0.0,0.0,70.0,12.0,20.0,3.0,141.0,0.0,100.0,87.0,16416.0,2763.0
E84070,PINNER VIEW MEDICAL CENTRE,U10339,HARROW COLLABORATIVE PCN,W2U3Z,E38000256,0.0,2.0,24.0,9.0,1.0,1.0,44.0,0.0,39.0,28.0,4943.0,891.0
E84074,FREUCHEN MEDICAL CENTRE,U11559,HARNESS SOUTH PCN,W2U3Z,E38000256,0.0,0.0,19.0,0.0,5.0,3.0,25.0,0.0,19.0,11.0,11489.0,1177.0
E84075,MOLLISON WAY SURGERY,U51050,HARROW EAST PCN,W2U3Z,E38000256,0.0,0.0,15.0,0.0,1.0,0.0,21.0,0.0,15.0,8.0,10888.0,879.0
E84076,OXGATE GARDENS SURGERY,U11559,HARNESS SOUTH PCN,W2U3Z,E38000256,5.0,8.0,31.0,26.0,3.0,3.0,27.0,1.0,25.0,18.0,5439.0,982.0
E84078,KINGSBURY HEALTH AND WELLBEING,U57586,BRENT NORTH KWH PCN,W2U3Z,E38000256,0.0,0.0,16.0,6.0,1.0,0.0,39.0,0.0,39.0,35.0,4387.0,939.0
E84080,STAVERTON SURGERY,U25131,KILBURN PARTNERSHIP PCN,W2U3Z,E38000256,0.0,0.0,29.0,0.0,1.0,2.0,69.0,0.0,50.0,48.0,7046.0,1193.0
E84083,LANFRANC MEDICAL CENTRE,U33065,HARNESS NORTH PCN,W2U3Z,E38000256,0.0,0.0,2.0,0.0,1.0,0.0,23.0,0.0,19.0,15.0,4876.0,1077.0
E84086,WALM LANE SURGERY,U11559,HARNESS SOUTH PCN,W2U3Z,E38000256,0.0,0.0,7.0,3.0,2.0,4.0,16.0,0.0,19.0,13.0,5671.0,934.0
E84601,KENTON BRIDGE MEDICAL CENTRE DR GOLDEN,U84846,HEALTHSENSE PCN,W2U3Z,E38000256,0.0,0.0,3.0,0.0,1.0,2.0,35.0,0.0,29.0,14.0,6686.0,967.0
E84617,THE CIVIC MEDICAL CENTRE,U60450,HEALTH ALLIANCE PCN,W2U3Z,E38000256,0.0,0.0,4.0,0.0,0.0,0.0,10.0,0.0,10.0,8.0,7031.0,560.0
E84620,PRESTON ROAD SURGERY,U,Unallocated,W2U3Z,E38000256,0.0,2.0,64.0,48.0,2.0,0.0,15.0,0.0,6.0,*,5462.0,728.0
E84626,THE SUNFLOWER MEDICAL CENTRE,U33065,HARNESS NORTH PCN,W2U3Z,E38000256,0.0,0.0,1.0,0.0,0.0,0.0,16.0,0.0,9.0,*,4306.0,538.0
E84635,THE SURGERY,U33065,HARNESS NORTH PCN,W2U3Z,E38000256,0.0,0.0,10.0,2.0,6.0,0.0,18.0,0.0,11.0,7.0,4857.0,557.0
E84637,HILLTOP MEDICAL PRACTICE,U11559,HARNESS SOUTH PCN,W2U3Z,E38000256,0.0,0.0,3.0,1.0,1.0,0.0,13.0,0.0,8.0,8.0,4601.0,336.0
E84638,ALPERTON MEDICAL CENTRE,U,Unallocated,W2U3Z,E38000256,0.0,0.0,1.0,0.0,0.0,1.0,24.0,0.0,20.0,18.0,5548.0,763.0
E84645,PARK ROYAL MEDICAL PRACTICE,U11559,HARNESS SOUTH PCN,W2U3Z,E38000256,0.0,0.0,21.0,4.0,4.0,7.0,35.0,0.0,32.0,11.0,8030.0,830.0
E84646,THE STREATFIELD MEDICAL CENTRE,U60450,HEALTH ALLIANCE PCN,W2U3Z,E38000256,0.0,0.0,9.0,0.0,1.0,0.0,20.0,0.0,19.0,16.0,6995.0,465.0
E84647,KENTON CLINIC,U10339,HARROW COLLABORATIVE PCN,W2U3Z,E38000256,0.0,0.0,63.0,57.0,1.0,4.0,22.0,1.0,20.0,10.0,4289.0,677.0
E84653,ZAIN MEDICAL CENTRE,U10339,HARROW COLLABORATIVE PCN,W2U3Z,E38000256,0.0,0.0,34.0,29.0,2.0,3.0,103.0,0.0,86.0,75.0,6328.0,832.0
E84656,ROUNDWOOD PARK MEDICAL CENTRE,U11559,HARNESS SOUTH PCN,W2U3Z,E38000256,0.0,0.0,11.0,1.0,0.0,1.0,32.0,0.0,29.0,26.0,5239.0,661.0
E84658,ASPRI MEDICAL CENTRE,U60450,HEALTH ALLIANCE PCN,W2U3Z,E38000256,0.0,0.0,43.0,0.0,0.0,0.0,26.0,0.0,2.0,*,4487.0,865.0
E84663,KENTON BRIDGE MEDICAL CENTRE - DR RAJA,U84846,HEALTHSENSE PCN,W2U3Z,E38000256,0.0,0.0,3.0,0.0,0.0,2.0,35.0,0.0,28.0,18.0,7002.0,944.0
E84665,NEASDEN MEDICAL CENTRE,U57586,BRENT NORTH KWH PCN,W2U3Z,E38000256,0.0,0.0,20.0,0.0,3.0,0.0,29.0,0.0,20.0,7.0,7703.0,1102.0
E84674,CHICHELE ROAD SURGERY,U25131,KILBURN PARTNERSHIP PCN,W2U3Z,E38000256,0.0,0.0,5.0,0.0,0.0,2.0,12.0,0.0,0.0,*,4454.0,597.0
E84676,HEADSTONE LANE MEDICAL CENTRE,U10339,HARROW COLLABORATIVE PCN,W2U3Z,E38000256,0.0,0.0,2.0,0.0,0.0,0.0,11.0,0.0,8.0,*,3454.0,445.0
E84678,PRESTON MEDICAL CENTRE,U33065,HARNESS NORTH PCN,W2U3Z,E38000256,0.0,0.0,2.0,0.0,0.0,1.0,15.0,0.0,12.0,*,3928.0,758.0
E84680,HEADSTONE ROAD SURGERY,U10339,HARROW COLLABORATIVE PCN,W2U3Z,E38000256,1.0,0.0,8.0,2.0,6.0,2.0,24.0,0.0,21.0,20.0,4766.0,432.0
E84684,THE TUDOR HOUSE MEDICAL CENTRE,U,Unallocated,W2U3Z,E38000256,0.0,0.0,4.0,0.0,2.0,0.0,11.0,0.0,0.0,*,4401.0,579.0
E84685,SUDBURY SURGERY,U,Unallocated,W2U3Z,E38000256,0.0,0.0,3.0,1.0,0.0,1.0,57.0,1.0,54.0,32.0,6492.0,1321.0
E84693,ST. PETER'S MEDICAL CENTRE,U89806,SPHERE PCN,W2U3Z,E38000256,0.0,0.0,7.0,0.0,3.0,4.0,30.0,0.0,28.0,18.0,9111.0,1077.0
E84699,KINGS EDGE MEDICAL CENTRE,U57586,BRENT NORTH KWH PCN,W2U3Z,E38000256,0.0,0.0,0.0,0.0,0.0,1.0,21.0,0.0,22.0,14.0,3342.0,618.0
E84701,PEARL MEDICAL PRACTICE,U33065,HARNESS NORTH PCN,W2U3Z,E38000256,0.0,0.0,11.0,1.0,0.0,0.0,9.0,0.0,6.0,6.0,4463.0,500.0
E84702,WILLESDEN GREEN SURGERY,U61025,BRENT BEACON PCN,W2U3Z,E38000256,0.0,0.0,11.0,2.0,0.0,1.0,21.0,0.0,1.0,*,13666.0,989.0
E84704,ST. GEORGES MEDICAL CENTRE,U,Unallocated,W2U3Z,E38000256,0.0,0.0,2.0,0.0,1.0,0.0,11.0,0.0,10.0,10.0,2157.0,388.0
E84709,WEMBLEY PARK MEDICAL CENTRE,U33065,HARNESS NORTH PCN,W2U3Z,E38000256,0.0,0.0,7.0,0.0,0.0,1.0,49.0,0.0,43.0,39.0,24157.0,1475.0
E85001,THORNBURY ROAD CENTRE FOR HEALTH,U,Unallocated,W2U3Z,E38000256,0.0,0.0,72.0,4.0,1.0,3.0,65.0,0.0,52.0,48.0,7773.0,1385.0
E85003,NORTH END MEDICAL CENTRE,U18398,HAMMERSMITH & FULHAM PARTNERSHIP PCN,W2U3Z,E38000256,0.0,0.0,26.0,2.0,4.0,0.0,60.0,0.0,39.0,31.0,16717.0,1817.0
E85004,ALBANY PRACTICE,U,Unallocated,W2U3Z,E38000256,0.0,2.0,41.0,0.0,0.0,1.0,64.0,0.0,62.0,56.0,6406.0,966.0
E85005,"THE SURGERY, DR DASGUPTA & PARTNERS",U,Unallocated,W2U3Z,E38000256,0.0,0.0,29.0,4.0,9.0,1.0,8.0,0.0,0.0,*,4673.0,544.0
E85006,WATERSIDE MEDICAL CENTRE,U79587,SOUTH SOUTHALL PCN,W2U3Z,E38000256,0.0,0.0,8.0,0.0,1.0,1.0,9.0,0.0,10.0,7.0,4576.0,471.0
E85007,ST. MARGARETS PRACTICE,U,Unallocated,W2U3Z,E38000256,0.0,0.0,76.0,4.0,1.0,3.0,99.0,0.0,73.0,57.0,10735.0,2016.0
E85008,NORTH FULHAM SURGERY,U55717,HAMMERSMITH & FULHAM CENTRAL PCN,W2U3Z,E38000256,0.0,0.0,48.0,0.0,9.0,1.0,51.0,0.0,29.0,15.0,5218.0,1095.0
E85012,KS MEDICAL CENTRE,U53562,NORTH SOUTHALL PCN,W2U3Z,E38000256,0.0,0.0,44.0,0.0,0.0,1.0,46.0,0.0,34.0,10.0,4217.0,982.0
E85013,WESTSEVEN GP,U45703,GREENWELL PCN,W2U3Z,E38000256,0.0,0.0,33.0,2.0,0.0,3.0,19.0,0.0,17.0,16.0,5311.0,609.0
E85014,NORTHFIELDS SURGERY,U16083,SOUTH CENTRAL EALING PCN,W2U3Z,E38000256,0.0,0.0,40.0,0.0,6.0,2.0,42.0,0.0,26.0,14.0,6928.0,1393.0
E85015,HOUNSLOW MEDICAL CENTRE,U24740,HOUNSLOW HEALTH PCN,W2U3Z,E38000256,0.0,0.0,40.0,0.0,0.0,1.0,55.0,0.0,48.0,32.0,8153.0,1451.0
E85016,RICHFORD GATE MEDICAL CENTRE,U18398,HAMMERSMITH & FULHAM PARTNERSHIP PCN,W2U3Z,E38000256,0.0,0.0,71.0,1.0,19.0,2.0,74.0,0.0,71.0,35.0,10598.0,1460.0
E85019,CROWN STREET SURGERY,U81324,ACTON PCN,W2U3Z,E38000256,0.0,0.0,45.0,0.0,1.0,5.0,40.0,0.0,32.0,14.0,8999.0,1377.0
E85020,BROOK GREEN MEDICAL CENTRE,U18398,HAMMERSMITH & FULHAM PARTNERSHIP PCN,W2U3Z,E38000256,0.0,0.0,52.0,1.0,11.0,2.0,129.0,0.0,95.0,62.0,13901.0,1785.0
E85021,YEADING MEDICAL CENTRE,U87298,NORTHOLT PCN,W2U3Z,E38000256,0.0,0.0,40.0,1.0,5.0,0.0,24.0,0.0,18.0,17.0,6272.0,699.0
E85023,CHEPSTOW GARDENS MEDICAL CENTRE,U53562,NORTH SOUTHALL PCN,W2U3Z,E38000256,0.0,0.0,43.0,0.0,0.0,1.0,19.0,0.0,19.0,12.0,2700.0,478.0
E85024,CARLTON SURGERY,U,Unallocated,W2U3Z,E38000256,0.0,0.0,52.0,0.0,1.0,0.0,23.0,0.0,10.0,8.0,4524.0,761.0
E85025,CASSIDY ROAD MEDICAL CENTRE,U62360,SOUTH FULHAM PCN,W2U3Z,E38000256,0.0,0.0,33.0,0.0,4.0,3.0,21.0,0.0,17.0,15.0,10527.0,761.0
E85026,GORDON HOUSE SURGERY,U95154,THE EALING NETWORK PCN,W2U3Z,E38000256,0.0,0.0,90.0,0.0,20.0,2.0,73.0,0.0,54.0,37.0,13403.0,2058.0
E85028,HILLCREST SURGERY,U81324,ACTON PCN,W2U3Z,E38000256,0.0,0.0,60.0,0.0,8.0,1.0,38.0,0.0,13.0,5.0,7464.0,1183.0
E85029,"THE MEDICAL CENTRE, DR JEFFERIES & PARTN",U19803,GP AT HAND PCN,W2U3Z,E38000256,0.0,1.0,40.0,1.0,8.0,2.0,58.0,1.0,48.0,31.0,13237.0,1410.0
E85030,CHISWICK HEALTH PRACTICE,U42276,CHISWICK PCN,W2U3Z,E38000256,0.0,0.0,50.0,2.0,1.0,1.0,54.0,0.0,19.0,16.0,6146.0,1015.0
E85032,ASHCHURCH SURGERY,U55717,HAMMERSMITH & FULHAM CENTRAL PCN,W2U3Z,E38000256,0.0,0.0,35.0,1.0,9.0,1.0,32.0,0.0,23.0,18.0,3833.0,708.0
E85033,HAMMERSMITH SURGERY,U55717,HAMMERSMITH & FULHAM CENTRAL PCN,W2U3Z,E38000256,0.0,0.0,71.0,5.0,19.0,4.0,59.0,0.0,47.0,28.0,9756.0,1329.0
E85034,GROSVENOR HOUSE SURGERY,U16083,SOUTH CENTRAL EALING PCN,W2U3Z,E38000256,0.0,0.0,58.0,0.0,0.0,0.0,35.0,1.0,30.0,13.0,4309.0,871.0
E85035,MOUNT MEDICAL CENTRE,U,Unallocated,W2U3Z,E38000256,0.0,0.0,34.0,0.0,1.0,2.0,30.0,0.0,19.0,9.0,6520.0,779.0
E85038,PALACE SURGERY,U62360,SOUTH FULHAM PCN,W2U3Z,E38000256,0.0,0.0,15.0,0.0,0.0,1.0,25.0,0.0,21.0,*,4849.0,707.0
E85040,WEST4 GPS,U42276,CHISWICK PCN,W2U3Z,E38000256,0.0,0.0,81.0,0.0,0.0,1.0,48.0,0.0,40.0,29.0,6154.0,1707.0
E85041,HANWELL HEALTH CENTRE (NAISH),U45703,GREENWELL PCN,W2U3Z,E38000256,0.0,0.0,41.0,3.0,0.0,1.0,19.0,0.0,16.0,10.0,5438.0,783.0
E85042,THE NEW SURGERY,U,Unallocated,W2U3Z,E38000256,0.0,0.0,74.0,0.0,9.0,0.0,15.0,0.0,15.0,5.0,7090.0,697.0
E85045,TWICKENHAM PARK MEDICAL CENTRE,U,Unallocated,W2U3Z,E38000256,0.0,0.0,87.0,0.0,0.0,2.0,26.0,0.0,14.0,7.0,2609.0,654.0
E85046,EASTMEAD AVENUE SURGERY,U45703,GREENWELL PCN,W2U3Z,E38000256,0.0,0.0,66.0,1.0,11.0,0.0,30.0,1.0,26.0,21.0,5133.0,857.0
E85048,"DR CANISIUS & DR HASAN, PARKVIEW CFH&W",U,Unallocated,W2U3Z,E38000256,0.0,0.0,22.0,0.0,4.0,2.0,29.0,0.0,29.0,24.0,6773.0,659.0
E85049,BELMONT MEDICAL CENTRE,U79587,SOUTH SOUTHALL PCN,W2U3Z,E38000256,0.0,0.0,64.0,15.0,2.0,0.0,22.0,0.0,20.0,20.0,7667.0,894.0
E85050,GREENFORD ROAD MED.CTR.,U33609,NGP PCN,W2U3Z,E38000256,0.0,0.0,56.0,0.0,11.0,1.0,30.0,0.0,21.0,18.0,6627.0,1063.0
E85051,GREENFORD AVENUE FHP,U45703,GREENWELL PCN,W2U3Z,E38000256,0.0,0.0,61.0,5.0,0.0,2.0,40.0,5.0,26.0,21.0,4014.0,820.0
E85052,CRANFORD MEDICAL CENTRE,U,Unallocated,W2U3Z,E38000256,0.0,0.0,42.0,0.0,1.0,0.0,31.0,0.0,14.0,14.0,6489.0,852.0
E85053,THE MEDICAL CENTRE,U33609,NGP PCN,W2U3Z,E38000256,0.0,0.0,14.0,0.0,4.0,1.0,11.0,0.0,10.0,*,2857.0,533.0
E85054,HILLVIEW SURGERY,U33609,NGP PCN,W2U3Z,E38000256,0.0,0.0,76.0,1.0,0.0,1.0,48.0,0.0,37.0,9.0,9974.0,1574.0
E85055,THE BUSH DOCTORS,U18398,HAMMERSMITH & FULHAM PARTNERSHIP PCN,W2U3Z,E38000256,0.0,0.0,53.0,3.0,4.0,3.0,49.0,0.0,34.0,18.0,9575.0,1338.0
E85056,ST DAVIDS PRACTICE,U,Unallocated,W2U3Z,E38000256,0.0,0.0,52.0,0.0,0.0,3.0,33.0,0.0,21.0,19.0,6209.0,954.0
E85057,QUEENS WALK PRACTICE,U95154,THE EALING NETWORK PCN,W2U3Z,E38000256,0.0,0.0,77.0,0.0,0.0,0.0,61.0,0.0,47.0,18.0,8144.0,2114.0
E85058,BLUE WING FAMILY DOCTOR UNIT,U24740,HOUNSLOW HEALTH PCN,W2U3Z,E38000256,0.0,0.0,59.0,0.0,0.0,0.0,53.0,0.0,40.0,25.0,5999.0,1225.0
E85059,CHESTNUT PRACTICE,U24740,HOUNSLOW HEALTH PCN,W2U3Z,E38000256,0.0,0.0,42.0,0.0,1.0,1.0,24.0,0.0,21.0,12.0,6859.0,1223.0
E85060,KINGFISHER PRACTICE,U24740,HOUNSLOW HEALTH PCN,W2U3Z,E38000256,0.0,0.0,45.0,0.0,1.0,0.0,26.0,0.0,20.0,15.0,5400.0,904.0
E85061,WELCOME PRACTICE,U79587,SOUTH SOUTHALL PCN,W2U3Z,E38000256,0.0,0.0,24.0,0.0,0.0,0.0,17.0,0.0,14.0,8.0,5721.0,654.0
E85062,HIYOS,U,Unallocated,W2U3Z,E38000256,0.0,0.0,27.0,0.0,0.0,1.0,22.0,0.0,1.0,*,12856.0,643.0
E85064,WEST END SURGERY,U87298,NORTHOLT PCN,W2U3Z,E38000256,0.0,0.0,38.0,0.0,3.0,2.0,19.0,0.0,14.0,8.0,6501.0,795.0
E85066,THE BEDFORD PARK SURGERY,U81324,ACTON PCN,W2U3Z,E38000256,0.0,0.0,18.0,0.0,0.0,0.0,17.0,0.0,13.0,9.0,3314.0,638.0
E85069,OLDFIELD FAMILY PRACTICE,U45703,GREENWELL PCN,W2U3Z,E38000256,0.0,0.0,32.0,1.0,0.0,1.0,27.0,0.0,22.0,7.0,4984.0,678.0
E85071,CLIFFORD HOUSE MEDICAL CENTRE,U,Unallocated,W2U3Z,E38000256,0.0,0.0,7.0,0.0,0.0,0.0,14.0,0.0,13.0,8.0,1867.0,384.0
E85074,WEST KENSINGTON GP SURGERY,U55717,HAMMERSMITH & FULHAM CENTRAL PCN,W2U3Z,E38000256,0.0,0.0,121.0,0.0,4.0,0.0,11.0,0.0,8.0,*,5554.0,538.0
E85075,GP SURGERY @ ACTON GARDENS,U81324,ACTON PCN,W2U3Z,E38000256,0.0,0.0,15.0,0.0,2.0,0.0,21.0,0.0,15.0,8.0,4414.0,512.0
E85077,SHEPHERDS BUSH MEDICAL CENTRE,U,Unallocated,W2U3Z,E38000256,0.0,0.0,14.0,5.0,5.0,0.0,9.0,1.0,7.0,7.0,2932.0,416.0
E85083,DR SIVANESAN & PARTNER,U53562,NORTH SOUTHALL PCN,W2U3Z,E38000256,0.0,0.0,20.0,0.0,0.0,0.0,32.0,0.0,25.0,21.0,5845.0,695.0
E85088,ELMBANK SURGERY,U45703,GREENWELL PCN,W2U3Z,E38000256,0.0,0.0,37.0,1.0,9.0,0.0,25.0,0.0,22.0,15.0,5768.0,772.0
E85090,HAMMOND ROAD SURGERY,U79587,SOUTH SOUTHALL PCN,W2U3Z,E38000256,0.0,0.0,44.0,0.0,1.0,0.0,15.0,0.0,15.0,8.0,4961.0,599.0
E85091,BRUNSWICK SURGERY,U95154,THE EALING NETWORK PCN,W2U3Z,E38000256,0.0,0.0,6.0,0.0,0.0,1.0,7.0,0.0,5.0,*,3052.0,344.0
E85096,MEDICAL CENTRE,U,Unallocated,W2U3Z,E38000256,0.0,0.0,22.0,0.0,2.0,4.0,18.0,0.0,20.0,17.0,5468.0,693.0
E85098,ISLIP MANOR MEDICAL CENTRE,U33609,NGP PCN,W2U3Z,E38000256,0.0,0.0,20.0,0.0,0.0,1.0,11.0,0.0,9.0,8.0,5853.0,547.0
E85099,THE AVENUE SURGERY,U95154,THE EALING NETWORK PCN,W2U3Z,E38000256,0.0,0.0,19.0,0.0,0.0,0.0,10.0,1.0,6.0,*,6412.0,510.0
E85103,LADY MARGARET ROAD MEDICAL CENTRE,U53562,NORTH SOUTHALL PCN,W2U3Z,E38000256,0.0,0.0,14.0,0.0,0.0,1.0,19.0,0.0,4.0,*,2457.0,651.0
E85107,THE MILL HILL SURGERY,U81324,ACTON PCN,W2U3Z,E38000256,0.0,0.0,30.0,0.0,4.0,2.0,37.0,0.0,34.0,21.0,6582.0,890.0
E85108,MANDEVILLE MEDICAL CENTRE,U33609,NGP PCN,W2U3Z,E38000256,0.0,0.0,48.0,0.0,13.0,1.0,9.0,0.0,2.0,*,4159.0,679.0
E85109,THE ACTON HEALTH CENTRE,U81324,ACTON PCN,W2U3Z,E38000256,0.0,0.0,11.0,0.0,1.0,0.0,8.0,0.0,7.0,6.0,3664.0,361.0
E85111,PERIVALE MEDICAL CLINIC,U33609,NGP PCN,W2U3Z,E38000256,0.0,0.0,18.0,2.0,1.0,1.0,18.0,0.0,15.0,8.0,4753.0,609.0
E85112,ELMTREES SURGERY,U33609,NGP PCN,W2U3Z,E38000256,0.0,0.0,49.0,0.0,5.0,0.0,15.0,0.0,10.0,6.0,8252.0,859.0
E85113,REDWOOD PRACTICE,U24740,HOUNSLOW HEALTH PCN,W2U3Z,E38000256,0.0,0.0,25.0,0.0,0.0,2.0,28.0,0.0,23.0,20.0,5852.0,1065.0
E85114,CROSSLANDS SURGERY,U,Unallocated,W2U3Z,E38000256,0.0,0.0,58.0,0.0,0.0,0.0,34.0,0.0,9.0,*,6270.0,1300.0
E85115,PENTELOW PRACTICE,U,Unallocated,W2U3Z,E38000256,0.0,0.0,25.0,0.0,0.0,2.0,20.0,0.0,12.0,7.0,3453.0,587.0
E85116,THE CUCKOO LANE PRACTICE,U95154,THE EALING NETWORK PCN,W2U3Z,E38000256,0.0,0.0,33.0,1.0,5.0,0.0,28.0,0.0,23.0,20.0,5067.0,768.0
E85118,THE FULHAM MEDICAL CENTRE,U62360,SOUTH FULHAM PCN,W2U3Z,E38000256,0.0,0.0,17.0,0.0,1.0,1.0,29.0,0.0,22.0,5.0,6090.0,971.0
E85119,THE MWH PRACTICE,U53562,NORTH SOUTHALL PCN,W2U3Z,E38000256,0.0,0.0,45.0,1.0,0.0,0.0,35.0,0.0,26.0,16.0,12593.0,1323.0
E85120,THE ARGYLE SURGERY,U95154,THE EALING NETWORK PCN,W2U3Z,E38000256,0.0,0.0,44.0,2.0,1.0,0.0,31.0,0.0,27.0,10.0,6164.0,1179.0
E85121,GURU NANAK MEDICAL CENTRE,U79587,SOUTH SOUTHALL PCN,W2U3Z,E38000256,0.0,0.0,60.0,1.0,2.0,2.0,43.0,0.0,33.0,21.0,13154.0,1557.0
E85122,THE FLORENCE ROAD SURGERY,U16083,SOUTH CENTRAL EALING PCN,W2U3Z,E38000256,0.0,0.0,45.0,0.0,0.0,3.0,63.0,1.0,49.0,32.0,12367.0,1731.0
E85123,THE CORFTON ROAD SURGERY,U95154,THE EALING NETWORK PCN,W2U3Z,E38000256,0.0,0.0,36.0,0.0,0.0,0.0,24.0,0.0,21.0,21.0,8044.0,901.0
E85124,GP AT HAND,U19803,GP AT HAND PCN,W2U3Z,E38000256,0.0,0.0,19.0,0.0,3.0,2.0,14.0,0.0,7.0,*,95491.0,1185.0
E85125,STERNDALE SURGERY,U55717,HAMMERSMITH & FULHAM CENTRAL PCN,W2U3Z,E38000256,0.0,0.0,73.0,2.0,2.0,2.0,8.0,0.0,5.0,*,5212.0,577.0
E85126,GREEN PRACTICE,U24740,HOUNSLOW HEALTH PCN,W2U3Z,E38000256,0.0,0.0,46.0,0.0,0.0,0.0,42.0,0.0,32.0,30.0,9756.0,1136.0
E85127,THE BARNABAS MEDICAL CTRE,U33609,NGP PCN,W2U3Z,E38000256,0.0,0.0,49.0,0.0,1.0,1.0,16.0,0.0,15.0,*,7075.0,1203.0
E85128,SANDS END HEALTH CLINIC,U62360,SOUTH FULHAM PCN,W2U3Z,E38000256,1.0,0.0,56.0,4.0,15.0,2.0,68.0,0.0,40.0,23.0,10810.0,1405.0
E85129,THE MANSELL ROAD PRACTICE,U45703,GREENWELL PCN,W2U3Z,E38000256,0.0,0.0,43.0,1.0,0.0,0.0,22.0,0.0,17.0,15.0,4799.0,988.0
E85130,CHISWICK FAMILY PRACTICE,U81324,ACTON PCN,W2U3Z,E38000256,0.0,0.0,38.0,0.0,4.0,2.0,13.0,0.0,9.0,8.0,3740.0,524.0
E85600,WILLOW PRACTICE,U24740,HOUNSLOW HEALTH PCN,W2U3Z,E38000256,0.0,0.0,21.0,0.0,1.0,1.0,32.0,0.0,26.0,16.0,6440.0,727.0
E85605,BRENTFORD GROUP PRACTICE,U,Unallocated,W2U3Z,E38000256,0.0,1.0,67.0,0.0,0.0,0.0,50.0,0.0,35.0,32.0,6898.0,1254.0
E85617,ACTON TOWN MEDICAL CENTRE,U81324,ACTON PCN,W2U3Z,E38000256,0.0,0.0,1.0,0.0,0.0,1.0,5.0,0.0,5.0,*,1150.0,25.0
E85623,SOMERSET MEDICAL CENTRE,U87298,NORTHOLT PCN,W2U3Z,E38000256,0.0,0.0,8.0,0.0,0.0,0.0,5.0,0.0,5.0,*,2736.0,287.0
E85624,"DR UPPAL & PARTN, PARKVIEW CTR FOR H&W",U,Unallocated,W2U3Z,E38000256,0.0,0.0,32.0,0.0,2.0,1.0,27.0,2.0,17.0,12.0,6274.0,913.0
E85628,ELTHORNE PARK SURGERY,U16083,SOUTH CENTRAL EALING PCN,W2U3Z,E38000256,0.0,0.0,64.0,0.0,2.0,3.0,87.0,0.0,18.0,15.0,8559.0,1210.0
E85633,THE SOUTHALL MEDICAL CTR.,U79587,SOUTH SOUTHALL PCN,W2U3Z,E38000256,0.0,0.0,12.0,1.0,0.0,1.0,19.0,0.0,10.0,*,8706.0,803.0
E85635,THE VALE SURGERY,U81324,ACTON PCN,W2U3Z,E38000256,0.0,0.0,17.0,0.0,0.0,2.0,21.0,0.0,21.0,7.0,4956.0,574.0
E85636,PARK MEDICAL CENTRE,U18398,HAMMERSMITH & FULHAM PARTNERSHIP PCN,W2U3Z,E38000256,0.0,0.0,54.0,1.0,14.0,4.0,98.0,0.0,76.0,48.0,13222.0,1502.0
E85640,THE CHURCHFIELD ROAD SURGERY,U81324,ACTON PCN,W2U3Z,E38000256,0.0,0.0,133.0,0.0,0.0,1.0,11.0,0.0,9.0,*,3089.0,347.0
E85643,MEADOW VIEW,U33609,NGP PCN,W2U3Z,E38000256,0.0,0.0,19.0,0.0,2.0,0.0,20.0,0.0,2.0,*,6270.0,646.0
E85649,FULHAM CROSS MEDICAL CENTRE,U62360,SOUTH FULHAM PCN,W2U3Z,E38000256,0.0,0.0,12.0,0.0,4.0,1.0,8.0,0.0,5.0,*,3967.0,319.0
E85656,SUNRISE MEDICAL CENTRE,U79587,SOUTH SOUTHALL PCN,W2U3Z,E38000256,0.0,0.0,23.0,0.0,0.0,4.0,19.0,0.0,17.0,11.0,5031.0,539.0
E85657,EALING PARK HEALTH CENTRE,U16083,SOUTH CENTRAL EALING PCN,W2U3Z,E38000256,0.0,0.0,75.0,0.0,15.0,1.0,58.0,0.0,49.0,25.0,10459.0,1176.0
E85658,HOLLY ROAD MEDICAL CENTRE,U42276,CHISWICK PCN,W2U3Z,E38000256,0.0,0.0,22.0,0.0,0.0,0.0,20.0,0.0,10.0,9.0,3813.0,736.0
E85659,"DR RK KUKAR, PARKVIEW CTR FOR H&W",U,Unallocated,W2U3Z,E38000256,0.0,0.0,11.0,0.0,1.0,0.0,10.0,0.0,8.0,5.0,2010.0,266.0
E85663,THE SALUJA CLINIC,U53562,NORTH SOUTHALL PCN,W2U3Z,E38000256,0.0,0.0,26.0,0.0,1.0,4.0,26.0,0.0,30.0,12.0,9241.0,930.0
E85677,THE HORN LANE SURGERY,U81324,ACTON PCN,W2U3Z,E38000256,0.0,0.0,64.0,0.0,2.0,0.0,11.0,0.0,8.0,*,7767.0,552.0
E85680,CLOISTER ROAD SURGERY,U81324,ACTON PCN,W2U3Z,E38000256,0.0,0.0,41.0,0.0,6.0,0.0,28.0,0.0,15.0,7.0,9396.0,800.0
E85681,JERSEY PRACTICE,U,Unallocated,W2U3Z,E38000256,0.0,0.0,36.0,0.0,0.0,2.0,60.0,0.0,54.0,39.0,8044.0,1019.0
E85682,DORMERS WELLS MEDICAL CENTRE,U53562,NORTH SOUTHALL PCN,W2U3Z,E38000256,0.0,0.0,0.0,0.0,0.0,1.0,21.0,3.0,9.0,6.0,5113.0,613.0
E85683,GLEBE STREET SURGERY,U42276,CHISWICK PCN,W2U3Z,E38000256,0.0,0.0,24.0,0.0,0.0,0.0,14.0,0.0,11.0,8.0,3265.0,694.0
E85685,THE LILYVILLE SURGERY,U62360,SOUTH FULHAM PCN,W2U3Z,E38000256,1.0,0.0,36.0,2.0,4.0,1.0,74.0,0.0,57.0,32.0,10888.0,1517.0
E85687,ACTON LANE MEDICAL CENTRE,U81324,ACTON PCN,W2U3Z,E38000256,0.0,0.0,29.0,0.0,1.0,2.0,8.0,0.0,7.0,6.0,5434.0,248.0
E85693,CHISWICK MEDICAL PRACTICE,U42276,CHISWICK PCN,W2U3Z,E38000256,0.0,1.0,99.0,0.0,0.0,2.0,71.0,0.0,55.0,43.0,19322.0,2934.0
E85694,THE BOILEAU ROAD SURGERY,U81324,ACTON PCN,W2U3Z,E38000256,0.0,0.0,114.0,0.0,2.0,1.0,28.0,0.0,19.0,15.0,4595.0,664.0
E85696,CLIFFORD ROAD SURGERY,U,Unallocated,W2U3Z,E38000256,0.0,0.0,29.0,0.0,4.0,0.0,5.0,0.0,5.0,*,7202.0,633.0
E85697,GREENBROOK BEDFONT,U,Unallocated,W2U3Z,E38000256,0.0,0.0,21.0,0.0,1.0,0.0,16.0,0.0,12.0,11.0,5567.0,665.0
E85699,GROVE VILLAGE MEDICAL CENTRE,U,Unallocated,W2U3Z,E38000256,0.0,0.0,50.0,0.0,0.0,3.0,154.0,0.0,89.0,25.0,5709.0,950.0
E85707,SKYWAYS MEDICAL CENTRE,U,Unallocated,W2U3Z,E38000256,0.0,0.0,64.0,0.0,0.0,5.0,34.0,0.0,29.0,20.0,6475.0,948.0
E85708,GILL MEDICAL PRACTICE,U,Unallocated,W2U3Z,E38000256,0.0,0.0,30.0,0.0,0.0,0.0,24.0,0.0,17.0,14.0,6981.0,851.0
E85712,GOODCARE PRACTICE,U87298,NORTHOLT PCN,W2U3Z,E38000256,0.0,0.0,24.0,0.0,1.0,3.0,31.0,0.0,27.0,18.0,9549.0,1045.0
E85713,HOUNSLOW FAMILY PRACTICE,U24740,HOUNSLOW HEALTH PCN,W2U3Z,E38000256,0.0,0.0,58.0,10.0,2.0,1.0,23.0,0.0,21.0,18.0,5689.0,696.0
E85715,BROADMEAD SURGERY,U87298,NORTHOLT PCN,W2U3Z,E38000256,0.0,0.0,29.0,0.0,0.0,2.0,30.0,0.0,32.0,28.0,7164.0,795.0
E85716,BATH ROAD SURGERY,U24740,HOUNSLOW HEALTH PCN,W2U3Z,E38000256,0.0,0.0,45.0,0.0,1.0,5.0,106.0,0.0,86.0,78.0,14678.0,1488.0
E85718,HATTON MEDICAL PRACTICE,U,Unallocated,W2U3Z,E38000256,0.0,0.0,6.0,0.0,2.0,3.0,11.0,0.0,10.0,*,4419.0,555.0
E85719,ASHVILLE SURGERY,U62360,SOUTH FULHAM PCN,W2U3Z,E38000256,0.0,0.0,13.0,2.0,3.0,2.0,24.0,0.0,20.0,18.0,8957.0,1040.0
E85721,THE TOWN SURGERY,U53562,NORTH SOUTHALL PCN,W2U3Z,E38000256,0.0,0.0,2.0,0.0,0.0,0.0,2.0,0.0,2.0,*,2057.0,139.0
E85725,THE GROVE MEDICAL PRACTICE,U33609,NGP PCN,W2U3Z,E38000256,0.0,0.0,30.0,1.0,5.0,2.0,16.0,0.0,14.0,11.0,6472.0,944.0
E85726,MATTOCK LANE HEALTH CENTRE,U95154,THE EALING NETWORK PCN,W2U3Z,E38000256,0.0,0.0,26.0,0.0,0.0,0.0,12.0,0.0,10.0,8.0,2774.0,483.0
E85734,QUEENS PARK MEDICAL PRACTICE,U,Unallocated,W2U3Z,E38000256,0.0,0.0,53.0,0.0,0.0,3.0,14.0,0.0,16.0,10.0,5194.0,652.0
E85735,BRENTFORD FAMILY PRACTICE,U,Unallocated,W2U3Z,E38000256,0.0,0.0,39.0,1.0,0.0,0.0,23.0,0.0,21.0,19.0,6302.0,638.0
E85736,LITTLE PARK SURGERY,U,Unallocated,W2U3Z,E38000256,0.0,0.0,45.0,0.0,0.0,1.0,27.0,0.0,22.0,20.0,6725.0,847.0
E85739,HMC HEALTH HESTON GREAT WEST,U,Unallocated,W2U3Z,E38000256,0.0,0.0,44.0,0.0,0.0,2.0,37.0,0.0,34.0,22.0,9246.0,1171.0
E85743,ST. GEORGES MEDICAL CTR.,U53562,NORTH SOUTHALL PCN,W2U3Z,E38000256,0.0,0.0,10.0,0.0,0.0,1.0,5.0,0.0,3.0,*,2729.0,343.0
E85744,ARGYLE HEALTH-ISLEWORTH PRACTICE,U,Unallocated,W2U3Z,E38000256,0.0,0.0,41.0,1.0,0.0,0.0,31.0,0.0,24.0,17.0,8553.0,889.0
E85745,JUBILEE GARDENS MEDICAL CENTRE,U87298,NORTHOLT PCN,W2U3Z,E38000256,0.0,0.0,30.0,0.0,0.0,11.0,56.0,1.0,52.0,50.0,7125.0,946.0
E85746,GROVE PARK TERRACE SURGERY,U42276,CHISWICK PCN,W2U3Z,E38000256,0.0,0.0,26.0,0.0,0.0,0.0,5.0,0.0,5.0,*,3479.0,390.0
E85748,"THE MEDICAL CENTRE, DR KUKAR",U,Unallocated,W2U3Z,E38000256,0.0,0.0,4.0,1.0,1.0,1.0,8.0,0.0,8.0,*,5602.0,441.0
E85750,SPRING GROVE MEDICAL PRACTICE,U,Unallocated,W2U3Z,E38000256,0.0,0.0,15.0,0.0,1.0,1.0,23.0,0.0,23.0,20.0,6222.0,975.0
E86001,MOUNTWOOD SURGERY,U,Unallocated,W2U3Z,E38000256,0.0,1.0,62.0,1.0,29.0,1.0,150.0,0.0,113.0,80.0,8430.0,2804.0
E86004,THE MEDICAL CENTRE,U,Unallocated,W2U3Z,E38000256,0.0,1.0,48.0,1.0,7.0,0.0,42.0,0.0,33.0,11.0,9733.0,1319.0
E86005,THE OAKLAND MEDICAL CENTRE,U,Unallocated,W2U3Z,E38000256,0.0,0.0,21.0,1.0,3.0,1.0,48.0,0.0,35.0,24.0,5682.0,1269.0
E86006,THE DEVONSHIRE LODGE PRACTICE,U,Unallocated,W2U3Z,E38000256,2.0,3.0,70.0,7.0,28.0,3.0,133.0,0.0,106.0,78.0,6491.0,1831.0
E86007,HAREFIELD PRACTICE,U,Unallocated,W2U3Z,E38000256,0.0,0.0,19.0,2.0,9.0,1.0,107.0,0.0,97.0,54.0,7037.0,1833.0
E86009,BELMONT MEDICAL CENTRE,U,Unallocated,W2U3Z,E38000256,0.0,0.0,51.0,0.0,18.0,1.0,43.0,0.0,36.0,35.0,7682.0,1215.0
E86010,YIEWSLEY FAMILY PRACTICE,U,Unallocated,W2U3Z,E38000256,0.0,0.0,34.0,0.0,4.0,3.0,68.0,0.0,51.0,19.0,15278.0,1255.0
E86011,OXFORD DRIVE MEDICAL CENTRE,U,Unallocated,W2U3Z,E38000256,0.0,0.0,21.0,0.0,8.0,1.0,37.0,0.0,30.0,26.0,5238.0,1023.0
E86012,WOOD LANE MEDICAL CENTRE,U,Unallocated,W2U3Z,E38000256,0.0,0.0,43.0,1.0,21.0,0.0,72.0,1.0,58.0,45.0,8838.0,2358.0
E86014,CEDARS MEDICAL CENTRE,U,Unallocated,W2U3Z,E38000256,0.0,0.0,12.0,0.0,5.0,0.0,31.0,0.0,28.0,18.0,6761.0,784.0
E86015,CENTRAL UXBRIDGE SURGERY,U,Unallocated,W2U3Z,E38000256,0.0,2.0,111.0,1.0,50.0,1.0,111.0,1.0,57.0,43.0,14562.0,2642.0
E86016,THE PINE MEDICAL CENTRE,U,Unallocated,W2U3Z,E38000256,0.0,0.0,41.0,4.0,9.0,1.0,55.0,0.0,42.0,40.0,5346.0,798.0
E86017,HAYES MEDICAL CENTRE,U,Unallocated,W2U3Z,E38000256,0.0,0.0,23.0,0.0,6.0,3.0,49.0,0.0,35.0,34.0,20322.0,1454.0
E86018,TOWNFIELD DOCTORS SURGERY,U,Unallocated,W2U3Z,E38000256,0.0,0.0,86.0,0.0,33.0,4.0,86.0,0.0,71.0,61.0,6944.0,1136.0
E86019,THE WARREN PRACTICE,U,Unallocated,W2U3Z,E38000256,0.0,0.0,24.0,2.0,15.0,2.0,37.0,1.0,35.0,22.0,5813.0,1052.0
E86020,YEADING COURT SURGERY,U,Unallocated,W2U3Z,E38000256,0.0,0.0,14.0,0.0,4.0,0.0,14.0,0.0,13.0,10.0,4677.0,592.0
E86022,THE ABBOTSBURY PRACTICE,U,Unallocated,W2U3Z,E38000256,0.0,0.0,36.0,0.0,11.0,1.0,39.0,0.0,35.0,25.0,4450.0,1418.0
E86024,KING EDWARDS MEDICAL CENTRE,U,Unallocated,W2U3Z,E38000256,0.0,0.0,58.0,56.0,1.0,0.0,36.0,0.0,33.0,28.0,3278.0,1002.0
E86026,PARKVIEW SURGERY,U,Unallocated,W2U3Z,E38000256,0.0,1.0,22.0,1.0,4.0,0.0,26.0,0.0,21.0,15.0,7288.0,1015.0
E86027,OTTERFIELD MEDICAL CENTRE,U,Unallocated,W2U3Z,E38000256,0.0,0.0,26.0,3.0,7.0,3.0,112.0,0.0,102.0,86.0,6159.0,1019.0
E86028,EASTBURY SURGERY,U,Unallocated,W2U3Z,E38000256,0.0,0.0,28.0,1.0,12.0,2.0,69.0,1.0,53.0,27.0,6646.0,1697.0
E86029,CEDAR BROOK PRACTICE,U,Unallocated,W2U3Z,E38000256,0.0,0.0,23.0,0.0,8.0,5.0,79.0,0.0,57.0,48.0,9162.0,1330.0
E86030,BRUNEL MEDICAL CENTRE,U,Unallocated,W2U3Z,E38000256,0.0,1.0,25.0,2.0,1.0,1.0,14.0,0.0,14.0,11.0,11452.0,365.0
E86033,ST MARTINS MEDICAL CENTRE,U,Unallocated,W2U3Z,E38000256,0.0,1.0,14.0,0.0,6.0,3.0,68.0,0.0,66.0,51.0,5282.0,1202.0
E86034,CHURCH ROAD SURGERY,U,Unallocated,W2U3Z,E38000256,0.0,0.0,3.0,0.0,3.0,0.0,10.0,0.0,7.0,*,2222.0,409.0
E86036,HILLINGDON HEALTH CENTRE,U,Unallocated,W2U3Z,E38000256,0.0,0.0,77.0,1.0,32.0,1.0,94.0,1.0,68.0,57.0,7336.0,1607.0
E86038,GLENDALE MEDICAL CENTRE,U,Unallocated,W2U3Z,E38000256,0.0,0.0,33.0,2.0,12.0,0.0,20.0,0.0,17.0,12.0,6362.0,749.0
E86041,ACRE SURGERY,U,Unallocated,W2U3Z,E38000256,0.0,0.0,21.0,0.0,7.0,2.0,26.0,0.0,20.0,6.0,4677.0,811.0
E86042,THE HIGH STREET PRACTICE,U,Unallocated,W2U3Z,E38000256,1.0,0.0,35.0,6.0,9.0,1.0,44.0,0.0,37.0,30.0,7020.0,712.0
E86605,LADYGATE LANE MEDICAL PRACTICE,U,Unallocated,W2U3Z,E38000256,0.0,0.0,4.0,0.0,1.0,0.0,19.0,0.0,14.0,11.0,2024.0,538.0
E86609,NORTH HYDE ROAD SURGERY,U,Unallocated,W2U3Z,E38000256,0.0,0.0,15.0,2.0,0.0,0.0,16.0,0.0,11.0,8.0,9777.0,567.0
E86610,WILLOW TREE SURGERY,U,Unallocated,W2U3Z,E38000256,0.0,0.0,22.0,0.0,1.0,0.0,3.0,0.0,3.0,*,2866.0,417.0
E86612,SHAKESPEARE HEALTH CENTRE,U,Unallocated,W2U3Z,E38000256,0.0,0.0,16.0,1.0,2.0,1.0,11.0,0.0,6.0,*,5522.0,454.0
E86615,ACREFIELD SURGERY,U,Unallocated,W2U3Z,E38000256,0.0,0.0,15.0,0.0,8.0,1.0,37.0,0.0,30.0,23.0,2161.0,369.0
E86618,CAREPOINT PRACTICE,U,Unallocated,W2U3Z,E38000256,0.0,0.0,6.0,0.0,3.0,0.0,21.0,0.0,10.0,9.0,6026.0,1114.0
E86619,WALLASEY MEDICAL CENTRE,U,Unallocated,W2U3Z,E38000256,0.0,0.0,27.0,2.0,2.0,0.0,11.0,0.0,10.0,6.0,2783.0,534.0
E86620,WEST LONDON MEDICAL CENTRE,U,Unallocated,W2U3Z,E38000256,0.0,0.0,9.0,0.0,5.0,0.0,17.0,0.0,10.0,10.0,4612.0,566.0
E86625,KINCORA DOCTORS SURGERY,U,Unallocated,W2U3Z,E38000256,0.0,1.0,23.0,0.0,7.0,1.0,13.0,0.0,8.0,*,2445.0,393.0
E86626,QUEENS WALK MEDICAL CENTRE,U,Unallocated,W2U3Z,E38000256,0.0,0.0,16.0,0.0,1.0,0.0,34.0,0.0,27.0,19.0,4947.0,958.0
E86629,DR MLR SIDDIQUI'S PRACTICE,U,Unallocated,W2U3Z,E38000256,0.0,1.0,12.0,7.0,3.0,1.0,11.0,0.0,10.0,10.0,3208.0,466.0
E86632,ACORN MEDICAL CENTRE,U,Unallocated,W2U3Z,E38000256,0.0,0.0,22.0,0.0,9.0,1.0,28.0,0.0,21.0,15.0,5032.0,752.0
E86637,HEATHROW MEDICAL CENTRE,U,Unallocated,W2U3Z,E38000256,1.0,0.0,119.0,51.0,6.0,1.0,27.0,0.0,25.0,23.0,5795.0,761.0
E86640,SOUTHCOTE CLINIC,U,Unallocated,W2U3Z,E38000256,0.0,0.0,14.0,1.0,6.0,1.0,37.0,0.0,20.0,13.0,4938.0,1000.0
E87002,VICTORIA MEDICAL CENTRE,U02961,SOUTH WESTMINSTER PCN,W2U3Z,E38000256,0.0,0.0,68.0,0.0,5.0,2.0,91.0,1.0,79.0,40.0,14252.0,2559.0
E87003,NORTH KENSINGTON MEDICAL CENTRE,U14482,WEST-HILL HEALTH PCN,W2U3Z,E38000256,0.0,0.0,52.0,0.0,0.0,0.0,26.0,0.0,21.0,17.0,4356.0,751.0
E87004,HEALTH PARTNERS AT VIOLET MELCHETT,U05784,BROMPTON HEALTH PCN,W2U3Z,E38000256,0.0,0.0,34.0,0.0,2.0,1.0,54.0,0.0,46.0,22.0,9015.0,1854.0
E87005,BELGRAVIA SURGERY,U02961,SOUTH WESTMINSTER PCN,W2U3Z,E38000256,0.0,1.0,19.0,9.0,6.0,0.0,52.0,0.0,32.0,26.0,7055.0,1466.0
E87006,LITTLE VENICE MEDICAL CENTRE,U81960,ST JOHN'S WOOD & MAIDA VALE PCN,W2U3Z,E38000256,0.0,0.0,4.0,0.0,0.0,0.0,22.0,0.0,20.0,19.0,4163.0,623.0
E87007,WESTBOURNE GROVE MEDICAL CENTRE,U14482,WEST-HILL HEALTH PCN,W2U3Z,E38000256,0.0,0.0,0.0,0.0,0.0,0.0,0.0,0.0,0.0,*,1.0,0.0
E87008,PADDINGTON GREEN HEALTH CENTRE,U12548,REGENT HEALTH PCN,W2U3Z,E38000256,0.0,0.0,60.0,5.0,14.0,4.0,84.0,0.0,56.0,15.0,10572.0,1241.0
E87009,THE GARWAY MEDICAL PRACTICE,U14482,WEST-HILL HEALTH PCN,W2U3Z,E38000256,0.0,0.0,10.0,0.0,4.0,0.0,26.0,0.0,16.0,13.0,3049.0,656.0
E87010,MAIDA VALE MEDICAL CENTRE,U81960,ST JOHN'S WOOD & MAIDA VALE PCN,W2U3Z,E38000256,0.0,0.0,9.0,0.0,0.0,0.0,20.0,0.0,16.0,8.0,5126.0,780.0
E87011,LISSON GROVE HEALTH CENTRE,U12548,REGENT HEALTH PCN,W2U3Z,E38000256,0.0,0.0,25.0,1.0,14.0,1.0,55.0,0.0,46.0,36.0,6688.0,1059.0
E87013,STANHOPE MEWS SURGERY,U05784,BROMPTON HEALTH PCN,W2U3Z,E38000256,0.0,0.0,51.0,1.0,0.0,0.0,71.0,0.0,63.0,50.0,13667.0,2373.0
E87016,HOLLAND PARK SURGERY,U14482,WEST-HILL HEALTH PCN,W2U3Z,E38000256,0.0,0.0,24.0,0.0,0.0,1.0,81.0,0.0,63.0,46.0,11313.0,2135.0
E87021,SHIRLAND MEDICAL,U91471,INCLUSIVE HEALTH PCN,W2U3Z,E38000256,0.0,0.0,58.0,0.0,6.0,0.0,97.0,0.0,60.0,39.0,4223.0,948.0
E87024,THE GOLBORNE MEDICAL CENTRE,U14482,WEST-HILL HEALTH PCN,W2U3Z,E38000256,0.0,0.0,54.0,0.0,2.0,2.0,62.0,0.0,53.0,45.0,4693.0,832.0
E87026,MEANWHILE GARDEN MEDICAL CENTRE,U91471,INCLUSIVE HEALTH PCN,W2U3Z,E38000256,0.0,0.0,25.0,0.0,0.0,1.0,15.0,0.0,16.0,11.0,1865.0,448.0
E87029,PORTLAND ROAD PRACTICE,U14482,WEST-HILL HEALTH PCN,W2U3Z,E38000256,0.0,0.0,45.0,0.0,10.0,2.0,44.0,0.0,26.0,21.0,7646.0,1377.0
E87034,PIMLICO HEALTH AT THE MARVEN SURGERY,U,Unallocated,W2U3Z,E38000256,0.0,0.0,67.0,0.0,23.0,3.0,74.0,0.0,52.0,38.0,12586.0,2011.0
E87037,CONNAUGHT SQUARE PRACTICE,U12548,REGENT HEALTH PCN,W2U3Z,E38000256,0.0,0.0,15.0,0.0,1.0,1.0,35.0,0.0,26.0,18.0,9905.0,1329.0
E87038,ELGIN CLINIC,U91471,INCLUSIVE HEALTH PCN,W2U3Z,E38000256,0.0,0.0,63.0,0.0,11.0,2.0,41.0,0.0,39.0,26.0,3953.0,748.0
E87043,EMPEROR'S GATE SURGERY,U05784,BROMPTON HEALTH PCN,W2U3Z,E38000256,0.0,0.0,23.0,0.0,1.0,0.0,43.0,0.0,38.0,35.0,5973.0,714.0
E87045,COVENT GARDEN MEDICAL CENTRE,U37086,WEST END & MARYLEBONE PCN,W2U3Z,E38000256,0.0,0.0,15.0,0.0,3.0,2.0,21.0,0.0,14.0,7.0,4449.0,669.0
E87046,THE RANDOLPH SURGERY,U81960,ST JOHN'S WOOD & MAIDA VALE PCN,W2U3Z,E38000256,0.0,0.0,35.0,2.0,3.0,0.0,23.0,0.0,18.0,10.0,11470.0,1119.0
E87047,EARLS COURT MEDICAL CENTRE,U05784,BROMPTON HEALTH PCN,W2U3Z,E38000256,0.0,0.0,37.0,0.0,3.0,0.0,17.0,0.0,15.0,10.0,5490.0,874.0
E87048,ROSARY GARDEN SURGERY,U62614,K AND C SOUTH PCN,W2U3Z,E38000256,0.0,0.0,15.0,1.0,1.0,0.0,13.0,0.0,10.0,*,3007.0,516.0
E87052,CROMPTON MEDICAL CENTRE,U12548,REGENT HEALTH PCN,W2U3Z,E38000256,0.0,0.0,12.0,0.0,9.0,0.0,12.0,0.0,12.0,6.0,2775.0,486.0
E87061,THE PEMBRIDGE VILLAS SURGERY,U14482,WEST-HILL HEALTH PCN,W2U3Z,E38000256,0.0,0.0,39.0,0.0,7.0,1.0,57.0,0.0,42.0,35.0,12162.0,1585.0
E87063,KINGS ROAD MEDICAL CENTRE,U62614,K AND C SOUTH PCN,W2U3Z,E38000256,0.0,0.0,22.0,2.0,8.0,0.0,25.0,0.0,17.0,7.0,14671.0,1117.0
E87065,THE NOTTING HILL MEDICAL CENTRE,U47608,NEOHEALTH PCN,W2U3Z,E38000256,0.0,0.0,15.0,1.0,1.0,2.0,41.0,0.0,32.0,32.0,3165.0,524.0
E87066,FITZROVIA MEDICAL CENTRE,U37086,WEST END & MARYLEBONE PCN,W2U3Z,E38000256,0.0,0.0,22.0,0.0,8.0,0.0,14.0,0.0,13.0,10.0,6972.0,777.0
E87067,COLVILLE HEALTH CENTRE,U47608,NEOHEALTH PCN,W2U3Z,E38000256,0.0,0.0,37.0,2.0,6.0,5.0,55.0,0.0,8.0,6.0,8799.0,1731.0
E87069,SOHO CENTRE FOR HEALTH AND CARE,U37086,WEST END & MARYLEBONE PCN,W2U3Z,E38000256,0.0,0.0,2.0,0.0,0.0,2.0,8.0,0.0,7.0,5.0,2502.0,342.0
E87070,CRAWFORD STREET SURGERY,U37086,WEST END & MARYLEBONE PCN,W2U3Z,E38000256,0.0,0.0,12.0,0.0,1.0,0.0,11.0,0.0,9.0,9.0,6431.0,728.0
E87609,ST JOHNS WOOD MEDICAL PRACTICE,U81960,ST JOHN'S WOOD & MAIDA VALE PCN,W2U3Z,E38000256,0.0,0.0,52.0,1.0,13.0,0.0,100.0,0.0,70.0,54.0,21407.0,3016.0
E87637,GRAND UNION HEALTH CENTRE,U14482,WEST-HILL HEALTH PCN,W2U3Z,E38000256,1.0,0.0,107.0,0.0,17.0,9.0,93.0,0.0,79.0,62.0,18899.0,2006.0
E87648,MAYFAIR MEDICAL CENTRE,U37086,WEST END & MARYLEBONE PCN,W2U3Z,E38000256,0.0,0.0,10.0,0.0,0.0,0.0,9.0,0.0,7.0,*,3722.0,605.0
E87663,THIRD FLOOR LANARK ROAD MEDICAL CENTRE,U81960,ST JOHN'S WOOD & MAIDA VALE PCN,W2U3Z,E38000256,0.0,0.0,28.0,0.0,0.0,0.0,17.0,0.0,15.0,12.0,3929.0,618.0
E87665,THE CHELSEA PRACTICE,U05784,BROMPTON HEALTH PCN,W2U3Z,E38000256,0.0,0.0,15.0,0.0,2.0,2.0,32.0,0.0,26.0,21.0,5170.0,1247.0
E87677,IMPERIAL COLLEGE HEALTH CENTRE,U12548,REGENT HEALTH PCN,W2U3Z,E38000256,0.0,0.0,5.0,0.0,0.0,0.0,14.0,0.0,14.0,13.0,18165.0,293.0
E87681,NEWTON MEDICAL CENTRE,U12548,REGENT HEALTH PCN,W2U3Z,E38000256,0.0,0.0,20.0,0.0,6.0,1.0,109.0,0.0,79.0,36.0,12769.0,1543.0
E87701,THE ABINGDON HEALTH CENTRE,U05784,BROMPTON HEALTH PCN,W2U3Z,E38000256,0.0,0.0,35.0,2.0,6.0,0.0,47.0,0.0,31.0,23.0,7053.0,1682.0
E87702,THE SURGERY,U62614,K AND C SOUTH PCN,W2U3Z,E38000256,0.0,0.0,2.0,0.0,0.0,0.0,5.0,0.0,0.0,*,2383.0,481.0
E87706,THE FORELAND MEDICAL CENTRE,U47608,NEOHEALTH PCN,W2U3Z,E38000256,0.0,0.0,50.0,1.0,4.0,2.0,16.0,0.0,2.0,*,3589.0,664.0
E87711,ROYAL HOSPITAL CHELSEA,U05784,BROMPTON HEALTH PCN,W2U3Z,E38000256,0.0,0.0,170.0,0.0,1.0,0.0,27.0,0.0,23.0,18.0,3.0,285.0
E87714,SOHO SQUARE GENERAL PRACTICE,U37086,WEST END & MARYLEBONE PCN,W2U3Z,E38000256,0.0,0.0,5.0,0.0,2.0,2.0,8.0,0.0,6.0,*,5327.0,435.0
E87715,SCARSDALE MEDICAL CENTRE,U05784,BROMPTON HEALTH PCN,W2U3Z,E38000256,0.0,0.0,14.0,0.0,3.0,0.0,24.0,0.0,21.0,9.0,6318.0,978.0
E87720,KENSINGTON PARK MEDICAL CENTRE,U05784,BROMPTON HEALTH PCN,W2U3Z,E38000256,0.0,0.0,19.0,0.0,4.0,0.0,28.0,0.0,24.0,8.0,8304.0,853.0
E87722,LANCASTER GATE MEDICAL CENTRE,U14482,WEST-HILL HEALTH PCN,W2U3Z,E38000256,0.0,0.0,20.0,0.0,5.0,1.0,13.0,0.0,9.0,7.0,6293.0,517.0
E87733,THE EXMOOR SURGERY,U47608,NEOHEALTH PCN,W2U3Z,E38000256,0.0,0.0,101.0,2.0,16.0,3.0,28.0,0.0,24.0,19.0,4137.0,710.0
E87737,MARYLEBONE HEALTH CENTRE,U37086,WEST END & MARYLEBONE PCN,W2U3Z,E38000256,0.0,0.0,18.0,1.0,6.0,0.0,45.0,0.0,40.0,32.0,8086.0,1141.0
E87738,KNIGHTSBRIDGE MEDICAL CENTRE,U05784,BROMPTON HEALTH PCN,W2U3Z,E38000256,0.0,0.0,31.0,5.0,9.0,0.0,53.0,0.0,44.0,34.0,12371.0,2550.0
E87739,MILLBANK MEDICAL CENTRE,U02961,SOUTH WESTMINSTER PCN,W2U3Z,E38000256,0.0,0.0,30.0,2.0,7.0,3.0,52.0,0.0,51.0,46.0,8695.0,1014.0
E87740,THE DR HICKEY SURGERY FOR THE HOMELESS,U02961,SOUTH WESTMINSTER PCN,W2U3Z,E38000256,0.0,0.0,7.0,0.0,0.0,1.0,5.0,0.0,6.0,6.0,1968.0,153.0
E87741,WOODFIELD ROAD MEDICAL CENTRE,U12548,REGENT HEALTH PCN,W2U3Z,E38000256,1.0,0.0,20.0,0.0,7.0,2.0,24.0,0.0,21.0,10.0,3022.0,437.0
E87742,THE GOLBORNE MEDICAL CENTRE,U47608,NEOHEALTH PCN,W2U3Z,E38000256,0.0,0.0,37.0,1.0,3.0,0.0,16.0,1.0,7.0,*,2589.0,411.0
E87745,CAVENDISH HEALTH CENTRE,U37086,WEST END & MARYLEBONE PCN,W2U3Z,E38000256,0.0,0.0,15.0,0.0,6.0,2.0,35.0,0.0,29.0,23.0,8107.0,1056.0
E87746,BROMPTON MEDICAL CENTRE,U62614,K AND C SOUTH PCN,W2U3Z,E38000256,0.0,0.0,29.0,1.0,4.0,2.0,6.0,0.0,0.0,*,4511.0,421.0
E87750,EARLS COURT SURGERY,U05784,BROMPTON HEALTH PCN,W2U3Z,E38000256,0.0,0.0,4.0,0.0,1.0,1.0,8.0,0.0,7.0,*,3641.0,481.0
E87751,SRIKRISHNAMURTHY HARROW ROAD SURGERY,U91471,INCLUSIVE HEALTH PCN,W2U3Z,E38000256,1.0,0.0,39.0,0.0,1.0,0.0,14.0,0.0,5.0,*,1782.0,319.0
E87753,BELGRAVE MEDICAL CENTRE,U,Unallocated,W2U3Z,E38000256,0.0,0.0,37.0,2.0,3.0,5.0,59.0,0.0,52.0,12.0,9717.0,1452.0
E87754,WELLINGTON HEALTH CENTRE,U81960,ST JOHN'S WOOD & MAIDA VALE PCN,W2U3Z,E38000256,0.0,0.0,22.0,1.0,7.0,0.0,37.0,0.0,33.0,25.0,5626.0,720.0
E87755,QUEENS PARK HEALTH CENTRE,U91471,INCLUSIVE HEALTH PCN,W2U3Z,E38000256,0.0,0.0,66.0,0.0,2.0,0.0,19.0,0.0,13.0,12.0,2884.0,346.0
E87756,GROUND FLOOR LANARK MEDICAL CENTRE,U81960,ST JOHN'S WOOD & MAIDA VALE PCN,W2U3Z,E38000256,0.0,0.0,0.0,0.0,0.0,0.0,0.0,0.0,0.0,*,42.0,11.0
E87762,THE GOOD PRACTICE,U05784,BROMPTON HEALTH PCN,W2U3Z,E38000256,0.0,0.0,18.0,4.0,5.0,3.0,75.0,0.0,66.0,47.0,7345.0,1261.0
E87768,KINGS COLLEGE HEALTH CENTRE,U,Unallocated,W2U3Z,E38000256,0.0,0.0,0.0,0.0,0.0,0.0,0.0,0.0,0.0,*,22937.0,33.0
E87772,GREAT CHAPEL STREET MEDICAL CENTRE,U37086,WEST END & MARYLEBONE PCN,W2U3Z,E38000256,0.0,0.0,2.0,0.0,0.0,1.0,0.0,0.0,0.0,*,477.0,22.0
F81001,DR KHAN & PARTNERS,U27924,BENFLEET PCN,99F,E38000030,0.0,0.0,49.0,8.0,9.0,2.0,243.0,0.0,183.0,134.0,10293.0,3289.0
F81003,DR F KHAN CARNAVON ROAD SURGERY,U17794,SOUTHEND VICTORIA PCN,99G,E38000168,0.0,0.0,22.0,2.0,10.0,0.0,40.0,1.0,37.0,36.0,4922.0,1006.0
F81004,THE EDEN SURGERIES,U58215,SOUTH UTTLESFORD PCN,07H,E38000197,0.0,0.0,42.0,3.0,3.0,4.0,83.0,1.0,57.0,54.0,7168.0,2125.0
F81006,CLAYHILL MEDICAL PRACTICE,U,Unallocated,99E,E38000007,0.0,0.0,23.0,0.0,1.0,1.0,23.0,0.0,21.0,16.0,4489.0,808.0
F81007,"DR PUZEY,DR KOTHARI AND DR NANDA",U49929,ROCHFORD PCN,99F,E38000030,0.0,0.0,72.0,15.0,36.0,9.0,223.0,4.0,165.0,106.0,15583.0,4187.0
F81009,THE GOLD STREET SURGERY,U16446,NORTH UTTLESFORD PCN,07H,E38000197,0.0,0.0,37.0,1.0,1.0,4.0,134.0,0.0,99.0,83.0,8388.0,2603.0
F81010,AVELEY MEDICAL CENTRE,U28765,ASOP PCN,07G,E38000185,0.0,0.0,60.0,13.0,6.0,3.0,70.0,0.0,58.0,44.0,10456.0,1855.0
F81011,KELVEDON & FEERING HEALTH CENTRE,U84465,COLNE VALLEY PCN,06Q,E38000106,0.0,0.0,34.0,2.0,2.0,0.0,60.0,0.0,34.0,33.0,6429.0,1771.0
F81012,WEST MERSEA SURGERY,U72457,THE COLTE PARTNERSHIP PCN,06T,E38000117,0.0,0.0,34.0,0.0,1.0,3.0,80.0,1.0,72.0,49.0,4337.0,2750.0
F81013,WESTERN ROAD SURGERY,U91979,BILLERICAY PCN,99E,E38000007,0.0,0.0,55.0,1.0,11.0,1.0,88.0,0.0,70.0,59.0,10217.0,2772.0
F81014,CHURCH LANE SURGERY,U,Unallocated,06Q,E38000106,0.0,0.0,63.0,3.0,4.0,1.0,155.0,0.0,118.0,114.0,9692.0,2184.0
F81015,CROCUS MEDICAL PRACTICE,U16446,NORTH UTTLESFORD PCN,07H,E38000197,0.0,0.0,57.0,8.0,1.0,1.0,133.0,0.0,97.0,55.0,10081.0,2659.0
F81017,WALTON MEDICAL CENTRE,U72457,THE COLTE PARTNERSHIP PCN,06T,E38000117,0.0,0.0,50.0,6.0,7.0,7.0,171.0,0.0,76.0,60.0,5086.0,3161.0
F81019,MAYFLOWER MEDICAL CENTRE,U52468,TENDRING PCN,06T,E38000117,4.0,1.0,89.0,20.0,17.0,6.0,203.0,0.0,153.0,100.0,13674.0,4275.0
F81020,THE FRESHFORD PRACTICE,U84465,COLNE VALLEY PCN,06Q,E38000106,0.0,0.0,57.0,2.0,1.0,1.0,38.0,0.0,33.0,17.0,6009.0,2262.0
F81021,GREAT BENTLEY SURGERY,U52468,TENDRING PCN,06T,E38000117,1.0,0.0,48.0,0.0,16.0,1.0,106.0,0.0,95.0,72.0,8598.0,3417.0
F81022,LONGFIELD MEDICAL CENTRE,U18990,MALDON & WITHAM PCN,06Q,E38000106,0.0,0.0,79.0,8.0,22.0,3.0,237.0,0.0,228.0,209.0,12115.0,4095.0
F81023,BEECHWOOD SURGERY,U79723,BRENTWOOD PCN,99E,E38000007,0.0,0.0,56.0,1.0,16.0,3.0,124.0,0.0,100.0,84.0,11684.0,2048.0
F81025,DR GC CHAJED'S PRACTICE,U72156,WEST BASILDON PCN,99E,E38000007,0.0,0.0,57.0,32.0,7.0,4.0,48.0,1.0,29.0,27.0,8987.0,1384.0
F81026,CARADOC SURGERY,U03379,RANWORTH PCN,06T,E38000117,0.0,0.0,50.0,3.0,32.0,2.0,192.0,0.0,163.0,141.0,5036.0,3833.0
F81027,LISTER MEDICAL CENTRE,U,Unallocated,07H,E38000197,4.0,0.0,235.0,162.0,41.0,7.0,135.0,0.0,81.0,74.0,17761.0,2968.0
F81028,WIVENHOE SURGERY,U72457,THE COLTE PARTNERSHIP PCN,06T,E38000117,0.0,0.0,52.0,1.0,20.0,2.0,89.0,0.0,64.0,51.0,6829.0,2299.0
F81029,THE KNARES MEDICAL PRACTICE,U72156,WEST BASILDON PCN,99E,E38000007,0.0,0.0,22.0,6.0,3.0,0.0,27.0,0.0,19.0,16.0,7210.0,985.0
F81030,FERN HOUSE SURGERY,U18990,MALDON & WITHAM PCN,06Q,E38000106,0.0,0.0,430.0,176.0,17.0,7.0,127.0,0.0,110.0,101.0,13486.0,3676.0
F81031,MURREE MEDICAL GROUP,U,Unallocated,99E,E38000007,0.0,0.0,32.0,0.0,3.0,4.0,126.0,0.0,82.0,69.0,6393.0,1182.0
F81032,GRACE HOUSE SURGERY,U27924,BENFLEET PCN,99F,E38000030,0.0,0.0,18.0,5.0,4.0,2.0,47.0,0.0,35.0,28.0,2230.0,877.0
F81034,NEWPORT SURGERY,U16446,NORTH UTTLESFORD PCN,07H,E38000197,0.0,0.0,25.0,0.0,1.0,2.0,69.0,1.0,50.0,36.0,7207.0,2559.0
F81036,ROBERT FREW MEDICAL CENTRE,U92558,WICKFORD PCN,99E,E38000007,0.0,0.0,105.0,9.0,20.0,6.0,174.0,0.0,114.0,90.0,14671.0,3535.0
F81037,EAST LYNNE MEDICAL CENTRE,U42142,CLACTON PCN,06T,E38000117,0.0,0.0,64.0,3.0,2.0,5.0,91.0,4.0,69.0,68.0,6827.0,1933.0
F81038,TILE HOUSE SURGERY,U79723,BRENTWOOD PCN,99E,E38000007,0.0,0.0,92.0,3.0,26.0,6.0,107.0,0.0,76.0,60.0,10038.0,3097.0
F81040,STOCK SURGERY,U99739,CHELMSFORD CITY HEALTH PCN,06Q,E38000106,0.0,0.0,51.0,36.0,0.0,1.0,26.0,0.0,17.0,14.0,3405.0,1385.0
F81041,LONDON ROAD SURGERY,U92558,WICKFORD PCN,99E,E38000007,3.0,0.0,97.0,3.0,38.0,5.0,141.0,0.0,132.0,77.0,11143.0,3292.0
F81042,COLCHESTER MEDICAL PRACTICE,U,Unallocated,06T,E38000117,1.0,2.0,163.0,28.0,22.0,23.0,279.0,5.0,221.0,189.0,35938.0,7065.0
F81043,THE LIMES MEDICAL CENTRE,U,Unallocated,07H,E38000197,0.0,0.0,87.0,24.0,6.0,2.0,267.0,1.0,182.0,133.0,13555.0,4482.0
F81044,THE ARDLEIGH SURGERY,U72457,THE COLTE PARTNERSHIP PCN,06T,E38000117,0.0,0.0,37.0,2.0,1.0,1.0,80.0,2.0,77.0,66.0,5328.0,2019.0
F81045,THE NEW SURGERY,U91979,BILLERICAY PCN,99E,E38000007,0.0,0.0,29.0,0.0,1.0,1.0,53.0,0.0,47.0,15.0,5326.0,1444.0
F81046,DR KRISHNAN & PTNR - KENT ELMS HC,U97460,SS9 NORTH PCN,99G,E38000168,0.0,0.0,4.0,0.0,2.0,1.0,53.0,2.0,39.0,25.0,3166.0,1303.0
F81047,THE HAMILTON PRACTICE,U,Unallocated,07H,E38000197,0.0,0.0,153.0,112.0,8.0,4.0,88.0,0.0,77.0,49.0,9225.0,1928.0
F81048,LOUGHTON HEALTH CENTRE,U01096,LOUGHTON BUCKHURST HILL & CHIGWELL PCN,07H,E38000197,0.0,0.0,12.0,0.0,0.0,4.0,79.0,1.0,32.0,23.0,7950.0,2132.0
F81049,ONGAR HEALTH CENTRE,U,Unallocated,07H,E38000197,0.0,0.0,61.0,4.0,1.0,2.0,157.0,1.0,105.0,81.0,9752.0,3123.0
F81051,THIRD AVENUE HEALTH CENTRE,U84454,CANVEY PCN,99F,E38000030,0.0,0.0,53.0,30.0,2.0,2.0,61.0,0.0,49.0,32.0,6051.0,1694.0
F81052,ST. JAMES SURGERY,U52468,TENDRING PCN,06T,E38000117,2.0,0.0,112.0,3.0,43.0,5.0,246.0,0.0,186.0,147.0,10665.0,5057.0
F81053,PEACOCK SURGERY,U58215,SOUTH UTTLESFORD PCN,07H,E38000197,0.0,0.0,54.0,0.0,1.0,6.0,187.0,1.0,133.0,113.0,17559.0,3740.0
F81055,MOUNT AVENUE SURGERY,U79723,BRENTWOOD PCN,99E,E38000007,0.0,0.0,42.0,2.0,3.0,0.0,109.0,0.0,71.0,66.0,10498.0,2832.0
F81056,OLD HARLOW HEALTH CENTRE,U34072,HARLOW NORTH PCN,07H,E38000197,0.0,0.0,68.0,3.0,0.0,1.0,65.0,1.0,44.0,17.0,9730.0,2259.0
F81057,WHITLEY HOUSE SURGERY,U99739,CHELMSFORD CITY HEALTH PCN,06Q,E38000106,0.0,0.0,39.0,5.0,10.0,1.0,117.0,0.0,80.0,70.0,12405.0,2421.0
F81060,AEGIS MEDICAL CENTRE,U,Unallocated,99E,E38000007,0.0,0.0,17.0,1.0,1.0,0.0,21.0,0.0,20.0,15.0,4240.0,674.0
F81061,CONNER & PARTNERS,U30335,RAYLEIGH AND DISTRICT PCN,99F,E38000030,1.0,0.0,57.0,6.0,9.0,3.0,72.0,2.0,52.0,46.0,5678.0,2225.0
F81062,CHIGWELL MEDICAL CENTRE,U01096,LOUGHTON BUCKHURST HILL & CHIGWELL PCN,07H,E38000197,0.0,0.0,23.0,6.0,0.0,5.0,122.0,1.0,102.0,102.0,7159.0,1675.0
F81065,WILLIAM HARVEY SURGERY,U30335,RAYLEIGH AND DISTRICT PCN,99F,E38000030,0.0,0.0,3.0,1.0,0.0,0.0,24.0,0.0,20.0,8.0,3463.0,859.0
F81066,THE GREENSWARD SURGERY,U30335,RAYLEIGH AND DISTRICT PCN,99F,E38000030,0.0,0.0,26.0,5.0,9.0,2.0,81.0,0.0,61.0,38.0,4696.0,1790.0
F81067,AMBROSE AVENUE GROUP PRACTICE,U,Unallocated,06T,E38000117,0.0,1.0,119.0,12.0,22.0,2.0,159.0,3.0,92.0,82.0,10470.0,3471.0
F81068,THE ELIZABETH COURTAULD SURGERY,U84465,COLNE VALLEY PCN,06Q,E38000106,0.0,0.0,79.0,4.0,8.0,5.0,235.0,1.0,159.0,132.0,13162.0,3861.0
F81069,WINSTREE MEDICAL PRACTICE,U46417,NORTH COLCHESTER PCN,06T,E38000117,0.0,0.0,61.0,14.0,4.0,3.0,59.0,0.0,43.0,28.0,7204.0,1634.0
F81071,RIVERMEAD GATE MED.CTR.,U48176,CHELMER PCN,06Q,E38000106,0.0,0.0,25.0,2.0,1.0,4.0,94.0,4.0,54.0,53.0,12122.0,1814.0
F81072,"HIGH STREET SURGERY, EPPING",U,Unallocated,07H,E38000197,0.0,0.0,15.0,1.0,2.0,0.0,52.0,0.0,21.0,20.0,6822.0,1641.0
F81075,THE HOLLIES,U27924,BENFLEET PCN,99F,E38000030,0.0,0.0,41.0,3.0,16.0,0.0,121.0,0.0,114.0,54.0,8223.0,3186.0
F81076,THE TOLLESBURY PRACTICE,U18990,MALDON & WITHAM PCN,06Q,E38000106,0.0,0.0,21.0,0.0,0.0,1.0,29.0,0.0,27.0,26.0,3405.0,1327.0
F81078,CHURCH LANGLEY MEDICAL PRACTICE,U34072,HARLOW NORTH PCN,07H,E38000197,0.0,0.0,56.0,5.0,0.0,2.0,35.0,9.0,20.0,19.0,10246.0,1585.0
F81080,THE BILLERICAY MEDICAL PRACTICE,U91979,BILLERICAY PCN,99E,E38000007,0.0,0.0,84.0,8.0,18.0,3.0,80.0,1.0,74.0,38.0,9243.0,2869.0
F81081,THE QUEENSWAY SURGERY,U17794,SOUTHEND VICTORIA PCN,99G,E38000168,0.0,0.0,136.0,34.0,50.0,10.0,181.0,4.0,144.0,129.0,18742.0,3366.0
F81082,THE RIGG-MILNER MEDICAL CENTRE,U,Unallocated,07G,E38000185,0.0,0.0,29.0,1.0,9.0,0.0,34.0,0.0,10.0,*,3313.0,969.0
F81083,BEAUCHAMP HOUSE,U99739,CHELMSFORD CITY HEALTH PCN,06Q,E38000106,0.0,0.0,66.0,12.0,24.0,2.0,100.0,2.0,82.0,55.0,9613.0,2229.0
F81085,"DR A NAEEM & PARTNERS,THE NEW SURGERY",U79723,BRENTWOOD PCN,99E,E38000007,0.0,0.0,41.0,1.0,9.0,1.0,121.0,1.0,89.0,81.0,10997.0,2538.0
F81086,CENTRAL SURGERY - SOUTHCHURCH BLVD,U04545,SOUTHEND EAST PCN,99G,E38000168,0.0,0.0,20.0,6.0,6.0,1.0,43.0,1.0,36.0,34.0,6248.0,1469.0
F81087,MOUNT CHAMBERS MEDICAL PRACTICE,U80679,BRAINTREE PCN LTD,06Q,E38000106,0.0,0.0,68.0,3.0,17.0,5.0,193.0,0.0,153.0,140.0,10656.0,3043.0
F81088,SOUTHEND ROAD SURGERY,U98530,STANFORD-LE-HOPE PCN,07G,E38000185,0.0,0.0,13.0,0.0,0.0,0.0,10.0,0.0,4.0,*,2203.0,497.0
F81089,WAKERING MEDICAL CTR.,U49929,ROCHFORD PCN,99F,E38000030,0.0,0.0,36.0,3.0,9.0,0.0,102.0,1.0,70.0,60.0,7512.0,2618.0
F81090,ANGEL LANE SURGERY,U58215,SOUTH UTTLESFORD PCN,07H,E38000197,0.0,0.0,13.0,0.0,0.0,2.0,94.0,0.0,62.0,40.0,9436.0,2558.0
F81091,EAST HILL SURGERY,U,Unallocated,06T,E38000117,0.0,1.0,46.0,1.0,2.0,2.0,58.0,0.0,57.0,43.0,7753.0,1626.0
F81092,DR SOORIAKUMARAN,U02453,SOUTHEND WEST CENTRAL PCN,99G,E38000168,0.0,0.0,10.0,1.0,0.0,2.0,38.0,0.0,31.0,28.0,3592.0,1080.0
F81095,ABBEY FIELD MEDICAL CENTRE,U,Unallocated,06T,E38000117,0.0,0.0,228.0,98.0,33.0,10.0,123.0,1.0,123.0,108.0,19034.0,2920.0
F81096,OAKLANDS SURGERY,U84454,CANVEY PCN,99F,E38000030,1.0,0.0,80.0,7.0,37.0,3.0,181.0,0.0,133.0,90.0,7871.0,2936.0
F81097,THE VALKYRIE SURGERY,U02453,SOUTHEND WEST CENTRAL PCN,99G,E38000168,0.0,0.0,62.0,3.0,30.0,7.0,250.0,3.0,187.0,156.0,14993.0,2897.0
F81098,THE WRITTLE SURGERY,U87998,CHELMSFORD WEST PCN,06Q,E38000106,0.0,0.0,43.0,16.0,15.0,3.0,56.0,0.0,49.0,33.0,6024.0,2058.0
F81099,BLACKWATER MEDICAL CENTRE,U18990,MALDON & WITHAM PCN,06Q,E38000106,0.0,0.0,50.0,7.0,13.0,4.0,120.0,1.0,83.0,74.0,9193.0,3593.0
F81100,BEACON HEALTH GROUP-DANBURY MEDICAL CTR,U12553,AEGROS HEALTH PCN,06Q,E38000106,1.0,0.0,134.0,1.0,58.0,2.0,163.0,0.0,96.0,85.0,18297.0,5370.0
F81101,ESSEX WAY SURGERY,U27924,BENFLEET PCN,99F,E38000030,0.0,0.0,25.0,1.0,9.0,2.0,85.0,0.0,70.0,55.0,4043.0,1454.0
F81102,ROCKLEIGH COURT SURGERY,U79723,BRENTWOOD PCN,99E,E38000007,0.0,0.0,42.0,2.0,14.0,1.0,83.0,0.0,65.0,61.0,6002.0,1359.0
F81104,CHAPEL STREET SURGERY,U91979,BILLERICAY PCN,99E,E38000007,0.0,0.0,24.0,4.0,7.0,1.0,57.0,0.0,48.0,38.0,3402.0,1089.0
F81105,LITTLE WALTHAM & GT NOTLEY SURGERY,U12553,AEGROS HEALTH PCN,06Q,E38000106,0.0,0.0,36.0,4.0,1.0,3.0,123.0,0.0,66.0,54.0,16967.0,3930.0
F81106,THE ROSS PRACTICE,U,Unallocated,07H,E38000197,0.0,0.0,46.0,9.0,13.0,2.0,85.0,4.0,61.0,58.0,9201.0,1691.0
F81108,LAINDON MEDICAL GROUP,U72156,WEST BASILDON PCN,99E,E38000007,0.0,0.0,165.0,44.0,34.0,9.0,149.0,1.0,100.0,81.0,15358.0,3376.0
F81110,TILBURY HEALTH CENTRE,U,Unallocated,07G,E38000185,2.0,0.0,38.0,0.0,1.0,3.0,47.0,0.0,35.0,28.0,10611.0,1550.0
F81112,HIGHLANDS SURGERY,U97806,SS9 SOUTH PCN,99G,E38000168,0.0,0.0,67.0,1.0,29.0,2.0,139.0,1.0,106.0,84.0,11676.0,3734.0
F81113,CHAFFORD HUNDRED MEDICAL CENTRE,U68127,GRAYS PCN,07G,E38000185,0.0,0.0,27.0,1.0,4.0,2.0,46.0,0.0,36.0,18.0,12845.0,1343.0
F81114,BADDOW VILLAGE SURGERY,U99739,CHELMSFORD CITY HEALTH PCN,06Q,E38000106,0.0,0.0,112.0,10.0,0.0,2.0,132.0,0.0,94.0,78.0,10515.0,3306.0
F81115,CREFFIELD MEDICAL GROUP,U31390,CREFFIELD MEDICAL GROUP PCN,06T,E38000117,10.0,0.0,171.0,74.0,2.0,7.0,337.0,9.0,254.0,181.0,20809.0,6357.0
F81116,COLNE MEDICAL CENTRE,U72457,THE COLTE PARTNERSHIP PCN,06T,E38000117,0.0,6.0,77.0,10.0,16.0,4.0,160.0,0.0,108.0,67.0,7723.0,3152.0
F81117,SUTHERLAND LODGE SURGERY,U48176,CHELMER PCN,06Q,E38000106,0.0,0.0,37.0,2.0,0.0,2.0,69.0,1.0,62.0,55.0,8265.0,1696.0
F81118,JOHN TASKER HOUSE SURGERY,U58215,SOUTH UTTLESFORD PCN,07H,E38000197,0.0,0.0,32.0,1.0,1.0,3.0,152.0,0.0,106.0,93.0,11650.0,2960.0
F81119,THE PUMP HOUSE SURGERY,U84465,COLNE VALLEY PCN,06Q,E38000106,0.0,0.0,30.0,3.0,7.0,5.0,113.0,2.0,100.0,69.0,6112.0,2153.0
F81120,NUFFIELD HOUSE HEALTH CENTRE,U34072,HARLOW NORTH PCN,07H,E38000197,0.0,0.0,93.0,43.0,2.0,3.0,89.0,0.0,59.0,50.0,10648.0,2067.0
F81121,SOUTHEND COASTAL SURGERIES - THORPE BAY,U04545,SOUTHEND EAST PCN,99G,E38000168,0.0,0.0,54.0,17.0,11.0,1.0,126.0,5.0,98.0,73.0,11954.0,3499.0
F81122,CHELMER MEDICAL PARTNERSHIP,U87998,CHELMSFORD WEST PCN,06Q,E38000106,0.0,0.0,133.0,9.0,6.0,5.0,274.0,0.0,203.0,171.0,25959.0,6269.0
F81123,AUDLEY MILLS SURGERY,U30335,RAYLEIGH AND DISTRICT PCN,99F,E38000030,0.0,0.0,74.0,2.0,27.0,6.0,323.0,1.0,247.0,205.0,15619.0,5134.0
F81125,CHURCH VIEW SURGERY,U30335,RAYLEIGH AND DISTRICT PCN,99F,E38000030,0.0,0.0,19.0,2.0,5.0,7.0,128.0,0.0,70.0,48.0,10420.0,3631.0
F81126,BURNHAM SURGERY,U09727,DENGIE & SOUTH WOODHAM FERRERS PCN,06Q,E38000106,0.0,0.0,67.0,11.0,4.0,0.0,70.0,1.0,58.0,52.0,7023.0,2908.0
F81128,EASTWOOD GROUP PRACTICE,U97460,SS9 NORTH PCN,99G,E38000168,0.0,0.0,29.0,2.0,1.0,9.0,199.0,2.0,146.0,106.0,10712.0,3813.0
F81130,WILLIAM FISHER MED.CTR.,U09727,DENGIE & SOUTH WOODHAM FERRERS PCN,06Q,E38000106,0.0,0.0,17.0,2.0,0.0,1.0,66.0,2.0,47.0,42.0,4503.0,1480.0
F81131,THAXTED SURGERY,U16446,NORTH UTTLESFORD PCN,07H,E38000197,0.0,0.0,39.0,0.0,4.0,0.0,77.0,0.0,66.0,49.0,7039.0,2178.0
F81132,BLANDFORD MEDICAL CENTRE,U80679,BRAINTREE PCN LTD,06Q,E38000106,0.0,0.0,117.0,17.0,4.0,8.0,166.0,2.0,127.0,111.0,13617.0,3667.0
F81133,TIPTREE MEDICAL CENTRE,U72457,THE COLTE PARTNERSHIP PCN,06T,E38000117,0.0,0.0,112.0,78.0,18.0,3.0,76.0,0.0,59.0,48.0,8859.0,3395.0
F81134,PEARTREE SURGERY & WEST HORNDON SURGERY,U68127,GRAYS PCN,07G,E38000185,0.0,0.0,34.0,2.0,6.0,3.0,47.0,2.0,42.0,37.0,6173.0,1300.0
F81136,THE LOUGHTON SURGERY,U01096,LOUGHTON BUCKHURST HILL & CHIGWELL PCN,07H,E38000197,0.0,0.0,23.0,7.0,11.0,2.0,119.0,1.0,78.0,78.0,13054.0,2006.0
F81137,ORSETT SURGERY,U98530,STANFORD-LE-HOPE PCN,07G,E38000185,0.0,0.0,27.0,0.0,3.0,1.0,77.0,0.0,52.0,45.0,5667.0,1637.0
F81141,ROWHEDGE SURGERY,U72457,THE COLTE PARTNERSHIP PCN,06T,E38000117,0.0,0.0,17.0,1.0,2.0,0.0,94.0,1.0,56.0,54.0,14161.0,1115.0
F81142,ST GEORGES MEDICAL PRACTICE,U27924,BENFLEET PCN,99F,E38000030,0.0,0.0,33.0,2.0,16.0,3.0,106.0,0.0,81.0,54.0,4941.0,1622.0
F81144,THE PALL MALL SURGERY,U97806,SS9 SOUTH PCN,99G,E38000168,0.0,0.0,126.0,14.0,10.0,6.0,415.0,1.0,400.0,294.0,17669.0,4241.0
F81147,DR NAVIN KUMAR,U17794,SOUTHEND VICTORIA PCN,99G,E38000168,1.0,0.0,8.0,3.0,2.0,2.0,101.0,1.0,82.0,76.0,3861.0,1252.0
F81149,THE LAURELS SURGERY,U12553,AEGROS HEALTH PCN,06Q,E38000106,0.0,0.0,25.0,0.0,3.0,3.0,155.0,1.0,129.0,104.0,8781.0,2632.0
F81150,BALLARDS WALK SURGERY,U72156,WEST BASILDON PCN,99E,E38000007,0.0,0.0,35.0,10.0,1.0,3.0,72.0,0.0,57.0,45.0,11582.0,1509.0
F81152,FOREST PRACTICE,U01096,LOUGHTON BUCKHURST HILL & CHIGWELL PCN,07H,E38000197,0.0,0.0,25.0,4.0,2.0,7.0,123.0,2.0,95.0,86.0,9908.0,2003.0
F81153,HASSENGATE MEDICAL CENTRE,U98530,STANFORD-LE-HOPE PCN,07G,E38000185,0.0,0.0,63.0,0.0,0.0,2.0,69.0,0.0,41.0,24.0,10719.0,2643.0
F81155,BALFOUR MEDICAL CENTRE,U68127,GRAYS PCN,07G,E38000185,0.0,0.0,35.0,5.0,5.0,1.0,28.0,0.0,27.0,22.0,4601.0,865.0
F81156,RANWORTH SURGERY,U03379,RANWORTH PCN,06T,E38000117,1.0,1.0,69.0,12.0,5.0,11.0,180.0,0.0,166.0,146.0,7096.0,2220.0
F81158,DR NASAH & PARTNERS,U,Unallocated,99E,E38000007,0.0,0.0,13.0,1.0,2.0,0.0,17.0,0.0,9.0,8.0,3084.0,681.0
F81159,SOUTHEND MEDICAL CENTRE,U02453,SOUTHEND WEST CENTRAL PCN,99G,E38000168,0.0,0.0,29.0,14.0,9.0,0.0,37.0,0.0,35.0,30.0,6626.0,554.0
F81163,THE NEW FOLLY SURGERY,U79723,BRENTWOOD PCN,99E,E38000007,0.0,0.0,42.0,1.0,12.0,3.0,61.0,0.0,55.0,53.0,5687.0,1520.0
F81164,WEST ROAD SURGERY,U17794,SOUTHEND VICTORIA PCN,99G,E38000168,0.0,0.0,32.0,7.0,3.0,2.0,68.0,0.0,54.0,42.0,7886.0,1535.0
F81165,PALMERSTON ROAD SURGERY,U01096,LOUGHTON BUCKHURST HILL & CHIGWELL PCN,07H,E38000197,0.0,0.0,7.0,4.0,0.0,1.0,33.0,0.0,30.0,21.0,3607.0,973.0
F81169,KINGS MEDICAL CENTRE,U01096,LOUGHTON BUCKHURST HILL & CHIGWELL PCN,07H,E38000197,0.0,0.0,47.0,9.0,3.0,2.0,80.0,0.0,53.0,42.0,6358.0,1586.0
F81170,KINGSWAY SURGERY,U09727,DENGIE & SOUTH WOODHAM FERRERS PCN,06Q,E38000106,0.0,1.0,142.0,52.0,4.0,3.0,122.0,0.0,99.0,84.0,10552.0,3202.0
F81173,DOUGLAS GROVE SURGERY,U12553,AEGROS HEALTH PCN,06Q,E38000106,0.0,0.0,9.0,0.0,0.0,1.0,19.0,0.0,18.0,18.0,5436.0,916.0
F81176,NORTH AVENUE SURGERY,U17794,SOUTHEND VICTORIA PCN,99G,E38000168,0.0,0.0,11.0,0.0,4.0,0.0,22.0,0.0,18.0,14.0,2701.0,582.0
F81177,NEERA MEDICAL CENTRE,U98530,STANFORD-LE-HOPE PCN,07G,E38000185,0.0,0.0,15.0,1.0,2.0,0.0,29.0,0.0,29.0,21.0,3576.0,753.0
F81181,ADDISON HOUSE - HAQUE PRACTICE,U34072,HARLOW NORTH PCN,07H,E38000197,0.0,0.0,31.0,4.0,3.0,5.0,134.0,1.0,117.0,63.0,20625.0,2646.0
F81183,THE DENGIE MEDICAL PARTNERSHIP,U09727,DENGIE & SOUTH WOODHAM FERRERS PCN,06Q,E38000106,0.0,1.0,51.0,27.0,3.0,0.0,73.0,0.0,49.0,48.0,4320.0,1695.0
F81184,ABRIDGE SURGERY,U,Unallocated,07H,E38000197,0.0,0.0,22.0,3.0,1.0,2.0,41.0,1.0,34.0,24.0,3153.0,1055.0
F81186,FELMORES MEDICAL CENTRE,U,Unallocated,99E,E38000007,0.0,0.0,26.0,5.0,5.0,2.0,37.0,1.0,33.0,25.0,6220.0,857.0
F81192,STIFFORD CLAYS MEDICAL CENTRE,U68127,GRAYS PCN,07G,E38000185,0.0,0.0,83.0,13.0,13.0,4.0,90.0,0.0,74.0,56.0,8070.0,2216.0
F81193,WITHAM HEALTH CENTRE,U18990,MALDON & WITHAM PCN,06Q,E38000106,0.0,0.0,11.0,1.0,1.0,0.0,100.0,0.0,75.0,65.0,6009.0,1212.0
F81197,SANCTA MARIA MEDICAL CENTRE,U28765,ASOP PCN,07G,E38000185,0.0,0.0,3.0,0.0,1.0,0.0,8.0,0.0,6.0,*,2248.0,379.0
F81198,HORNDON-ON-THE-HILL SURGERY,U98530,STANFORD-LE-HOPE PCN,07G,E38000185,0.0,0.0,6.0,0.0,0.0,1.0,13.0,0.0,11.0,11.0,1981.0,607.0
F81205,GHAURI PRACTICE,U84454,CANVEY PCN,99F,E38000030,0.0,0.0,22.0,3.0,7.0,2.0,51.0,0.0,41.0,39.0,4347.0,1375.0
F81206,COMMONWEALTH HEALTH CENTRE,U,Unallocated,07G,E38000185,0.0,0.0,24.0,0.0,6.0,3.0,15.0,0.0,15.0,10.0,5287.0,540.0
F81207,WESTCLIFF MEDICAL CENTRE,U02453,SOUTHEND WEST CENTRAL PCN,99G,E38000168,0.0,0.0,6.0,0.0,0.0,0.0,3.0,0.0,2.0,*,2357.0,309.0
F81211,DR YADAVA N PRACTICE,U68127,GRAYS PCN,07G,E38000185,0.0,0.0,27.0,5.0,2.0,2.0,19.0,0.0,19.0,17.0,4538.0,681.0
F81212,OLD ROAD SURGERY,U42142,CLACTON PCN,06T,E38000117,2.0,0.0,43.0,6.0,3.0,1.0,116.0,1.0,83.0,70.0,7751.0,1955.0
F81213,THORPE SURGERY,U42142,CLACTON PCN,06T,E38000117,22.0,3.0,84.0,3.0,4.0,7.0,104.0,0.0,70.0,63.0,5160.0,2404.0
F81215,DEAL TREE HEALTH CENTRE,U79723,BRENTWOOD PCN,99E,E38000007,0.0,0.0,45.0,2.0,5.0,2.0,104.0,0.0,78.0,71.0,7514.0,2482.0
F81216,THE RIVER SURGERY,U01096,LOUGHTON BUCKHURST HILL & CHIGWELL PCN,07H,E38000197,0.0,0.0,22.0,4.0,1.0,5.0,144.0,3.0,115.0,107.0,3586.0,886.0
F81219,DELL MEDICAL CENTRE,U68127,GRAYS PCN,07G,E38000185,0.0,0.0,51.0,4.0,13.0,0.0,35.0,0.0,30.0,29.0,4360.0,1009.0
F81221,FRONKS RD FAMILY SURGERY,U42142,CLACTON PCN,06T,E38000117,0.0,0.0,6.0,0.0,0.0,1.0,44.0,0.0,36.0,25.0,3846.0,1238.0
F81222,QUEENS PARK SURGERY,U91979,BILLERICAY PCN,99E,E38000007,0.0,0.0,21.0,1.0,4.0,1.0,20.0,0.0,21.0,10.0,4135.0,920.0
F81223,DR MALIK - KENT ELMS HC,U17794,SOUTHEND VICTORIA PCN,99G,E38000168,0.0,0.0,17.0,5.0,1.0,0.0,25.0,0.0,20.0,20.0,2551.0,733.0
F81606,HAREWOOD SURGERY,U42142,CLACTON PCN,06T,E38000117,0.0,0.0,15.0,0.0,1.0,1.0,27.0,0.0,23.0,20.0,2042.0,885.0
F81613,DR KUMAR & PTNR - SHOEBURY HC,U04545,SOUTHEND EAST PCN,99G,E38000168,0.0,0.0,30.0,7.0,6.0,6.0,86.0,0.0,75.0,53.0,7020.0,1766.0
F81618,HIGH ROAD FAMILY DOCTORS,U27924,BENFLEET PCN,99F,E38000030,0.0,0.0,26.0,1.0,6.0,0.0,51.0,0.0,36.0,21.0,3728.0,855.0
F81619,SYDENHAM HOUSE SURGERY,U34072,HARLOW NORTH PCN,07H,E38000197,0.0,0.0,5.0,1.0,0.0,3.0,11.0,0.0,7.0,7.0,3320.0,652.0
F81623,KADIM PRIMECARE MEDICAL CENTRE,U68127,GRAYS PCN,07G,E38000185,0.0,0.0,5.0,2.0,1.0,0.0,15.0,0.0,12.0,7.0,1874.0,386.0
F81632,DR YASIN SA PRACTICE,U28765,ASOP PCN,07G,E38000185,0.0,0.0,16.0,1.0,0.0,0.0,15.0,0.0,10.0,6.0,5558.0,546.0
F81633,LAWFORD SURGERY,U46417,NORTH COLCHESTER PCN,06T,E38000117,1.0,0.0,17.0,0.0,2.0,1.0,18.0,0.0,16.0,*,4124.0,1132.0
F81635,COLLINGWOOD ROAD SURGERY,U18990,MALDON & WITHAM PCN,06Q,E38000106,0.0,0.0,7.0,0.0,2.0,0.0,9.0,0.0,3.0,*,2118.0,347.0
F81636,MILL ROAD SURGERY,U46417,NORTH COLCHESTER PCN,06T,E38000117,0.0,0.0,49.0,1.0,4.0,7.0,89.0,0.0,76.0,69.0,16212.0,2147.0
F81640,ARYAN MEDICAL CENTRE,U,Unallocated,99E,E38000007,0.0,0.0,25.0,11.0,2.0,1.0,9.0,0.0,10.0,10.0,3766.0,667.0
F81641,MILTON ROAD AND THE GRAYS SURGERY,U,Unallocated,07G,E38000185,0.0,0.0,25.0,0.0,6.0,5.0,100.0,0.0,101.0,73.0,6568.0,954.0
F81645,ROSE VILLA SURGERY,U,Unallocated,99E,E38000007,0.0,0.0,12.0,1.0,3.0,1.0,29.0,0.0,27.0,25.0,3469.0,832.0
F81649,DR PALACIN,U04545,SOUTHEND EAST PCN,99G,E38000168,0.0,0.0,25.0,4.0,1.0,1.0,44.0,1.0,35.0,33.0,3504.0,1043.0
F81651,SOUTH GREEN SURGERY,U91979,BILLERICAY PCN,99E,E38000007,0.0,0.0,16.0,0.0,2.0,1.0,24.0,1.0,19.0,8.0,.,.
F81652,MEDIC HOUSE,U,Unallocated,07G,E38000185,0.0,0.0,86.0,7.0,6.0,1.0,167.0,0.0,156.0,135.0,4358.0,1075.0
F81656,WARRIOR SQUARE SURGERY,U17794,SOUTHEND VICTORIA PCN,99G,E38000168,0.0,0.0,17.0,3.0,4.0,3.0,24.0,3.0,19.0,19.0,2274.0,459.0
F81665,CHELMER VILLAGE SURGERY,U48176,CHELMER PCN,06Q,E38000106,0.0,0.0,21.0,1.0,3.0,0.0,27.0,0.0,3.0,*,4383.0,750.0
F81666,DR SHARMA & PARTNERS,U72156,WEST BASILDON PCN,99E,E38000007,0.0,0.0,10.0,0.0,0.0,1.0,14.0,0.0,14.0,7.0,2790.0,589.0
F81669,DERRY COURT MEDICAL PRACTICE,U28765,ASOP PCN,07G,E38000185,0.0,0.0,15.0,2.0,2.0,2.0,15.0,0.0,9.0,9.0,6503.0,548.0
F81674,GREENWOOD AND WYNCROFT SURGERY,U09727,DENGIE & SOUTH WOODHAM FERRERS PCN,06Q,E38000106,0.0,0.0,70.0,7.0,5.0,5.0,112.0,0.0,93.0,78.0,9072.0,2583.0
F81675,THE PRACTICE LEECON WAY,U49929,ROCHFORD PCN,99F,E38000030,0.0,0.0,19.0,4.0,7.0,0.0,37.0,0.0,30.0,25.0,4946.0,850.0
F81679,HIGHWOODS SURGERY,U46417,NORTH COLCHESTER PCN,06T,E38000117,0.0,0.0,18.0,0.0,1.0,4.0,147.0,1.0,116.0,90.0,6468.0,1193.0
F81681,CLACTON COMMUNITY PRACTICES,U03379,RANWORTH PCN,06T,E38000117,5.0,0.0,129.0,43.0,18.0,4.0,232.0,0.0,199.0,185.0,9769.0,6063.0
F81683,BLYTH'S MEADOW SURGERY,U80679,BRAINTREE PCN LTD,06Q,E38000106,0.0,0.0,30.0,0.0,3.0,1.0,110.0,1.0,77.0,66.0,9870.0,1517.0
F81690,ASHINGDON MEDICAL CENTRE,U49929,ROCHFORD PCN,99F,E38000030,0.0,1.0,31.0,7.0,11.0,1.0,37.0,0.0,28.0,19.0,4820.0,1359.0
F81696,THE LEIGH SURGERY,U97460,SS9 NORTH PCN,99G,E38000168,0.0,0.0,8.0,0.0,0.0,1.0,29.0,0.0,21.0,10.0,2129.0,688.0
F81697,DR DEVARAJA VC PRACTICE,U98530,STANFORD-LE-HOPE PCN,07G,E38000185,0.0,0.0,16.0,1.0,3.0,1.0,15.0,1.0,11.0,9.0,2185.0,668.0
F81700,CANVEY VILLAGE SURGERY,U84454,CANVEY PCN,99F,E38000030,0.0,0.0,6.0,0.0,0.0,1.0,37.0,0.0,34.0,25.0,2962.0,902.0
F81707,FRYERNS MEDICAL CENTRE,U,Unallocated,99E,E38000007,0.0,0.0,9.0,0.0,1.0,2.0,11.0,0.0,10.0,10.0,5475.0,451.0
F81708,SAI MEDICAL CENTRE,U,Unallocated,07G,E38000185,0.0,0.0,35.0,0.0,3.0,3.0,22.0,0.0,23.0,21.0,10251.0,1457.0
F81711,KNIGHTS SURGERY,U,Unallocated,99E,E38000007,0.0,0.0,7.0,1.0,0.0,0.0,11.0,0.0,7.0,7.0,3224.0,373.0
F81713,BENFLEET SURGERY,U27924,BENFLEET PCN,99F,E38000030,0.0,0.0,1.0,0.0,0.0,0.0,35.0,0.0,21.0,15.0,2001.0,504.0
F81716,TOLLGATE HEALTH CENTRE,U,Unallocated,06T,E38000117,0.0,0.0,28.0,1.0,7.0,0.0,68.0,0.0,60.0,46.0,8827.0,1345.0
F81725,MAYNARD COURT SURGERY,U,Unallocated,07H,E38000197,0.0,0.0,39.0,2.0,1.0,4.0,170.0,1.0,138.0,113.0,8011.0,1677.0
F81729,MATCHING GREEN SURGERY,U,Unallocated,99E,E38000007,0.0,0.0,10.0,1.0,2.0,0.0,7.0,0.0,6.0,6.0,2959.0,524.0
F81730,THE COGGESHALL SURGERY,U84465,COLNE VALLEY PCN,06Q,E38000106,0.0,0.0,34.0,8.0,2.0,2.0,56.0,2.0,41.0,36.0,5364.0,1834.0
F81732,SWANWOOD PARTNERSHIP,U92558,WICKFORD PCN,99E,E38000007,0.0,0.0,38.0,2.0,9.0,2.0,56.0,0.0,44.0,40.0,5276.0,1507.0
F81737,THE HIGHWOOD SURGERY,U79723,BRENTWOOD PCN,99E,E38000007,0.0,0.0,8.0,0.0,0.0,1.0,12.0,0.0,1.0,*,2855.0,439.0
F81739,THE ISLAND SURGERY,U84454,CANVEY PCN,99F,E38000030,0.0,0.0,108.0,70.0,9.0,5.0,99.0,1.0,68.0,62.0,4826.0,1894.0
F81740,THE COMMUNITY PRACTICE,U84454,CANVEY PCN,99F,E38000030,0.0,0.0,14.0,2.0,4.0,3.0,83.0,0.0,59.0,37.0,4570.0,1951.0
F81741,NORTH CLACTON MEDICAL PRACTICE,U42142,CLACTON PCN,06T,E38000117,0.0,0.0,68.0,2.0,14.0,11.0,136.0,0.0,123.0,93.0,7559.0,3482.0
F81744,SCOTT PARK SURGERY,U02453,SOUTHEND WEST CENTRAL PCN,99G,E38000168,0.0,0.0,10.0,0.0,1.0,0.0,14.0,0.0,12.0,12.0,1980.0,702.0
F81746,BLUEBELL SURGERY,U46417,NORTH COLCHESTER PCN,06T,E38000117,0.0,0.0,6.0,1.0,4.0,0.0,4.0,0.0,4.0,*,3378.0,270.0
F81749,MARKET SQUARE SURGERY,U,Unallocated,07H,E38000197,0.0,0.0,23.0,1.0,1.0,8.0,150.0,0.0,124.0,117.0,12240.0,2608.0
F81751,THE TRINITY MEDICAL PRACTICE,U09727,DENGIE & SOUTH WOODHAM FERRERS PCN,06Q,E38000106,0.0,0.0,3.0,1.0,0.0,4.0,29.0,0.0,26.0,13.0,3480.0,856.0
F81757,THE RIVERSIDE HEALTH CTR,U72457,THE COLTE PARTNERSHIP PCN,06T,E38000117,0.0,0.0,31.0,0.0,8.0,2.0,60.0,0.0,48.0,37.0,4928.0,1626.0
F82001,HALBUTT STREET SURGERY,U11211,BARKING & DAGENHAM WEST PCN,A3A8R,E38000255,0.0,0.0,2.0,0.0,0.0,0.0,13.0,0.0,12.0,11.0,5038.0,494.0
F82003,FIRST AVENUE SURGERY,U27362,BARKING & DAGENHAM EAST ONE PCN,A3A8R,E38000255,0.0,0.0,9.0,0.0,4.0,1.0,14.0,1.0,13.0,8.0,4450.0,596.0
F82005,DR M GOYAL'S PRACTICE,U86966,BARKING & DAGENHAM EAST PCN,A3A8R,E38000255,0.0,0.0,46.0,27.0,1.0,2.0,27.0,0.0,27.0,26.0,6382.0,682.0
F82006,CRANHAM VILLAGE SURGERY,U,Unallocated,A3A8R,E38000255,0.0,0.0,75.0,1.0,2.0,4.0,193.0,1.0,152.0,114.0,10026.0,3556.0
F82007,THE GREEN WOOD PRACTICE,U55939,HAVERING NORTH PCN,A3A8R,E38000255,0.0,0.0,8.0,1.0,3.0,1.0,85.0,0.0,25.0,20.0,7711.0,2564.0
F82008,MAYLANDS HEALTHCARE,U,Unallocated,A3A8R,E38000255,1.0,5.0,63.0,1.0,17.0,1.0,139.0,0.0,110.0,100.0,9552.0,3179.0
F82009,NORTH STREET MEDICAL CARE,U50107,HAVERING MARSHALL PCN,A3A8R,E38000255,0.0,0.0,11.0,1.0,4.0,3.0,192.0,0.0,150.0,116.0,17950.0,3559.0
F82010,PETERSFIELD SURGERY,U55939,HAVERING NORTH PCN,A3A8R,E38000255,0.0,0.0,13.0,1.0,6.0,1.0,32.0,0.0,24.0,20.0,7367.0,1211.0
F82011,ST EDWARDS MEDICAL CENTRE,U,Unallocated,A3A8R,E38000255,0.0,0.0,86.0,43.0,7.0,0.0,37.0,0.0,22.0,16.0,7885.0,1596.0
F82013,WESTERN ROAD MEDICAL CENTRE,U50107,HAVERING MARSHALL PCN,A3A8R,E38000255,0.0,0.0,8.0,0.0,0.0,4.0,140.0,0.0,96.0,73.0,14760.0,3255.0
F82014,THE SAHEECHA'S PRACTICES,U55939,HAVERING NORTH PCN,A3A8R,E38000255,0.0,0.0,2.0,0.0,1.0,0.0,38.0,0.0,33.0,17.0,6250.0,1159.0
F82015,HEDGEMANS MEDICAL CENTRE,U27362,BARKING & DAGENHAM EAST ONE PCN,A3A8R,E38000255,0.0,0.0,5.0,0.0,1.0,1.0,10.0,0.0,9.0,5.0,4446.0,526.0
F82016,CENTRAL PARK SURGERY,U55939,HAVERING NORTH PCN,A3A8R,E38000255,0.0,0.0,13.0,0.0,3.0,0.0,13.0,1.0,11.0,8.0,5204.0,815.0
F82017,ST ALBANS SURGERY,U27362,BARKING & DAGENHAM EAST ONE PCN,A3A8R,E38000255,0.0,0.0,15.0,0.0,7.0,2.0,25.0,1.0,21.0,11.0,7441.0,956.0
F82018,BARKING MEDICAL GROUP PRACTICE,U11211,BARKING & DAGENHAM WEST PCN,A3A8R,E38000255,0.0,0.0,8.0,2.0,1.0,2.0,29.0,0.0,26.0,*,10562.0,1180.0
F82019,THE UPSTAIRS SURGERY,U,Unallocated,A3A8R,E38000255,0.0,0.0,27.0,0.0,6.0,0.0,27.0,0.0,19.0,16.0,5442.0,966.0
F82021,THE NEW MEDICAL CENTRE,U50107,HAVERING MARSHALL PCN,A3A8R,E38000255,0.0,0.0,17.0,0.0,8.0,2.0,52.0,0.0,51.0,19.0,7776.0,1851.0
F82022,THE ROSEWOOD MEDICAL CENTRE,U00367,HAVERING SOUTH PCN,A3A8R,E38000255,0.0,0.0,17.0,0.0,5.0,0.0,74.0,0.0,59.0,24.0,10103.0,2861.0
F82023,HIGH STREET SURGERY,U,Unallocated,A3A8R,E38000255,0.0,0.0,2.0,0.0,0.0,0.0,16.0,0.0,16.0,14.0,2810.0,715.0
F82025,DR BK JAISWAL'S PRACTICE,U55387,BARKING & DAGENHAM NORTH PCN,A3A8R,E38000255,0.0,0.0,3.0,0.0,2.0,2.0,19.0,0.0,16.0,11.0,5396.0,568.0
F82028,WOOD LANE SURGERY,U00367,HAVERING SOUTH PCN,A3A8R,E38000255,0.0,0.0,41.0,6.0,11.0,0.0,45.0,0.0,33.0,27.0,8573.0,1686.0
F82030,LYNWOOD MEDICAL CENTRE,U55939,HAVERING NORTH PCN,A3A8R,E38000255,0.0,0.0,29.0,0.0,6.0,4.0,122.0,0.0,92.0,76.0,12471.0,2451.0
F82031,THE COLLEGE PRACTICE,U,Unallocated,A3A8R,E38000255,0.0,0.0,11.0,0.0,0.0,0.0,19.0,1.0,15.0,12.0,3482.0,752.0
F82033,DR VM PATEL,U00367,HAVERING SOUTH PCN,A3A8R,E38000255,0.0,0.0,5.0,0.0,1.0,1.0,38.0,0.0,18.0,9.0,2546.0,902.0
F82034,VICTORIA & FIVE ELMS MEDICAL CENTRE,U26744,BARKING & DAGENHAM NEW WEST PCN,A3A8R,E38000255,0.0,0.0,13.0,1.0,5.0,3.0,12.0,0.0,11.0,7.0,9678.0,861.0
F82038,DR SZ HAIDER'S PRACTICE,U55387,BARKING & DAGENHAM NORTH PCN,A3A8R,E38000255,0.0,0.0,2.0,0.0,0.0,0.0,8.0,0.0,6.0,*,4274.0,576.0
F82039,EASTBROOK SURGERY,U,Unallocated,A3A8R,E38000255,0.0,0.0,0.0,0.0,0.0,0.0,8.0,0.0,5.0,*,4095.0,574.0
F82040,JOHN SMITH MEDICAL CENTRE,U11211,BARKING & DAGENHAM WEST PCN,A3A8R,E38000255,0.0,0.0,5.0,0.0,3.0,2.0,33.0,0.0,26.0,24.0,4305.0,255.0
F82042,AURORA MEDCARE,U26744,BARKING & DAGENHAM NEW WEST PCN,A3A8R,E38000255,1.0,1.0,17.0,9.0,2.0,1.0,13.0,0.0,11.0,5.0,19500.0,1182.0
F82051,LABURNUM HEALTH CENTRE,U55387,BARKING & DAGENHAM NORTH PCN,A3A8R,E38000255,0.0,0.0,5.0,0.0,0.0,3.0,29.0,0.0,17.0,16.0,9480.0,1180.0
F82055,HORNCHURCH HEALTHCARE,U,Unallocated,A3A8R,E38000255,0.0,0.0,22.0,6.0,9.0,5.0,86.0,0.0,78.0,52.0,11298.0,2093.0
F82604,MARKS GATE HEALTH CENTRE,U92874,BARKING & DAGENHAM CENTRAL PCN,A3A8R,E38000255,0.0,1.0,8.0,3.0,1.0,1.0,28.0,1.0,22.0,19.0,5503.0,570.0
F82607,SOUTH HORNCHURCH MEDICAL PRACTICE,U00367,HAVERING SOUTH PCN,A3A8R,E38000255,0.0,0.0,10.0,0.0,0.0,1.0,31.0,0.0,28.0,25.0,5590.0,965.0
F82609,SUTTONS AVENUE SURGERY,U00367,HAVERING SOUTH PCN,A3A8R,E38000255,0.0,0.0,2.0,0.0,1.0,0.0,32.0,1.0,27.0,21.0,3237.0,1133.0
F82610,DR GUPTA,U55939,HAVERING NORTH PCN,A3A8R,E38000255,0.0,0.0,0.0,0.0,0.0,1.0,9.0,0.0,9.0,5.0,2362.0,549.0
F82612,THE WHITE HOUSE SURGERY,U11211,BARKING & DAGENHAM WEST PCN,A3A8R,E38000255,0.0,0.0,11.0,0.0,3.0,2.0,29.0,0.0,19.0,9.0,10303.0,1071.0
F82619,HARLOW ROAD SURGERY,U00367,HAVERING SOUTH PCN,A3A8R,E38000255,0.0,0.0,4.0,0.0,0.0,1.0,61.0,0.0,54.0,46.0,3407.0,605.0
F82624,ST GEORGES COUNTRY PARK SURGERY,U00367,HAVERING SOUTH PCN,A3A8R,E38000255,0.0,0.0,8.0,2.0,2.0,0.0,31.0,0.0,25.0,18.0,4787.0,1392.0
F82625,ABBEY MEDICAL CENTRE,U26744,BARKING & DAGENHAM NEW WEST PCN,A3A8R,E38000255,0.0,0.0,4.0,0.0,0.0,2.0,20.0,0.0,19.0,*,7454.0,560.0
F82627,RAINHAM HEALTH CENTRE,U00367,HAVERING SOUTH PCN,A3A8R,E38000255,0.0,0.0,7.0,0.0,1.0,0.0,8.0,0.0,6.0,*,6448.0,742.0
F82630,CHASE CROSS MEDICAL CENTRE,U55939,HAVERING NORTH PCN,A3A8R,E38000255,0.0,0.0,2.0,1.0,1.0,0.0,27.0,0.0,24.0,24.0,6471.0,1284.0
F82634,HEATHWAY MEDICAL CENTRE,U27362,BARKING & DAGENHAM EAST ONE PCN,A3A8R,E38000255,0.0,0.0,2.0,0.0,1.0,1.0,13.0,0.0,8.0,*,6076.0,471.0
F82638,MODERN MEDICAL CENTRE,U,Unallocated,A3A8R,E38000255,0.0,0.0,1.0,0.0,1.0,2.0,39.0,0.0,28.0,23.0,6939.0,749.0
F82642,GABLES SURGERY,U55387,BARKING & DAGENHAM NORTH PCN,A3A8R,E38000255,0.0,1.0,5.0,2.0,0.0,1.0,51.0,0.0,38.0,26.0,6298.0,797.0
F82647,SALISBURY AVENUE SURGERY,U11211,BARKING & DAGENHAM WEST PCN,A3A8R,E38000255,0.0,1.0,7.0,4.0,0.0,1.0,6.0,0.0,4.0,*,5261.0,508.0
F82648,INGREBOURNE MEDICAL CENTRE,U55939,HAVERING NORTH PCN,A3A8R,E38000255,0.0,0.0,2.0,0.0,0.0,0.0,5.0,0.0,5.0,*,3374.0,512.0
F82649,BERWICK SURGERY,U00367,HAVERING SOUTH PCN,A3A8R,E38000255,0.0,0.0,7.0,1.0,0.0,1.0,23.0,0.0,21.0,8.0,3519.0,946.0
F82650,DR AA ANSARI'S PRACTICE,U11211,BARKING & DAGENHAM WEST PCN,A3A8R,E38000255,0.0,0.0,7.0,0.0,2.0,1.0,7.0,1.0,6.0,*,9328.0,709.0
F82660,TULASI MEDICAL CENTRE,U92874,BARKING & DAGENHAM CENTRAL PCN,A3A8R,E38000255,0.0,0.0,14.0,4.0,3.0,7.0,83.0,0.0,66.0,23.0,17219.0,1911.0
F82661,GREEN LANE SURGERY,U55387,BARKING & DAGENHAM NORTH PCN,A3A8R,E38000255,0.0,0.0,5.0,0.0,4.0,0.0,7.0,1.0,6.0,5.0,3459.0,324.0
F82663,DR MARKS PRACTICE,U,Unallocated,A3A8R,E38000255,0.0,0.0,1.0,0.0,0.0,0.0,11.0,0.0,9.0,7.0,3505.0,560.0
F82670,ABBAMOOR SURGERY,U55939,HAVERING NORTH PCN,A3A8R,E38000255,0.0,0.0,11.0,1.0,3.0,0.0,10.0,0.0,10.0,7.0,5321.0,415.0
F82671,STRAIGHT ROAD SURGERY,U55939,HAVERING NORTH PCN,A3A8R,E38000255,0.0,2.0,13.0,4.0,3.0,0.0,84.0,0.0,53.0,51.0,2967.0,494.0
F82674,CRANHAM HEALTH CENTRE,U,Unallocated,A3A8R,E38000255,0.0,1.0,35.0,1.0,6.0,1.0,110.0,0.0,56.0,53.0,4929.0,1069.0
F82675,BILLET LANE MEDICAL PRACTICE,U00367,HAVERING SOUTH PCN,A3A8R,E38000255,0.0,0.0,1.0,0.0,1.0,0.0,38.0,0.0,31.0,29.0,2614.0,809.0
F82677,BECONTREE MEDICAL CENTRE,U92874,BARKING & DAGENHAM CENTRAL PCN,A3A8R,E38000255,0.0,0.0,47.0,34.0,2.0,1.0,15.0,1.0,13.0,9.0,8192.0,679.0
F82678,DR KM ALKAISY PRACTICE,U27362,BARKING & DAGENHAM EAST ONE PCN,A3A8R,E38000255,0.0,0.0,13.0,2.0,5.0,2.0,116.0,0.0,88.0,46.0,4008.0,733.0
F82679,DR DP SHAH'S PRACTICE,U27362,BARKING & DAGENHAM EAST ONE PCN,A3A8R,E38000255,0.0,0.0,4.0,1.0,1.0,1.0,13.0,0.0,11.0,5.0,4892.0,563.0
F82680,HIGHGROVE SURGERY,U11211,BARKING & DAGENHAM WEST PCN,A3A8R,E38000255,0.0,0.0,64.0,2.0,4.0,2.0,27.0,0.0,24.0,23.0,8999.0,1061.0
F82686,ASHTON GARDENS SURGERY,U55939,HAVERING NORTH PCN,A3A8R,E38000255,0.0,0.0,10.0,2.0,5.0,0.0,8.0,0.0,5.0,*,4729.0,378.0
F83002,RIVER PLACE HEALTH CENTRE,U,Unallocated,93C,E38000240,0.0,0.0,17.0,0.0,1.0,0.0,44.0,0.0,33.0,21.0,9752.0,1106.0
F83003,PARK END SURGERY,U54007,NORTH CAMDEN PCN,93C,E38000240,0.0,0.0,13.0,0.0,5.0,0.0,62.0,0.0,44.0,41.0,6219.0,1440.0
F83004,ARCHWAY MEDICAL CENTRE,U02795,NORTH 2 ISLINGTON PCN,93C,E38000240,0.0,0.0,6.0,0.0,0.0,3.0,45.0,0.0,35.0,28.0,30496.0,834.0
F83005,GOWER STREET PRACTICE,U34811,WEST AND CENTRAL PCN,93C,E38000240,0.0,0.0,27.0,2.0,0.0,1.0,12.0,0.0,10.0,8.0,21319.0,340.0
F83006,AMPTHILL & REGENTS PARK PRACTICE,U83457,CENTRAL CAMDEN PCN,93C,E38000240,0.0,0.0,14.0,0.0,0.0,2.0,73.0,1.0,63.0,24.0,13851.0,1694.0
F83007,ROMAN WAY MEDICAL CENTRE,U02795,NORTH 2 ISLINGTON PCN,93C,E38000240,0.0,0.0,2.0,0.0,0.0,0.0,28.0,1.0,24.0,16.0,2982.0,504.0
F83008,THE GOODINGE GROUP PRACTICE,U02795,NORTH 2 ISLINGTON PCN,93C,E38000240,0.0,0.0,24.0,0.0,2.0,1.0,70.0,0.0,63.0,35.0,10512.0,1500.0
F83010,ISLINGTON CENTRAL MEDICAL CENTRE,U02795,NORTH 2 ISLINGTON PCN,93C,E38000240,0.0,0.0,10.0,0.0,2.0,1.0,70.0,0.0,59.0,37.0,20270.0,2003.0
F83011,PRIMROSE HILL SURGERY,U52461,CENTRAL HAMPSTEAD PCN,93C,E38000240,0.0,0.0,8.0,1.0,2.0,0.0,26.0,0.0,19.0,11.0,7411.0,1216.0
F83012,ELIZABETH AVENUE GROUP PRACTICE,U,Unallocated,93C,E38000240,0.0,0.0,16.0,0.0,0.0,4.0,61.0,1.0,48.0,12.0,6188.0,1128.0
F83015,ST JOHNS WAY MEDICAL CENTRE,U36795,NORTH 1 ISLINGTON PCN,93C,E38000240,0.0,0.0,54.0,20.0,4.0,5.0,70.0,0.0,54.0,27.0,11481.0,1695.0
F83017,HAMPSTEAD GROUP PRACTICE,U54007,NORTH CAMDEN PCN,93C,E38000240,0.0,0.0,16.0,0.0,4.0,2.0,189.0,0.0,139.0,97.0,15398.0,2221.0
F83018,PRINCE OF WALES GROUP SURGERY,U51577,KENTISH TOWN CENTRAL PCN,93C,E38000240,0.0,0.0,10.0,0.0,4.0,2.0,40.0,0.0,27.0,23.0,7057.0,932.0
F83019,ABBEY MEDICAL CENTRE,U81184,WEST CAMDEN PCN,93C,E38000240,0.0,0.0,7.0,0.0,1.0,1.0,107.0,1.0,91.0,39.0,11222.0,1739.0
F83020,ADELAIDE MEDICAL CENTRE,U54007,NORTH CAMDEN PCN,93C,E38000240,0.0,0.0,11.0,0.0,1.0,1.0,121.0,0.0,94.0,72.0,9956.0,1780.0
F83021,RITCHIE STREET GROUP PRACTICE,U,Unallocated,93C,E38000240,0.0,0.0,14.0,3.0,0.0,2.0,59.0,0.0,40.0,29.0,14669.0,1673.0
F83022,CAVERSHAM GROUP PRACTICE,U51577,KENTISH TOWN CENTRAL PCN,93C,E38000240,0.0,0.0,11.0,0.0,2.0,3.0,103.0,0.0,73.0,26.0,14387.0,2205.0
F83023,JAMES WIGG PRACTICE,U78517,KENTISH TOWN SOUTH PCN,93C,E38000240,0.0,0.0,49.0,1.0,18.0,4.0,100.0,0.0,76.0,30.0,20917.0,2645.0
F83032,ST PETER'S STREET MEDICAL PRACTICE,U,Unallocated,93C,E38000240,0.0,0.0,18.0,0.0,3.0,1.0,37.0,0.0,13.0,5.0,10355.0,1193.0
F83033,BARNSBURY MEDICAL PRACTICE,U,Unallocated,93C,E38000240,0.0,0.0,5.0,2.0,1.0,1.0,20.0,0.0,15.0,*,6243.0,418.0
F83034,NEW NORTH HEALTH CENTRE,U,Unallocated,93C,E38000240,0.0,0.0,3.0,0.0,1.0,0.0,4.0,0.0,0.0,*,1202.0,256.0
F83039,THE RISE GROUP PRACTICE,U02795,NORTH 2 ISLINGTON PCN,93C,E38000240,0.0,0.0,2.0,0.0,0.0,1.0,20.0,0.0,11.0,6.0,3928.0,800.0
F83042,GRAY'S INN MEDICAL GROUP CHANCERY LANE,U52461,CENTRAL HAMPSTEAD PCN,93C,E38000240,0.0,0.0,6.0,0.0,2.0,1.0,24.0,0.0,18.0,14.0,8120.0,498.0
F83043,RIDGMOUNT PRACTICE,U83457,CENTRAL CAMDEN PCN,93C,E38000240,0.0,0.0,3.0,1.0,0.0,0.0,9.0,0.0,8.0,8.0,16721.0,226.0
F83044,THE BLOOMSBURY SURGERY,U83457,CENTRAL CAMDEN PCN,93C,E38000240,0.0,0.0,2.0,0.0,1.0,0.0,12.0,0.0,12.0,7.0,8615.0,539.0
F83045,THE MILLER PRACTICE,U,Unallocated,93C,E38000240,0.0,0.0,25.0,1.0,2.0,1.0,67.0,0.0,56.0,41.0,7690.0,1407.0
F83048,BRUNSWICK MEDICAL CENTRE UHPC,U83457,CENTRAL CAMDEN PCN,93C,E38000240,0.0,0.0,3.0,0.0,0.0,0.0,22.0,0.0,18.0,9.0,8419.0,646.0
F83050,GRAY'S INN MEDICAL GROUP WEST HAMPSTEAD,U52461,CENTRAL HAMPSTEAD PCN,93C,E38000240,0.0,0.0,10.0,3.0,0.0,0.0,9.0,0.0,6.0,*,3110.0,493.0
F83052,BROOKFIELD PARK SURGERY,U54007,NORTH CAMDEN PCN,93C,E38000240,0.0,0.0,1.0,0.0,0.0,0.0,29.0,0.0,21.0,16.0,3240.0,621.0
F83053,MILDMAY MEDICAL PRACTICE,U,Unallocated,93C,E38000240,0.0,0.0,10.0,0.0,2.0,3.0,44.0,0.0,31.0,18.0,7303.0,692.0
F83055,WEST HAMPSTEAD MEDICAL CENTRE,U81184,WEST CAMDEN PCN,93C,E38000240,0.0,0.0,15.0,0.0,2.0,0.0,64.0,0.0,46.0,30.0,21457.0,1605.0
F83056,THE MITCHISON ROAD SURGERY,U,Unallocated,93C,E38000240,0.0,0.0,12.0,0.0,2.0,0.0,10.0,0.0,9.0,6.0,8688.0,488.0
F83057,PARLIAMENT HILL SURGERY,U51577,KENTISH TOWN CENTRAL PCN,93C,E38000240,0.0,0.0,12.0,1.0,2.0,1.0,27.0,0.0,25.0,20.0,7506.0,1002.0
F83058,HOLBORN MEDICAL CENTRE,U05885,SOUTH CAMDEN PCN,93C,E38000240,0.0,0.0,5.0,0.0,2.0,0.0,30.0,0.0,25.0,17.0,10126.0,773.0
F83059,BRONDESBURY MEDICAL CENTRE,U34811,WEST AND CENTRAL PCN,93C,E38000240,0.0,0.0,25.0,1.0,6.0,3.0,74.0,0.0,51.0,40.0,21320.0,1934.0
F83060,THE NORTHERN MEDICAL CENTRE,U36795,NORTH 1 ISLINGTON PCN,93C,E38000240,0.0,0.0,8.0,0.0,1.0,6.0,49.0,0.0,43.0,16.0,6340.0,722.0
F83061,MUSEUM PRACTICE,U05885,SOUTH CAMDEN PCN,93C,E38000240,0.0,0.0,17.0,4.0,5.0,4.0,16.0,0.0,16.0,*,4839.0,659.0
F83063,KILLICK STREET HEALTH CENTRE,U,Unallocated,93C,E38000240,1.0,1.0,28.0,4.0,1.0,5.0,77.0,0.0,61.0,50.0,12651.0,1128.0
F83064,CITY ROAD MEDICAL CENTRE,U,Unallocated,93C,E38000240,0.0,0.0,25.0,0.0,1.0,1.0,30.0,1.0,21.0,15.0,8662.0,672.0
F83615,CHOLMLEY GARDENS SURGERY,U52461,CENTRAL HAMPSTEAD PCN,93C,E38000240,0.0,0.0,12.0,0.0,0.0,1.0,23.0,0.0,20.0,11.0,6810.0,1021.0
F83623,KEATS GROUP PRACTICE,U54007,NORTH CAMDEN PCN,93C,E38000240,0.0,0.0,13.0,0.0,2.0,0.0,102.0,0.0,56.0,46.0,11092.0,2048.0
F83624,CLERKENWELL MEDICAL PRACTICE,U,Unallocated,93C,E38000240,3.0,1.0,31.0,2.0,3.0,2.0,28.0,0.0,14.0,6.0,16033.0,822.0
F83632,QUEENS CRESCENT PRACTICE,U78517,KENTISH TOWN SOUTH PCN,93C,E38000240,0.0,0.0,3.0,0.0,1.0,2.0,32.0,0.0,24.0,16.0,5911.0,670.0
F83633,GRAY'S INN MEDICAL GROUP HAMPSTEAD,U52461,CENTRAL HAMPSTEAD PCN,93C,E38000240,1.0,0.0,52.0,25.0,9.0,0.0,18.0,0.0,12.0,10.0,4381.0,467.0
F83635,KINGS CROSS SURGERY,U83457,CENTRAL CAMDEN PCN,93C,E38000240,0.0,0.0,8.0,0.0,1.0,1.0,17.0,1.0,15.0,13.0,7472.0,238.0
F83652,AMWELL GROUP PRACTICE,U,Unallocated,93C,E38000240,0.0,0.0,9.0,2.0,0.0,1.0,29.0,0.0,20.0,9.0,10485.0,909.0
F83658,BELSIZE PRIORY MEDICAL PRACTICE (GROUP),U52461,CENTRAL HAMPSTEAD PCN,93C,E38000240,0.0,0.0,43.0,39.0,3.0,0.0,19.0,0.0,17.0,13.0,5812.0,631.0
F83660,HIGHBURY GRANGE MEDICAL PRACTICE,U,Unallocated,93C,E38000240,0.0,0.0,7.0,1.0,1.0,1.0,26.0,0.0,20.0,17.0,8070.0,886.0
F83664,THE VILLAGE PRACTICE,U36795,NORTH 1 ISLINGTON PCN,93C,E38000240,0.0,0.0,10.0,0.0,1.0,0.0,21.0,0.0,13.0,*,12324.0,697.0
F83665,SWISS COTTAGE SURGERY,U83457,CENTRAL CAMDEN PCN,93C,E38000240,0.0,0.0,46.0,35.0,4.0,2.0,47.0,1.0,43.0,22.0,15543.0,1230.0
F83666,ANDOVER MEDICAL CENTRE,U02795,NORTH 2 ISLINGTON PCN,93C,E38000240,0.0,0.0,8.0,0.0,4.0,3.0,95.0,0.0,82.0,52.0,6030.0,638.0
F83671,THE BEAUMONT PRACTICE,U02795,NORTH 2 ISLINGTON PCN,93C,E38000240,0.0,0.0,12.0,2.0,1.0,1.0,23.0,0.0,16.0,8.0,2871.0,314.0
F83672,ST PHILIPS MEDICAL CENTRE,U05885,SOUTH CAMDEN PCN,93C,E38000240,0.0,0.0,1.0,0.0,0.0,0.0,3.0,0.0,3.0,*,15503.0,184.0
F83673,THE MEDICAL CENTRE,U,Unallocated,93C,E38000240,0.0,0.0,1.0,0.0,0.0,1.0,27.0,0.0,24.0,*,5625.0,588.0
F83674,THE JUNCTION MEDICAL PRACTICE,U02795,NORTH 2 ISLINGTON PCN,93C,E38000240,0.0,1.0,7.0,1.0,2.0,1.0,36.0,0.0,31.0,14.0,7697.0,1134.0
F83678,DR SEGARAJASINGHE,U,Unallocated,93C,E38000240,0.0,0.0,2.0,0.0,0.0,0.0,13.0,0.0,11.0,*,1694.0,413.0
F83680,SOBELL MEDICAL CENTRE,U,Unallocated,93C,E38000240,0.0,0.0,5.0,0.0,0.0,0.0,24.0,1.0,16.0,13.0,4371.0,395.0
F83681,PARTNERSHIP PRIMARY CARE CENTRE,U36795,NORTH 1 ISLINGTON PCN,93C,E38000240,0.0,0.0,20.0,0.0,2.0,0.0,33.0,0.0,5.0,*,7529.0,992.0
F83683,SOMERS TOWN MEDICAL CENTRE,U83457,CENTRAL CAMDEN PCN,93C,E38000240,0.0,0.0,7.0,0.0,1.0,0.0,18.0,0.0,13.0,7.0,5170.0,390.0
F83686,STROUD GREEN MEDICAL CENTRE,U02795,NORTH 2 ISLINGTON PCN,93C,E38000240,0.0,0.0,15.0,1.0,5.0,0.0,20.0,0.0,15.0,10.0,10125.0,586.0
F84003,LOWER CLAPTON GENERAL PRACTICE,U05451,HACKNEY MARSHES PCN,A3A8R,E38000255,0.0,0.0,23.0,4.0,6.0,5.0,61.0,1.0,35.0,25.0,13457.0,1747.0
F84004,MARKET STREET HEALTH GROUP,U,Unallocated,A3A8R,E38000255,0.0,0.0,15.0,1.0,6.0,8.0,137.0,0.0,88.0,57.0,12011.0,1417.0
F84006,SHREWSBURY ROAD SURGERY,U06978,NEWHAM NORTH EAST 2 PCN,A3A8R,E38000255,0.0,0.0,19.0,0.0,8.0,1.0,46.0,0.0,43.0,28.0,15456.0,1463.0
F84008,BARTON HOUSE GROUP PRACTICE,U51492,CLISSOLD PARK PCN,A3A8R,E38000255,0.0,2.0,12.0,5.0,1.0,4.0,74.0,0.0,63.0,48.0,10626.0,1548.0
F84009,STRATFORD VILLAGE SURGERY,U,Unallocated,A3A8R,E38000255,0.0,0.0,10.0,0.0,2.0,1.0,19.0,0.0,18.0,12.0,13566.0,756.0
F84010,ASPIRE MEDICAL CENTRE,U,Unallocated,A3A8R,E38000255,0.0,0.0,5.0,0.0,2.0,1.0,21.0,0.0,14.0,12.0,9419.0,958.0
F84012,ALBION HEALTH CENTRE,U54453,TOWER HAMLETS NETWORK 2 PCN,A3A8R,E38000255,0.0,0.0,25.0,0.0,0.0,0.0,21.0,0.0,15.0,14.0,8488.0,611.0
F84013,STAMFORD HILL GROUP PRACTICE,U89154,SPRINGFIELD PARK PCN,A3A8R,E38000255,0.0,1.0,11.0,2.0,2.0,1.0,37.0,0.0,32.0,29.0,17272.0,1160.0
F84014,UPTON LANE MEDICAL CENTRE,U94747,NEWHAM NORTH WEST 2 PCN,A3A8R,E38000255,0.0,0.0,6.0,2.0,3.0,1.0,18.0,0.0,16.0,8.0,6787.0,838.0
F84015,KINGSMEAD HEALTHCARE,U05451,HACKNEY MARSHES PCN,A3A8R,E38000255,1.0,1.0,34.0,4.0,2.0,0.0,12.0,0.0,11.0,11.0,4541.0,635.0
F84016,THE MISSION PRACTICE,U50771,TOWER HAMLETS NETWORK 1 PCN,A3A8R,E38000255,0.0,1.0,71.0,1.0,2.0,3.0,51.0,0.0,42.0,24.0,10510.0,992.0
F84017,STAR LANE MEDICAL CENTRE,U23362,SOUTH ONE NEWHAM PCN,A3A8R,E38000255,0.0,0.0,4.0,0.0,2.0,4.0,40.0,0.0,8.0,6.0,18663.0,1705.0
F84018,THE NIGHTINGALE PRACTICE,U21268,HACKNEY DOWNS PCN,A3A8R,E38000255,0.0,0.0,45.0,26.0,3.0,0.0,52.0,0.0,43.0,36.0,11351.0,1004.0
F84021,LONDON FIELDS MEDICAL CENTRE,U40100,LONDON FIELDS PCN,A3A8R,E38000255,0.0,0.0,16.0,8.0,1.0,0.0,34.0,0.0,19.0,17.0,10159.0,880.0
F84022,STRATFORD HEALTH CENTRE,U94747,NEWHAM NORTH WEST 2 PCN,A3A8R,E38000255,0.0,0.0,6.0,0.0,1.0,0.0,20.0,0.0,20.0,5.0,8231.0,661.0
F84025,GOUGH WALK PRACTICE,U60865,TOWER HAMLETS NETWORK 7 PCN,A3A8R,E38000255,0.0,0.0,109.0,0.0,1.0,3.0,55.0,0.0,57.0,57.0,10749.0,842.0
F84030,RUSTON STREET CLINIC,U87199,TOWER HAMLETS NETWORK 5 PCN,A3A8R,E38000255,0.0,1.0,41.0,1.0,2.0,0.0,15.0,0.0,13.0,12.0,3548.0,293.0
F84031,THE JUBILEE STREET PRACTICE LTD,U,Unallocated,A3A8R,E38000255,0.0,0.0,399.0,54.0,4.0,2.0,91.0,0.0,62.0,57.0,14995.0,1336.0
F84033,SOMERFORD GROVE PRACTICE,U51492,CLISSOLD PARK PCN,A3A8R,E38000255,2.0,0.0,79.0,2.0,11.0,0.0,39.0,0.0,26.0,20.0,10233.0,1113.0
F84034,ST. STEPHENS HEALTH CENTRE,U87199,TOWER HAMLETS NETWORK 5 PCN,A3A8R,E38000255,0.0,0.0,38.0,0.0,4.0,2.0,48.0,0.0,39.0,36.0,11575.0,1330.0
F84035,RICHMOND ROAD MEDICAL CENTRE,U40100,LONDON FIELDS PCN,A3A8R,E38000255,0.0,0.0,14.0,4.0,1.0,0.0,21.0,0.0,18.0,13.0,24568.0,819.0
F84036,THE CEDAR PRACTICE,U46293,WOODBERRY WETLANDS PCN,A3A8R,E38000255,0.0,1.0,10.0,8.0,2.0,0.0,23.0,0.0,20.0,14.0,8149.0,756.0
F84038,BEECHWOOD MEDICAL CENTRE,U40100,LONDON FIELDS PCN,A3A8R,E38000255,0.0,0.0,2.0,1.0,0.0,1.0,13.0,0.0,10.0,8.0,3001.0,414.0
F84039,GOODMAN'S FIELD HEALTH CENTRE,U,Unallocated,A3A8R,E38000255,1.0,19.0,147.0,10.0,26.0,3.0,52.0,0.0,51.0,50.0,36214.0,1282.0
F84044,HARLEY GROVE MEDICAL CTR.,U87199,TOWER HAMLETS NETWORK 5 PCN,A3A8R,E38000255,0.0,0.0,33.0,4.0,0.0,0.0,16.0,0.0,14.0,14.0,7630.0,530.0
F84047,CUSTOM HOUSE SURGERY,U23362,SOUTH ONE NEWHAM PCN,A3A8R,E38000255,0.0,0.0,4.0,0.0,1.0,2.0,23.0,0.0,15.0,6.0,9982.0,807.0
F84050,BOLEYN MEDICAL CENTRE,U,Unallocated,A3A8R,E38000255,0.0,0.0,23.0,1.0,8.0,2.0,23.0,0.0,20.0,6.0,11639.0,805.0
F84051,STROUTS PLACE MEDICAL CENTRE,U50771,TOWER HAMLETS NETWORK 1 PCN,A3A8R,E38000255,0.0,0.0,5.0,1.0,0.0,0.0,18.0,0.0,16.0,15.0,9496.0,407.0
F84052,ESSEX LODGE,U,Unallocated,A3A8R,E38000255,0.0,0.0,464.0,438.0,3.0,0.0,37.0,0.0,27.0,13.0,15587.0,1487.0
F84053,GREENGATE MEDICAL CENTRE,U,Unallocated,A3A8R,E38000255,0.0,0.0,10.0,2.0,0.0,0.0,22.0,0.0,11.0,5.0,6491.0,742.0
F84054,THE LIMEHOUSE PRACTICE,U60865,TOWER HAMLETS NETWORK 7 PCN,A3A8R,E38000255,0.0,2.0,41.0,2.0,1.0,2.0,23.0,0.0,24.0,24.0,11244.0,891.0
F84055,THE GROVE ROAD SURGERY,U87199,TOWER HAMLETS NETWORK 5 PCN,A3A8R,E38000255,0.0,0.0,4.0,2.0,1.0,0.0,13.0,0.0,12.0,12.0,3499.0,319.0
F84060,ATHENA MEDICAL CENTRE,U05451,HACKNEY MARSHES PCN,A3A8R,E38000255,0.0,0.0,3.0,1.0,1.0,3.0,19.0,0.0,19.0,19.0,4263.0,553.0
F84062,THE CHRISP STREET HTH CTR,U60865,TOWER HAMLETS NETWORK 7 PCN,A3A8R,E38000255,0.0,1.0,70.0,13.0,9.0,2.0,60.0,0.0,58.0,57.0,13140.0,1158.0
F84069,WELL STREET SURGERY,U58256,WELL STREET COMMON PCN,A3A8R,E38000255,0.0,0.0,8.0,1.0,2.0,3.0,31.0,0.0,26.0,23.0,12310.0,1388.0
F84070,LATHOM ROAD MEDICAL CENTRE,U06978,NEWHAM NORTH EAST 2 PCN,A3A8R,E38000255,0.0,0.0,6.0,2.0,3.0,0.0,22.0,0.0,18.0,10.0,9135.0,675.0
F84072,DE BEAUVOIR SURGERY,U07169,SHOREDITCH PARK PCN,A3A8R,E38000255,0.0,0.0,13.0,8.0,0.0,3.0,16.0,0.0,15.0,10.0,12877.0,604.0
F84074,WORDSWORTH HEALTH CENTRE,U06978,NEWHAM NORTH EAST 2 PCN,A3A8R,E38000255,0.0,0.0,15.0,2.0,9.0,1.0,45.0,0.0,31.0,18.0,9014.0,1318.0
F84077,NEWHAM VICARAGE PRACTICE,U94747,NEWHAM NORTH WEST 2 PCN,A3A8R,E38000255,0.0,0.0,5.0,0.0,1.0,0.0,18.0,0.0,17.0,*,8977.0,790.0
F84079,THE WAPPING GROUP PRACTICE,U,Unallocated,A3A8R,E38000255,0.0,0.0,56.0,7.0,3.0,0.0,20.0,0.0,16.0,15.0,9864.0,922.0
F84080,FOUNTAYNE ROAD MEDICAL PRACTICE,U21268,HACKNEY DOWNS PCN,A3A8R,E38000255,0.0,0.0,130.0,122.0,2.0,0.0,47.0,0.0,34.0,29.0,8283.0,1234.0
F84081,THE SPITALFIELDS PRACTICE,U54453,TOWER HAMLETS NETWORK 2 PCN,A3A8R,E38000255,0.0,0.0,48.0,2.0,2.0,2.0,30.0,0.0,22.0,21.0,12530.0,886.0
F84083,BETHNAL GREEN HEALTH CTR.,U50771,TOWER HAMLETS NETWORK 1 PCN,A3A8R,E38000255,0.0,1.0,105.0,3.0,0.0,2.0,65.0,0.0,42.0,41.0,8882.0,907.0
F84086,THE FOREST PRACTICE,U94747,NEWHAM NORTH WEST 2 PCN,A3A8R,E38000255,0.0,0.0,8.0,0.0,2.0,1.0,28.0,0.0,28.0,11.0,5620.0,858.0
F84087,HARFORD HEALTH CENTRE,U,Unallocated,A3A8R,E38000255,0.0,0.0,108.0,0.0,4.0,5.0,25.0,0.0,29.0,28.0,8845.0,702.0
F84088,PLASHET ROAD MEDICAL CENTRE,U34188,NEWHAM NORTH EAST 1 PCN,A3A8R,E38000255,0.0,0.0,4.0,2.0,1.0,2.0,17.0,0.0,18.0,10.0,7398.0,575.0
F84092,GLEN ROAD MEDICAL CENTRE,U,Unallocated,A3A8R,E38000255,0.0,0.0,5.0,1.0,0.0,5.0,22.0,0.0,20.0,8.0,13039.0,1161.0
F84093,TOLLGATE MEDICAL CENTRE,U56681,DOCKLANDS PCN,A3A8R,E38000255,0.0,0.0,32.0,7.0,3.0,3.0,33.0,0.0,26.0,24.0,16406.0,1569.0
F84096,THE LAWSON PRACTICE,U07169,SHOREDITCH PARK PCN,A3A8R,E38000255,0.0,0.0,10.0,0.0,1.0,1.0,45.0,1.0,32.0,22.0,15756.0,1479.0
F84097,CLAREMONT CLINIC,U52641,NORTH NEWHAM PCN,A3A8R,E38000255,0.0,0.0,10.0,4.0,5.0,1.0,39.0,0.0,40.0,25.0,11151.0,1254.0
F84105,THE LEA SURGERY,U05451,HACKNEY MARSHES PCN,A3A8R,E38000255,0.0,0.0,28.0,2.0,0.0,0.0,30.0,0.0,26.0,23.0,10416.0,912.0
F84111,ABBEY ROAD MEDICAL PRACTICE,U,Unallocated,A3A8R,E38000255,0.0,0.0,11.0,0.0,6.0,1.0,24.0,0.0,23.0,20.0,9651.0,810.0
F84114,CITY SQUARE MEDICAL GROUP,U,Unallocated,A3A8R,E38000255,0.0,1.0,27.0,0.0,6.0,1.0,65.0,0.0,54.0,54.0,10319.0,867.0
F84115,THE STATHAM GROVE SURGERY,U46293,WOODBERRY WETLANDS PCN,A3A8R,E38000255,0.0,1.0,21.0,4.0,4.0,2.0,19.0,0.0,20.0,17.0,8373.0,809.0
F84117,QUEENSBRIDGE GROUP PRACTICE,U40100,LONDON FIELDS PCN,A3A8R,E38000255,0.0,0.0,8.0,1.0,0.0,2.0,42.0,0.0,29.0,18.0,8713.0,1043.0
F84118,WELLINGTON WAY HEALTH CENTRE,U08803,BROMLEY BY BOW AND STEPNEY HEALTH CIC PCN,A3A8R,E38000255,0.0,0.0,15.0,3.0,4.0,3.0,22.0,0.0,25.0,25.0,11906.0,613.0
F84119,THE HERON PRACTICE,U46293,WOODBERRY WETLANDS PCN,A3A8R,E38000255,0.0,1.0,26.0,13.0,6.0,3.0,33.0,0.0,33.0,30.0,11696.0,1136.0
F84121,E12 HEALTH,U,Unallocated,A3A8R,E38000255,0.0,0.0,9.0,6.0,0.0,8.0,101.0,0.0,77.0,69.0,14568.0,1220.0
F84122,XX PLACE HEALTH CENTRE,U08803,BROMLEY BY BOW AND STEPNEY HEALTH CIC PCN,A3A8R,E38000255,0.0,0.0,38.0,3.0,3.0,9.0,102.0,0.0,95.0,85.0,15693.0,1333.0
F84123,SUTTONS WHARF HEALTH CENTRE,U50771,TOWER HAMLETS NETWORK 1 PCN,A3A8R,E38000255,0.0,0.0,33.0,0.0,1.0,1.0,23.0,0.0,22.0,15.0,17731.0,644.0
F84124,THE PROJECT SURGERY,U,Unallocated,A3A8R,E38000255,0.0,0.0,17.0,1.0,2.0,0.0,9.0,1.0,8.0,8.0,4875.0,285.0
F84601,ELSDALE STREET SURGERY,U58256,WELL STREET COMMON PCN,A3A8R,E38000255,0.0,0.0,3.0,1.0,0.0,0.0,22.0,0.0,18.0,17.0,6823.0,586.0
F84619,THE RIVERSIDE PRACTICE,U21268,HACKNEY DOWNS PCN,A3A8R,E38000255,0.0,0.0,0.0,0.0,0.0,1.0,15.0,0.0,14.0,14.0,4752.0,396.0
F84620,THE WICK HEALTH CENTRE,U58256,WELL STREET COMMON PCN,A3A8R,E38000255,0.0,0.0,14.0,1.0,2.0,3.0,28.0,0.0,21.0,13.0,7451.0,848.0
F84621,SANDRINGHAM PRACTICE,U40100,LONDON FIELDS PCN,A3A8R,E38000255,0.0,0.0,12.0,2.0,1.0,1.0,17.0,0.0,15.0,12.0,4120.0,496.0
F84632,THE GREENHOUSE WALK-IN,U58256,WELL STREET COMMON PCN,A3A8R,E38000255,0.0,0.0,2.0,0.0,0.0,0.0,0.0,0.0,0.0,*,850.0,49.0
F84635,SHOREDITCH PARK SURGERY,U07169,SHOREDITCH PARK PCN,A3A8R,E38000255,0.0,0.0,3.0,0.0,0.0,2.0,21.0,0.0,19.0,17.0,9054.0,637.0
F84636,THE SURGERY (BARRETTS GROVE),U51492,CLISSOLD PARK PCN,A3A8R,E38000255,0.0,0.0,6.0,1.0,0.0,1.0,13.0,0.0,10.0,10.0,6100.0,361.0
F84640,THE NEAMAN PRACTICE,U07169,SHOREDITCH PARK PCN,A3A8R,E38000255,0.0,0.0,11.0,0.0,2.0,1.0,29.0,0.0,15.0,11.0,8427.0,1533.0
F84641,BIRCHDALE ROAD MEDICAL CENTRE,U34188,NEWHAM NORTH EAST 1 PCN,A3A8R,E38000255,0.0,0.0,21.0,15.0,4.0,1.0,13.0,0.0,12.0,12.0,2864.0,350.0
F84642,LUCAS AVENUE PRACTICE,U,Unallocated,A3A8R,E38000255,0.0,0.0,4.0,1.0,1.0,1.0,13.0,0.0,9.0,*,13324.0,661.0
F84647,ROSERTON STREET SURGERY,U09193,TOWER HAMLETS NETWORK 8 PCN,A3A8R,E38000255,0.0,0.0,9.0,1.0,0.0,2.0,16.0,0.0,15.0,15.0,16017.0,628.0
F84656,DOCKLANDS MEDICAL CENTRE,U09193,TOWER HAMLETS NETWORK 8 PCN,A3A8R,E38000255,0.0,0.0,25.0,2.0,4.0,1.0,13.0,0.0,12.0,12.0,9782.0,665.0
F84658,SANGAM PRACTICE,U34188,NEWHAM NORTH EAST 1 PCN,A3A8R,E38000255,0.0,0.0,19.0,6.0,6.0,0.0,27.0,1.0,20.0,14.0,8137.0,1049.0
F84660,DR CM PATEL'S SURGERY,U34188,NEWHAM NORTH EAST 1 PCN,A3A8R,E38000255,0.0,0.0,1.0,1.0,1.0,0.0,3.0,0.0,2.0,*,3071.0,118.0
F84666,THE RUIZ MEDICAL PRACTICE,U23362,SOUTH ONE NEWHAM PCN,A3A8R,E38000255,0.0,0.0,3.0,0.0,1.0,1.0,7.0,0.0,2.0,*,5411.0,373.0
F84668,THE CLAPTON SURGERY,U21268,HACKNEY DOWNS PCN,A3A8R,E38000255,0.0,0.0,4.0,2.0,0.0,0.0,15.0,0.0,12.0,9.0,5406.0,409.0
F84669,CENTRAL PARK SURGERY,U,Unallocated,A3A8R,E38000255,0.0,0.0,18.0,2.0,6.0,1.0,24.0,0.0,20.0,15.0,8770.0,766.0
F84670,WESTBURY ROAD MEDICAL PRACTICE,U34188,NEWHAM NORTH EAST 1 PCN,A3A8R,E38000255,0.0,0.0,14.0,0.0,3.0,0.0,15.0,0.0,14.0,8.0,6165.0,426.0
F84672,FIRST 4 HEALTH GROUP - E7 HEALTH,U52641,NORTH NEWHAM PCN,A3A8R,E38000255,0.0,0.0,8.0,1.0,1.0,2.0,16.0,0.0,14.0,10.0,7556.0,638.0
F84677,EAST END MEDICAL CENTRE,U94747,NEWHAM NORTH WEST 2 PCN,A3A8R,E38000255,0.0,0.0,12.0,3.0,3.0,1.0,40.0,0.0,29.0,21.0,6501.0,794.0
F84681,BALAAM STREET PRACTICE,U,Unallocated,A3A8R,E38000255,0.0,0.0,6.0,2.0,1.0,0.0,14.0,1.0,10.0,6.0,9535.0,662.0
F84686,THE SURGERY (CRANWICH ROAD),U89154,SPRINGFIELD PARK PCN,A3A8R,E38000255,0.0,0.0,3.0,0.0,0.0,0.0,17.0,1.0,13.0,10.0,8761.0,395.0
F84692,THE HOXTON SURGERY,U07169,SHOREDITCH PARK PCN,A3A8R,E38000255,0.0,0.0,6.0,4.0,3.0,0.0,14.0,0.0,11.0,10.0,8900.0,521.0
F84694,THE SURGERY (BROOKE ROAD),U51492,CLISSOLD PARK PCN,A3A8R,E38000255,0.0,0.0,3.0,0.0,0.0,1.0,4.0,0.0,5.0,5.0,4558.0,252.0
F84696,TREDEGAR PRACTICE,U87199,TOWER HAMLETS NETWORK 5 PCN,A3A8R,E38000255,0.0,1.0,111.0,0.0,9.0,0.0,8.0,0.0,7.0,7.0,5334.0,447.0
F84698,ABERFELDY PRACTICE,U60865,TOWER HAMLETS NETWORK 7 PCN,A3A8R,E38000255,0.0,1.0,30.0,1.0,0.0,2.0,19.0,0.0,17.0,17.0,13937.0,405.0
F84710,ISLAND HEALTH,U09193,TOWER HAMLETS NETWORK 8 PCN,A3A8R,E38000255,0.0,0.0,32.0,0.0,5.0,3.0,29.0,0.0,24.0,20.0,12306.0,1008.0
F84716,THE ALLERTON ROAD SURGERY,U46293,WOODBERRY WETLANDS PCN,A3A8R,E38000255,0.0,0.0,15.0,2.0,6.0,0.0,41.0,0.0,34.0,33.0,5090.0,435.0
F84717,ROYAL DOCKS MEDICAL PRACTICE,U56681,DOCKLANDS PCN,A3A8R,E38000255,0.0,0.0,1.0,0.0,0.0,2.0,12.0,0.0,11.0,6.0,11590.0,786.0
F84718,THE BLITHEHALE MED.CTR.,U54453,TOWER HAMLETS NETWORK 2 PCN,A3A8R,E38000255,0.0,0.0,42.0,4.0,1.0,5.0,22.0,0.0,22.0,21.0,13018.0,766.0
F84719,LATIMER HEALTH CENTRE,U05451,HACKNEY MARSHES PCN,A3A8R,E38000255,0.0,0.0,5.0,2.0,0.0,5.0,49.0,0.0,51.0,50.0,5087.0,594.0
F84720,HEALY MEDICAL CENTRE,U21268,HACKNEY DOWNS PCN,A3A8R,E38000255,0.0,0.0,2.0,1.0,0.0,3.0,23.0,0.0,21.0,8.0,4497.0,674.0
F84724,WOODGRANGE MEDICAL PRACTICE,U52641,NORTH NEWHAM PCN,A3A8R,E38000255,0.0,0.0,3.0,1.0,0.0,6.0,43.0,0.0,41.0,39.0,16562.0,1183.0
F84729,THE MANOR PARK PRACTICE,U34188,NEWHAM NORTH EAST 1 PCN,A3A8R,E38000255,0.0,0.0,1.0,0.0,1.0,2.0,12.0,0.0,10.0,10.0,4780.0,308.0
F84730,THE VICARAGE LANE SURGERY,U,Unallocated,A3A8R,E38000255,0.0,0.0,4.0,1.0,0.0,1.0,7.0,0.0,8.0,5.0,8868.0,672.0
F84731,ST. KATHERINE'S DOCK PRACTICE,U,Unallocated,A3A8R,E38000255,0.0,0.0,4.0,2.0,3.0,0.0,9.0,0.0,6.0,6.0,2145.0,318.0
F84733,HEALTH E1,U54453,TOWER HAMLETS NETWORK 2 PCN,A3A8R,E38000255,0.0,0.0,11.0,1.0,0.0,0.0,0.0,0.0,0.0,*,1035.0,59.0
F84735,THE AZAD PRACTICE,U,Unallocated,A3A8R,E38000255,0.0,0.0,0.0,0.0,0.0,2.0,27.0,0.0,12.0,7.0,7727.0,693.0
F84739,E12 MEDICAL CENTRE,U06978,NEWHAM NORTH EAST 2 PCN,A3A8R,E38000255,0.0,0.0,0.0,0.0,0.0,0.0,4.0,0.0,4.0,*,4898.0,233.0
F84740,NEWHAM TRANSITIONAL PRACTICE,U,Unallocated,A3A8R,E38000255,0.0,0.0,39.0,4.0,2.0,1.0,6.0,0.0,5.0,5.0,3691.0,249.0
F84741,PLASHET HARMONY PRACTICE,U06978,NEWHAM NORTH EAST 2 PCN,A3A8R,E38000255,0.0,0.0,18.0,15.0,0.0,0.0,4.0,0.0,4.0,*,2004.0,265.0
F84747,THE BARKANTINE PRACTICE,U09193,TOWER HAMLETS NETWORK 8 PCN,A3A8R,E38000255,0.0,0.0,25.0,10.0,12.0,3.0,34.0,0.0,20.0,20.0,25577.0,1224.0
F84749,CARPENTERS PRACTICE,U,Unallocated,A3A8R,E38000255,0.0,0.0,11.0,2.0,0.0,4.0,29.0,0.0,20.0,*,24010.0,933.0
F85002,MEDICUS HEALTH PARTNERS,U58312,ENFIELD UNITY PCN,93C,E38000240,0.0,0.0,96.0,1.0,14.0,23.0,633.0,0.0,465.0,387.0,81464.0,12500.0
F85004,EAGLE HOUSE SURGERY,U58312,ENFIELD UNITY PCN,93C,E38000240,1.0,0.0,22.0,3.0,5.0,2.0,74.0,0.0,37.0,30.0,10298.0,1906.0
F85007,LAWRENCE HOUSE SURGERY,U83168,HARINGEY - WELBOURNE PCN,93C,E38000240,0.0,0.0,32.0,0.0,9.0,3.0,71.0,1.0,54.0,43.0,13889.0,1972.0
F85008,STAUNTON GROUP PRACTICE,U15334,HARINGEY - EAST CENTRAL PCN,93C,E38000240,0.0,0.0,16.0,0.0,1.0,0.0,59.0,0.0,46.0,36.0,9847.0,1552.0
F85010,KEATS SURGERY,U50311,EDMONTON PCN,93C,E38000240,0.0,0.0,5.0,0.0,0.0,0.0,16.0,0.0,12.0,10.0,3477.0,789.0
F85013,TYNEMOUTH MEDICAL PRACTICE,U83168,HARINGEY - WELBOURNE PCN,93C,E38000240,0.0,0.0,31.0,0.0,9.0,0.0,37.0,0.0,24.0,21.0,8140.0,913.0
F85014,HIGHGATE GROUP PRACTICE,U12920,HARINGEY - NORTH WEST PCN,93C,E38000240,0.0,0.0,22.0,0.0,1.0,4.0,104.0,1.0,101.0,52.0,13461.0,2847.0
F85016,COCKFOSTERS MEDICAL CTRE,U58312,ENFIELD UNITY PCN,93C,E38000240,0.0,0.0,6.0,0.0,1.0,1.0,75.0,0.0,66.0,50.0,5289.0,1635.0
F85017,CHARLTON HOUSE MEDICAL CENTRE,U96599,HARINGEY - NORTH EAST PCN,93C,E38000240,0.0,0.0,28.0,12.0,3.0,2.0,34.0,0.0,29.0,22.0,5637.0,847.0
F85019,MORRIS HOUSE GROUP PRACTICE,U96599,HARINGEY - NORTH EAST PCN,93C,E38000240,0.0,0.0,16.0,0.0,8.0,3.0,65.0,0.0,47.0,41.0,12792.0,1795.0
F85020,THE WOODBERRY PRACTICE,U36687,ENFIELD SOUTH WEST PCN,93C,E38000240,0.0,0.0,3.0,0.0,0.0,1.0,63.0,0.0,48.0,23.0,8342.0,1819.0
F85023,THE ORDNANCE UNITY CENTRE FOR HEALTH,U80019,ENFIELD CARE NETWORK PCN,93C,E38000240,0.0,0.0,15.0,0.0,0.0,1.0,29.0,0.0,20.0,7.0,11715.0,860.0
F85025,WHITE LODGE MEDICAL PRACTICE,U80019,ENFIELD CARE NETWORK PCN,93C,E38000240,0.0,0.0,17.0,0.0,1.0,3.0,59.0,0.0,20.0,7.0,12657.0,2283.0
F85028,BRUCE GROVE PRIMARY HEALTH CARE CTR,U96599,HARINGEY - NORTH EAST PCN,93C,E38000240,0.0,0.0,4.0,0.0,0.0,0.0,30.0,0.0,19.0,15.0,5762.0,885.0
F85029,ABERNETHY HOUSE SURGERY,U63047,WEST ENFIELD COLLABORATIVE PCN,93C,E38000240,0.0,0.0,18.0,0.0,1.0,6.0,134.0,0.0,104.0,88.0,9181.0,2699.0
F85030,SOMERSET GARDENS FAMILY HEALTH CENTRE,U96599,HARINGEY - NORTH EAST PCN,93C,E38000240,0.0,0.0,12.0,1.0,4.0,6.0,137.0,0.0,88.0,80.0,11200.0,1549.0
F85031,WESTBURY MEDICAL CENTRE,U96599,HARINGEY - NORTH EAST PCN,93C,E38000240,0.0,0.0,12.0,0.0,2.0,2.0,41.0,0.0,37.0,20.0,11027.0,1248.0
F85032,SOUTHGATE,U58312,ENFIELD UNITY PCN,93C,E38000240,0.0,0.0,3.0,0.0,0.0,6.0,90.0,0.0,76.0,62.0,7792.0,1682.0
F85033,WINCHMORE HILL PRACTICE,U63047,WEST ENFIELD COLLABORATIVE PCN,93C,E38000240,0.0,0.0,49.0,29.0,4.0,0.0,133.0,0.0,44.0,30.0,16066.0,4516.0
F85034,ARCADIAN GARDENS SURGERY,U51636,HARINGEY - NORTH CENTRAL PCN,93C,E38000240,0.0,0.0,11.0,0.0,3.0,0.0,46.0,0.0,32.0,32.0,7953.0,968.0
F85035,HIGHLANDS PRACTICE,U58312,ENFIELD UNITY PCN,93C,E38000240,0.0,0.0,12.0,0.0,0.0,1.0,104.0,0.0,94.0,58.0,9302.0,2229.0
F85039,RAINBOW PRACTICE,U80019,ENFIELD CARE NETWORK PCN,93C,E38000240,0.0,0.0,14.0,2.0,4.0,0.0,27.0,0.0,26.0,25.0,6419.0,718.0
F85044,BOUNCES ROAD SURGERY LTD,U58312,ENFIELD UNITY PCN,93C,E38000240,0.0,0.0,13.0,0.0,1.0,1.0,21.0,0.0,19.0,11.0,6248.0,751.0
F85046,HORNSEY PARK SURGERY,U15334,HARINGEY - EAST CENTRAL PCN,93C,E38000240,0.0,0.0,1.0,0.0,0.0,0.0,11.0,0.0,6.0,*,9953.0,562.0
F85058,NIGHTINGALE HOUSE SURGERY,U58312,ENFIELD UNITY PCN,93C,E38000240,0.0,1.0,21.0,12.0,3.0,0.0,25.0,1.0,22.0,19.0,5098.0,931.0
F85060,HAVERGAL SURGERY,U36584,HARINGEY - N15/SOUTH EAST PCN,93C,E38000240,0.0,0.0,5.0,0.0,1.0,1.0,24.0,0.0,18.0,14.0,4573.0,623.0
F85061,CHRISTCHURCH HALL SURGERY,U27139,HARINGEY - SOUTH WEST PCN,93C,E38000240,0.0,0.0,2.0,0.0,0.0,0.0,10.0,0.0,9.0,9.0,2314.0,520.0
F85063,THE MUSWELL HILL PRACTICE,U12920,HARINGEY - NORTH WEST PCN,93C,E38000240,0.0,0.0,44.0,0.0,7.0,1.0,71.0,0.0,50.0,31.0,15044.0,2685.0
F85064,HIGH ROAD SURGERY (STUART CRESCENT HC),U51636,HARINGEY - NORTH CENTRAL PCN,93C,E38000240,0.0,0.0,7.0,0.0,1.0,0.0,24.0,0.0,19.0,13.0,6817.0,844.0
F85065,STUART CRESCENT MEDICAL PRACTICE,U51636,HARINGEY - NORTH CENTRAL PCN,93C,E38000240,0.0,0.0,1.0,0.0,0.0,0.0,12.0,0.0,11.0,5.0,2793.0,431.0
F85066,BOUNDS GREEN GROUP PRACTICE,U51636,HARINGEY - NORTH CENTRAL PCN,93C,E38000240,0.0,0.0,17.0,1.0,0.0,2.0,72.0,0.0,58.0,23.0,16174.0,2484.0
F85067,THE 157 MEDICAL PRACTICE,U27139,HARINGEY - SOUTH WEST PCN,93C,E38000240,0.0,0.0,17.0,0.0,6.0,0.0,32.0,0.0,14.0,6.0,3707.0,598.0
F85069,CROUCH HALL ROAD SURGERY,U27139,HARINGEY - SOUTH WEST PCN,93C,E38000240,0.0,0.0,8.0,0.0,0.0,4.0,31.0,0.0,26.0,13.0,7642.0,1316.0
F85071,FERNLEA SURGERY,U83168,HARINGEY - WELBOURNE PCN,93C,E38000240,0.0,0.0,8.0,1.0,1.0,1.0,45.0,0.0,35.0,24.0,11178.0,947.0
F85072,GROVELANDS MEDICAL CENTRE,U80019,ENFIELD CARE NETWORK PCN,93C,E38000240,0.0,0.0,26.0,0.0,1.0,0.0,63.0,0.0,20.0,13.0,7637.0,1626.0
F85615,TOTTENHAM HEALTH CENTRE,U83168,HARINGEY - WELBOURNE PCN,93C,E38000240,0.0,0.0,27.0,12.0,2.0,3.0,26.0,0.0,11.0,11.0,5273.0,522.0
F85623,GROVE ROAD SURGERY,U36584,HARINGEY - N15/SOUTH EAST PCN,93C,E38000240,0.0,0.0,15.0,1.0,4.0,2.0,17.0,0.0,16.0,16.0,4194.0,473.0
F85625,BINCOTE SURGERY,U36687,ENFIELD SOUTH WEST PCN,93C,E38000240,0.0,0.0,9.0,1.0,2.0,2.0,53.0,0.0,39.0,15.0,5588.0,1328.0
F85628,"WELBOURNE GP SURGERY, WELBOURNE H C",U83168,HARINGEY - WELBOURNE PCN,93C,E38000240,0.0,0.0,3.0,0.0,1.0,1.0,26.0,0.0,22.0,12.0,9346.0,693.0
F85634,EAST ENFIELD MEDICAL CENTRE,U80019,ENFIELD CARE NETWORK PCN,93C,E38000240,0.0,0.0,16.0,0.0,2.0,1.0,24.0,0.0,23.0,11.0,8618.0,898.0
F85640,CHESHIRE ROAD SURGERY,U51636,HARINGEY - NORTH CENTRAL PCN,93C,E38000240,0.0,0.0,9.0,0.0,0.0,1.0,27.0,0.0,26.0,14.0,5655.0,761.0
F85642,THE NORTH LONDON HEALTH CENTRE,U36687,ENFIELD SOUTH WEST PCN,93C,E38000240,0.0,0.0,10.0,0.0,2.0,4.0,94.0,0.0,77.0,59.0,7507.0,1539.0
F85650,MORECAMBE SURGERY,U36687,ENFIELD SOUTH WEST PCN,93C,E38000240,0.0,0.0,13.0,0.0,2.0,4.0,29.0,0.0,26.0,15.0,5164.0,829.0
F85663,LATYMER ROAD SURGERY,U50311,EDMONTON PCN,93C,E38000240,0.0,0.0,5.0,0.0,1.0,0.0,15.0,0.0,11.0,5.0,4012.0,689.0
F85666,DR ME SILVER'S PRACTICE,U50311,EDMONTON PCN,93C,E38000240,0.0,0.0,0.0,0.0,0.0,0.0,11.0,0.0,9.0,8.0,3451.0,513.0
F85669,WEST GREEN SURGERY,U15334,HARINGEY - EAST CENTRAL PCN,93C,E38000240,0.0,0.0,13.0,0.0,4.0,1.0,31.0,1.0,17.0,11.0,22583.0,1128.0
F85675,THE ALEXANDRA SURGERY,U51636,HARINGEY - NORTH CENTRAL PCN,93C,E38000240,0.0,0.0,27.0,21.0,3.0,0.0,39.0,0.0,24.0,17.0,4611.0,913.0
F85676,BOUNDARY HOUSE SURGERY,U50311,EDMONTON PCN,93C,E38000240,0.0,0.0,2.0,0.0,0.0,0.0,34.0,0.0,30.0,12.0,4897.0,698.0
F85678,THE TOWN SURGERY LTD,U63047,WEST ENFIELD COLLABORATIVE PCN,93C,E38000240,0.0,0.0,14.0,0.0,2.0,0.0,17.0,0.0,15.0,6.0,3740.0,417.0
F85682,CHALFONT SURGERY,U80019,ENFIELD CARE NETWORK PCN,93C,E38000240,0.0,0.0,6.0,0.0,2.0,0.0,20.0,0.0,18.0,10.0,5400.0,736.0
F85687,OAKWOOD MEDICAL CENTRE,U58312,ENFIELD UNITY PCN,93C,E38000240,0.0,0.0,13.0,0.0,0.0,5.0,73.0,0.0,54.0,43.0,7368.0,1246.0
F85688,RUTLAND HOUSE SURGERY,U12920,HARINGEY - NORTH WEST PCN,93C,E38000240,0.0,0.0,18.0,1.0,4.0,1.0,84.0,1.0,62.0,36.0,8900.0,1468.0
F85697,THE OLD SURGERY,U15334,HARINGEY - EAST CENTRAL PCN,93C,E38000240,0.0,0.0,4.0,2.0,2.0,0.0,17.0,0.0,13.0,10.0,1399.0,243.0
F85700,ARNOS GROVE MEDICAL CENTR,U36687,ENFIELD SOUTH WEST PCN,93C,E38000240,0.0,0.0,12.0,1.0,7.0,0.0,27.0,1.0,21.0,12.0,7236.0,697.0
F85701,GILLAN HOUSE SURGERY,U36687,ENFIELD SOUTH WEST PCN,93C,E38000240,0.0,0.0,11.0,1.0,1.0,3.0,111.0,0.0,79.0,73.0,10968.0,1395.0
F85705,JS MEDICAL PRACTICE,U36584,HARINGEY - N15/SOUTH EAST PCN,93C,E38000240,0.0,0.0,10.0,1.0,4.0,1.0,36.0,0.0,25.0,11.0,11770.0,1240.0
F86001,THE FIRS,U93045,WALTHAM FOREST WALTHAMSTOW CENTRAL PCN,A3A8R,E38000255,0.0,0.0,11.0,1.0,2.0,2.0,19.0,1.0,13.0,10.0,10952.0,1095.0
F86004,HANDSWORTH MEDICAL PRACTICE,U47946,E4 NETWORK PCN,A3A8R,E38000255,0.0,0.0,14.0,6.0,2.0,2.0,89.0,0.0,63.0,46.0,12901.0,2537.0
F86005,THE PENRHYN SURGERY,U92720,WALTHAM FOREST 8 PCN,A3A8R,E38000255,0.0,0.0,3.0,0.0,0.0,2.0,8.0,1.0,8.0,5.0,7264.0,710.0
F86006,SEYMOUR MEDICAL CENTRE,U,Unallocated,A3A8R,E38000255,0.0,0.0,6.0,0.0,0.0,1.0,21.0,0.0,22.0,21.0,5826.0,679.0
F86007,THE FOREST EDGE PRACTICE,U,Unallocated,A3A8R,E38000255,0.0,0.0,3.0,0.0,0.0,4.0,71.0,0.0,67.0,63.0,11828.0,1841.0
F86008,GANTS HILL MED CTR & THE REDBRIDGE SURG,U,Unallocated,A3A8R,E38000255,0.0,0.0,13.0,1.0,1.0,3.0,96.0,0.0,84.0,64.0,13664.0,1776.0
F86009,THE PALMS MEDICAL CENTRE,U,Unallocated,A3A8R,E38000255,0.0,0.0,4.0,0.0,3.0,0.0,33.0,0.0,28.0,17.0,5831.0,1235.0
F86010,FULLWELL CROSS MED. CTR.,U08578,NEW CROSS ALLIANCE PCN,A3A8R,E38000255,0.0,0.0,29.0,6.0,4.0,3.0,62.0,3.0,31.0,13.0,14367.0,2222.0
F86011,THE MANOR PRACTICE,U87776,WALTHAM FOREST LEYTON COLLABORATIVE PCN,A3A8R,E38000255,0.0,0.0,29.0,0.0,5.0,5.0,75.0,0.0,62.0,52.0,8192.0,1101.0
F86012,RYDAL,U,Unallocated,A3A8R,E38000255,0.0,0.0,8.0,0.0,3.0,1.0,70.0,0.0,48.0,33.0,7234.0,2222.0
F86013,THE BROADWAY SURGERY,U,Unallocated,A3A8R,E38000255,0.0,0.0,11.0,1.0,2.0,0.0,36.0,0.0,33.0,17.0,4972.0,896.0
F86018,THE ECCLESBOURNE PRACTICE,U65471,WALTHAM FOREST INTEGRATED HEALTH PCN,A3A8R,E38000255,0.0,0.0,3.0,1.0,0.0,2.0,47.0,0.0,37.0,24.0,8579.0,1394.0
F86020,GLEBELANDS PRACTICE,U,Unallocated,A3A8R,E38000255,0.0,1.0,20.0,2.0,8.0,2.0,36.0,1.0,33.0,29.0,5427.0,1144.0
F86022,ILFORD MEDICAL CENTRE,U,Unallocated,A3A8R,E38000255,0.0,0.0,27.0,0.0,6.0,8.0,80.0,0.0,75.0,16.0,13985.0,1491.0
F86023,THE EVERGREEN SURGERY,U,Unallocated,A3A8R,E38000255,0.0,1.0,13.0,2.0,6.0,2.0,86.0,1.0,65.0,54.0,8780.0,1724.0
F86025,OAK TREE MEDICAL CENTRE,U,Unallocated,A3A8R,E38000255,0.0,0.0,12.0,2.0,8.0,3.0,33.0,0.0,32.0,29.0,17467.0,1531.0
F86026,THE FOREST SURGERY,U92720,WALTHAM FOREST 8 PCN,A3A8R,E38000255,0.0,0.0,1.0,0.0,0.0,0.0,30.0,0.0,24.0,21.0,6477.0,828.0
F86028,CHADWELL HEATH SURGERY,U,Unallocated,A3A8R,E38000255,0.0,0.0,2.0,0.0,1.0,3.0,110.0,1.0,108.0,75.0,10015.0,1135.0
F86030,QUEENS ROAD MEDICAL CENTRE,U,Unallocated,A3A8R,E38000255,0.0,0.0,19.0,2.0,2.0,0.0,13.0,0.0,11.0,9.0,7565.0,621.0
F86032,WANSTEAD PLACE SURGERY,U,Unallocated,A3A8R,E38000255,0.0,0.0,6.0,0.0,1.0,3.0,73.0,0.0,69.0,51.0,7412.0,1596.0
F86034,"GREEN LANE, GOODMAYES MEDICAL PRACTICE",U,Unallocated,A3A8R,E38000255,0.0,0.0,7.0,0.0,3.0,0.0,19.0,0.0,16.0,14.0,6805.0,704.0
F86036,THE ALLUM MEDICAL CENTRE,U65471,WALTHAM FOREST INTEGRATED HEALTH PCN,A3A8R,E38000255,0.0,0.0,32.0,1.0,4.0,0.0,49.0,2.0,37.0,24.0,12848.0,1739.0
F86038,SMA MEDICAL PRACTICE,U87776,WALTHAM FOREST LEYTON COLLABORATIVE PCN,A3A8R,E38000255,0.0,0.0,8.0,0.0,3.0,1.0,23.0,0.0,19.0,12.0,10270.0,927.0
F86040,DR A ARIF,U55387,BARKING & DAGENHAM NORTH PCN,A3A8R,E38000255,0.0,0.0,1.0,1.0,0.0,0.0,7.0,1.0,6.0,6.0,4884.0,472.0
F86042,BALFOUR ROAD SURGERY,U,Unallocated,A3A8R,E38000255,0.0,0.0,56.0,49.0,3.0,1.0,14.0,0.0,11.0,6.0,5449.0,577.0
F86044,CRAWLEY ROAD MEDICAL CENTRE,U65471,WALTHAM FOREST INTEGRATED HEALTH PCN,A3A8R,E38000255,0.0,0.0,9.0,0.0,3.0,2.0,20.0,0.0,15.0,7.0,9843.0,790.0
F86045,HIGH ROAD SURGERY,U47812,WALTHAM FOREST SOUTH LEYTONSTONE PCN,A3A8R,E38000255,0.0,0.0,1.0,1.0,0.0,1.0,12.0,0.0,13.0,6.0,1678.0,215.0
F86057,THE WILLOWS PRACTICE,U,Unallocated,A3A8R,E38000255,0.0,0.0,4.0,1.0,2.0,0.0,28.0,1.0,20.0,12.0,7677.0,1130.0
F86058,ST JAMES MEDICAL PRACTICE LIMITED,U,Unallocated,A3A8R,E38000255,0.0,0.0,52.0,48.0,4.0,1.0,30.0,1.0,23.0,9.0,13682.0,1157.0
F86060,NEWBURY GROUP PRACTICE,U08578,NEW CROSS ALLIANCE PCN,A3A8R,E38000255,0.0,1.0,9.0,3.0,3.0,1.0,79.0,0.0,62.0,33.0,12844.0,1650.0
F86062,GROVE SURGERY,U,Unallocated,A3A8R,E38000255,0.0,1.0,15.0,8.0,2.0,0.0,21.0,0.0,16.0,16.0,5447.0,722.0
F86064,THE ELMHURST PRACTICE,U,Unallocated,A3A8R,E38000255,0.0,1.0,13.0,1.0,1.0,2.0,21.0,0.0,23.0,14.0,3837.0,769.0
F86066,SOUTHDENE SURGERY,U,Unallocated,A3A8R,E38000255,0.0,0.0,6.0,1.0,1.0,1.0,39.0,1.0,27.0,16.0,6071.0,1221.0
F86074,LEYTON HEALTHCARE 4TH FLOOR,U87776,WALTHAM FOREST LEYTON COLLABORATIVE PCN,A3A8R,E38000255,0.0,0.0,39.0,0.0,2.0,2.0,34.0,0.0,23.0,8.0,12491.0,1249.0
F86078,THE RIDGEWAY SURGERY,U47946,E4 NETWORK PCN,A3A8R,E38000255,0.0,0.0,18.0,1.0,9.0,0.0,38.0,0.0,30.0,17.0,4974.0,1499.0
F86081,KENWOOD MEDICAL,U,Unallocated,A3A8R,E38000255,0.0,0.0,2.0,2.0,0.0,3.0,21.0,0.0,20.0,14.0,6196.0,995.0
F86082,ILFORD LANE SURGERY,U,Unallocated,A3A8R,E38000255,0.0,0.0,9.0,1.0,7.0,2.0,15.0,0.0,14.0,13.0,5597.0,621.0
F86083,THE EASTERN AVENUE MEDICAL CENTRE,U,Unallocated,A3A8R,E38000255,0.0,0.0,5.0,0.0,2.0,1.0,31.0,0.0,16.0,12.0,5046.0,1131.0
F86085,HAINAULT SURGERY,U08578,NEW CROSS ALLIANCE PCN,A3A8R,E38000255,0.0,0.0,1.0,0.0,1.0,1.0,7.0,0.0,4.0,*,3064.0,485.0
F86086,DR DHITAL PRACTICE,U93045,WALTHAM FOREST WALTHAMSTOW CENTRAL PCN,A3A8R,E38000255,0.0,0.0,4.0,0.0,1.0,0.0,12.0,0.0,9.0,7.0,5358.0,500.0
F86087,GOODMAYES MEDICAL CENTRE,U,Unallocated,A3A8R,E38000255,0.0,0.0,4.0,0.0,0.0,0.0,29.0,0.0,22.0,16.0,6538.0,798.0
F86088,THE LYNDHURST SURGERY,U65471,WALTHAM FOREST INTEGRATED HEALTH PCN,A3A8R,E38000255,0.0,0.0,5.0,0.0,1.0,1.0,23.0,0.0,16.0,6.0,4398.0,647.0
F86607,ADDISON ROAD MEDICAL PRACTICE,U93045,WALTHAM FOREST WALTHAMSTOW CENTRAL PCN,A3A8R,E38000255,0.0,0.0,21.0,9.0,2.0,2.0,56.0,1.0,43.0,40.0,18078.0,1341.0
F86612,THE FULLWELL AVENUE SURGERY,U,Unallocated,A3A8R,E38000255,0.0,0.0,2.0,0.0,1.0,1.0,13.0,0.0,11.0,5.0,2623.0,503.0
F86616,THE OLD CHURCH SURGERY,U47946,E4 NETWORK PCN,A3A8R,E38000255,0.0,2.0,31.0,13.0,10.0,3.0,73.0,0.0,47.0,47.0,7768.0,1262.0
F86621,DR MOHAMMED GREEN MAN MEDICAL CENTRE,U47812,WALTHAM FOREST SOUTH LEYTONSTONE PCN,A3A8R,E38000255,0.0,0.0,0.0,0.0,0.0,1.0,16.0,0.0,11.0,8.0,5975.0,783.0
F86624,THE HEATHCOTE PRIMARY CARE CENTRE,U,Unallocated,A3A8R,E38000255,0.0,0.0,1.0,0.0,1.0,0.0,8.0,0.0,7.0,*,2792.0,603.0
F86625,LL MEDICAL CARE LTD,U47812,WALTHAM FOREST SOUTH LEYTONSTONE PCN,A3A8R,E38000255,0.0,0.0,0.0,0.0,0.0,0.0,20.0,0.0,19.0,9.0,4936.0,703.0
F86626,DR SHANTIR PRACTICE,U92720,WALTHAM FOREST 8 PCN,A3A8R,E38000255,0.0,0.0,9.0,3.0,4.0,0.0,13.0,0.0,10.0,7.0,8047.0,568.0
F86627,CHURCHILL MEDICAL CENTRE,U47946,E4 NETWORK PCN,A3A8R,E38000255,0.0,0.0,25.0,0.0,13.0,5.0,83.0,0.0,63.0,38.0,11533.0,2268.0
F86637,SEVEN KINGS PRACTICE,U,Unallocated,A3A8R,E38000255,0.0,0.0,15.0,8.0,4.0,0.0,26.0,2.0,16.0,10.0,4087.0,814.0
F86638,THE MICROFACULTY,U92720,WALTHAM FOREST 8 PCN,A3A8R,E38000255,0.0,0.0,2.0,0.0,0.0,2.0,33.0,0.0,26.0,26.0,3611.0,687.0
F86641,THE SHRUBBERIES MEDICAL CENTRE,U,Unallocated,A3A8R,E38000255,0.0,0.0,9.0,2.0,0.0,0.0,29.0,0.0,21.0,16.0,7518.0,1038.0
F86644,WALTHAM FOREST COMM & FAM HTH SERV LTD,U93045,WALTHAM FOREST WALTHAMSTOW CENTRAL PCN,A3A8R,E38000255,0.0,0.0,18.0,12.0,3.0,1.0,74.0,0.0,45.0,45.0,7245.0,1002.0
F86650,LIME TREE SURGERY,U65471,WALTHAM FOREST INTEGRATED HEALTH PCN,A3A8R,E38000255,0.0,0.0,31.0,21.0,0.0,1.0,15.0,0.0,11.0,7.0,8527.0,834.0
F86652,THE DRIVE SURGERY,U,Unallocated,A3A8R,E38000255,0.0,0.0,89.0,44.0,3.0,3.0,60.0,0.0,51.0,49.0,6045.0,853.0
F86657,YORK ROAD SURGERY,U,Unallocated,A3A8R,E38000255,0.0,0.0,1.0,0.0,0.0,2.0,22.0,0.0,22.0,16.0,7411.0,689.0
F86658,QUEEN MARY PRACTICE,U,Unallocated,A3A8R,E38000255,0.0,0.0,2.0,0.0,1.0,0.0,18.0,0.0,18.0,9.0,5746.0,731.0
F86664,LARKSHALL MEDICAL CENTRE,U92720,WALTHAM FOREST 8 PCN,A3A8R,E38000255,0.0,0.0,4.0,0.0,1.0,1.0,25.0,0.0,22.0,15.0,6967.0,1262.0
F86666,HARROW ROAD GP CENTRE,U47812,WALTHAM FOREST SOUTH LEYTONSTONE PCN,A3A8R,E38000255,0.0,1.0,152.0,0.0,5.0,4.0,48.0,0.0,46.0,44.0,14138.0,1207.0
F86679,HIGHAM HILL MEDICAL CENTRE,U,Unallocated,A3A8R,E38000255,0.0,0.0,4.0,0.0,0.0,0.0,2.0,0.0,2.0,*,6734.0,418.0
F86689,THE BAILEY PRACTICE,U92720,WALTHAM FOREST 8 PCN,A3A8R,E38000255,0.0,0.0,0.0,0.0,0.0,0.0,9.0,0.0,8.0,*,4018.0,377.0
F86691,CLAYHALL CLINIC,U,Unallocated,A3A8R,E38000255,0.0,0.0,33.0,14.0,10.0,2.0,79.0,0.0,69.0,34.0,9629.0,1671.0
F86692,MATHUKIA'S SURGERY,U,Unallocated,A3A8R,E38000255,0.0,0.0,2.0,0.0,1.0,2.0,34.0,0.0,14.0,11.0,10382.0,990.0
F86698,CRANBROOK SURGERY,U,Unallocated,A3A8R,E38000255,0.0,0.0,51.0,49.0,0.0,3.0,22.0,0.0,18.0,17.0,5447.0,641.0
F86700,KINGS HEAD MEDICAL PRACTICE,U92720,WALTHAM FOREST 8 PCN,A3A8R,E38000255,0.0,0.0,2.0,0.0,0.0,0.0,22.0,0.0,14.0,11.0,3007.0,731.0
F86701,KIYANI MEDICAL PRACTICE,U47812,WALTHAM FOREST SOUTH LEYTONSTONE PCN,A3A8R,E38000255,0.0,0.0,3.0,0.0,2.0,0.0,9.0,0.0,7.0,6.0,3430.0,395.0
F86702,ST CLEMENT'S SURGERY,U,Unallocated,A3A8R,E38000255,0.0,0.0,356.0,1.0,0.0,2.0,69.0,0.0,67.0,43.0,3893.0,767.0
F86705,LANGTHORNE SHARMA FAMILY PRACTICE,U47812,WALTHAM FOREST SOUTH LEYTONSTONE PCN,A3A8R,E38000255,0.0,0.0,37.0,31.0,5.0,0.0,9.0,0.0,7.0,7.0,3053.0,331.0
F86707,FENCE PIECE ROAD MEDICAL CENTRE,U,Unallocated,A3A8R,E38000255,0.0,0.0,0.0,0.0,0.0,3.0,21.0,0.0,18.0,7.0,5890.0,841.0
F86708,CLAREMONT MEDICAL CENTRE,U93045,WALTHAM FOREST WALTHAMSTOW CENTRAL PCN,A3A8R,E38000255,0.0,0.0,11.0,0.0,3.0,2.0,6.0,0.0,8.0,*,2535.0,336.0
F86712,HAMPTON MEDICAL CENTRE,U65471,WALTHAM FOREST INTEGRATED HEALTH PCN,A3A8R,E38000255,0.0,0.0,1.0,0.0,0.0,0.0,14.0,0.0,10.0,8.0,2938.0,332.0
F86731,ALDERSBROOK MEDICAL CENTRE,U,Unallocated,A3A8R,E38000255,0.0,0.0,2.0,0.0,1.0,1.0,16.0,2.0,11.0,5.0,4309.0,717.0
G81001,HOVE MEDICAL CENTRE,U14062,WEST HOVE PCN,09D,E38000021,0.0,0.0,14.0,2.0,0.0,3.0,65.0,1.0,54.0,48.0,7269.0,1813.0
G81002,GROVE ROAD SURGERY,U42972,VICTORIA EASTBOURNE PCN,97R,E38000235,0.0,0.0,24.0,0.0,0.0,1.0,43.0,0.0,38.0,31.0,4488.0,1341.0
G81003,THE LIGHTHOUSE MEDICAL PRACTICE,U52868,ALPS GROUP PCN,97R,E38000235,0.0,0.0,61.0,2.0,0.0,7.0,217.0,5.0,205.0,133.0,13688.0,4477.0
G81004,DOWNLANDS MEDICAL CENTRE,U42972,VICTORIA EASTBOURNE PCN,97R,E38000235,0.0,0.0,50.0,0.0,0.0,3.0,111.0,0.0,84.0,61.0,6725.0,3355.0
G81006,ARDINGLY COURT SURGERY,U29677,EAST & CENTRAL BRIGHTON PCN,09D,E38000021,0.0,0.0,28.0,0.0,1.0,3.0,38.0,0.0,35.0,27.0,5596.0,976.0
G81008,STONE CROSS SURGERY,U,Unallocated,97R,E38000235,0.0,0.0,76.0,0.0,0.0,1.0,112.0,1.0,87.0,55.0,11104.0,3781.0
G81011,ST. PETER'S MEDICAL CENTRE,U29677,EAST & CENTRAL BRIGHTON PCN,09D,E38000021,0.0,0.0,48.0,3.0,2.0,0.0,70.0,1.0,46.0,35.0,15818.0,2595.0
G81012,BRIDGESIDE SURGERY,U94996,HAILSHAM PCN,97R,E38000235,0.0,0.0,36.0,2.0,0.0,1.0,56.0,0.0,30.0,21.0,5162.0,1685.0
G81014,CARDEN SURGERY,U55014,NORTH & CENTRAL BRIGHTON PCN,09D,E38000021,0.0,0.0,16.0,1.0,1.0,0.0,59.0,0.0,30.0,20.0,7282.0,1332.0
G81016,QUAYSIDE MEDICAL PRACTICE,U21317,THE HAVENS PCN,97R,E38000235,0.0,0.0,61.0,7.0,3.0,1.0,62.0,0.0,38.0,35.0,9742.0,2328.0
G81017,SEASIDE MEDICAL CENTRE,U52868,ALPS GROUP PCN,97R,E38000235,0.0,0.0,98.0,44.0,4.0,1.0,130.0,3.0,92.0,69.0,9518.0,2207.0
G81018,PRESTON PARK SURGERY,U,Unallocated,09D,E38000021,0.0,0.0,29.0,3.0,1.0,1.0,60.0,0.0,54.0,47.0,11056.0,1530.0
G81019,BEACON SURGERY,U,Unallocated,97R,E38000235,0.0,0.0,43.0,0.0,2.0,3.0,135.0,0.0,76.0,69.0,8564.0,3155.0
G81021,FOUNDRY HEALTHCARE LEWES,U37341,FOUNDRY HEALTHCARE LEWES PCN,97R,E38000235,0.0,0.0,199.0,16.0,3.0,4.0,282.0,0.0,203.0,186.0,21370.0,7149.0
G81022,SOVEREIGN PRACTICE,U,Unallocated,97R,E38000235,0.0,0.0,77.0,0.0,0.0,0.0,168.0,0.0,103.0,72.0,9936.0,3833.0
G81023,MARTINS OAK SURGERY,U79764,RURAL ROTHER PCN,97R,E38000235,0.0,0.0,73.0,0.0,1.0,5.0,135.0,1.0,95.0,81.0,5852.0,2579.0
G81024,ASHDOWN FOREST HEALTH CENTRE,U,Unallocated,97R,E38000235,0.0,0.0,28.0,3.0,8.0,1.0,72.0,7.0,49.0,35.0,7983.0,2856.0
G81028,PARK CRESCENT HEALTH CENTRE,U29677,EAST & CENTRAL BRIGHTON PCN,09D,E38000021,0.0,0.0,26.0,3.0,1.0,3.0,64.0,0.0,49.0,42.0,10588.0,1353.0
G81029,SEAFORD MEDICAL PRACTICE,U05632,SEAFORD PCN,97R,E38000235,0.0,0.0,127.0,0.0,0.0,4.0,268.0,1.0,215.0,167.0,11836.0,6347.0
G81030,WADHURST MEDICAL GROUP,U,Unallocated,97R,E38000235,0.0,0.0,33.0,4.0,5.0,2.0,78.0,0.0,52.0,51.0,5470.0,2042.0
G81031,THE HILL SURGERY,U99438,HASTINGS & ST LEONARDS PCN,97R,E38000235,0.0,0.0,124.0,1.0,6.0,6.0,247.0,2.0,190.0,181.0,14496.0,5342.0
G81032,VICTORIA MEDICAL CENTRE,U42972,VICTORIA EASTBOURNE PCN,97R,E38000235,0.0,0.0,134.0,0.0,3.0,12.0,407.0,1.0,334.0,285.0,21020.0,6481.0
G81034,CHARTER MEDICAL CENTRE,U46447,GOLDSTONE PCN,09D,E38000021,0.0,0.0,75.0,6.0,17.0,2.0,195.0,4.0,157.0,137.0,27286.0,4257.0
G81036,WARMDENE SURGERY,U,Unallocated,09D,E38000021,0.0,0.0,3.0,0.0,1.0,2.0,92.0,0.0,79.0,73.0,7248.0,2028.0
G81037,THE MEADS SURGERY,U36842,GREATER WEALDEN PCN,97R,E38000235,0.0,0.0,34.0,8.0,11.0,2.0,76.0,4.0,51.0,48.0,7419.0,2419.0
G81038,STANFORD MEDICAL CENTRE,U,Unallocated,09D,E38000021,3.0,0.0,37.0,19.0,0.0,4.0,96.0,3.0,70.0,65.0,15175.0,2203.0
G81039,LITTLE COMMON SURGERY,U85348,BEXHILL PCN,97R,E38000235,0.0,1.0,458.0,40.0,3.0,5.0,333.0,5.0,307.0,253.0,11946.0,7707.0
G81040,WOODHILL SURGERY,U,Unallocated,97R,E38000235,0.0,0.0,15.0,1.0,10.0,0.0,31.0,2.0,25.0,18.0,2986.0,1152.0
G81041,SIDLEY MEDICAL PRACTICE,U85348,BEXHILL PCN,97R,E38000235,0.0,0.0,106.0,0.0,13.0,3.0,194.0,0.0,108.0,77.0,9634.0,3829.0
G81042,BEACONSFIELD MEDICAL PRACTICE,U,Unallocated,09D,E38000021,0.0,0.0,14.0,1.0,5.0,0.0,83.0,1.0,65.0,48.0,11149.0,2439.0
G81043,ROTHERFIELD SURGERY,U,Unallocated,97R,E38000235,0.0,0.0,7.0,2.0,0.0,1.0,33.0,2.0,20.0,15.0,5547.0,1654.0
G81044,MONTPELIER SURGERY,U55014,NORTH & CENTRAL BRIGHTON PCN,09D,E38000021,0.0,0.0,3.0,0.0,1.0,0.0,12.0,0.0,9.0,*,5840.0,879.0
G81046,PORTSLADE HEALTH CENTRE,U14062,WEST HOVE PCN,09D,E38000021,0.0,0.0,13.0,0.0,0.0,0.0,79.0,0.0,60.0,48.0,9093.0,2114.0
G81047,SEVEN DIALS MEDICAL CENTRE,U55014,NORTH & CENTRAL BRIGHTON PCN,09D,E38000021,0.0,0.0,9.0,0.0,0.0,0.0,19.0,0.0,10.0,8.0,5932.0,978.0
G81048,CARISBROOKE SURGERY,U99438,HASTINGS & ST LEONARDS PCN,97R,E38000235,0.0,0.0,66.0,1.0,8.0,3.0,90.0,0.0,61.0,50.0,6367.0,2232.0
G81049,MANOR PARK MEDICAL CENTRE,U42972,VICTORIA EASTBOURNE PCN,97R,E38000235,0.0,0.0,40.0,0.0,1.0,1.0,54.0,0.0,47.0,42.0,5031.0,1671.0
G81050,ARLINGTON ROAD SURGERY,U52868,ALPS GROUP PCN,97R,E38000235,0.0,0.0,86.0,0.0,0.0,2.0,181.0,0.0,158.0,121.0,8096.0,3865.0
G81051,RYE MEDICAL CENTRE,U79764,RURAL ROTHER PCN,97R,E38000235,0.0,0.0,47.0,0.0,0.0,0.0,56.0,0.0,24.0,23.0,4650.0,2655.0
G81052,FAIRFIELD SURGERY,U79764,RURAL ROTHER PCN,97R,E38000235,0.0,0.0,17.0,0.0,0.0,0.0,48.0,1.0,23.0,17.0,2905.0,1328.0
G81054,PAVILION SURGERY,U29677,EAST & CENTRAL BRIGHTON PCN,09D,E38000021,1.0,1.0,8.0,2.0,0.0,4.0,38.0,3.0,28.0,20.0,8340.0,1747.0
G81055,SAXONBURY HOUSE SURGERY,U,Unallocated,97R,E38000235,0.0,0.0,33.0,1.0,19.0,0.0,137.0,0.0,116.0,73.0,6691.0,2791.0
G81057,SEDLESCOMBE & WESTFIELD SURGERIES,U79764,RURAL ROTHER PCN,97R,E38000235,0.0,0.0,48.0,0.0,3.0,1.0,54.0,0.0,35.0,30.0,4159.0,2071.0
G81059,HAILSHAM MEDICAL GROUP,U94996,HAILSHAM PCN,97R,E38000235,1.0,2.0,73.0,31.0,8.0,4.0,134.0,3.0,115.0,94.0,8261.0,2772.0
G81061,CHAPEL STREET SURGERY,U21317,THE HAVENS PCN,97R,E38000235,0.0,0.0,21.0,3.0,2.0,2.0,29.0,0.0,24.0,20.0,4046.0,1061.0
G81065,WOODINGDEAN MEDICAL CENTRE,U29677,EAST & CENTRAL BRIGHTON PCN,09D,E38000021,0.0,0.0,40.0,3.0,3.0,2.0,134.0,2.0,95.0,87.0,6682.0,2052.0
G81070,TRINITY MEDICAL CENTRE,U46447,GOLDSTONE PCN,09D,E38000021,0.0,0.0,28.0,1.0,0.0,6.0,233.0,1.0,196.0,174.0,21604.0,3689.0
G81071,UNIVERSITY OF SUSSEX HEALTH CENTRE,U55014,NORTH & CENTRAL BRIGHTON PCN,09D,E38000021,0.0,0.0,0.0,0.0,0.0,0.0,1.0,0.0,1.0,*,16041.0,120.0
G81073,MILE OAK MEDICAL CENTRE,U14062,WEST HOVE PCN,09D,E38000021,0.0,0.0,22.0,1.0,12.0,0.0,45.0,0.0,32.0,29.0,7286.0,1465.0
G81074,HIGH GLADES MEDICAL CENTRE,U99438,HASTINGS & ST LEONARDS PCN,97R,E38000235,0.0,0.0,104.0,1.0,1.0,11.0,191.0,0.0,168.0,106.0,15084.0,4067.0
G81075,THE AVENUE SURGERY,U22426,DEAN'S AND CENTRAL BRIGHTON PCN,09D,E38000021,0.0,0.0,28.0,10.0,9.0,1.0,19.0,0.0,10.0,9.0,5825.0,701.0
G81076,SALTDEAN AND ROTTINGDEAN MED PRACTICE,U22426,DEAN'S AND CENTRAL BRIGHTON PCN,09D,E38000021,0.0,0.0,53.0,6.0,13.0,4.0,193.0,5.0,151.0,134.0,9088.0,3814.0
G81077,COLLINGTON SURGERY,U85348,BEXHILL PCN,97R,E38000235,0.0,0.0,132.0,0.0,7.0,12.0,275.0,1.0,221.0,193.0,11523.0,5212.0
G81082,OLDWOOD SURGERY,U79764,RURAL ROTHER PCN,97R,E38000235,0.0,0.0,32.0,1.0,0.0,0.0,49.0,0.0,40.0,35.0,4862.0,1334.0
G81083,WISH PARK SURGERY,U14062,WEST HOVE PCN,09D,E38000021,0.0,0.0,35.0,9.0,3.0,2.0,119.0,1.0,96.0,83.0,6325.0,1234.0
G81085,FERRY ROAD HEALTH CENTRE,U79764,RURAL ROTHER PCN,97R,E38000235,0.0,1.0,28.0,3.0,0.0,0.0,36.0,0.0,21.0,16.0,2812.0,1104.0
G81086,BIRD-IN-EYE SURGERY,U36842,GREATER WEALDEN PCN,97R,E38000235,0.0,0.0,41.0,0.0,0.0,8.0,45.0,1.0,48.0,46.0,6009.0,1740.0
G81087,NORTHIAM SURGERY,U79764,RURAL ROTHER PCN,97R,E38000235,0.0,0.0,27.0,9.0,0.0,0.0,67.0,0.0,55.0,45.0,4394.0,2456.0
G81088,WEALDEN RIDGE MEDICAL PARTNERSHIP,U36842,GREATER WEALDEN PCN,97R,E38000235,0.0,0.0,102.0,1.0,0.0,2.0,205.0,1.0,163.0,89.0,15603.0,6194.0
G81089,SOUTH SAXON HOUSE SURGERY,U99438,HASTINGS & ST LEONARDS PCN,97R,E38000235,0.0,0.0,2.0,0.0,0.0,1.0,16.0,0.0,13.0,13.0,2896.0,558.0
G81095,HASTINGS OLD TOWN SURGERY,U99438,HASTINGS & ST LEONARDS PCN,97R,E38000235,0.0,2.0,156.0,23.0,10.0,4.0,197.0,1.0,143.0,95.0,20473.0,5171.0
G81096,SEDLESCOMBE HOUSE,U99438,HASTINGS & ST LEONARDS PCN,97R,E38000235,0.0,0.0,11.0,0.0,0.0,0.0,13.0,0.0,8.0,6.0,2180.0,659.0
G81098,QUINTINS MEDICAL CENTRE,U94996,HAILSHAM PCN,97R,E38000235,0.0,0.0,34.0,2.0,1.0,2.0,188.0,0.0,161.0,159.0,10540.0,3263.0
G81099,OLD SCHOOL SURGERY,U05632,SEAFORD PCN,97R,E38000235,0.0,0.0,28.0,1.0,1.0,4.0,147.0,1.0,120.0,109.0,5734.0,3298.0
G81100,HAVENSHEALTH,U21317,THE HAVENS PCN,97R,E38000235,1.0,0.0,634.0,43.0,37.0,6.0,219.0,1.0,170.0,167.0,14583.0,4642.0
G81102,BUXTED MEDICAL CENTRE,U36842,GREATER WEALDEN PCN,97R,E38000235,0.0,0.0,75.0,34.0,10.0,7.0,259.0,1.0,155.0,121.0,11256.0,4240.0
G81104,PARK PRACTICE,U52868,ALPS GROUP PCN,97R,E38000235,0.0,0.0,48.0,0.0,0.0,5.0,167.0,1.0,110.0,98.0,10407.0,2873.0
G81613,SCHOOL HOUSE SURGERY,U22426,DEAN'S AND CENTRAL BRIGHTON PCN,09D,E38000021,0.0,0.0,2.0,1.0,0.0,1.0,63.0,0.0,60.0,60.0,4583.0,691.0
G81614,GROOMBRIDGE AND HARTFIELD MEDICAL GROUP,U,Unallocated,97R,E38000235,0.0,0.0,70.0,11.0,1.0,1.0,39.0,0.0,25.0,23.0,4044.0,1381.0
G81634,HERSTMONCEUX INTEGRATIVE HEALTH CENTRE,U36842,GREATER WEALDEN PCN,97R,E38000235,0.0,0.0,20.0,1.0,2.0,1.0,37.0,0.0,20.0,12.0,4320.0,1516.0
G81638,WELLBN HEALTHCARE,U46447,GOLDSTONE PCN,09D,E38000021,0.0,1.0,43.0,11.0,1.0,0.0,62.0,4.0,46.0,36.0,22343.0,2155.0
G81641,PRIORY ROAD SURGERY,U99438,HASTINGS & ST LEONARDS PCN,97R,E38000235,0.0,0.0,6.0,1.0,1.0,0.0,17.0,0.0,15.0,14.0,3247.0,658.0
G81646,THE HAVEN PRACTICE,U,Unallocated,09D,E38000021,0.0,0.0,4.0,0.0,0.0,0.0,4.0,0.0,3.0,*,2358.0,356.0
G81656,REGENCY SURGERY,U29677,EAST & CENTRAL BRIGHTON PCN,09D,E38000021,0.0,0.0,7.0,0.0,0.0,0.0,5.0,0.0,4.0,*,4754.0,760.0
G81658,THE STATION PRACTICE,U99438,HASTINGS & ST LEONARDS PCN,97R,E38000235,0.0,0.0,58.0,1.0,4.0,3.0,88.0,3.0,55.0,49.0,15058.0,2830.0
G81663,LINKS ROAD SURGERY,U14062,WEST HOVE PCN,09D,E38000021,0.0,0.0,10.0,2.0,3.0,1.0,30.0,0.0,15.0,*,3766.0,958.0
G81669,BROADWAY SURGERY,U29677,EAST & CENTRAL BRIGHTON PCN,09D,E38000021,0.0,0.0,21.0,4.0,1.0,1.0,11.0,3.0,5.0,*,1893.0,365.0
G81689,ARCH HEALTHCARE,U29677,EAST & CENTRAL BRIGHTON PCN,09D,E38000021,0.0,0.0,9.0,2.0,0.0,4.0,1.0,0.0,0.0,*,1346.0,50.0
G81694,SHIP STREET SURGERY,U22426,DEAN'S AND CENTRAL BRIGHTON PCN,09D,E38000021,0.0,0.0,2.0,0.0,0.0,0.0,2.0,0.0,2.0,*,2616.0,256.0
G82002,ST JAMES' SURGERY,U34235,DOVER TOWN PCN,91Q,E38000237,0.0,0.0,11.0,0.0,2.0,5.0,53.0,0.0,48.0,30.0,8054.0,1735.0
G82006,DR CJ SHIMMINS & PARTNERS,U17834,DARTFORD MODEL PCN,91Q,E38000237,1.0,0.0,69.0,1.0,2.0,3.0,124.0,0.0,93.0,85.0,13299.0,2128.0
G82007,CHURCH LANE HEALTH CENTRE,U22192,THE MARSH PCN,91Q,E38000237,0.0,0.0,39.0,0.0,5.0,2.0,94.0,0.0,72.0,32.0,4337.0,2131.0
G82013,AMHERST MEDICAL PRACTICE,U24481,SEVENOAKS PCN,91Q,E38000237,0.0,0.0,44.0,0.0,8.0,0.0,184.0,1.0,140.0,95.0,11514.0,3345.0
G82014,WOODLANDS FAMILY PRACTICE,U,Unallocated,91Q,E38000237,0.0,0.0,37.0,0.0,2.0,4.0,96.0,0.0,67.0,36.0,17303.0,3059.0
G82015,PENCESTER SURGERY,U44623,TOTAL HEALTH EXCELLENCE EAST PCN,91Q,E38000237,0.0,0.0,10.0,0.0,0.0,5.0,131.0,1.0,92.0,66.0,9569.0,2192.0
G82016,KINGSWOOD SURGERY,U68970,TUNBRIDGE WELLS PCN,91Q,E38000237,0.0,0.0,24.0,0.0,0.0,5.0,61.0,0.0,48.0,17.0,8911.0,2391.0
G82018,SUN LANE,U,Unallocated,91Q,E38000237,0.0,1.0,22.0,2.0,4.0,3.0,75.0,0.0,65.0,44.0,3529.0,1829.0
G82019,EDENBRIDGE MED PRACTICE,U24481,SEVENOAKS PCN,91Q,E38000237,0.0,0.0,52.0,1.0,8.0,6.0,139.0,0.0,121.0,67.0,10578.0,2908.0
G82020,THE GRANGE PRACTICE,U11684,RAMSGATE PCN,91Q,E38000237,0.0,0.0,64.0,1.0,11.0,4.0,83.0,1.0,47.0,23.0,9860.0,2605.0
G82021,THE SHRUBBERY SURGERY,U,Unallocated,91Q,E38000237,0.0,1.0,106.0,21.0,4.0,2.0,126.0,0.0,87.0,11.0,14042.0,3154.0
G82022,SPELDHURST & GREGGSWOOD MEDICAL GROUP,U68970,TUNBRIDGE WELLS PCN,91Q,E38000237,0.0,0.0,14.0,0.0,4.0,0.0,68.0,0.0,50.0,39.0,7942.0,1679.0
G82023,SHEERNESS HEALTH CENTRE,U10128,SHEPPEY PCN,91Q,E38000237,0.0,0.0,7.0,0.0,3.0,2.0,70.0,0.0,66.0,58.0,5592.0,1145.0
G82024,GREENSAND MEDICAL GROUP,U92100,ATHENA PCN,91Q,E38000237,0.0,1.0,89.0,11.0,2.0,5.0,194.0,0.0,135.0,103.0,20018.0,5619.0
G82025,THE WELLS MEDICAL PRACTICE,U68970,TUNBRIDGE WELLS PCN,91Q,E38000237,0.0,0.0,25.0,0.0,0.0,2.0,99.0,0.0,74.0,47.0,16012.0,3113.0
G82026,GROVEHURST SURGERY,U37339,SITTINGBOURNE PCN,91Q,E38000237,0.0,1.0,22.0,1.0,7.0,2.0,61.0,0.0,23.0,10.0,6680.0,1517.0
G82027,FAVERSHAM MEDICAL PRACTICE,U11490,FAVERSHAM PCN,91Q,E38000237,0.0,0.0,19.0,0.0,0.0,1.0,122.0,0.0,82.0,48.0,10825.0,3356.0
G82028,SWANLEY MEDICAL PRACTICE,U,Unallocated,91Q,E38000237,1.0,3.0,135.0,53.0,12.0,6.0,226.0,1.0,150.0,121.0,19717.0,5060.0
G82031,BOWER MOUNT MEDICAL PRACTICE,U67133,MAIDSTONE CENTRAL PCN,91Q,E38000237,0.0,0.0,37.0,2.0,2.0,0.0,114.0,0.0,109.0,51.0,8653.0,2348.0
G82032,PELHAM MEDICAL PRACTICE,U27026,GRAVESEND CENTRAL PCN,91Q,E38000237,0.0,13.0,152.0,11.0,9.0,5.0,73.0,1.0,56.0,41.0,13032.0,2428.0
G82035,THE CHESTNUTS SURGERY,U37339,SITTINGBOURNE PCN,91Q,E38000237,0.0,0.0,16.0,0.0,1.0,1.0,86.0,0.0,55.0,47.0,7404.0,2175.0
G82036,BALMORAL SURGERY,U25255,DEAL & SANDWICH PCN,91Q,E38000237,0.0,0.0,11.0,0.0,1.0,3.0,97.0,0.0,69.0,47.0,8138.0,3435.0
G82037,HILDENBOROUGH MEDICAL GROUP,U26743,TONBRIDGE PCN,91Q,E38000237,0.0,0.0,109.0,4.0,22.0,5.0,164.0,0.0,125.0,110.0,12829.0,3851.0
G82038,ST RICHARDS ROAD SURGERY,U25255,DEAL & SANDWICH PCN,91Q,E38000237,0.0,0.0,34.0,0.0,0.0,3.0,98.0,0.0,68.0,49.0,7621.0,2754.0
G82039,NEWTON PLACE SURGERY,U11490,FAVERSHAM PCN,91Q,E38000237,1.0,0.0,73.0,2.0,11.0,6.0,174.0,1.0,56.0,43.0,14595.0,3957.0
G82041,GROSVENOR & ST JAMES MEDICAL CENTRE,U68970,TUNBRIDGE WELLS PCN,91Q,E38000237,0.0,0.0,41.0,0.0,2.0,2.0,107.0,0.0,62.0,50.0,11704.0,2346.0
G82042,TONBRIDGE MEDICAL GROUP,U26743,TONBRIDGE PCN,91Q,E38000237,0.0,0.0,98.0,18.0,4.0,1.0,150.0,0.0,110.0,76.0,14970.0,3044.0
G82044,SPRINGHEAD HEALTH,U,Unallocated,91Q,E38000237,1.0,1.0,59.0,21.0,7.0,3.0,131.0,0.0,91.0,77.0,19441.0,2458.0
G82046,SUMMERHILL SURGERY,U11684,RAMSGATE PCN,91Q,E38000237,0.0,0.0,32.0,1.0,1.0,2.0,53.0,0.0,21.0,17.0,4634.0,1296.0
G82048,HORSMAN'S PLACE SURGERY,U10200,DARTFORD CENTRAL PCN,91Q,E38000237,0.0,1.0,15.0,2.0,1.0,3.0,48.0,0.0,40.0,27.0,7989.0,1586.0
G82050,SYDENHAM HOUSE MEDICAL CENTRE,U87442,MID KENT PCN,91Q,E38000237,0.0,0.0,63.0,0.0,16.0,7.0,127.0,4.0,91.0,76.0,20577.0,3590.0
G82051,CITY WAY SURGERY,U27664,STROOD PCN,91Q,E38000237,0.0,0.0,20.0,0.0,0.0,4.0,67.0,0.0,52.0,21.0,11042.0,2046.0
G82052,THE LIMES MEDICAL CENTRE,U91844,MARGATE PCN,91Q,E38000237,0.0,0.0,20.0,0.0,2.0,0.0,66.0,0.0,52.0,31.0,14352.0,2657.0
G82053,WOODCHURCH SURGERY,U07648,ASHFORD RURAL PCN,91Q,E38000237,0.0,0.0,21.0,0.0,5.0,3.0,113.0,0.0,100.0,70.0,4167.0,1732.0
G82055,WEALD VIEW MEDICAL PRACTICE - HAWKHURST,U92096,WEALD PCN,91Q,E38000237,0.0,0.0,24.0,3.0,2.0,0.0,54.0,2.0,26.0,12.0,7266.0,2603.0
G82056,THE WELLCOME PRACTICE,U17834,DARTFORD MODEL PCN,91Q,E38000237,1.0,1.0,76.0,1.0,3.0,5.0,115.0,1.0,83.0,70.0,8921.0,2033.0
G82057,ST GEORGES MEDICAL CENTRE,U10128,SHEPPEY PCN,91Q,E38000237,0.0,0.0,69.0,0.0,5.0,4.0,67.0,0.0,48.0,14.0,8346.0,2560.0
G82058,AYLESFORD MEDICAL CENTRE,U47228,ABC PCN,91Q,E38000237,0.0,0.0,171.0,161.0,2.0,2.0,49.0,0.0,46.0,34.0,5757.0,1510.0
G82059,WARDERS MEDICAL CENTRE,U26743,TONBRIDGE PCN,91Q,E38000237,0.0,0.0,67.0,2.0,8.0,4.0,123.0,0.0,94.0,90.0,14803.0,3765.0
G82060,NORTHGATE MEDICAL PRACTICE,U73009,CANTERBURY NORTH PCN,91Q,E38000237,0.0,0.0,29.0,0.0,7.0,5.0,130.0,1.0,70.0,27.0,17157.0,3511.0
G82062,PARROCK STREET SURGERY,U27026,GRAVESEND CENTRAL PCN,91Q,E38000237,0.0,1.0,12.0,1.0,1.0,0.0,11.0,0.0,4.0,*,1856.0,408.0
G82063,SANDWICH MEDICAL PRACTICE,U25255,DEAL & SANDWICH PCN,91Q,E38000237,0.0,1.0,26.0,3.0,3.0,3.0,123.0,0.0,89.0,60.0,8942.0,3970.0
G82064,DASHWOOD MEDICAL CENTRE,U91844,MARGATE PCN,91Q,E38000237,0.0,0.0,15.0,1.0,2.0,4.0,34.0,0.0,23.0,5.0,9658.0,1929.0
G82066,NORTHDOWN & DASHWOOD SURGERY,U91844,MARGATE PCN,91Q,E38000237,0.0,1.0,93.0,2.0,10.0,13.0,354.0,0.0,169.0,82.0,20704.0,4567.0
G82067,OLD ROAD WEST SURGERY,U,Unallocated,91Q,E38000237,1.0,2.0,67.0,4.0,8.0,2.0,58.0,1.0,42.0,38.0,7785.0,1818.0
G82069,WHITE HOUSE SURGERY,U,Unallocated,91Q,E38000237,0.0,0.0,37.0,1.0,0.0,6.0,73.0,0.0,57.0,32.0,9534.0,2229.0
G82071,WHITSTABLE MEDICAL PRACTICE,U32995,WHITSTABLE PCN,91Q,E38000237,0.0,6.0,176.0,46.0,20.0,9.0,547.0,2.0,328.0,146.0,32849.0,12337.0
G82073,MEOPHAM MEDICAL CENTRE,U74266,LMN PCN,91Q,E38000237,2.0,6.0,102.0,15.0,3.0,4.0,106.0,0.0,81.0,67.0,7802.0,2511.0
G82074,BEARSTED,U13761,THE RIDGE PCN,91Q,E38000237,0.0,0.0,68.0,2.0,1.0,3.0,136.0,0.0,122.0,75.0,11926.0,4064.0
G82076,MOTE,U29398,THE MOTE & WALLIS HEALTH PRIMARY CARE NETWORK,91Q,E38000237,0.0,0.0,37.0,0.0,12.0,1.0,109.0,0.0,54.0,20.0,14040.0,3102.0
G82077,THE ELMS MEDICAL CENTRE,U56757,MEDWAY PENINSULA PCN,91Q,E38000237,0.0,0.0,45.0,0.0,6.0,1.0,108.0,0.0,39.0,17.0,9664.0,2887.0
G82079,WESTGATE SURGERY,U67045,CARE KENT PCN,91Q,E38000237,0.0,0.0,12.0,0.0,2.0,2.0,65.0,0.0,52.0,48.0,7121.0,2794.0
G82080,ASHFORD MEDICAL PARTNERSHIP,U50767,ASHFORD MEDICAL PARTNERSHIP PCN,91Q,E38000237,0.0,0.0,50.0,1.0,14.0,8.0,224.0,2.0,167.0,149.0,33409.0,4806.0
G82082,STURRY SURGERY,U73009,CANTERBURY NORTH PCN,91Q,E38000237,0.0,0.0,20.0,0.0,1.0,4.0,90.0,1.0,59.0,31.0,13922.0,2523.0
G82083,THORNHILLS MEDICAL PRACTICE,U05510,MALLING PCN,91Q,E38000237,0.0,0.0,44.0,0.0,1.0,1.0,68.0,1.0,38.0,19.0,11756.0,3112.0
G82085,SNODLAND MEDICAL PRACTICE,U05510,MALLING PCN,91Q,E38000237,0.0,0.0,22.0,0.0,3.0,4.0,72.0,1.0,47.0,32.0,9755.0,2333.0
G82086,THE NEW SURGERY,U51839,TOTAL HEALTH EXCELLENCE WEST PCN,91Q,E38000237,0.0,0.0,20.0,0.0,8.0,2.0,43.0,0.0,26.0,15.0,8330.0,1909.0
G82087,NEW HAYESBANK SURGERY,U87442,MID KENT PCN,91Q,E38000237,0.0,0.0,62.0,0.0,10.0,5.0,187.0,3.0,165.0,142.0,14278.0,3566.0
G82089,BREWER STREET,U67133,MAIDSTONE CENTRAL PCN,91Q,E38000237,0.0,0.0,17.0,0.0,1.0,1.0,49.0,0.0,36.0,9.0,7181.0,1898.0
G82090,THE HERON MEDICAL PRACTICE,U21470,HERNE BAY PCN,91Q,E38000237,0.0,0.0,43.0,10.0,9.0,11.0,277.0,8.0,209.0,166.0,12642.0,5270.0
G82091,GUILDHALL STREET SURGERY,U51839,TOTAL HEALTH EXCELLENCE WEST PCN,91Q,E38000237,0.0,0.0,23.0,0.0,0.0,4.0,60.0,0.0,37.0,12.0,8669.0,1608.0
G82092,WESTERHAM PRACTICE,U24481,SEVENOAKS PCN,91Q,E38000237,0.0,0.0,17.0,0.0,2.0,1.0,81.0,0.0,50.0,25.0,6284.0,2077.0
G82093,LEN VALLEY PRACTICE,U13761,THE RIDGE PCN,91Q,E38000237,0.0,0.0,38.0,1.0,6.0,2.0,80.0,0.0,51.0,25.0,7540.0,2599.0
G82094,CHARING SURGERY,U07648,ASHFORD RURAL PCN,91Q,E38000237,1.0,0.0,44.0,0.0,11.0,4.0,81.0,2.0,59.0,39.0,8704.0,2658.0
G82095,THORNDIKE PARTNERSHIP,U56757,MEDWAY PENINSULA PCN,91Q,E38000237,0.0,0.0,85.0,1.0,17.0,4.0,183.0,2.0,106.0,49.0,9860.0,2275.0
G82097,JUBILEE MEDICAL CENTRE,U74266,LMN PCN,91Q,E38000237,0.0,7.0,146.0,20.0,22.0,2.0,234.0,0.0,162.0,102.0,11291.0,4257.0
G82098,BLACKTHORN,U47228,ABC PCN,91Q,E38000237,1.0,0.0,37.0,0.0,1.0,2.0,92.0,0.0,74.0,56.0,7019.0,1629.0
G82099,THE COLLEGE PRACTICE,U47228,ABC PCN,91Q,E38000237,2.0,0.0,113.0,2.0,30.0,7.0,226.0,6.0,193.0,147.0,28953.0,4623.0
G82100,HIGHPARKS MEDICAL PRACTICE,U56757,MEDWAY PENINSULA PCN,91Q,E38000237,0.0,0.0,62.0,2.0,7.0,6.0,88.0,1.0,24.0,17.0,11775.0,3335.0
G82105,BETHESDA MEDICAL CENTRE,U91844,MARGATE PCN,91Q,E38000237,1.0,0.0,36.0,4.0,1.0,6.0,215.0,0.0,119.0,90.0,14605.0,4073.0
G82106,RIVERSIDE MEDICAL PRACTICE,U27664,STROOD PCN,91Q,E38000237,0.0,0.0,13.0,0.0,0.0,0.0,46.0,0.0,35.0,17.0,6033.0,1270.0
G82107,MINSTER SURGERY,U67045,CARE KENT PCN,91Q,E38000237,1.0,0.0,73.0,2.0,4.0,2.0,59.0,0.0,40.0,26.0,6726.0,2717.0
G82108,KING GEORGE ROAD SURGERY,U21965,MEDWAY SOUTH PCN,91Q,E38000237,0.0,0.0,10.0,0.0,0.0,2.0,31.0,0.0,24.0,15.0,5609.0,1240.0
G82110,TOWN MEDICAL CENTRE,U24481,SEVENOAKS PCN,91Q,E38000237,0.0,0.0,12.0,0.0,1.0,3.0,38.0,0.0,29.0,11.0,5911.0,1264.0
G82111,THE CEDARS SURGERY,U25255,DEAL & SANDWICH PCN,91Q,E38000237,0.0,0.0,12.0,0.0,0.0,5.0,134.0,0.0,124.0,83.0,7629.0,3619.0
G82113,STONECROSS AND WEST DRIVE SURGERY,U13680,ASPIRE MEDICAL PCN,91Q,E38000237,0.0,0.0,22.0,0.0,5.0,0.0,32.0,0.0,25.0,20.0,6491.0,1426.0
G82114,IVY COURT SURGERY,U07648,ASHFORD RURAL PCN,91Q,E38000237,2.0,0.0,77.0,1.0,13.0,5.0,170.0,0.0,110.0,40.0,10410.0,5202.0
G82115,NEW DOVER ROAD SURGERY,U84081,CANTERBURY SOUTH PCN,91Q,E38000237,0.0,0.0,12.0,1.0,3.0,3.0,118.0,0.0,79.0,62.0,8447.0,2130.0
G82117,HIGH STREET SURGERY,U34235,DOVER TOWN PCN,91Q,E38000237,0.0,0.0,28.0,0.0,9.0,2.0,120.0,0.0,63.0,31.0,7417.0,1904.0
G82118,WOODLANDS HEALTH CENTRE,U26743,TONBRIDGE PCN,91Q,E38000237,0.0,0.0,16.0,0.0,2.0,0.0,89.0,0.0,84.0,72.0,11143.0,2857.0
G82119,PARK SURGERY,U21470,HERNE BAY PCN,91Q,E38000237,0.0,1.0,86.0,9.0,5.0,17.0,368.0,1.0,315.0,227.0,18465.0,6377.0
G82120,BOROUGH GREEN MEDICAL PRACTICE,U24481,SEVENOAKS PCN,91Q,E38000237,0.0,0.0,21.0,0.0,10.0,1.0,115.0,0.0,89.0,38.0,11894.0,3490.0
G82121,SANDGATE ROAD,U51839,TOTAL HEALTH EXCELLENCE WEST PCN,91Q,E38000237,0.0,0.0,51.0,0.0,3.0,4.0,147.0,1.0,99.0,35.0,9466.0,3206.0
G82122,SWANSCOMBE HEALTH CENTRE,U04973,GARDEN CITY PCN,91Q,E38000237,1.0,1.0,57.0,2.0,2.0,9.0,189.0,0.0,97.0,34.0,33469.0,4154.0
G82125,OTFORD MEDICAL PRACTICE,U24481,SEVENOAKS PCN,91Q,E38000237,0.0,0.0,33.0,0.0,0.0,2.0,139.0,3.0,99.0,57.0,9027.0,2627.0
G82126,EAST CLIFF MEDICAL PRACTICE,U11684,RAMSGATE PCN,91Q,E38000237,0.0,1.0,83.0,20.0,3.0,3.0,103.0,5.0,73.0,36.0,11460.0,3902.0
G82129,THE GLEBE FAMILY PRACTICE,U,Unallocated,91Q,E38000237,0.0,0.0,15.0,0.0,0.0,1.0,20.0,0.0,13.0,8.0,3669.0,1089.0
G82135,WEST MALLING GROUP PRACTICE,U05510,MALLING PCN,91Q,E38000237,0.0,0.0,29.0,1.0,3.0,3.0,79.0,5.0,52.0,24.0,17621.0,3615.0
G82137,ST ANDREWS MEDICAL CENTRE,U68970,TUNBRIDGE WELLS PCN,91Q,E38000237,0.0,0.0,36.0,0.0,0.0,0.0,135.0,0.0,109.0,93.0,8208.0,1668.0
G82138,ASH SURGERY,U67045,CARE KENT PCN,91Q,E38000237,0.0,0.0,12.0,0.0,1.0,1.0,39.0,0.0,23.0,14.0,3305.0,1359.0
G82139,MAIDSTONE ROAD SURGERY,U,Unallocated,91Q,E38000237,0.0,0.0,22.0,1.0,1.0,2.0,76.0,1.0,55.0,25.0,7438.0,1361.0
G82140,UNIVERSITY MEDICAL CENTRE,U84081,CANTERBURY SOUTH PCN,91Q,E38000237,0.0,0.0,4.0,0.0,1.0,1.0,24.0,0.0,19.0,7.0,12871.0,826.0
G82141,YALDING,U92096,WEALD PCN,91Q,E38000237,0.0,0.0,29.0,0.0,5.0,2.0,75.0,0.0,47.0,36.0,5596.0,1524.0
G82142,WYE SURGERY,U87442,MID KENT PCN,91Q,E38000237,0.0,1.0,22.0,0.0,6.0,1.0,62.0,3.0,49.0,34.0,8444.0,2383.0
G82143,LOWFIELD MEDICAL CENTRE,U17834,DARTFORD MODEL PCN,91Q,E38000237,1.0,0.0,57.0,1.0,2.0,3.0,66.0,0.0,56.0,43.0,6415.0,1121.0
G82147,OAK HALL,U22192,THE MARSH PCN,91Q,E38000237,0.0,0.0,30.0,0.0,5.0,3.0,65.0,1.0,57.0,47.0,3854.0,2092.0
G82150,NEWINGTON ROAD SURGERY,U11684,RAMSGATE PCN,91Q,E38000237,0.0,0.0,22.0,0.0,4.0,0.0,31.0,0.0,25.0,14.0,5897.0,1106.0
G82152,RUSTHALL MEDICAL PRACTICE,U68970,TUNBRIDGE WELLS PCN,91Q,E38000237,0.0,0.0,13.0,0.0,0.0,1.0,61.0,0.0,46.0,25.0,5340.0,1473.0
G82154,THAMES AVE SURGERY,U61151,MEDWAY RAINHAM PCN,91Q,E38000237,0.0,0.0,6.0,0.0,0.0,0.0,57.0,0.0,40.0,31.0,4433.0,1590.0
G82155,WATERFIELD HOUSE SURGERY,U68970,TUNBRIDGE WELLS PCN,91Q,E38000237,0.0,0.0,17.0,0.0,3.0,2.0,78.0,0.0,55.0,41.0,4922.0,1489.0
G82158,HOWELL SURGERY,U92096,WEALD PCN,91Q,E38000237,0.0,0.0,5.0,0.0,0.0,2.0,25.0,0.0,19.0,12.0,4110.0,1237.0
G82160,OAKLANDS HEALTH CENTRE,U,Unallocated,91Q,E38000237,1.0,2.0,137.0,39.0,17.0,3.0,187.0,0.0,114.0,87.0,7883.0,4403.0
G82161,REACH HEALTHCARE,U43072,MEDWAY VALLEY PCN,91Q,E38000237,1.0,0.0,92.0,0.0,10.0,5.0,160.0,2.0,114.0,50.0,25328.0,5746.0
G82162,ORCHARD FAMILY PRACTICE,U61151,MEDWAY RAINHAM PCN,91Q,E38000237,0.0,0.0,28.0,0.0,0.0,1.0,58.0,0.0,37.0,14.0,3984.0,1482.0
G82164,THE VINE MEDICAL CENTRE,U67133,MAIDSTONE CENTRAL PCN,91Q,E38000237,0.0,0.0,12.0,0.0,0.0,3.0,145.0,2.0,112.0,91.0,11231.0,1999.0
G82165,HAWKINGE AND ELHAM,U,Unallocated,91Q,E38000237,0.0,0.0,38.0,4.0,1.0,6.0,100.0,2.0,76.0,67.0,7748.0,2268.0
G82170,LAMBERHURST,U92096,WEALD PCN,91Q,E38000237,0.0,0.0,7.0,1.0,2.0,1.0,22.0,0.0,14.0,*,2833.0,999.0
G82180,MAIDSTONE RD RAINHAM SURGERY,U61151,MEDWAY RAINHAM PCN,91Q,E38000237,0.0,0.0,35.0,0.0,0.0,1.0,27.0,0.0,19.0,11.0,3435.0,1262.0
G82184,WALTHAM ROAD MEDICAL CENTRE,U61151,MEDWAY RAINHAM PCN,91Q,E38000237,0.0,0.0,17.0,1.0,0.0,1.0,12.0,0.0,10.0,8.0,961.0,383.0
G82185,REDWOOD PRACTICE,U10200,DARTFORD CENTRAL PCN,91Q,E38000237,0.0,1.0,36.0,4.0,1.0,1.0,81.0,0.0,71.0,32.0,7185.0,1690.0
G82186,HAMSTREET SURGERY,U07648,ASHFORD RURAL PCN,91Q,E38000237,0.0,0.0,44.0,2.0,0.0,2.0,55.0,0.0,47.0,41.0,5928.0,2035.0
G82200,WATERINGBURY,U05510,MALLING PCN,91Q,E38000237,0.0,0.0,27.0,0.0,3.0,1.0,48.0,0.0,37.0,20.0,8692.0,2175.0
G82203,COURT VIEW SURGERY,U27664,STROOD PCN,91Q,E38000237,0.0,0.0,4.0,0.0,0.0,1.0,43.0,2.0,26.0,13.0,9048.0,1512.0
G82205,ST JOHN'S MEDICAL PRACTICE,U24481,SEVENOAKS PCN,91Q,E38000237,0.0,0.0,21.0,0.0,4.0,2.0,38.0,0.0,18.0,*,7152.0,1245.0
G82211,AYLESHAM MEDICAL PRACTICE,U44623,TOTAL HEALTH EXCELLENCE EAST PCN,91Q,E38000237,0.0,1.0,16.0,1.0,1.0,1.0,26.0,0.0,19.0,7.0,7466.0,1372.0
G82212,PILGRIMS WAY SURGERY,U04973,GARDEN CITY PCN,91Q,E38000237,0.0,1.0,10.0,1.0,0.0,4.0,28.0,1.0,22.0,6.0,7942.0,937.0
G82215,MARDEN MEDICAL CENTRE,U92096,WEALD PCN,91Q,E38000237,0.0,0.0,10.0,0.0,1.0,3.0,47.0,0.0,42.0,31.0,6115.0,1591.0
G82217,HARBOUR MEDICAL PRACTICE,U,Unallocated,91Q,E38000237,0.0,0.0,77.0,3.0,0.0,1.0,14.0,0.0,6.0,*,2881.0,615.0
G82218,RIVER DARENT MEDICAL GROUP,U,Unallocated,91Q,E38000237,1.0,3.0,65.0,17.0,5.0,1.0,120.0,0.0,73.0,31.0,9325.0,3055.0
G82219,ST PETER'S SURGERY,U67045,CARE KENT PCN,91Q,E38000237,0.0,1.0,51.0,0.0,0.0,1.0,29.0,0.0,17.0,7.0,3505.0,1399.0
G82224,OLD PARSONAGE SURGERY,U92096,WEALD PCN,91Q,E38000237,0.0,0.0,2.0,0.0,0.0,1.0,13.0,0.0,12.0,6.0,3027.0,862.0
G82226,WIGMORE MEDICAL CENTRE,U61151,MEDWAY RAINHAM PCN,91Q,E38000237,0.0,0.0,24.0,0.0,1.0,0.0,34.0,0.0,28.0,20.0,4093.0,1434.0
G82227,LYDDEN SURGERY,U44623,TOTAL HEALTH EXCELLENCE EAST PCN,91Q,E38000237,1.0,0.0,10.0,0.0,1.0,2.0,57.0,0.0,48.0,20.0,4400.0,1692.0
G82228,CANTERBURY MEDICAL PRACTICE,U84081,CANTERBURY SOUTH PCN,91Q,E38000237,2.0,5.0,66.0,12.0,8.0,7.0,306.0,9.0,218.0,205.0,19236.0,4952.0
G82229,SUTTON VALENCE GROUP PRACTICE,U13761,THE RIDGE PCN,91Q,E38000237,0.0,0.0,18.0,0.0,2.0,2.0,58.0,1.0,44.0,18.0,5822.0,1542.0
G82231,LONDON ROAD MEDICAL CENTRE,U13680,ASPIRE MEDICAL PCN,91Q,E38000237,0.0,0.0,17.0,0.0,3.0,0.0,29.0,0.0,22.0,15.0,5248.0,1671.0
G82232,MANOR CLINIC,U51839,TOTAL HEALTH EXCELLENCE WEST PCN,91Q,E38000237,3.0,0.0,46.0,11.0,1.0,9.0,103.0,4.0,84.0,40.0,7767.0,1813.0
G82233,ST. WERBURGH MED.PRACTICE,U13680,ASPIRE MEDICAL PCN,91Q,E38000237,0.0,0.0,15.0,0.0,0.0,0.0,34.0,0.0,28.0,15.0,7401.0,1429.0
G82234,PHOENIX MEDICAL PRACTICE,U05510,MALLING PCN,91Q,E38000237,0.0,0.0,4.0,0.0,0.0,0.0,19.0,1.0,15.0,11.0,5168.0,993.0
G82235,OLD SCHOOL SURGERY,U92096,WEALD PCN,91Q,E38000237,1.0,0.0,24.0,0.0,2.0,1.0,71.0,0.0,60.0,41.0,4229.0,1442.0
G82600,EASTCOURT LANE SURGERY,U61151,MEDWAY RAINHAM PCN,91Q,E38000237,0.0,0.0,5.0,0.0,1.0,1.0,18.0,0.0,14.0,5.0,1764.0,540.0
G82604,THE MEDICAL CENTRE GROUP,U67133,MAIDSTONE CENTRAL PCN,91Q,E38000237,0.0,0.0,52.0,1.0,2.0,4.0,218.0,1.0,187.0,166.0,12706.0,2762.0
G82631,BRYANT STREET MEDICAL PRACTICE,U78466,MEDWAY CENTRAL PCN,91Q,E38000237,0.0,0.0,15.0,0.0,1.0,3.0,19.0,0.0,8.0,7.0,6993.0,899.0
G82634,THE MEADS MEDICAL PRACTICE,U37339,SITTINGBOURNE PCN,91Q,E38000237,0.0,0.0,31.0,2.0,1.0,5.0,104.0,0.0,70.0,41.0,10149.0,1928.0
G82635,PUMP LANE SURGERY,U,Unallocated,91Q,E38000237,0.0,0.0,10.0,0.0,0.0,0.0,16.0,0.0,13.0,10.0,1580.0,597.0
G82641,WALLIS AVENUE,U29398,THE MOTE & WALLIS HEALTH PRIMARY CARE NETWORK,91Q,E38000237,0.0,0.0,2.0,0.0,0.0,2.0,38.0,0.0,35.0,33.0,6783.0,649.0
G82647,TEMPLE HILL SURGERY,U10200,DARTFORD CENTRAL PCN,91Q,E38000237,0.0,1.0,78.0,4.0,1.0,4.0,107.0,0.0,90.0,62.0,20835.0,2480.0
G82648,ROCHESTER ROAD SURGERY,U27026,GRAVESEND CENTRAL PCN,91Q,E38000237,0.0,0.0,12.0,1.0,0.0,0.0,15.0,1.0,11.0,5.0,3377.0,550.0
G82650,MOCKETTS WOOD SURGERY,U91844,MARGATE PCN,91Q,E38000237,0.0,1.0,31.0,1.0,9.0,2.0,75.0,1.0,60.0,39.0,6505.0,2924.0
G82652,CHURCH ROAD,U,Unallocated,91Q,E38000237,0.0,0.0,3.0,0.0,0.0,0.0,23.0,0.0,15.0,14.0,2094.0,1042.0
G82658,SELLINDGE SURGERY,U87442,MID KENT PCN,91Q,E38000237,0.0,0.0,17.0,1.0,5.0,0.0,33.0,0.0,23.0,14.0,3912.0,1202.0
G82665,MARTELLO HEALTH CENTRE,U22192,THE MARSH PCN,91Q,E38000237,0.0,0.0,54.0,2.0,9.0,3.0,81.0,1.0,56.0,40.0,3402.0,2076.0
G82666,BIRCHINGTON MEDICAL CENTRE,U67045,CARE KENT PCN,91Q,E38000237,3.0,2.0,130.0,13.0,28.0,4.0,181.0,0.0,110.0,42.0,8129.0,4633.0
G82679,APEX MEDICAL CENTRE,U27664,STROOD PCN,91Q,E38000237,0.0,0.0,18.0,0.0,6.0,0.0,25.0,0.0,15.0,6.0,5901.0,1120.0
G82681,MALLING HEALTH FOUR,U,Unallocated,91Q,E38000237,0.0,0.0,6.0,0.0,0.0,0.0,49.0,0.0,27.0,5.0,5605.0,1404.0
G82682,THE OM MEDICAL CENTRE,U10128,SHEPPEY PCN,91Q,E38000237,0.0,0.0,29.0,0.0,2.0,2.0,37.0,0.0,28.0,13.0,6086.0,1248.0
G82684,NEW LYMINGE SURGERY,U,Unallocated,91Q,E38000237,0.0,0.0,14.0,0.0,3.0,4.0,30.0,0.0,26.0,10.0,3186.0,1306.0
G82687,VEL SURGERY,U10128,SHEPPEY PCN,91Q,E38000237,0.0,0.0,15.0,0.0,0.0,4.0,51.0,0.0,38.0,24.0,7959.0,1823.0
G82691,LANGLEY,U13761,THE RIDGE PCN,91Q,E38000237,0.0,0.0,31.0,0.0,4.0,1.0,34.0,0.0,30.0,30.0,2644.0,790.0
G82693,MEMORIAL MEDICAL CENTRE,U37339,SITTINGBOURNE PCN,91Q,E38000237,1.0,3.0,70.0,24.0,16.0,1.0,121.0,0.0,86.0,67.0,14585.0,3256.0
G82696,THE NEW GOLF ROAD SURGERY,U25255,DEAL & SANDWICH PCN,91Q,E38000237,0.0,0.0,7.0,0.0,3.0,1.0,63.0,0.0,54.0,54.0,1673.0,976.0
G82697,THE CHURCHILL CLINIC,U21965,MEDWAY SOUTH PCN,91Q,E38000237,0.0,0.0,57.0,0.0,2.0,4.0,39.0,0.0,38.0,26.0,8286.0,1440.0
G82698,THE MEDIC CARE SURGERY,U37339,SITTINGBOURNE PCN,91Q,E38000237,0.0,0.0,7.0,0.0,1.0,1.0,11.0,0.0,9.0,5.0,3659.0,771.0
G82700,BUCKLAND MEDICAL PRACTICE,U34235,DOVER TOWN PCN,91Q,E38000237,0.0,0.0,31.0,0.0,9.0,3.0,62.0,1.0,58.0,38.0,7781.0,2346.0
G82702,GREEN PORCH MEDICAL PARTNERSHIP,U37339,SITTINGBOURNE PCN,91Q,E38000237,0.0,0.0,11.0,1.0,0.0,1.0,44.0,0.0,37.0,29.0,7174.0,878.0
G82708,MARLOWE PARK MEDICAL CTR.,U13680,ASPIRE MEDICAL PCN,91Q,E38000237,0.0,0.0,8.0,0.0,1.0,0.0,10.0,0.0,7.0,7.0,3778.0,501.0
G82711,BORSTAL VILLAGE SURGERY,U27664,STROOD PCN,91Q,E38000237,0.0,0.0,4.0,0.0,2.0,1.0,20.0,0.0,17.0,7.0,3483.0,762.0
G82719,MATRIX MEDICAL PRACTICE,U21965,MEDWAY SOUTH PCN,91Q,E38000237,0.0,0.0,41.0,0.0,5.0,4.0,67.0,2.0,44.0,17.0,13906.0,2743.0
G82721,PARKWOOD FAMILY PRACTICE,U61151,MEDWAY RAINHAM PCN,91Q,E38000237,0.0,0.0,16.0,1.0,2.0,0.0,20.0,0.0,10.0,7.0,2309.0,920.0
G82729,WHITE CLIFFS MEDICAL CENTRE,U44623,TOTAL HEALTH EXCELLENCE EAST PCN,91Q,E38000237,0.0,0.0,9.0,0.0,0.0,0.0,91.0,0.0,58.0,10.0,7991.0,1967.0
G82730,KINGSNORTH MEDICAL PRACTICE,U87442,MID KENT PCN,91Q,E38000237,1.0,0.0,7.0,0.0,1.0,3.0,49.0,1.0,39.0,28.0,10842.0,1884.0
G82733,ORCHARD END,U92096,WEALD PCN,91Q,E38000237,0.0,0.0,3.0,0.0,2.0,0.0,36.0,0.0,26.0,*,3453.0,825.0
G82737,LONG CATLIS ROAD SURGERY,U61151,MEDWAY RAINHAM PCN,91Q,E38000237,0.0,0.0,33.0,0.0,5.0,2.0,43.0,0.0,27.0,6.0,9312.0,1932.0
G82741,PRINCES PARK MEDICAL CTR,U,Unallocated,91Q,E38000237,0.0,0.0,56.0,0.0,5.0,9.0,328.0,2.0,230.0,179.0,27663.0,2934.0
G82744,MARITIME HEALTH PARTNERSHIP,U78466,MEDWAY CENTRAL PCN,91Q,E38000237,0.0,0.0,98.0,7.0,11.0,11.0,418.0,1.0,337.0,187.0,33139.0,5166.0
G82753,THE KINGS FAMILY PRACTICE,U13680,ASPIRE MEDICAL PCN,91Q,E38000237,0.0,0.0,11.0,0.0,2.0,3.0,13.0,0.0,14.0,12.0,7771.0,704.0
G82754,HADLOW MEDICAL CENTRE,U26743,TONBRIDGE PCN,91Q,E38000237,0.0,0.0,14.0,0.0,5.0,0.0,17.0,0.0,12.0,9.0,2780.0,833.0
G82763,NAPIER ROAD SURGERY,U,Unallocated,91Q,E38000237,0.0,0.0,2.0,0.0,0.0,0.0,14.0,0.0,10.0,9.0,2629.0,395.0
G82768,LONSDALE MEDICAL CENTRE,U68970,TUNBRIDGE WELLS PCN,91Q,E38000237,0.0,1.0,91.0,1.0,4.0,3.0,311.0,0.0,200.0,190.0,6412.0,1529.0
G82780,GRAVESEND MEDICAL CENTRE,U27026,GRAVESEND CENTRAL PCN,91Q,E38000237,0.0,2.0,96.0,12.0,4.0,3.0,60.0,0.0,42.0,25.0,15103.0,1672.0
G82790,OLD SCHOOL SURGERY,U73009,CANTERBURY NORTH PCN,91Q,E38000237,0.0,0.0,3.0,0.0,1.0,3.0,34.0,0.0,25.0,11.0,4993.0,1272.0
G82796,BROADSTAIRS MEDICAL PRACTICE,U67045,CARE KENT PCN,91Q,E38000237,1.0,1.0,84.0,31.0,3.0,0.0,46.0,1.0,42.0,22.0,5381.0,2032.0
G82799,SHEPPEY HEALTHY LIVING CENTRE,U10128,SHEPPEY PCN,91Q,E38000237,0.0,0.0,54.0,0.0,2.0,2.0,67.0,0.0,54.0,22.0,11064.0,3171.0
G82802,CANTERBURY HEALTH CENTRE,U73009,CANTERBURY NORTH PCN,91Q,E38000237,0.0,0.0,13.0,0.0,4.0,1.0,22.0,0.0,15.0,11.0,7130.0,632.0
G82808,"OAKFIELD HEALTH CENTRE, PRACTICE 2",U,Unallocated,91Q,E38000237,0.0,0.0,29.0,11.0,2.0,4.0,44.0,0.0,27.0,22.0,8619.0,1415.0
G82809,DOWNS WAY MEDICAL PRACTICE,U04973,GARDEN CITY PCN,91Q,E38000237,0.0,1.0,77.0,2.0,2.0,1.0,149.0,1.0,97.0,18.0,11977.0,4015.0
G82888,SOUTH PARK MEDICAL PRACTICE,U24481,SEVENOAKS PCN,91Q,E38000237,0.0,0.0,6.0,0.0,0.0,0.0,83.0,0.0,35.0,32.0,5099.0,970.0
G83001,MANOR BROOK PMS,U00254,BLACKHEATH AND CHARLTON PCN,72Q,E38000244,1.0,0.0,18.0,3.0,8.0,1.0,61.0,0.0,47.0,39.0,10122.0,2035.0
G83002,THE WESTWOOD SURGERY,U88820,CLOCKTOWER PCN,72Q,E38000244,0.0,2.0,79.0,2.0,9.0,3.0,170.0,0.0,162.0,127.0,7970.0,1686.0
G83004,BARNARD MEDICAL GROUP,U50197,FROGNAL PCN,72Q,E38000244,0.0,0.0,20.0,0.0,10.0,2.0,97.0,0.0,11.0,8.0,10065.0,3299.0
G83006,THE ALBION SURGERY,U07140,APL BEXLEY PCN,72Q,E38000244,0.0,0.0,18.0,0.0,8.0,3.0,123.0,1.0,93.0,22.0,12880.0,3160.0
G83009,BELLEGROVE SURGERY,U88820,CLOCKTOWER PCN,72Q,E38000244,0.0,0.0,36.0,0.0,8.0,0.0,67.0,1.0,44.0,10.0,9334.0,2056.0
G83010,NORTHUMBERLAND HEATH MED.CTR.,U67110,NORTH BEXLEY PCN,72Q,E38000244,2.0,0.0,34.0,2.0,18.0,1.0,144.0,1.0,110.0,95.0,12082.0,2418.0
G83012,GALLIONS REACH HEALTH CENTRE,U11690,RIVERVIEW HEALTH PCN,72Q,E38000244,0.0,0.0,15.0,0.0,10.0,2.0,60.0,0.0,18.0,15.0,14080.0,1676.0
G83013,BLACKHEATH STANDARD PMS,U00254,BLACKHEATH AND CHARLTON PCN,72Q,E38000244,0.0,0.0,10.0,0.0,0.0,0.0,32.0,0.0,26.0,24.0,6906.0,1099.0
G83015,ELTHAM PALACE PMS,U39263,ELTHAM PCN,72Q,E38000244,0.0,0.0,4.0,0.0,0.0,2.0,30.0,0.0,25.0,11.0,6431.0,1059.0
G83016,ROYAL ARSENAL MEDICAL CENTRE,U11690,RIVERVIEW HEALTH PCN,72Q,E38000244,0.0,0.0,3.0,0.0,1.0,3.0,35.0,0.0,30.0,25.0,10627.0,1000.0
G83018,LAKESIDE MEDICAL,U67110,NORTH BEXLEY PCN,72Q,E38000244,0.0,0.0,26.0,2.0,9.0,3.0,110.0,0.0,77.0,64.0,17224.0,1933.0
G83019,PLUMSTEAD H/C PMS,U93499,UNITY (GREENWICH) PCN,72Q,E38000244,0.0,0.0,64.0,0.0,21.0,3.0,80.0,0.0,26.0,7.0,12865.0,2530.0
G83021,VANBRUGH GROUP PRACTICE,U00254,BLACKHEATH AND CHARLTON PCN,72Q,E38000244,0.0,0.0,16.0,0.0,2.0,1.0,30.0,0.0,31.0,25.0,16317.0,1642.0
G83024,INGLETON AVENUE SURGERY,U,Unallocated,72Q,E38000244,0.0,0.0,5.0,0.0,0.0,0.0,18.0,0.0,9.0,5.0,3973.0,913.0
G83025,WELLING MEDICAL PRACTICE,U88820,CLOCKTOWER PCN,72Q,E38000244,0.0,0.0,22.0,0.0,17.0,1.0,87.0,0.0,78.0,39.0,8727.0,2425.0
G83026,TRIVENI PMS,U24992,HERITAGE PCN,72Q,E38000244,0.0,0.0,5.0,1.0,2.0,0.0,16.0,0.0,13.0,12.0,7481.0,671.0
G83027,EVEREST HEALTH PARTNERSHIP,U39263,ELTHAM PCN,72Q,E38000244,0.0,0.0,34.0,0.0,14.0,1.0,66.0,0.0,63.0,39.0,18214.0,2699.0
G83028,BEXLEY GROUP PRACTICE,U88820,CLOCKTOWER PCN,72Q,E38000244,0.0,0.0,18.0,2.0,5.0,1.0,58.0,0.0,40.0,15.0,12722.0,2018.0
G83029,PLAS MEDDYG SURGERY,U07140,APL BEXLEY PCN,72Q,E38000244,0.0,0.0,15.0,3.0,2.0,3.0,61.0,0.0,45.0,5.0,5760.0,1593.0
G83030,ALL SAINTS MEDICAL CENTRE PMS,U93499,UNITY (GREENWICH) PCN,72Q,E38000244,0.0,0.0,15.0,0.0,0.0,1.0,18.0,0.0,14.0,10.0,5871.0,723.0
G83031,ABBEY WOOD SURGERY,U93499,UNITY (GREENWICH) PCN,72Q,E38000244,0.0,0.0,2.0,0.0,0.0,2.0,25.0,0.0,20.0,5.0,6030.0,1021.0
G83033,DR DAVIES & PARTNER,U88820,CLOCKTOWER PCN,72Q,E38000244,1.0,0.0,169.0,9.0,6.0,2.0,41.0,0.0,28.0,19.0,4174.0,1322.0
G83039,ST MARKS PMS,U11690,RIVERVIEW HEALTH PCN,72Q,E38000244,0.0,0.0,1.0,0.0,1.0,3.0,46.0,0.0,40.0,29.0,9375.0,1106.0
G83044,FAIRFIELD PMS,U00254,BLACKHEATH AND CHARLTON PCN,72Q,E38000244,0.0,0.0,29.0,0.0,14.0,0.0,30.0,1.0,21.0,11.0,11528.0,1395.0
G83046,BURSTED WOOD SURGERY,U07140,APL BEXLEY PCN,72Q,E38000244,0.0,0.0,20.0,0.0,4.0,0.0,36.0,0.0,29.0,11.0,5208.0,1185.0
G83047,STATION ROAD SURGERY,U,Unallocated,72Q,E38000244,0.0,0.0,5.0,0.0,3.0,2.0,57.0,0.0,45.0,6.0,7978.0,2012.0
G83049,LYNDHURST ROAD MEDICAL CENTRE,U07140,APL BEXLEY PCN,72Q,E38000244,0.0,0.0,45.0,0.0,19.0,5.0,180.0,1.0,149.0,100.0,10197.0,2553.0
G83052,BELVEDERE MEDICAL CENTRE,U67110,NORTH BEXLEY PCN,72Q,E38000244,0.0,0.0,19.0,0.0,9.0,3.0,90.0,1.0,60.0,18.0,15326.0,2497.0
G83053,BEXLEY MEDICAL GROUP,U67110,NORTH BEXLEY PCN,72Q,E38000244,0.0,0.0,71.0,0.0,27.0,3.0,139.0,4.0,131.0,52.0,18143.0,3196.0
G83057,WOODLANDS SURGERY,U50197,FROGNAL PCN,72Q,E38000244,0.0,0.0,29.0,0.0,17.0,2.0,85.0,2.0,57.0,15.0,9124.0,2379.0
G83058,PRIMECARE PMS (SOUTH STREET),U39263,ELTHAM PCN,72Q,E38000244,0.0,0.0,3.0,0.0,2.0,0.0,18.0,0.0,15.0,9.0,11117.0,944.0
G83060,GLYNDON PMS,U93499,UNITY (GREENWICH) PCN,72Q,E38000244,0.0,0.0,7.0,0.0,2.0,1.0,18.0,1.0,18.0,13.0,6524.0,822.0
G83062,SLADE GREEN MEDICAL CTR.,U67110,NORTH BEXLEY PCN,72Q,E38000244,0.0,0.0,17.0,0.0,8.0,6.0,24.0,0.0,25.0,6.0,10646.0,946.0
G83065,BURNEY STREET PMS,U46593,GREENWICH WEST PCN,72Q,E38000244,0.0,0.0,5.0,1.0,1.0,1.0,36.0,0.0,30.0,20.0,13843.0,1250.0
G83066,SIDCUP MEDICAL CENTRE,U50197,FROGNAL PCN,72Q,E38000244,0.0,0.0,53.0,0.0,29.0,5.0,513.0,0.0,148.0,16.0,24619.0,6050.0
G83067,VALENTINE HEALTH PARTNERSHIP,U94126,VALENTINE HEALTH PCN,72Q,E38000244,0.0,0.0,104.0,70.0,17.0,8.0,61.0,1.0,46.0,36.0,29435.0,2344.0
G83628,NEW ELTHAM AND BLACKFEN MEDICAL CENTRE,U39263,ELTHAM PCN,72Q,E38000244,0.0,0.0,93.0,0.0,0.0,0.0,32.0,0.0,23.0,16.0,9402.0,1413.0
G83630,RIVERSIDE SURGERY,U67110,NORTH BEXLEY PCN,72Q,E38000244,1.0,0.0,12.0,3.0,3.0,3.0,42.0,1.0,30.0,9.0,11020.0,1421.0
G83631,ABBEYSLADE PMS (DR CHAND),U24992,HERITAGE PCN,72Q,E38000244,0.0,0.0,2.0,0.0,1.0,2.0,15.0,0.0,10.0,9.0,4396.0,501.0
G83633,CONWAY PMS,U11690,RIVERVIEW HEALTH PCN,72Q,E38000244,0.0,0.0,11.0,0.0,3.0,0.0,8.0,0.0,6.0,*,4745.0,504.0
G83635,WAVERLEY PMS,U24992,HERITAGE PCN,72Q,E38000244,0.0,0.0,2.0,0.0,0.0,0.0,12.0,0.0,10.0,10.0,3812.0,712.0
G83641,PLUMBRIDGE MEDICAL CENTRE,U46593,GREENWICH WEST PCN,72Q,E38000244,0.0,0.0,1.0,0.0,0.0,1.0,10.0,0.0,11.0,9.0,3249.0,329.0
G83642,CRAYFORD TOWN SURGERY,U67110,NORTH BEXLEY PCN,72Q,E38000244,0.0,0.0,13.0,1.0,7.0,1.0,22.0,1.0,4.0,*,9253.0,1061.0
G83647,PLUMSTEAD AND WICKHAM LANE SURGERY,U24992,HERITAGE PCN,72Q,E38000244,0.0,0.0,11.0,0.0,4.0,1.0,25.0,0.0,20.0,7.0,7579.0,833.0
G83651,WOODLANDS SURGERY,U46593,GREENWICH WEST PCN,72Q,E38000244,0.0,0.0,4.0,1.0,1.0,0.0,22.0,0.0,16.0,5.0,5626.0,695.0
G83654,BANNOCKBURN SURGERY,U24992,HERITAGE PCN,72Q,E38000244,0.0,0.0,5.0,0.0,1.0,0.0,8.0,0.0,7.0,5.0,5156.0,525.0
G83673,ELMSTEAD MEDICAL CLINIC,U39263,ELTHAM PCN,72Q,E38000244,0.0,0.0,4.0,0.0,2.0,1.0,18.0,0.0,18.0,14.0,6228.0,707.0
G83680,ELTHAM MEDICAL PRACTICE,U39263,ELTHAM PCN,72Q,E38000244,0.0,0.0,33.0,0.0,6.0,0.0,146.0,1.0,101.0,68.0,21684.0,4352.0
G84001,SOUTH VIEW PARTNERSHIP,U,Unallocated,72Q,E38000244,0.0,0.0,14.0,0.0,8.0,2.0,105.0,0.0,83.0,46.0,10949.0,2372.0
G84002,DYSART SURGERY,U,Unallocated,72Q,E38000244,0.0,0.0,4.0,0.0,2.0,0.0,83.0,0.0,60.0,54.0,11335.0,1901.0
G84003,LINKS MEDICAL PRACTICE,U03551,"MOTTINGHAM, DOWNHAM & CHISLEHURST PCN",72Q,E38000244,0.0,0.0,29.0,0.0,8.0,7.0,51.0,1.0,53.0,45.0,10219.0,1676.0
G84004,STOCK HILL SURGERY,U77447,FIVE ELMS PCN,72Q,E38000244,0.0,0.0,26.0,2.0,15.0,3.0,120.0,0.0,80.0,56.0,6797.0,2689.0
G84005,DERRY DOWNS SURGERY,U,Unallocated,72Q,E38000244,0.0,0.0,12.0,0.0,6.0,0.0,44.0,0.0,35.0,10.0,4250.0,1000.0
G84006,SUMMERCROFT SURGERY,U77447,FIVE ELMS PCN,72Q,E38000244,0.0,0.0,23.0,0.0,10.0,3.0,101.0,1.0,69.0,28.0,7128.0,2495.0
G84007,POVEREST MEDICAL CENTRE,U,Unallocated,72Q,E38000244,0.0,0.0,15.0,0.0,6.0,2.0,67.0,0.0,62.0,47.0,6584.0,1456.0
G84008,MANOR ROAD SURGERY,U36188,BECKENHAM PCN,72Q,E38000244,0.0,0.0,12.0,0.0,1.0,0.0,27.0,0.0,18.0,7.0,5138.0,1176.0
G84009,FAMILY SURGERY,U87524,ORPINGTON PCN,72Q,E38000244,0.0,0.0,35.0,1.0,9.0,1.0,47.0,0.0,46.0,33.0,3306.0,1003.0
G84010,THE CHISLEHURST PARTNERSHIP,U03551,"MOTTINGHAM, DOWNHAM & CHISLEHURST PCN",72Q,E38000244,0.0,0.0,53.0,1.0,16.0,4.0,207.0,2.0,154.0,122.0,18832.0,4769.0
G84011,EDEN PARK SURGERY,U36188,BECKENHAM PCN,72Q,E38000244,0.0,0.0,11.0,0.0,3.0,4.0,50.0,0.0,45.0,32.0,6793.0,1510.0
G84013,ST MARY CRAY PRACTICE,U,Unallocated,72Q,E38000244,0.0,0.0,17.0,0.0,11.0,3.0,24.0,0.0,19.0,13.0,3783.0,589.0
G84015,STATION ROAD SURGERY,U98580,HAYES WICK PCN,72Q,E38000244,0.0,0.0,11.0,0.0,5.0,2.0,86.0,0.0,70.0,38.0,7785.0,2775.0
G84016,LONDON LANE CLINIC,U,Unallocated,72Q,E38000244,0.0,0.0,19.0,0.0,8.0,5.0,104.0,1.0,33.0,18.0,10495.0,2611.0
G84017,ADDINGTON ROAD SURGERY,U98580,HAYES WICK PCN,72Q,E38000244,0.0,0.0,27.0,0.0,12.0,0.0,57.0,5.0,34.0,25.0,6653.0,2095.0
G84018,CORNERWAYS SURGERY,U36188,BECKENHAM PCN,72Q,E38000244,0.0,0.0,8.0,1.0,4.0,4.0,82.0,1.0,63.0,42.0,5660.0,1898.0
G84019,BROOMWOOD HEALTH CENTRE,U,Unallocated,72Q,E38000244,1.0,1.0,35.0,2.0,17.0,2.0,61.0,0.0,48.0,20.0,9545.0,1562.0
G84020,CHELSFIELD SURGERY,U87524,ORPINGTON PCN,72Q,E38000244,0.0,0.0,26.0,0.0,10.0,1.0,74.0,0.0,59.0,51.0,7037.0,2086.0
G84023,SOUTHBOROUGH LANE SURGERY,U77447,FIVE ELMS PCN,72Q,E38000244,0.0,0.0,25.0,0.0,7.0,2.0,86.0,3.0,57.0,28.0,8002.0,1989.0
G84024,BROMLEY COMMON PRACTICE,U77447,FIVE ELMS PCN,72Q,E38000244,0.0,0.0,25.0,3.0,9.0,6.0,54.0,2.0,32.0,18.0,8362.0,1411.0
G84025,THE PARK PRACTICE,U,Unallocated,72Q,E38000244,0.0,0.0,213.0,0.0,2.0,2.0,13.0,0.0,12.0,7.0,8163.0,951.0
G84027,ELM HOUSE SURGERY,U36188,BECKENHAM PCN,72Q,E38000244,0.0,0.0,34.0,1.0,13.0,5.0,199.0,0.0,60.0,28.0,28525.0,4465.0
G84028,ST JAMES' PRACTICE,U36188,BECKENHAM PCN,72Q,E38000244,0.0,0.0,1.0,0.0,1.0,6.0,73.0,0.0,64.0,39.0,5783.0,1342.0
G84029,ROBIN HOOD SURGERY,U,Unallocated,72Q,E38000244,0.0,0.0,9.0,0.0,3.0,1.0,13.0,0.0,13.0,6.0,2910.0,729.0
G84030,FORGE CLOSE SURGERY,U98580,HAYES WICK PCN,72Q,E38000244,0.0,0.0,15.0,1.0,2.0,1.0,42.0,0.0,32.0,25.0,5466.0,1381.0
G84032,KNOLL MEDICAL PRACTICE,U87524,ORPINGTON PCN,72Q,E38000244,0.0,0.0,28.0,0.0,13.0,2.0,134.0,1.0,87.0,50.0,11418.0,2970.0
G84033,PICKHURST SURGERY,U98580,HAYES WICK PCN,72Q,E38000244,0.0,0.0,16.0,0.0,2.0,2.0,67.0,1.0,49.0,44.0,7066.0,1627.0
G84035,TUDOR WAY SURGERY,U87524,ORPINGTON PCN,72Q,E38000244,0.0,0.0,2.0,0.0,1.0,1.0,42.0,1.0,33.0,10.0,7052.0,1553.0
G84039,NORHEADS LANE SURGERY,U77447,FIVE ELMS PCN,72Q,E38000244,0.0,0.0,0.0,0.0,0.0,1.0,27.0,0.0,26.0,18.0,3141.0,663.0
G84040,BALLATER SURGERY,U87524,ORPINGTON PCN,72Q,E38000244,0.0,0.0,23.0,1.0,7.0,1.0,61.0,0.0,44.0,21.0,8947.0,1705.0
G84041,GILLMANS ROAD SURGERY,U,Unallocated,72Q,E38000244,0.0,0.0,7.0,0.0,3.0,0.0,20.0,0.0,15.0,15.0,3782.0,420.0
G84604,HIGHLAND ROAD SURGERY,U,Unallocated,72Q,E38000244,0.0,0.0,20.0,10.0,5.0,1.0,24.0,0.0,18.0,*,7613.0,1147.0
G84607,WICKHAM PARK SURGERY,U98580,HAYES WICK PCN,72Q,E38000244,0.0,0.0,11.0,0.0,6.0,2.0,50.0,0.0,40.0,30.0,4276.0,1161.0
G84609,BANK HOUSE SURGERY,U87524,ORPINGTON PCN,72Q,E38000244,0.0,0.0,17.0,0.0,6.0,0.0,23.0,0.0,21.0,16.0,2622.0,823.0
G84621,WHITEHOUSE SURGERY,U87524,ORPINGTON PCN,72Q,E38000244,0.0,0.0,11.0,1.0,5.0,0.0,24.0,2.0,16.0,9.0,3459.0,663.0
G84624,ANERLEY SURGERY,U,Unallocated,72Q,E38000244,0.0,0.0,61.0,0.0,1.0,0.0,8.0,0.0,6.0,5.0,2168.0,300.0
G84625,OAKFIELD SURGERY,U,Unallocated,72Q,E38000244,0.0,0.0,156.0,0.0,1.0,4.0,13.0,0.0,16.0,10.0,7124.0,475.0
G84627,GREEN STREET GREEN MED CT,U87524,ORPINGTON PCN,72Q,E38000244,0.0,0.0,13.0,0.0,3.0,0.0,66.0,2.0,42.0,34.0,5285.0,1743.0
G84629,SUNDRIDGE MEDICAL CENTRE,U,Unallocated,72Q,E38000244,0.0,0.0,11.0,9.0,0.0,1.0,53.0,0.0,49.0,42.0,5629.0,881.0
G84630,CRESCENT SURGERY,U,Unallocated,72Q,E38000244,0.0,0.0,1.0,0.0,0.0,1.0,15.0,0.0,12.0,7.0,2423.0,448.0
G85001,FOREST HILL GROUP PRACTICE,U60094,SOUTH SOUTHWARK PCN,72Q,E38000244,17.0,0.0,381.0,24.0,11.0,1.0,56.0,0.0,42.0,20.0,8621.0,1633.0
G85002,STREATHAM HIGH PRACTICE,U18315,AT MEDICS STREATHAM PCN,72Q,E38000244,0.0,0.0,11.0,0.0,0.0,2.0,24.0,0.0,18.0,5.0,22666.0,1125.0
G85004,MODALITY LEWISHAM (ML),U,Unallocated,72Q,E38000244,0.0,0.0,88.0,6.0,29.0,10.0,204.0,0.0,167.0,121.0,29596.0,5179.0
G85006,THE ACORN & GAUMONT HOUSE SURGERY,U60094,SOUTH SOUTHWARK PCN,72Q,E38000244,0.0,0.0,70.0,2.0,3.0,2.0,28.0,0.0,22.0,15.0,7848.0,1065.0
G85011,CLAPHAM FAMILY PRACTICE,U45098,CLAPHAM PCN,72Q,E38000244,0.0,0.0,25.0,0.0,10.0,2.0,45.0,0.0,32.0,23.0,18065.0,1364.0
G85013,CAMBERWELL GREEN SURGERY,U60094,SOUTH SOUTHWARK PCN,72Q,E38000244,0.0,0.0,78.0,7.0,10.0,2.0,27.0,0.0,24.0,18.0,7947.0,1145.0
G85014,STREATHAM COMMON PRACTICE,U99355,STREATHAM PCN,72Q,E38000244,0.0,0.0,24.0,1.0,9.0,3.0,68.0,1.0,58.0,47.0,10652.0,1518.0
G85015,THE QRP SURGERY,U53896,NORTH LEWISHAM PCN,72Q,E38000244,0.0,0.0,8.0,0.0,6.0,2.0,46.0,0.0,40.0,12.0,7576.0,1211.0
G85016,HERNE HILL GROUP PRACTICE,U39721,"HILLS, BROOKS & DALES GROUP PCN",72Q,E38000244,0.0,0.0,39.0,0.0,14.0,3.0,55.0,0.0,42.0,7.0,12963.0,1819.0
G85019,TRAFALGAR SURGERY,U06180,NORTH SOUTHWARK PCN,72Q,E38000244,0.0,0.0,5.0,0.0,0.0,0.0,6.0,0.0,5.0,5.0,2607.0,203.0
G85020,KINGFISHER MEDICAL CENTRE,U53896,NORTH LEWISHAM PCN,72Q,E38000244,0.0,0.0,13.0,1.0,2.0,1.0,18.0,0.0,17.0,12.0,14719.0,1053.0
G85021,PRENTIS MEDICAL CENTRE,U39721,"HILLS, BROOKS & DALES GROUP PCN",72Q,E38000244,0.0,0.0,17.0,0.0,5.0,11.0,41.0,0.0,42.0,30.0,4125.0,681.0
G85022,NORTH WOOD GROUP PRACTICE,U39721,"HILLS, BROOKS & DALES GROUP PCN",72Q,E38000244,0.0,0.0,35.0,0.0,12.0,5.0,104.0,2.0,63.0,46.0,13649.0,2150.0
G85023,LEWISHAM MEDICAL CENTRE,U21222,LEWISHAM ALLIANCE PCN,72Q,E38000244,0.0,0.0,17.0,0.0,7.0,3.0,44.0,0.0,36.0,23.0,12827.0,1147.0
G85024,SYDENHAM GREEN GROUP PRACTICE,U23546,APLOS HEALTH PCN,72Q,E38000244,0.0,0.0,39.0,0.0,22.0,1.0,57.0,0.0,24.0,9.0,12279.0,2166.0
G85025,BRIXTON HILL GROUP PRACTICE,U39721,"HILLS, BROOKS & DALES GROUP PCN",72Q,E38000244,0.0,0.0,20.0,0.0,7.0,0.0,34.0,0.0,32.0,18.0,11915.0,925.0
G85026,CLIFTON RISE FAMILY PRACTICE,U53896,NORTH LEWISHAM PCN,72Q,E38000244,0.0,0.0,1.0,0.0,0.0,1.0,32.0,0.0,26.0,10.0,3634.0,673.0
G85028,STOCKWELL GROUP PRACTICE,U65434,STOCKWELLBEING PCN,72Q,E38000244,0.0,0.0,12.0,0.0,8.0,3.0,71.0,0.0,61.0,23.0,10912.0,1653.0
G85029,FALMOUTH ROAD GROUP PRACTICE,U06180,NORTH SOUTHWARK PCN,72Q,E38000244,0.0,0.0,90.0,0.0,5.0,0.0,25.0,0.0,24.0,13.0,16045.0,898.0
G85030,PARKSIDE MEDICAL CENTRE,U60094,SOUTH SOUTHWARK PCN,72Q,E38000244,0.0,0.0,38.0,1.0,4.0,1.0,20.0,0.0,17.0,8.0,5354.0,647.0
G85031,DMC CHADWICK ROAD,U60094,SOUTH SOUTHWARK PCN,72Q,E38000244,0.0,0.0,22.0,3.0,2.0,1.0,22.0,0.0,19.0,6.0,6081.0,750.0
G85032,TORRIDON ROAD MEDICAL PRACTICE,U58020,SEVENFIELDS PCN,72Q,E38000244,0.0,0.0,35.0,1.0,2.0,4.0,50.0,0.0,38.0,34.0,9983.0,1705.0
G85034,NEXUS HEALTH GROUP,U06180,NORTH SOUTHWARK PCN,72Q,E38000244,0.0,1.0,993.0,9.0,57.0,12.0,230.0,0.0,194.0,183.0,67595.0,7744.0
G85038,THE LEWISHAM CARE PARTNERSHIP,U11059,LEWISHAM CARE PARTNERSHIP PCN,72Q,E38000244,0.0,1.0,193.0,0.0,30.0,8.0,222.0,1.0,165.0,127.0,46134.0,5794.0
G85039,PAXTON GREEN GROUP PRACTICE,U60524,CROXTED PCN,72Q,E38000244,0.0,0.0,28.0,1.0,9.0,7.0,71.0,0.0,56.0,13.0,16888.0,2514.0
G85040,QUEENS ROAD SURGERY,U60094,SOUTH SOUTHWARK PCN,72Q,E38000244,0.0,0.0,66.0,10.0,4.0,1.0,34.0,0.0,24.0,10.0,12934.0,879.0
G85041,PALACE ROAD SURGERY,U99355,STREATHAM PCN,72Q,E38000244,0.0,0.0,8.0,0.0,4.0,0.0,35.0,0.0,25.0,11.0,7011.0,1037.0
G85042,ST GILES SURGERY,U60094,SOUTH SOUTHWARK PCN,72Q,E38000244,0.0,0.0,42.0,2.0,0.0,1.0,18.0,0.0,13.0,6.0,6125.0,600.0
G85044,VALLEY ROAD SURGERY,U99355,STREATHAM PCN,72Q,E38000244,0.0,0.0,21.0,0.0,5.0,0.0,22.0,0.0,20.0,11.0,4907.0,769.0
G85045,HETHERINGTON GROUP PRACTICE,U36779,BRIXTON AND CLAPHAM PARK PCN,72Q,E38000244,0.0,0.0,22.0,3.0,10.0,2.0,33.0,0.0,23.0,16.0,6849.0,1020.0
G85046,LEE ROAD SURGERY,U21222,LEWISHAM ALLIANCE PCN,72Q,E38000244,0.0,0.0,7.0,0.0,2.0,1.0,98.0,0.0,85.0,38.0,10238.0,1858.0
G85047,KNIGHTS HILL SURGERY SUITE 1,U39721,"HILLS, BROOKS & DALES GROUP PCN",72Q,E38000244,0.0,0.0,26.0,0.0,12.0,1.0,38.0,0.0,31.0,23.0,10465.0,824.0
G85051,ELM LODGE SURGERY,U60094,SOUTH SOUTHWARK PCN,72Q,E38000244,0.0,0.0,31.0,0.0,5.0,0.0,44.0,0.0,30.0,14.0,7757.0,1419.0
G85052,OLD KENT ROAD SURGERY,U06180,NORTH SOUTHWARK PCN,72Q,E38000244,0.0,0.0,124.0,57.0,1.0,2.0,21.0,0.0,20.0,16.0,9629.0,699.0
G85053,HURLEY AND RIVERSIDE PRACTICES,U38045,NORTH LAMBETH PCN,72Q,E38000244,0.0,2.0,129.0,8.0,7.0,1.0,42.0,0.0,31.0,29.0,21224.0,1909.0
G85054,LAMBETH WALK GROUP PRACTICE,U38045,NORTH LAMBETH PCN,72Q,E38000244,0.0,0.0,15.0,0.0,5.0,1.0,49.0,0.0,24.0,15.0,6126.0,1156.0
G85057,ASHDOWN MEDICAL GROUP,U58020,SEVENFIELDS PCN,72Q,E38000244,0.0,0.0,8.0,0.0,4.0,1.0,48.0,0.0,34.0,32.0,11034.0,1722.0
G85061,WOOLSTONE MEDICAL CENTRE,U23546,APLOS HEALTH PCN,72Q,E38000244,0.0,0.0,12.0,1.0,8.0,0.0,39.0,0.0,31.0,23.0,8579.0,1111.0
G85073,VASSALL MEDICAL CENTRE,U41041,FIVEWAYS PCN,72Q,E38000244,0.0,0.0,5.0,0.0,2.0,1.0,31.0,0.0,26.0,11.0,6526.0,740.0
G85076,NEW CROSS CENTRE (HURLEY GROUP),U53896,NORTH LEWISHAM PCN,72Q,E38000244,0.0,0.0,34.0,23.0,2.0,2.0,22.0,0.0,17.0,14.0,8644.0,812.0
G85083,SANDMERE PRACTICE,U45098,CLAPHAM PCN,72Q,E38000244,0.0,0.0,13.0,2.0,4.0,2.0,29.0,0.0,29.0,10.0,11344.0,1274.0
G85084,PENROSE SURGERY,U06180,NORTH SOUTHWARK PCN,72Q,E38000244,0.0,0.0,31.0,0.0,9.0,3.0,35.0,0.0,26.0,13.0,14991.0,950.0
G85085,GROVE MEDICAL CENTRE,U53896,NORTH LEWISHAM PCN,72Q,E38000244,0.0,0.0,9.0,0.0,2.0,0.0,26.0,0.0,20.0,13.0,12362.0,779.0
G85086,THE SOUTH LAMBETH RD PRACTICE,U38045,NORTH LAMBETH PCN,72Q,E38000244,0.0,0.0,12.0,0.0,4.0,0.0,16.0,0.0,8.0,*,10191.0,815.0
G85087,SILVERLOCK MEDICAL CENTRE,U06180,NORTH SOUTHWARK PCN,72Q,E38000244,3.0,0.0,63.0,0.0,2.0,5.0,17.0,0.0,21.0,8.0,16259.0,967.0
G85091,THE THREE ZERO SIX MEDICAL CENTRE,U60094,SOUTH SOUTHWARK PCN,72Q,E38000244,0.0,0.0,53.0,1.0,8.0,1.0,15.0,0.0,10.0,10.0,6246.0,496.0
G85096,THE VALE SURGERY,U99355,STREATHAM PCN,72Q,E38000244,0.0,0.0,143.0,1.0,2.0,1.0,52.0,0.0,37.0,31.0,9459.0,1119.0
G85100,BECKETT HOUSE PRACTICE,U65434,STOCKWELLBEING PCN,72Q,E38000244,0.0,0.0,21.0,1.0,8.0,0.0,23.0,0.0,17.0,17.0,7935.0,594.0
G85102,GRAY'S INN MEDICAL GROUP VAUXHALL,U38045,NORTH LAMBETH PCN,72Q,E38000244,2.0,0.0,20.0,6.0,3.0,1.0,15.0,0.0,11.0,7.0,8995.0,510.0
G85104,ICO HEALTH GROUP,U42936,RAVENSBOURNE PCN LTD,72Q,E38000244,0.0,0.0,3.0,0.0,0.0,1.0,40.0,2.0,26.0,*,8507.0,1515.0
G85105,VESTA ROAD SURGERY,U53896,NORTH LEWISHAM PCN,72Q,E38000244,0.0,0.0,35.0,1.0,1.0,0.0,11.0,0.0,9.0,7.0,6098.0,524.0
G85109,CLAPHAM PARK GROUP PRACTICE,U36779,BRIXTON AND CLAPHAM PARK PCN,72Q,E38000244,0.0,0.0,33.0,1.0,13.0,3.0,49.0,0.0,35.0,29.0,19740.0,1511.0
G85114,WELLS PARK PRACTICE,U23546,APLOS HEALTH PCN,72Q,E38000244,0.0,0.0,14.0,0.0,0.0,7.0,48.0,0.0,47.0,17.0,11570.0,1437.0
G85119,STERNHALL LANE SURGERY,U60094,SOUTH SOUTHWARK PCN,72Q,E38000244,0.0,0.0,22.0,0.0,5.0,1.0,32.0,1.0,26.0,18.0,5796.0,637.0
G85120,TRIANGLE GROUP PRACTICE,U21222,LEWISHAM ALLIANCE PCN,72Q,E38000244,0.0,0.0,1.0,0.0,0.0,3.0,28.0,0.0,31.0,27.0,5627.0,891.0
G85121,PARKVIEW SURGERY,U58020,SEVENFIELDS PCN,72Q,E38000244,0.0,1.0,21.0,0.0,4.0,6.0,76.0,3.0,58.0,43.0,9283.0,783.0
G85123,BINFIELD ROAD SURGERY,U65434,STOCKWELLBEING PCN,72Q,E38000244,0.0,0.0,23.0,0.0,11.0,0.0,35.0,0.0,28.0,13.0,9193.0,865.0
G85125,PARK MEDICAL CENTRE,U06180,NORTH SOUTHWARK PCN,72Q,E38000244,0.0,0.0,31.0,0.0,6.0,0.0,25.0,0.0,13.0,11.0,5358.0,751.0
G85127,THE CORNER SURGERY,U41041,FIVEWAYS PCN,72Q,E38000244,0.0,0.0,5.0,0.0,2.0,1.0,19.0,0.0,13.0,7.0,5931.0,475.0
G85129,THE DEERBROOK SURGERY,U41041,FIVEWAYS PCN,72Q,E38000244,0.0,0.0,12.0,0.0,6.0,0.0,16.0,0.0,13.0,11.0,7131.0,503.0
G85130,MAWBEY GROUP PRACTICE,U38045,NORTH LAMBETH PCN,72Q,E38000244,0.0,0.0,21.0,1.0,3.0,4.0,44.0,0.0,31.0,23.0,9162.0,979.0
G85132,TESSA JOWELL GP SURGERY,U60094,SOUTH SOUTHWARK PCN,72Q,E38000244,0.0,0.0,118.0,0.0,9.0,3.0,25.0,1.0,18.0,5.0,14304.0,1277.0
G85134,THE LISTER PRIMARY CARE CENTRE,U60094,SOUTH SOUTHWARK PCN,72Q,E38000244,0.0,0.0,182.0,24.0,0.0,2.0,20.0,0.0,19.0,10.0,8032.0,841.0
G85135,MINET GREEN HEALTH PRACTICE,U41041,FIVEWAYS PCN,72Q,E38000244,0.0,0.0,19.0,1.0,8.0,3.0,61.0,2.0,41.0,31.0,10312.0,1381.0
G85136,WATERLOO HEALTH CENTRE,U38045,NORTH LAMBETH PCN,72Q,E38000244,0.0,0.0,15.0,4.0,6.0,1.0,31.0,0.0,22.0,17.0,14252.0,1116.0
G85137,BROCKWELL PARK SURGERY,U60524,CROXTED PCN,72Q,E38000244,0.0,0.0,5.0,0.0,1.0,0.0,24.0,0.0,20.0,16.0,8002.0,717.0
G85138,ALBION STREET GROUP PRACTICE,U06180,NORTH SOUTHWARK PCN,72Q,E38000244,0.0,0.0,28.0,0.0,7.0,5.0,42.0,0.0,23.0,14.0,13554.0,1303.0
G85623,BERMONDSEY SPA MEDICAL CENTRE,U06180,NORTH SOUTHWARK PCN,72Q,E38000244,0.0,0.0,7.0,0.0,0.0,1.0,22.0,0.0,20.0,10.0,9910.0,951.0
G85632,THE VILLA STREET MEDICAL CENTRE,U06180,NORTH SOUTHWARK PCN,72Q,E38000244,0.0,0.0,52.0,2.0,5.0,2.0,29.0,0.0,25.0,18.0,8506.0,650.0
G85633,NOVUM HEALTH PARTNERSHIP,U42936,RAVENSBOURNE PCN LTD,72Q,E38000244,0.0,0.0,17.0,3.0,7.0,5.0,83.0,0.0,52.0,40.0,18155.0,2262.0
G85642,BLACKFRIARS MEDICAL PRACTICE,U06180,NORTH SOUTHWARK PCN,72Q,E38000244,0.0,0.0,63.0,14.0,17.0,1.0,28.0,0.0,22.0,18.0,8741.0,807.0
G85644,THE GARDENS SURGERY,U60094,SOUTH SOUTHWARK PCN,72Q,E38000244,0.0,0.0,30.0,1.0,4.0,0.0,22.0,0.0,12.0,7.0,5467.0,750.0
G85647,THE EXCHANGE SURGERY,U99355,STREATHAM PCN,72Q,E38000244,0.0,0.0,15.0,0.0,3.0,1.0,25.0,0.0,25.0,25.0,6882.0,709.0
G85651,THE DULWICH MEDICAL CENTRE,U60094,SOUTH SOUTHWARK PCN,72Q,E38000244,0.0,0.0,14.0,0.0,4.0,0.0,22.0,1.0,8.0,*,6178.0,692.0
G85662,THE STREATHAM HILL GROUP PRACTICE,U99355,STREATHAM PCN,72Q,E38000244,0.0,0.0,11.0,0.0,8.0,1.0,27.0,0.0,22.0,6.0,6462.0,970.0
G85673,SPRINGFIELD MEDICAL CENTRE,U65434,STOCKWELLBEING PCN,72Q,E38000244,0.0,0.0,7.0,0.0,2.0,1.0,11.0,0.0,12.0,10.0,6479.0,469.0
G85674,GRAFTON SQUARE SURGERY,U45098,CLAPHAM PCN,72Q,E38000244,0.0,0.0,2.0,0.0,2.0,0.0,11.0,0.0,4.0,*,6844.0,394.0
G85681,THE LORDSHIP LANE SURGERY,U60094,SOUTH SOUTHWARK PCN,72Q,E38000244,0.0,0.0,28.0,2.0,0.0,2.0,14.0,1.0,10.0,*,4223.0,519.0
G85685,THE NUNHEAD SURGERY,U60094,SOUTH SOUTHWARK PCN,72Q,E38000244,0.0,0.0,34.0,0.0,4.0,4.0,45.0,1.0,29.0,23.0,8274.0,1124.0
G85690,HERNE HILL ROAD MEDICAL PRACTICE,U41041,FIVEWAYS PCN,72Q,E38000244,0.0,0.0,10.0,0.0,4.0,1.0,17.0,0.0,12.0,7.0,6627.0,546.0
G85695,AKERMAN MEDICAL PRACTICE,U39721,"HILLS, BROOKS & DALES GROUP PCN",72Q,E38000244,2.0,1.0,35.0,8.0,8.0,1.0,171.0,0.0,121.0,79.0,6393.0,701.0
G85696,VALE MEDICAL CENTRE,U23546,APLOS HEALTH PCN,72Q,E38000244,0.0,0.0,2.0,0.0,0.0,2.0,72.0,0.0,49.0,16.0,16373.0,1184.0
G85698,AMERSHAM VALE TRAINING PRACTICE,U53896,NORTH LEWISHAM PCN,72Q,E38000244,0.0,0.0,30.0,8.0,11.0,2.0,26.0,0.0,26.0,21.0,15175.0,858.0
G85706,THE OLD DAIRY HEALTH CENTRE,U60524,CROXTED PCN,72Q,E38000244,0.0,1.0,23.0,1.0,8.0,0.0,27.0,0.0,20.0,5.0,5185.0,803.0
G85708,DR CURRAN & PARTNERS,U45098,CLAPHAM PCN,72Q,E38000244,0.0,0.0,10.0,0.0,4.0,1.0,30.0,0.0,17.0,7.0,9401.0,825.0
G85711,DEPTFORD SURGERY,U53896,NORTH LEWISHAM PCN,72Q,E38000244,0.0,0.0,7.0,1.0,1.0,0.0,11.0,0.0,9.0,6.0,11021.0,435.0
G85715,THE LISTER PRACTICE,U60094,SOUTH SOUTHWARK PCN,72Q,E38000244,0.0,0.0,139.0,14.0,5.0,5.0,26.0,0.0,23.0,8.0,10550.0,978.0
G85716,OAKVIEW FAMILY PRACTICE,U58020,SEVENFIELDS PCN,72Q,E38000244,0.0,0.0,5.0,0.0,2.0,0.0,18.0,0.0,13.0,9.0,5885.0,526.0
G85721,EAST STREET,U06180,NORTH SOUTHWARK PCN,72Q,E38000244,0.0,0.0,33.0,0.0,4.0,2.0,25.0,0.0,25.0,21.0,5975.0,663.0
G85722,WOODLANDS HEALTH CENTRE,U21222,LEWISHAM ALLIANCE PCN,72Q,E38000244,0.0,0.0,22.0,11.0,0.0,3.0,25.0,0.0,26.0,16.0,10680.0,739.0
G85724,EDITH CAVELL PRACTICE,U18315,AT MEDICS STREATHAM PCN,72Q,E38000244,0.0,0.0,21.0,0.0,1.0,2.0,33.0,0.0,24.0,6.0,18452.0,1139.0
G85726,BRUNSWICK PARK FAMILY PRACTICE,U60094,SOUTH SOUTHWARK PCN,72Q,E38000244,0.0,0.0,43.0,0.0,3.0,0.0,22.0,0.0,15.0,14.0,6746.0,782.0
G85727,NIGHTINGALE SURGERY,U21222,LEWISHAM ALLIANCE PCN,72Q,E38000244,0.0,0.0,12.0,0.0,5.0,3.0,23.0,0.0,18.0,14.0,6709.0,673.0
G85736,DEPTFORD MEDICAL CENTRE,U53896,NORTH LEWISHAM PCN,72Q,E38000244,0.0,0.0,19.0,2.0,6.0,2.0,10.0,0.0,7.0,6.0,4047.0,368.0
H81002,KNOWLE GREEN MEDICAL,U58525,SASSE NETWORK 2 PCN,92A,E38000264,0.0,0.0,23.0,21.0,0.0,2.0,31.0,1.0,29.0,7.0,7108.0,1326.0
H81003,SUNBURY GROUP PRACTICE,U46901,SASSE NETWORK 1 PCN,92A,E38000264,0.0,0.0,57.0,0.0,6.0,4.0,206.0,1.0,187.0,146.0,15569.0,3626.0
H81004,SHEPPERTON MEDICAL PRACTICE,U46901,SASSE NETWORK 1 PCN,92A,E38000264,0.0,0.0,24.0,1.0,6.0,1.0,188.0,0.0,161.0,131.0,8945.0,3503.0
H81005,POND TAIL SURGERY,U02049,SOUTH TANDRIDGE PCN,92A,E38000264,0.0,0.0,31.0,4.0,6.0,2.0,76.0,4.0,65.0,61.0,5045.0,1497.0
H81006,AUSTEN ROAD SURGERY,U33566,GUILDFORD EAST PCN,92A,E38000264,0.0,0.0,15.0,1.0,0.0,0.0,67.0,0.0,59.0,43.0,6967.0,1645.0
H81009,STUDHOLME MEDICAL CENTRE,U46901,SASSE NETWORK 1 PCN,92A,E38000264,0.0,0.0,20.0,0.0,3.0,2.0,129.0,0.0,70.0,41.0,13220.0,3182.0
H81010,GUILDOWNS GROUP PRACTICE,U34375,GUILDFORD WEST & NORTH PCN,92A,E38000264,0.0,0.0,28.0,0.0,1.0,7.0,219.0,2.0,177.0,94.0,21994.0,2627.0
H81011,NORK CLINIC,U,Unallocated,92A,E38000264,0.0,0.0,20.0,0.0,1.0,2.0,98.0,0.0,73.0,42.0,6811.0,1751.0
H81013,BARTLETT GROUP PRACTICE,U67032,SURREY HEATH PCN,D4U1Y,E38000252,1.0,0.0,109.0,0.0,9.0,10.0,250.0,0.0,193.0,153.0,22616.0,5792.0
H81015,CHOBHAM & WEST END MEDICAL PRACTICE,U51357,WOKING WISE 1 PCN,92A,E38000264,0.0,0.0,5.0,0.0,3.0,0.0,92.0,0.0,71.0,52.0,8488.0,2122.0
H81016,FAIRFIELD MEDICAL CENTRE,U,Unallocated,92A,E38000264,0.0,0.0,21.0,0.0,14.0,2.0,126.0,0.0,94.0,91.0,7140.0,3028.0
H81017,ASHLEA MEDICAL PRACTICE,U,Unallocated,92A,E38000264,0.0,2.0,72.0,1.0,26.0,2.0,191.0,0.0,138.0,77.0,15522.0,4431.0
H81019,SUNNY MEED SURGERY,U53317,WOKING WISE 2 PCN,92A,E38000264,0.0,0.0,48.0,0.0,3.0,7.0,93.0,1.0,69.0,55.0,12098.0,2072.0
H81020,FORT HOUSE SURGERY,U20410,WHAM PCN,92A,E38000264,0.0,0.0,12.0,1.0,0.0,1.0,60.0,0.0,44.0,21.0,11296.0,2301.0
H81021,THE MILL MEDICAL PRACTICE,U94184,EAST WAVERLEY PCN,92A,E38000264,0.0,0.0,6.0,2.0,2.0,1.0,198.0,0.0,156.0,113.0,13831.0,3167.0
H81022,CHIDDINGFOLD SURGERY,U39739,WEST OF WAVERLEY PCN,92A,E38000264,0.0,0.0,17.0,0.0,1.0,2.0,80.0,0.0,65.0,44.0,3910.0,1350.0
H81023,LINGFIELD SURGERY,U02049,SOUTH TANDRIDGE PCN,92A,E38000264,0.0,0.0,27.0,0.0,5.0,0.0,142.0,0.0,124.0,71.0,8667.0,2674.0
H81024,GOLDSWORTH PARK HEALTH CENTRE,U90175,WOKING WISE 3 PCN,92A,E38000264,0.0,0.0,20.0,1.0,2.0,6.0,175.0,0.0,161.0,111.0,10455.0,2384.0
H81025,ST JOHN'S FAMILY PRACTICE,U51357,WOKING WISE 1 PCN,92A,E38000264,0.0,0.0,16.0,1.0,2.0,3.0,154.0,0.0,113.0,88.0,8670.0,2774.0
H81026,BINSCOMBE MEDICAL CENTRE,U94184,EAST WAVERLEY PCN,92A,E38000264,0.0,0.0,33.0,0.0,1.0,2.0,138.0,2.0,54.0,45.0,9192.0,2411.0
H81027,FARNHAM PARK HEALTH GROUP,U17969,FARNHAM PCN,D4U1Y,E38000252,0.0,0.0,36.0,3.0,6.0,1.0,193.0,2.0,130.0,89.0,12394.0,3228.0
H81028,DORKING MEDICAL PRACTICE,U77584,DORKING PCN,92A,E38000264,0.0,0.0,26.0,0.0,10.0,3.0,163.0,0.0,122.0,76.0,8284.0,2968.0
H81029,DAPDUNE HOUSE SURGERY,U86623,CENTRAL AND NORTH GUILDFORD PCN,92A,E38000264,0.0,0.0,26.0,1.0,2.0,1.0,67.0,0.0,36.0,25.0,10932.0,1752.0
H81030,THE HOUSE PARTNERSHIP,U,Unallocated,92A,E38000264,0.0,0.0,16.0,0.0,2.0,7.0,182.0,0.0,138.0,95.0,24375.0,4235.0
H81031,WITLEY SURGERY,U39739,WEST OF WAVERLEY PCN,92A,E38000264,0.0,0.0,29.0,0.0,7.0,1.0,43.0,0.0,21.0,17.0,8985.0,2243.0
H81032,HEATHCOT MEDICAL PRACTICE,U90175,WOKING WISE 3 PCN,92A,E38000264,0.0,0.0,11.0,0.0,1.0,2.0,79.0,0.0,56.0,32.0,14638.0,2594.0
H81033,CHERTSEY HEALTH CENTRE,U20165,COCO PCN,92A,E38000264,0.0,0.0,65.0,0.0,2.0,5.0,171.0,1.0,133.0,64.0,18990.0,3922.0
H81034,MADEIRA MEDICAL,U67304,WB PCN,92A,E38000264,0.0,0.0,4.0,0.0,0.0,4.0,156.0,0.0,113.0,25.0,6905.0,1925.0
H81035,MERROW PARK SURGERY,U33566,GUILDFORD EAST PCN,92A,E38000264,0.0,0.0,7.0,0.0,3.0,1.0,54.0,0.0,49.0,34.0,9555.0,2047.0
H81036,PARISHES BRIDGE MED.PRACT,U67304,WB PCN,92A,E38000264,0.0,0.0,312.0,0.0,0.0,0.0,99.0,0.0,31.0,25.0,7664.0,2165.0
H81038,LITTLETON SURGERY,U89131,EAST ELMBRIDGE PCN,92A,E38000264,0.0,0.0,2.0,0.0,0.0,0.0,27.0,1.0,24.0,16.0,2811.0,694.0
H81039,PARK HOUSE SURGERY,U67032,SURREY HEATH PCN,D4U1Y,E38000252,0.0,0.0,19.0,0.0,2.0,0.0,66.0,0.0,56.0,34.0,5027.0,1375.0
H81040,STATION ROAD SURGERY,U67032,SURREY HEATH PCN,D4U1Y,E38000252,0.0,0.0,10.0,0.0,0.0,0.0,113.0,0.0,79.0,59.0,7482.0,1655.0
H81041,SOUTHVIEW MEDICAL PRACTICE,U53317,WOKING WISE 2 PCN,92A,E38000264,0.0,0.0,11.0,0.0,0.0,3.0,105.0,0.0,86.0,49.0,8988.0,1621.0
H81042,CROUCH OAK FAMILY PRACTICE,U20165,COCO PCN,92A,E38000264,0.0,0.0,18.0,0.0,1.0,2.0,121.0,0.0,92.0,89.0,13974.0,2844.0
H81043,WONERSH SURGERY,U94184,EAST WAVERLEY PCN,92A,E38000264,0.0,0.0,20.0,0.0,0.0,1.0,67.0,0.0,49.0,36.0,8033.0,2485.0
H81044,SPRINGFIELD SURGERY,U94184,EAST WAVERLEY PCN,92A,E38000264,0.0,0.0,16.0,0.0,4.0,1.0,79.0,1.0,57.0,43.0,3464.0,1286.0
H81045,CATERHAM VALLEY MEDICAL PRACTICE,U,Unallocated,92A,E38000264,0.0,0.0,19.0,0.0,6.0,1.0,97.0,2.0,60.0,43.0,8766.0,1953.0
H81046,WAYSIDE MEDICAL PRACTICE,U84550,HEALTHY HORLEY PCN,92A,E38000264,0.0,0.0,8.0,0.0,2.0,2.0,68.0,0.0,45.0,28.0,6085.0,1126.0
H81047,RUNNYMEDE MEDICAL PRACTICE,U,Unallocated,D4U1Y,E38000252,0.0,1.0,37.0,0.0,10.0,0.0,66.0,1.0,57.0,33.0,9498.0,2523.0
H81048,HOLMHURST MEDICAL CENTRE,U23535,REDHILL PHOENIX PCN,92A,E38000264,0.0,0.0,23.0,3.0,7.0,4.0,78.0,0.0,78.0,64.0,9316.0,1275.0
H81050,WEY FAMILY PRACTICE,U67304,WB PCN,92A,E38000264,0.0,0.0,18.0,0.0,0.0,4.0,113.0,0.0,83.0,57.0,9744.0,2497.0
H81051,DERBY MEDICAL CENTRE,U,Unallocated,92A,E38000264,0.0,0.0,11.0,0.0,4.0,2.0,99.0,0.0,86.0,55.0,11721.0,2316.0
H81052,CRANLEIGH MEDICAL PRACTICE,U94184,EAST WAVERLEY PCN,92A,E38000264,0.0,0.0,31.0,0.0,0.0,1.0,175.0,0.0,151.0,98.0,13104.0,4786.0
H81053,VILLAGES MEDICAL CTR,U33566,GUILDFORD EAST PCN,92A,E38000264,0.0,0.0,30.0,0.0,7.0,1.0,60.0,0.0,36.0,31.0,6878.0,2036.0
H81055,HAWTHORNS SURGERY,U23535,REDHILL PHOENIX PCN,92A,E38000264,0.0,0.0,15.0,0.0,8.0,1.0,65.0,0.0,37.0,18.0,6815.0,1908.0
H81056,OXTED HEALTH CENTRE,U02049,SOUTH TANDRIDGE PCN,92A,E38000264,1.0,0.0,36.0,1.0,17.0,3.0,217.0,0.0,158.0,131.0,12944.0,3926.0
H81057,FORDBRIDGE MEDICAL CENTRE,U58525,SASSE NETWORK 2 PCN,92A,E38000264,0.0,0.0,15.0,0.0,2.0,2.0,48.0,1.0,36.0,16.0,6472.0,1376.0
H81058,WOODLANDS ROAD MEDICAL CENTRE,U23535,REDHILL PHOENIX PCN,92A,E38000264,0.0,0.0,0.0,0.0,0.0,1.0,43.0,0.0,38.0,21.0,8634.0,1663.0
H81061,HILLVIEW MEDICAL CENTRE,U53317,WOKING WISE 2 PCN,92A,E38000264,0.0,0.0,25.0,1.0,2.0,2.0,127.0,0.0,109.0,66.0,13365.0,2042.0
H81062,HASLEMERE HEALTH CENTRE,U39739,WEST OF WAVERLEY PCN,92A,E38000264,0.0,0.0,33.0,0.0,9.0,6.0,231.0,0.0,165.0,75.0,14761.0,4253.0
H81064,FAIRLANDS MEDICAL PRACTICE,U86623,CENTRAL AND NORTH GUILDFORD PCN,92A,E38000264,0.0,0.0,38.0,0.0,7.0,0.0,171.0,0.0,109.0,100.0,10880.0,3150.0
H81065,HERSHAM SURGERY,U20410,WHAM PCN,92A,E38000264,0.0,0.0,49.0,2.0,10.0,0.0,99.0,1.0,88.0,64.0,8040.0,1894.0
H81066,GROVE MEDICAL CENTRE,U58525,SASSE NETWORK 2 PCN,92A,E38000264,0.0,0.0,32.0,2.0,5.0,1.0,102.0,0.0,83.0,70.0,12426.0,2419.0
H81067,COBHAM HEALTH CENTRE,U96425,COBHAM AND OXSHOTT PCN,92A,E38000264,0.0,0.0,41.0,1.0,1.0,2.0,202.0,0.0,153.0,140.0,10178.0,2859.0
H81068,BROCKWOOD MEDICAL PRACTICE,U77584,DORKING PCN,92A,E38000264,0.0,0.0,59.0,8.0,5.0,2.0,229.0,2.0,157.0,107.0,8736.0,3264.0
H81069,PARK ROAD GROUP PRACTICE,U67032,SURREY HEATH PCN,D4U1Y,E38000252,0.0,1.0,81.0,0.0,22.0,4.0,311.0,6.0,213.0,167.0,18328.0,4292.0
H81070,HEATHCOTE MEDICAL CENTRE,U,Unallocated,92A,E38000264,0.0,0.0,50.0,0.0,2.0,3.0,144.0,1.0,107.0,34.0,8904.0,2970.0
H81071,ASHLEY CENTRE SURGERY,U,Unallocated,92A,E38000264,0.0,0.0,5.0,0.0,0.0,0.0,65.0,1.0,54.0,37.0,9442.0,1654.0
H81072,MEDWYN SURGERY,U77584,DORKING PCN,92A,E38000264,0.0,0.0,46.0,0.0,1.0,5.0,137.0,2.0,108.0,54.0,11476.0,2648.0
H81073,PHOENIX FAMILY PRACTICE,U20410,WHAM PCN,92A,E38000264,0.0,0.0,34.0,0.0,0.0,3.0,170.0,0.0,116.0,88.0,19973.0,4615.0
H81074,ST STEPHENS HOUSE SURGERY,U,Unallocated,92A,E38000264,0.0,0.0,18.0,0.0,6.0,3.0,87.0,0.0,79.0,61.0,5115.0,1474.0
H81075,UPPER GORDON ROAD SURGERY,U67032,SURREY HEATH PCN,D4U1Y,E38000252,0.0,0.0,30.0,2.0,1.0,3.0,120.0,0.0,80.0,49.0,8861.0,2214.0
H81076,GRAYSHOTT SURGERY,U39739,WEST OF WAVERLEY PCN,92A,E38000264,0.0,0.0,27.0,1.0,2.0,9.0,220.0,0.0,103.0,74.0,8652.0,3635.0
H81077,SHERESURGERYANDDISPENSARY,U33566,GUILDFORD EAST PCN,92A,E38000264,0.0,0.0,8.0,0.0,0.0,0.0,66.0,1.0,48.0,29.0,6164.0,1983.0
H81078,GLENLYN MEDICAL CENTRE,U89131,EAST ELMBRIDGE PCN,92A,E38000264,0.0,0.0,29.0,4.0,7.0,3.0,188.0,0.0,121.0,115.0,13252.0,2888.0
H81080,LONGCROFT CLINIC,U,Unallocated,92A,E38000264,0.0,0.0,26.0,0.0,4.0,2.0,219.0,2.0,168.0,99.0,7292.0,3080.0
H81081,TADWORTH MEDICAL CENTRE,U,Unallocated,92A,E38000264,0.0,0.0,27.0,0.0,0.0,5.0,133.0,0.0,100.0,51.0,7549.0,2136.0
H81082,CAMBERLEY HEALTH CENTRE,U67032,SURREY HEATH PCN,D4U1Y,E38000252,0.0,0.0,7.0,0.0,1.0,2.0,87.0,1.0,67.0,31.0,7907.0,1766.0
H81084,THE HORSLEY MEDICAL PRACTICE,U33566,GUILDFORD EAST PCN,92A,E38000264,0.0,0.0,17.0,1.0,0.0,0.0,114.0,0.0,88.0,76.0,7849.0,2766.0
H81085,ST. LUKE'S SURGERY,U33566,GUILDFORD EAST PCN,92A,E38000264,0.0,0.0,30.0,0.0,2.0,1.0,95.0,0.0,68.0,64.0,9388.0,2031.0
H81086,THORKHILL SURGERY,U89131,EAST ELMBRIDGE PCN,92A,E38000264,0.0,0.0,4.0,0.0,2.0,2.0,24.0,0.0,18.0,7.0,3845.0,931.0
H81087,ST DAVID'S FAMILY PRACTICE,U90050,SASSE NETWORK 3 PCN,92A,E38000264,0.0,0.0,28.0,1.0,4.0,2.0,139.0,0.0,62.0,49.0,13732.0,1790.0
H81088,CENTRAL SURGERY,U17969,FARNHAM PCN,D4U1Y,E38000252,0.0,0.0,46.0,0.0,3.0,2.0,114.0,0.0,73.0,51.0,11453.0,3033.0
H81089,THE WALL HOUSE SURGERY,U,Unallocated,92A,E38000264,0.0,0.0,42.0,0.0,12.0,2.0,122.0,0.0,98.0,68.0,19014.0,3401.0
H81090,WOODBRIDGE HILL SURGERY,U86623,CENTRAL AND NORTH GUILDFORD PCN,92A,E38000264,0.0,0.0,7.0,0.0,1.0,0.0,65.0,0.0,40.0,12.0,15505.0,1672.0
H81091,SPRING STREET SURGERY,U,Unallocated,92A,E38000264,0.0,0.0,51.0,1.0,19.0,5.0,76.0,0.0,71.0,54.0,12481.0,2366.0
H81094,THE RED PRACTICE WALTON,U10870,WALTON PRACTICES CONFEDERATION PCN,92A,E38000264,0.0,0.0,19.0,0.0,3.0,1.0,82.0,0.0,38.0,13.0,8846.0,1801.0
H81095,THE YELLOW PRACTICE,U10870,WALTON PRACTICES CONFEDERATION PCN,92A,E38000264,0.0,0.0,0.0,0.0,0.0,1.0,20.0,1.0,12.0,8.0,2806.0,687.0
H81099,ESHER GREEN SURGERY,U89131,EAST ELMBRIDGE PCN,92A,E38000264,0.0,0.0,12.0,0.0,2.0,4.0,75.0,2.0,66.0,18.0,11725.0,2220.0
H81103,EASTWICK PARK MED.PRACT.,U,Unallocated,92A,E38000264,0.0,0.0,11.0,0.0,1.0,1.0,60.0,0.0,49.0,13.0,6331.0,2042.0
H81104,STANWELL ROAD SURGERY,U90050,SASSE NETWORK 3 PCN,92A,E38000264,0.0,0.0,20.0,18.0,0.0,1.0,41.0,0.0,21.0,10.0,7179.0,1319.0
H81107,OXSHOTT MEDICAL PRACTICE,U96425,COBHAM AND OXSHOTT PCN,92A,E38000264,0.0,0.0,5.0,1.0,0.0,0.0,75.0,0.0,55.0,43.0,6544.0,1486.0
H81109,CAPELFIELD SURGERY,U89131,EAST ELMBRIDGE PCN,92A,E38000264,0.0,1.0,8.0,2.0,1.0,0.0,42.0,0.0,33.0,31.0,6097.0,1674.0
H81110,HOLLY TREE SURGERY,U,Unallocated,D4U1Y,E38000252,0.0,0.0,9.0,1.0,0.0,0.0,77.0,0.0,75.0,59.0,4991.0,1480.0
H81111,VIRGINIA WATER MEDICAL PRACTICE,U58525,SASSE NETWORK 2 PCN,92A,E38000264,0.0,0.0,4.0,0.0,0.0,0.0,60.0,0.0,48.0,42.0,4757.0,1319.0
H81113,LEITH HILL PRACTICE,U77584,DORKING PCN,92A,E38000264,0.0,0.0,17.0,10.0,4.0,2.0,58.0,0.0,54.0,29.0,5818.0,2128.0
H81116,ELIZABETH HOUSE MEDICAL PRACTICE,U,Unallocated,92A,E38000264,0.0,0.0,26.0,0.0,6.0,0.0,52.0,1.0,40.0,28.0,4478.0,1513.0
H81119,WARLINGHAM GREEN MED PRAC,U,Unallocated,92A,E38000264,0.0,0.0,58.0,1.0,11.0,2.0,125.0,1.0,79.0,42.0,18286.0,3666.0
H81122,HYTHE MEDICAL CENTRE SURGERY,U90050,SASSE NETWORK 3 PCN,92A,E38000264,0.0,0.0,1.0,0.0,0.0,1.0,60.0,0.0,39.0,21.0,7443.0,1460.0
H81123,SHEERWATER HEALTH CENTRE,U90175,WOKING WISE 3 PCN,92A,E38000264,0.0,0.0,2.0,0.0,1.0,0.0,11.0,1.0,7.0,5.0,3215.0,343.0
H81126,TATTENHAM HEALTH CENTRE,U,Unallocated,92A,E38000264,0.0,0.0,27.0,0.0,10.0,4.0,166.0,0.0,118.0,95.0,6175.0,1870.0
H81128,VINE MEDICAL CENTRE,U89131,EAST ELMBRIDGE PCN,92A,E38000264,0.0,0.0,15.0,0.0,5.0,2.0,131.0,0.0,92.0,54.0,7021.0,1838.0
H81129,PIRBRIGHT SURGERY,U51357,WOKING WISE 1 PCN,92A,E38000264,0.0,0.0,5.0,1.0,0.0,0.0,17.0,0.0,17.0,11.0,4022.0,726.0
H81130,LIGHTWATER SURGERY,U67032,SURREY HEATH PCN,D4U1Y,E38000252,0.0,0.0,32.0,1.0,2.0,0.0,107.0,1.0,75.0,53.0,12127.0,3553.0
H81131,THE WHITE PRACTICE,U10870,WALTON PRACTICES CONFEDERATION PCN,92A,E38000264,1.0,0.0,32.0,28.0,1.0,0.0,28.0,0.0,24.0,24.0,3657.0,687.0
H81133,INTEGRATED CARE PARTNERSHIP - OCH,U47657,INTEGRATED CARE PARTNERSHIP PCN,92A,E38000264,0.0,0.0,30.0,1.0,4.0,11.0,236.0,0.0,115.0,47.0,24587.0,6390.0
H81134,STAINES HEALTH GROUP,U90050,SASSE NETWORK 3 PCN,92A,E38000264,0.0,0.0,15.0,1.0,1.0,2.0,99.0,0.0,75.0,61.0,10613.0,2462.0
H81615,FARNHAM DENE MEDICAL PRACTICE,U17969,FARNHAM PCN,D4U1Y,E38000252,0.0,0.0,38.0,1.0,4.0,3.0,127.0,1.0,91.0,58.0,11981.0,2652.0
H81618,MOLEBRIDGE PRACTICE,U,Unallocated,92A,E38000264,0.0,0.0,27.0,0.0,11.0,0.0,86.0,0.0,73.0,59.0,4899.0,1183.0
H81632,THE ORCHARD SURGERY,U58525,SASSE NETWORK 2 PCN,92A,E38000264,0.0,0.0,4.0,0.0,2.0,1.0,14.0,0.0,10.0,5.0,2457.0,562.0
H81638,MODALITY EAST SURREY MEDICAL PRACTICE,U84550,HEALTHY HORLEY PCN,92A,E38000264,0.0,0.0,74.0,3.0,18.0,15.0,349.0,1.0,268.0,247.0,30763.0,7327.0
H81641,THE PRACTICE COLLEGE ROAD,U51357,WOKING WISE 1 PCN,92A,E38000264,0.0,0.0,2.0,0.0,0.0,1.0,6.0,0.0,7.0,7.0,3669.0,351.0
H81642,UPPER HALLIFORD MEDICAL CENTRE,U46901,SASSE NETWORK 1 PCN,92A,E38000264,0.0,0.0,9.0,0.0,0.0,0.0,33.0,0.0,33.0,33.0,3625.0,746.0
H81643,MAYBURY SURGERY,U53317,WOKING WISE 2 PCN,92A,E38000264,0.0,0.0,2.0,0.0,0.0,0.0,6.0,0.0,5.0,*,3718.0,272.0
H81644,FOUNTAIN PRACTICE,U,Unallocated,92A,E38000264,1.0,0.0,14.0,3.0,2.0,1.0,161.0,0.0,137.0,59.0,6618.0,1794.0
H81656,SHADBOLT PARK HOUSE SURG,U,Unallocated,92A,E38000264,0.0,0.0,25.0,0.0,5.0,0.0,49.0,1.0,37.0,31.0,5341.0,1717.0
H81658,NEW OTTERSHAW SURGERY,U20165,COCO PCN,92A,E38000264,0.0,0.0,7.0,0.0,0.0,1.0,43.0,0.0,31.0,12.0,4971.0,1386.0
H81663,ASHLEY MEDICAL PRACTICE,U10870,WALTON PRACTICES CONFEDERATION PCN,92A,E38000264,0.0,0.0,7.0,0.0,0.0,0.0,46.0,0.0,34.0,32.0,3118.0,434.0
H81672,LANTERN SURGERY,U89131,EAST ELMBRIDGE PCN,92A,E38000264,0.0,0.0,10.0,0.0,2.0,2.0,75.0,0.0,57.0,40.0,5059.0,1144.0
H82003,MEADOWS SURGERY,U06871,BURGESS HILL & VILLAGES PCN,70F,E38000265,0.0,0.0,39.0,0.0,2.0,3.0,111.0,1.0,99.0,96.0,8728.0,2123.0
H82004,COWFOLD SURGERY,U96386,HORSHAM COLLABORATIVE PCN,70F,E38000265,0.0,0.0,18.0,2.0,0.0,1.0,41.0,0.0,28.0,27.0,3760.0,1280.0
H82005,CUCKFIELD MEDICAL CENTRE,U03364,HAYWARDS HEATH VILLAGES PCN,70F,E38000265,0.0,0.0,29.0,4.0,2.0,1.0,75.0,0.0,69.0,44.0,10929.0,2021.0
H82006,THE PETWORTH SURGERY,U33593,RURAL NORTH CHICHESTER PCN,70F,E38000265,0.0,0.0,19.0,1.0,2.0,2.0,111.0,0.0,99.0,94.0,4126.0,1879.0
H82007,WESTCOURT MEDICAL CENTRE,U,Unallocated,70F,E38000265,0.0,0.0,145.0,6.0,1.0,4.0,185.0,0.0,127.0,126.0,8364.0,4307.0
H82009,ST. LAWRENCE SURGERY,U13952,CENTRAL WORTHING PRACTICES PCN,70F,E38000265,0.0,0.0,51.0,0.0,9.0,3.0,208.0,2.0,160.0,99.0,13044.0,3607.0
H82011,STRAND MEDICAL GROUP,U,Unallocated,70F,E38000265,0.0,0.0,88.0,5.0,30.0,2.0,98.0,0.0,70.0,69.0,12269.0,3517.0
H82012,LEACROFT MEDICAL PRACTICE,U52694,CRAWLEY CARE COLLABORATIVE PCN,70F,E38000265,0.0,0.0,39.0,4.0,2.0,2.0,42.0,1.0,29.0,26.0,13730.0,1687.0
H82013,LANGLEY HOUSE SURGERY,U,Unallocated,70F,E38000265,0.0,0.0,64.0,2.0,2.0,2.0,169.0,2.0,140.0,140.0,9590.0,4021.0
H82014,COPPICE SURGERY,U04748,ANGMERING COPPICE FITZALAN (ACF) PCN,70F,E38000265,0.0,0.0,126.0,13.0,1.0,3.0,231.0,1.0,94.0,85.0,9512.0,3984.0
H82016,BERSTED GREEN SURGERY,U08235,REGIS HEALTHCARE PCN,70F,E38000265,0.0,0.0,75.0,9.0,5.0,2.0,121.0,0.0,109.0,91.0,10073.0,2826.0
H82017,PARK SURGERY,U32354,PARK AND ORCHARD PCN,70F,E38000265,0.0,0.0,62.0,5.0,2.0,5.0,408.0,0.0,311.0,271.0,15095.0,4617.0
H82020,BOGNOR MEDICAL CENTRE,U40836,BOGNOR COMMUNITY PARTNERSHIP PCN,70F,E38000265,0.0,0.0,39.0,1.0,0.0,2.0,53.0,0.0,12.0,9.0,7830.0,1644.0
H82021,ARUNDEL SURGERY,U08235,REGIS HEALTHCARE PCN,70F,E38000265,0.0,0.0,51.0,24.0,1.0,0.0,61.0,0.0,54.0,51.0,4432.0,2248.0
H82022,STEYNING HEALTH CENTRE,U,Unallocated,70F,E38000265,0.0,0.0,56.0,6.0,16.0,1.0,122.0,0.0,93.0,71.0,8177.0,3541.0
H82023,ADUR HEALTH PARTNERSHIP,U37037,SHOREHAM AND SOUTHWICK PCN,70F,E38000265,0.0,0.0,116.0,1.0,2.0,11.0,445.0,5.0,275.0,205.0,27788.0,8519.0
H82025,WOODLANDS&CLERKLANDS PARTNERSHIP,U14816,HEALTHY CRAWLEY PCN,70F,E38000265,0.0,0.0,46.0,4.0,0.0,2.0,99.0,1.0,78.0,74.0,14536.0,2655.0
H82026,SAXONBROOK MEDICAL CENTRE,U33451,SOUTH CRAWLEY PCN,70F,E38000265,0.0,0.0,30.0,2.0,7.0,2.0,48.0,1.0,40.0,25.0,17686.0,2035.0
H82027,RUDGWICK MEDICAL CENTRE,U96386,HORSHAM COLLABORATIVE PCN,70F,E38000265,0.0,0.0,23.0,4.0,0.0,0.0,16.0,4.0,9.0,8.0,3032.0,963.0
H82028,THE COURTYARD SURGERY HORSHAM,U96386,HORSHAM COLLABORATIVE PCN,70F,E38000265,0.0,0.0,23.0,3.0,4.0,0.0,86.0,0.0,62.0,52.0,13285.0,2433.0
H82030,PULBOROUGH MEDICAL GROUP,U33593,RURAL NORTH CHICHESTER PCN,70F,E38000265,2.0,0.0,415.0,272.0,5.0,3.0,134.0,0.0,76.0,45.0,9077.0,4311.0
H82031,LOXWOOD SURGERY,U33593,RURAL NORTH CHICHESTER PCN,70F,E38000265,0.0,0.0,23.0,2.0,0.0,0.0,48.0,1.0,41.0,37.0,5218.0,1812.0
H82032,RIVERBANK MEDICAL CENTRE,U33593,RURAL NORTH CHICHESTER PCN,70F,E38000265,0.0,0.0,53.0,6.0,3.0,2.0,108.0,0.0,92.0,87.0,9002.0,3925.0
H82033,GOSSOPS GREEN MEDICAL CTR,U33451,SOUTH CRAWLEY PCN,70F,E38000265,0.0,0.0,6.0,0.0,0.0,2.0,27.0,2.0,19.0,16.0,6085.0,1127.0
H82034,LIME TREE SURGERY,U49536,COASTAL AND SOUTH DOWNS PCN,70F,E38000265,1.0,0.0,210.0,18.0,7.0,4.0,316.0,1.0,185.0,164.0,19954.0,7946.0
H82035,LINDFIELD MEDICAL CENTRE,U03364,HAYWARDS HEATH VILLAGES PCN,70F,E38000265,0.0,0.0,32.0,2.0,1.0,1.0,146.0,2.0,120.0,91.0,7792.0,2976.0
H82036,ORCHARD SURGERY,U32354,PARK AND ORCHARD PCN,70F,E38000265,0.0,0.0,97.0,49.0,0.0,0.0,88.0,0.0,59.0,48.0,6293.0,2527.0
H82037,SELSEY MEDICAL PRACTICE,U,Unallocated,70F,E38000265,0.0,0.0,98.0,12.0,3.0,5.0,219.0,2.0,175.0,116.0,8031.0,4519.0
H82038,FLANSHAM PARK HEALTH CENTRE,U08235,REGIS HEALTHCARE PCN,70F,E38000265,0.0,0.0,101.0,6.0,0.0,4.0,162.0,0.0,124.0,124.0,8720.0,4169.0
H82039,PARK SURGERY,U,Unallocated,70F,E38000265,0.0,0.0,58.0,3.0,3.0,1.0,107.0,0.0,83.0,81.0,8463.0,2732.0
H82040,MODALITY MID SUSSEX,U80779,EAST GRINSTEAD PCN,70F,E38000265,0.0,0.0,119.0,0.0,4.0,6.0,239.0,3.0,165.0,101.0,21458.0,7081.0
H82041,VICTORIA ROAD SURGERY,U13952,CENTRAL WORTHING PRACTICES PCN,70F,E38000265,1.0,0.0,60.0,1.0,3.0,2.0,139.0,0.0,114.0,81.0,11504.0,2604.0
H82042,CATHEDRAL MEDICAL GROUP,U,Unallocated,70F,E38000265,0.0,0.0,60.0,3.0,4.0,4.0,170.0,0.0,135.0,106.0,11039.0,3132.0
H82043,GROVE HOUSE SURGERY,U,Unallocated,70F,E38000265,0.0,0.0,91.0,8.0,1.0,1.0,163.0,17.0,115.0,93.0,6648.0,4535.0
H82044,DOLPHINS PRACTICE,U04725,HAYWARDS HEATH CENTRAL PCN,70F,E38000265,0.0,0.0,22.0,0.0,0.0,3.0,139.0,0.0,126.0,113.0,8207.0,2364.0
H82045,WORTHING MEDICAL GROUP,U,Unallocated,70F,E38000265,0.0,0.0,111.0,2.0,46.0,18.0,596.0,0.0,427.0,392.0,15893.0,4674.0
H82046,BROADWATER MEDICAL CENTRE,U13952,CENTRAL WORTHING PRACTICES PCN,70F,E38000265,0.0,0.0,59.0,2.0,0.0,1.0,61.0,0.0,35.0,29.0,9257.0,2416.0
H82047,BRIDGE MEDICAL CENTRE,U52694,CRAWLEY CARE COLLABORATIVE PCN,70F,E38000265,0.0,0.0,6.0,0.0,1.0,1.0,60.0,0.0,52.0,52.0,11271.0,1829.0
H82048,AVISFORD MEDICAL GROUP,U08235,REGIS HEALTHCARE PCN,70F,E38000265,0.0,0.0,94.0,13.0,2.0,3.0,207.0,2.0,173.0,147.0,8145.0,3942.0
H82049,PARKLANDS SURGERY,U,Unallocated,70F,E38000265,0.0,1.0,31.0,2.0,7.0,0.0,93.0,1.0,73.0,63.0,7910.0,2534.0
H82050,IFIELD MEDICAL PRACTICE,U14816,HEALTHY CRAWLEY PCN,70F,E38000265,0.0,0.0,6.0,0.0,1.0,2.0,36.0,0.0,31.0,20.0,9466.0,1527.0
H82051,LAVANT ROAD SURGERY,U,Unallocated,70F,E38000265,0.0,0.0,37.0,1.0,4.0,2.0,102.0,2.0,72.0,67.0,9253.0,3364.0
H82052,POUND HILL MEDICAL GROUP,U14816,HEALTHY CRAWLEY PCN,70F,E38000265,0.0,0.0,44.0,0.0,0.0,7.0,84.0,0.0,65.0,37.0,13583.0,3316.0
H82053,FURNACE GREEN SURGERY,U14816,HEALTHY CRAWLEY PCN,70F,E38000265,0.0,0.0,29.0,0.0,4.0,2.0,62.0,0.0,52.0,34.0,5469.0,1602.0
H82055,BILLINGSHURST SURGERY,U,Unallocated,70F,E38000265,0.0,0.0,46.0,2.0,2.0,7.0,123.0,1.0,81.0,70.0,10938.0,2993.0
H82056,NEWTONS PRACTICE,U04725,HAYWARDS HEATH CENTRAL PCN,70F,E38000265,0.0,0.0,19.0,2.0,2.0,1.0,225.0,0.0,153.0,127.0,12032.0,2872.0
H82057,MID SUSSEX HEALTH CARE,U06871,BURGESS HILL & VILLAGES PCN,70F,E38000265,0.0,0.0,29.0,0.0,10.0,0.0,169.0,3.0,101.0,94.0,17452.0,5059.0
H82058,MAYWOOD HEALTH CARE CENTRE,U,Unallocated,70F,E38000265,0.0,0.0,89.0,10.0,1.0,9.0,267.0,0.0,235.0,186.0,14230.0,3741.0
H82059,WILLOW GREEN SURGERY,U,Unallocated,70F,E38000265,0.0,0.0,122.0,15.0,1.0,2.0,159.0,0.0,114.0,112.0,7643.0,4338.0
H82060,HENFIELD MEDICAL CENTRE,U,Unallocated,70F,E38000265,0.0,0.0,53.0,3.0,6.0,2.0,174.0,0.0,137.0,126.0,7053.0,3015.0
H82061,SELDEN MEDICAL CENTRE,U,Unallocated,70F,E38000265,0.0,0.0,36.0,1.0,1.0,3.0,65.0,0.0,48.0,24.0,7373.0,1760.0
H82063,MOATFIELD SURGERY,U80779,EAST GRINSTEAD PCN,70F,E38000265,0.0,0.0,57.0,0.0,9.0,2.0,150.0,0.0,115.0,90.0,13649.0,3851.0
H82064,SOUTHGATE MEDICAL GROUP,U52694,CRAWLEY CARE COLLABORATIVE PCN,70F,E38000265,0.0,0.0,10.0,4.0,4.0,1.0,61.0,0.0,60.0,47.0,10349.0,1332.0
H82065,BALL TREE SURGERY,U87478,LANCING AND SOMPTING PCN,70F,E38000265,0.0,0.0,111.0,5.0,4.0,3.0,170.0,1.0,161.0,136.0,11305.0,3948.0
H82066,FITZALAN MEDICAL GROUP,U04748,ANGMERING COPPICE FITZALAN (ACF) PCN,70F,E38000265,0.0,0.0,135.0,9.0,4.0,6.0,213.0,11.0,159.0,129.0,12814.0,3425.0
H82067,TANGMERE MEDICAL CENTRE,U,Unallocated,70F,E38000265,0.0,0.0,27.0,3.0,1.0,6.0,88.0,0.0,75.0,74.0,7087.0,1506.0
H82070,GLEBE SURGERY,U,Unallocated,70F,E38000265,0.0,0.0,37.0,2.0,1.0,1.0,107.0,0.0,71.0,67.0,8865.0,4331.0
H82072,SILVERDALE PRACTICE,U06871,BURGESS HILL & VILLAGES PCN,70F,E38000265,0.0,0.0,24.0,0.0,0.0,1.0,74.0,0.0,56.0,34.0,10924.0,2708.0
H82076,CORNERWAYS SURGERY,U,Unallocated,70F,E38000265,0.0,0.0,18.0,0.0,7.0,0.0,20.0,0.0,15.0,15.0,2790.0,1214.0
H82077,THE CROFT SURGERY,U40836,BOGNOR COMMUNITY PARTNERSHIP PCN,70F,E38000265,0.0,0.0,46.0,8.0,7.0,10.0,178.0,5.0,130.0,116.0,10760.0,3085.0
H82078,SOUTHBOURNE SURGERY,U,Unallocated,70F,E38000265,0.0,0.0,43.0,4.0,5.0,3.0,118.0,1.0,86.0,85.0,7545.0,2807.0
H82084,BROW MEDICAL CENTRE,U06871,BURGESS HILL & VILLAGES PCN,70F,E38000265,0.0,0.0,22.0,0.0,0.0,2.0,159.0,0.0,72.0,71.0,6071.0,1734.0
H82087,BARN SURGERY,U49536,COASTAL AND SOUTH DOWNS PCN,70F,E38000265,0.0,0.0,40.0,1.0,0.0,1.0,62.0,0.0,34.0,22.0,1821.0,2027.0
H82088,BEWBUSH MEDICAL CENTRE,U33451,SOUTH CRAWLEY PCN,70F,E38000265,0.0,0.0,0.0,0.0,0.0,0.0,12.0,0.0,11.0,10.0,5554.0,721.0
H82089,RIVERSIDE MEDICAL PRACTICE,U,Unallocated,70F,E38000265,0.0,0.0,15.0,1.0,0.0,0.0,48.0,0.0,38.0,31.0,9673.0,1899.0
H82091,NEW POND ROW SURGERY,U87478,LANCING AND SOMPTING PCN,70F,E38000265,0.0,0.0,36.0,0.0,1.0,0.0,49.0,0.0,39.0,27.0,6539.0,1954.0
H82092,VILLAGE SURGERY,U96386,HORSHAM COLLABORATIVE PCN,70F,E38000265,0.0,0.0,31.0,1.0,1.0,1.0,74.0,0.0,58.0,57.0,9116.0,2136.0
H82095,WITTERINGS MEDICAL CENTRE,U,Unallocated,70F,E38000265,0.0,0.0,56.0,0.0,1.0,5.0,202.0,0.0,179.0,177.0,6749.0,3650.0
H82096,THE ORCHARD SURGERY,U87478,LANCING AND SOMPTING PCN,70F,E38000265,0.0,0.0,11.0,0.0,1.0,0.0,43.0,0.0,29.0,23.0,4100.0,1368.0
H82098,COACHMANS MEDICAL PRACTICE,U33451,SOUTH CRAWLEY PCN,70F,E38000265,0.0,0.0,12.0,5.0,2.0,0.0,16.0,2.0,13.0,12.0,8953.0,1218.0
H82099,WEST MEADS SURGERY,U,Unallocated,70F,E38000265,0.0,0.0,64.0,1.0,0.0,6.0,211.0,0.0,179.0,155.0,5586.0,2514.0
H82100,NORTHLANDS WOOD SURGERY,U03364,HAYWARDS HEATH VILLAGES PCN,70F,E38000265,0.0,0.0,19.0,3.0,1.0,4.0,61.0,0.0,48.0,42.0,7169.0,1541.0
H82615,OUSE VALLEY PRACTICE,U03364,HAYWARDS HEATH VILLAGES PCN,70F,E38000265,0.0,0.0,14.0,2.0,3.0,8.0,114.0,1.0,106.0,101.0,8402.0,1613.0
H82640,HOLBROOK SURGERY,U,Unallocated,70F,E38000265,0.0,0.0,21.0,4.0,1.0,2.0,83.0,0.0,67.0,45.0,13184.0,3348.0
H83001,PORTLAND MEDICAL CENTRE,U44012,KESTON MOORINGS & PARKSIDE PCN,36L,E38000245,0.0,0.0,9.0,0.0,3.0,3.0,93.0,0.0,67.0,47.0,13585.0,1573.0
H83004,FARLEY ROAD MEDICAL PRACTICE,U52199,SELSDON ADDINGTON & SHIRLEY PCN,36L,E38000245,0.0,0.0,5.0,0.0,2.0,3.0,91.0,0.0,71.0,65.0,9147.0,2634.0
H83005,UPPER NORWOOD GROUP PRACTICE,U33024,ONE THORNTON HEATH PCN,36L,E38000245,0.0,0.0,7.0,5.0,1.0,3.0,38.0,0.0,32.0,20.0,13484.0,1277.0
H83006,NEW ADDINGTON GROUP PRACTICE,U30526,MAYDAY SOUTH PCN,36L,E38000245,0.0,0.0,33.0,0.0,11.0,3.0,72.0,0.0,57.0,12.0,10794.0,1230.0
H83007,VIOLET LANE MEDICAL PRACTICE,U09071,GPNET5 PCN,36L,E38000245,0.0,0.0,1.0,0.0,1.0,3.0,94.0,0.0,54.0,31.0,9244.0,1312.0
H83008,NORTHWAY ROAD SURGERY,U74798,CROYDON GP SUPER NETWORK PCN,36L,E38000245,0.0,0.0,0.0,0.0,0.0,0.0,14.0,0.0,7.0,7.0,3540.0,543.0
H83009,NORBURY MEDICAL PRACTICE,U85744,PRIMARY CARE NORTH CROYDON PCN,36L,E38000245,0.0,0.0,1.0,0.0,0.0,3.0,102.0,0.0,75.0,67.0,9041.0,1573.0
H83010,SOUTH NORWOOD HILL MEDICAL CENTRE,U33024,ONE THORNTON HEATH PCN,36L,E38000245,0.0,0.0,1.0,0.0,0.0,2.0,28.0,0.0,25.0,17.0,5749.0,945.0
H83011,NORTH CROYDON MEDICAL CENTRE,U30526,MAYDAY SOUTH PCN,36L,E38000245,0.0,0.0,3.0,0.0,2.0,6.0,63.0,0.0,55.0,46.0,7187.0,737.0
H83012,ST JAMES MEDICAL CENTRE,U92836,CROYDON LINK PCN,36L,E38000245,0.0,0.0,10.0,0.0,1.0,4.0,45.0,0.0,30.0,16.0,8263.0,1024.0
H83013,OLD COULSDON MEDICAL PRACTICE,U38734,SELSDON PURLEY & COULSDON HEALTH PCN,36L,E38000245,0.0,0.0,48.0,0.0,26.0,3.0,133.0,1.0,109.0,73.0,16082.0,3316.0
H83014,QUEENHILL MEDICAL PRACTICE,U52199,SELSDON ADDINGTON & SHIRLEY PCN,36L,E38000245,0.0,0.0,14.0,0.0,2.0,2.0,89.0,0.0,78.0,49.0,5133.0,1744.0
H83015,PARKSIDE GROUP PRACTICE,U44012,KESTON MOORINGS & PARKSIDE PCN,36L,E38000245,0.0,0.0,17.0,0.0,5.0,7.0,92.0,0.0,49.0,29.0,11653.0,2049.0
H83016,KESTON MEDICAL PRACTICE,U44012,KESTON MOORINGS & PARKSIDE PCN,36L,E38000245,0.0,0.0,19.0,0.0,6.0,10.0,322.0,2.0,209.0,88.0,20742.0,3984.0
H83017,BRIGSTOCK MEDICAL PRACTICE,U74798,CROYDON GP SUPER NETWORK PCN,36L,E38000245,0.0,0.0,45.0,1.0,19.0,3.0,113.0,0.0,88.0,77.0,11356.0,1935.0
H83018,SELSDON PARK MEDICAL PRACTICE,U38734,SELSDON PURLEY & COULSDON HEALTH PCN,36L,E38000245,0.0,0.0,41.0,0.0,21.0,9.0,152.0,8.0,136.0,27.0,14255.0,3436.0
H83019,FRIENDS ROAD MEDICAL PRACTICE,U09071,GPNET5 PCN,36L,E38000245,0.0,0.0,9.0,0.0,4.0,0.0,46.0,0.0,36.0,29.0,6436.0,1107.0
H83020,EVERSLEY MEDICAL CENTRE,U30526,MAYDAY SOUTH PCN,36L,E38000245,0.0,0.0,9.0,1.0,5.0,1.0,54.0,0.0,45.0,12.0,8862.0,1301.0
H83021,LONDON ROAD MEDICAL PRACTICE,U30526,MAYDAY SOUTH PCN,36L,E38000245,0.0,0.0,3.0,2.0,0.0,3.0,34.0,0.0,32.0,27.0,4895.0,945.0
H83022,THORNTON HEATH MEDICAL CENTRE,U33024,ONE THORNTON HEATH PCN,36L,E38000245,0.0,0.0,10.0,1.0,6.0,4.0,52.0,0.0,41.0,37.0,4875.0,1001.0
H83023,MORLAND ROAD SURGERY,U74798,CROYDON GP SUPER NETWORK PCN,36L,E38000245,0.0,5.0,5.0,4.0,0.0,3.0,52.0,0.0,40.0,7.0,5518.0,941.0
H83024,WOODCOTE MEDICAL,U38734,SELSDON PURLEY & COULSDON HEALTH PCN,36L,E38000245,0.0,0.0,34.0,4.0,15.0,15.0,195.0,3.0,152.0,90.0,14419.0,3310.0
H83028,ADDINGTON MEDICAL PRACTICE,U52199,SELSDON ADDINGTON & SHIRLEY PCN,36L,E38000245,0.0,0.0,14.0,0.0,5.0,7.0,58.0,0.0,48.0,40.0,8301.0,1445.0
H83029,HARTLAND WAY SURGERY,U74798,CROYDON GP SUPER NETWORK PCN,36L,E38000245,0.0,0.0,7.0,0.0,2.0,0.0,37.0,1.0,25.0,10.0,3573.0,1321.0
H83030,BROOM ROAD MEDICAL PRACTICE,U52199,SELSDON ADDINGTON & SHIRLEY PCN,36L,E38000245,0.0,0.0,4.0,0.0,2.0,1.0,55.0,0.0,27.0,19.0,2786.0,469.0
H83031,HALING PARK MEDICAL PRACTICE,U09071,GPNET5 PCN,36L,E38000245,0.0,0.0,3.0,0.0,1.0,0.0,29.0,0.0,21.0,17.0,3140.0,499.0
H83033,ASHBURTON PARK MEDICAL CENTRE,U74798,CROYDON GP SUPER NETWORK PCN,36L,E38000245,0.0,8.0,17.0,8.0,7.0,3.0,28.0,0.0,19.0,11.0,4097.0,507.0
H83034,WHITEHORSE PRACTICE,U74798,CROYDON GP SUPER NETWORK PCN,36L,E38000245,0.0,0.0,47.0,40.0,2.0,2.0,24.0,0.0,26.0,5.0,6233.0,785.0
H83037,AUCKLAND SURGERY,U33024,ONE THORNTON HEATH PCN,36L,E38000245,0.0,0.0,14.0,0.0,8.0,3.0,121.0,0.0,66.0,39.0,6457.0,1109.0
H83039,STOVELL HOUSE SURGERY,U09071,GPNET5 PCN,36L,E38000245,0.0,0.0,6.0,0.0,1.0,0.0,47.0,1.0,31.0,29.0,6904.0,1438.0
H83042,LEANDER FAMILY PRACTICE,U85744,PRIMARY CARE NORTH CROYDON PCN,36L,E38000245,0.0,0.0,6.0,0.0,2.0,3.0,63.0,0.0,52.0,35.0,8175.0,1143.0
H83043,SHIRLEY MEDICAL CENTRE,U74798,CROYDON GP SUPER NETWORK PCN,36L,E38000245,0.0,0.0,13.0,0.0,6.0,0.0,75.0,0.0,45.0,7.0,5552.0,1882.0
H83044,EAST CROYDON MEDICAL CENTRE,U92836,CROYDON LINK PCN,36L,E38000245,0.0,0.0,25.0,0.0,8.0,5.0,120.0,1.0,96.0,53.0,23263.0,2387.0
H83049,HEADLEY DRIVE SURGERY,U30526,MAYDAY SOUTH PCN,36L,E38000245,0.0,0.0,11.0,0.0,3.0,2.0,8.0,0.0,8.0,*,2425.0,301.0
H83051,THORNTON ROAD & VALLEY PARK SURGERY,U30526,MAYDAY SOUTH PCN,36L,E38000245,0.0,0.0,6.0,0.0,1.0,2.0,34.0,0.0,28.0,9.0,19166.0,1168.0
H83052,BRAMLEY AVENUE SURGERY,U38734,SELSDON PURLEY & COULSDON HEALTH PCN,36L,E38000245,0.0,0.0,11.0,0.0,6.0,0.0,22.0,0.0,20.0,*,2233.0,626.0
H83053,PARCHMORE MEDICAL CENTRE,U33024,ONE THORNTON HEATH PCN,36L,E38000245,0.0,0.0,25.0,0.0,10.0,4.0,91.0,1.0,63.0,32.0,12361.0,1992.0
H83608,YOUR FAMILY PRACTICE,U85744,PRIMARY CARE NORTH CROYDON PCN,36L,E38000245,0.0,0.0,14.0,1.0,5.0,4.0,43.0,0.0,32.0,14.0,10340.0,1109.0
H83609,MERSHAM MEDICAL CENTRE,U33024,ONE THORNTON HEATH PCN,36L,E38000245,0.0,0.0,6.0,1.0,2.0,0.0,31.0,0.0,29.0,17.0,4356.0,656.0
H83611,SELHURST MEDICAL CENTRE,U74798,CROYDON GP SUPER NETWORK PCN,36L,E38000245,0.0,0.0,6.0,0.0,2.0,1.0,25.0,0.0,13.0,*,5607.0,442.0
H83624,FAIRVIEW MEDICAL CENTRE,U85744,PRIMARY CARE NORTH CROYDON PCN,36L,E38000245,0.0,0.0,8.0,0.0,5.0,2.0,59.0,0.0,43.0,36.0,7368.0,1086.0
H83627,BIRDHURST MEDICAL PRACTICE,U09071,GPNET5 PCN,36L,E38000245,0.0,0.0,3.0,0.0,1.0,8.0,141.0,0.0,130.0,113.0,7047.0,964.0
H83631,GREENSIDE GROUP PRACTICE,U74798,CROYDON GP SUPER NETWORK PCN,36L,E38000245,0.0,0.0,4.0,0.0,0.0,8.0,24.0,0.0,24.0,6.0,10677.0,741.0
H84002,PARK ROAD SURGERY,U84150,HAMPTON PCN,36L,E38000245,0.0,0.0,15.0,0.0,0.0,4.0,96.0,0.0,73.0,36.0,10208.0,2343.0
H84005,PARKSHOT MEDICAL PRACTICE,U,Unallocated,36L,E38000245,0.0,0.0,22.0,3.0,1.0,6.0,66.0,2.0,57.0,43.0,11802.0,2203.0
H84006,RICHMOND MEDICAL GROUP,U32828,SHEEN & BARNES PCN,36L,E38000245,0.0,0.0,34.0,0.0,4.0,4.0,146.0,3.0,115.0,43.0,14622.0,2972.0
H84007,ACORN GROUP PRACTICE,U49896,TEDDINGTON PCN,36L,E38000245,0.0,0.0,8.0,0.0,1.0,1.0,64.0,1.0,52.0,35.0,5966.0,1491.0
H84010,CANBURY MEDICAL CENTRE,U37262,CANBURY CHURCHILL ORCHARD BERRYLANDS PCN,36L,E38000245,0.0,0.0,33.0,1.0,3.0,1.0,35.0,0.0,24.0,23.0,8109.0,1582.0
H84012,YORK MEDICAL PRACTICE,U96434,EAST TWICKENHAM PCN,36L,E38000245,0.0,0.0,19.0,0.0,5.0,0.0,46.0,0.0,30.0,8.0,12943.0,2045.0
H84014,PARADISE ROAD SURGERY,U,Unallocated,36L,E38000245,0.0,0.0,1.0,0.0,0.0,1.0,6.0,0.0,6.0,*,2069.0,407.0
H84015,BRUNSWICK SURGERY,U72231,SURBITON HEALTH CENTRE PCN,36L,E38000245,0.0,0.0,12.0,1.0,2.0,2.0,55.0,0.0,47.0,41.0,7778.0,1210.0
H84016,GROVES MEDICAL CENTRE,U88126,NEW MALDEN & WORCESTER PARK PCN,36L,E38000245,0.0,0.0,36.0,0.0,7.0,2.0,240.0,1.0,175.0,92.0,13464.0,3067.0
H84017,SEYMOUR HOUSE SURGERY,U,Unallocated,36L,E38000245,0.0,0.0,4.0,0.0,2.0,5.0,141.0,0.0,106.0,69.0,9900.0,2463.0
H84018,BROAD LANE SURGERY,U84150,HAMPTON PCN,36L,E38000245,1.0,0.0,20.0,1.0,0.0,0.0,30.0,0.0,23.0,6.0,5989.0,1240.0
H84020,FAIRHILL MEDICAL PRACTICE,U52814,KINGSTON PCN,36L,E38000245,0.0,0.0,10.0,0.0,1.0,1.0,45.0,1.0,19.0,11.0,21338.0,1824.0
H84023,ESSEX HOUSE SURGERY,U32828,SHEEN & BARNES PCN,36L,E38000245,0.0,0.0,8.0,0.0,0.0,2.0,54.0,0.0,49.0,16.0,11977.0,1791.0
H84025,HOOK SURGERY,U19424,CHESSINGTON AND SURBITON PCN,36L,E38000245,0.0,0.0,6.0,1.0,1.0,0.0,40.0,0.0,32.0,29.0,6405.0,1099.0
H84027,CHURCHILL MEDICAL CENTRE,U37262,CANBURY CHURCHILL ORCHARD BERRYLANDS PCN,36L,E38000245,0.0,1.0,37.0,0.0,9.0,2.0,61.0,0.0,42.0,13.0,15398.0,2238.0
H84030,CENTRAL SURGERY,U72231,SURBITON HEALTH CENTRE PCN,36L,E38000245,0.0,0.0,25.0,1.0,0.0,2.0,171.0,1.0,139.0,107.0,9939.0,2810.0
H84031,JUBILEE SURGERY,U96434,EAST TWICKENHAM PCN,36L,E38000245,0.0,0.0,24.0,0.0,4.0,1.0,45.0,0.0,22.0,20.0,4741.0,1055.0
H84032,HAMPTON WICK SURGERY,U49896,TEDDINGTON PCN,36L,E38000245,0.0,0.0,10.0,1.0,2.0,4.0,112.0,0.0,28.0,23.0,7045.0,1850.0
H84033,ST ALBANS MEDICAL CENTRE,U52814,KINGSTON PCN,36L,E38000245,0.0,0.0,15.0,0.0,4.0,0.0,34.0,0.0,26.0,25.0,5107.0,1363.0
H84034,ORCHARD PRACTICE,U37262,CANBURY CHURCHILL ORCHARD BERRYLANDS PCN,36L,E38000245,0.0,0.0,26.0,0.0,10.0,2.0,52.0,0.0,27.0,8.0,6975.0,1540.0
H84039,CROSS DEEP SURGERY,U96434,EAST TWICKENHAM PCN,36L,E38000245,3.0,0.0,28.0,1.0,2.0,3.0,89.0,0.0,71.0,15.0,9855.0,1957.0
H84040,HAMPTON MEDICAL CENTRE,U84150,HAMPTON PCN,36L,E38000245,1.0,1.0,22.0,0.0,0.0,2.0,162.0,0.0,118.0,59.0,8768.0,2516.0
H84041,VINEYARD SURGERY,U,Unallocated,36L,E38000245,0.0,0.0,2.0,0.0,0.0,0.0,21.0,2.0,17.0,6.0,6675.0,698.0
H84042,HOLMWOOD CORNER SURGERY,U88126,NEW MALDEN & WORCESTER PARK PCN,36L,E38000245,0.0,0.0,49.0,0.0,16.0,6.0,97.0,0.0,66.0,49.0,11478.0,2174.0
H84044,THE GREEN & FIR ROAD,U49896,TEDDINGTON PCN,36L,E38000245,0.0,0.0,30.0,2.0,8.0,2.0,30.0,0.0,23.0,17.0,7230.0,1112.0
H84048,TWICKENHAM PARK SURGERY,U96434,EAST TWICKENHAM PCN,36L,E38000245,0.0,0.0,5.0,0.0,4.0,3.0,76.0,0.0,57.0,15.0,7529.0,1138.0
H84050,CHESSINGTON PARK SURGERY,U19424,CHESSINGTON AND SURBITON PCN,36L,E38000245,0.0,0.0,11.0,1.0,2.0,0.0,46.0,0.0,28.0,14.0,6211.0,1317.0
H84051,ROSELAWN SURGERY,U88126,NEW MALDEN & WORCESTER PARK PCN,36L,E38000245,0.0,0.0,7.0,0.0,0.0,0.0,70.0,0.0,53.0,30.0,6458.0,957.0
H84053,BERRYLANDS SURGERY,U37262,CANBURY CHURCHILL ORCHARD BERRYLANDS PCN,36L,E38000245,0.0,0.0,4.0,0.0,0.0,1.0,40.0,1.0,30.0,28.0,5563.0,880.0
H84054,RED LION ROAD SURGERY,U19424,CHESSINGTON AND SURBITON PCN,36L,E38000245,0.0,0.0,10.0,0.0,0.0,1.0,19.0,0.0,16.0,16.0,3068.0,482.0
H84055,SHEEN LANE SURGERY,U32828,SHEEN & BARNES PCN,36L,E38000245,0.0,0.0,32.0,0.0,8.0,1.0,76.0,0.0,44.0,32.0,9441.0,1912.0
H84057,STAINES ROAD MEDICAL CENTRE,U84150,HAMPTON PCN,36L,E38000245,0.0,0.0,0.0,0.0,0.0,0.0,12.0,0.0,10.0,7.0,3306.0,425.0
H84059,THAMESIDE MEDICAL PRACTICE,U49896,TEDDINGTON PCN,36L,E38000245,0.0,0.0,2.0,0.0,0.0,1.0,22.0,0.0,20.0,11.0,4506.0,706.0
H84060,RICHMOND LOCK SURGERY,U96434,EAST TWICKENHAM PCN,36L,E38000245,0.0,0.0,12.0,0.0,1.0,2.0,25.0,0.0,22.0,13.0,6449.0,1181.0
H84061,KINGSTON HEALTH CENTRE,U52814,KINGSTON PCN,36L,E38000245,0.0,0.0,44.0,1.0,5.0,5.0,44.0,0.0,33.0,28.0,26710.0,2009.0
H84062,LANGLEY MEDICAL PRACTICE,U72231,SURBITON HEALTH CENTRE PCN,36L,E38000245,0.0,0.0,5.0,1.0,1.0,0.0,70.0,0.0,60.0,56.0,7330.0,1315.0
H84618,SUNRAY SURGERY,U19424,CHESSINGTON AND SURBITON PCN,36L,E38000245,0.0,0.0,0.0,0.0,0.0,1.0,15.0,0.0,14.0,12.0,4635.0,681.0
H84619,CLAREMONT MEDICAL CENTRE,U19424,CHESSINGTON AND SURBITON PCN,36L,E38000245,0.0,0.0,27.0,0.0,0.0,0.0,22.0,0.0,16.0,14.0,9794.0,1088.0
H84623,HAMPTON HILL MEDICAL CENTRE,U49896,TEDDINGTON PCN,36L,E38000245,0.0,0.0,48.0,0.0,3.0,4.0,53.0,0.0,54.0,16.0,7200.0,1401.0
H84625,WOODLAWN MEDICAL CENTRE,U96434,EAST TWICKENHAM PCN,36L,E38000245,0.0,0.0,7.0,0.0,4.0,1.0,50.0,0.0,41.0,7.0,4468.0,753.0
H84630,CRANE PARK SURGERY,U96434,EAST TWICKENHAM PCN,36L,E38000245,0.0,0.0,0.0,0.0,0.0,0.0,10.0,0.0,8.0,5.0,3310.0,367.0
H84635,MANOR DRIVE MEDICAL CENTRE,U88126,NEW MALDEN & WORCESTER PARK PCN,36L,E38000245,0.0,0.0,46.0,0.0,4.0,2.0,93.0,0.0,79.0,41.0,13812.0,2657.0
H84639,KEW MEDICAL PRACTICE,U,Unallocated,36L,E38000245,0.0,0.0,0.0,0.0,0.0,0.0,13.0,0.0,9.0,9.0,5324.0,520.0
H85001,WANDSWORTH MEDICAL CENTRE,U61963,WANDLE PCN,36L,E38000245,0.0,0.0,36.0,22.0,2.0,4.0,32.0,1.0,27.0,11.0,18223.0,1085.0
H85002,FALCON ROAD MEDICAL CENTRE,U73458,WANDSWORTH PCN,36L,E38000245,0.0,0.0,12.0,2.0,1.0,1.0,28.0,0.0,22.0,17.0,10972.0,928.0
H85003,QUEENSTOWN ROAD MEDICAL PRACTICE,U42154,BATTERSEA PCN,36L,E38000245,0.0,0.0,26.0,0.0,3.0,0.0,35.0,0.0,7.0,*,6108.0,886.0
H85006,MAYFIELD SURGERY,U97650,PRIME WANDSWORTH PCN,36L,E38000245,0.0,0.0,22.0,0.0,1.0,1.0,53.0,0.0,39.0,29.0,5682.0,853.0
H85007,SOUTHFIELDS GROUP PRACTICE,U61963,WANDLE PCN,36L,E38000245,0.0,0.0,24.0,1.0,14.0,2.0,59.0,0.0,43.0,19.0,8982.0,1755.0
H85008,ROEHAMPTON SURGERY,U45842,WEST WANDSWORTH PCN,36L,E38000245,0.0,0.0,11.0,0.0,1.0,2.0,138.0,0.0,105.0,80.0,5550.0,1109.0
H85009,BEDFORD HILL FAMILY PRACTICE,U42598,"BALHAM, TOOTING & FURZEDOWN PCN",36L,E38000245,0.0,0.0,32.0,0.0,7.0,2.0,57.0,0.0,41.0,34.0,12556.0,1578.0
H85011,GREYSWOOD PRACTICE,U42598,"BALHAM, TOOTING & FURZEDOWN PCN",36L,E38000245,0.0,0.0,20.0,1.0,5.0,3.0,61.0,0.0,48.0,40.0,9099.0,1370.0
H85012,PUTNEYMEAD GROUP MEDICAL PRACTICE,U45842,WEST WANDSWORTH PCN,36L,E38000245,0.0,1.0,48.0,4.0,9.0,2.0,141.0,0.0,117.0,98.0,21531.0,2672.0
H85018,MULGRAVE ROAD SURGERY,U07607,CENTRAL SUTTON PCN,36L,E38000245,0.0,1.0,23.0,0.0,5.0,1.0,47.0,0.0,35.0,28.0,7318.0,1420.0
H85020,NELSON MEDICAL PRACTICE,U44050,SOUTH WEST MERTON PCN,36L,E38000245,0.0,0.0,25.0,1.0,2.0,5.0,226.0,1.0,179.0,129.0,27816.0,4642.0
H85021,CHESSER PRACTICE,U,Unallocated,36L,E38000245,0.0,0.0,16.0,4.0,1.0,1.0,26.0,2.0,18.0,6.0,5180.0,914.0
H85022,PARK ROAD MEDICAL CENTRE,U66620,WALLINGTON PCN,36L,E38000245,0.0,0.0,25.0,5.0,4.0,0.0,22.0,0.0,20.0,6.0,4244.0,671.0
H85023,BISHOPSFORD ROAD MEDICAL CENTRE,U,Unallocated,36L,E38000245,0.0,0.0,3.0,0.0,0.0,1.0,16.0,0.0,16.0,*,4319.0,677.0
H85024,MITCHAM & TOOTING HEALTH,U77811,NORTH MERTON PCN,36L,E38000245,0.0,0.0,8.0,0.0,1.0,3.0,101.0,0.0,75.0,40.0,6791.0,1231.0
H85025,WRYTHE GREEN SURGERY,U,Unallocated,36L,E38000245,0.0,1.0,40.0,6.0,2.0,5.0,142.0,0.0,120.0,93.0,14251.0,2562.0
H85026,FRANCIS GROVE SURGERY,U00070,WEST MERTON PCN,36L,E38000245,0.0,0.0,11.0,1.0,0.0,1.0,37.0,1.0,31.0,11.0,13330.0,1557.0
H85027,WIMBLEDON VILLAGE SURGERY,U52546,NORTH WEST MERTON PCN,36L,E38000245,0.0,0.0,24.0,1.0,6.0,1.0,148.0,2.0,131.0,107.0,10430.0,2822.0
H85028,WIMBLEDON MEDICAL PRACTICE,U52546,NORTH WEST MERTON PCN,36L,E38000245,0.0,0.0,31.0,0.0,1.0,1.0,62.0,0.0,8.0,7.0,9801.0,1142.0
H85029,WIDE WAY MEDICAL CENTRE,U,Unallocated,36L,E38000245,0.0,0.0,20.0,0.0,0.0,1.0,85.0,1.0,48.0,21.0,13435.0,2049.0
H85030,OLD COURT HOUSE SURGERY,U07607,CENTRAL SUTTON PCN,36L,E38000245,1.0,1.0,60.0,18.0,5.0,2.0,112.0,0.0,88.0,53.0,10767.0,2399.0
H85031,BENHILL & BELMONT GP CENTRE,U92151,CHEAM AND SOUTH SUTTON PCN,36L,E38000245,0.0,0.0,18.0,0.0,4.0,4.0,146.0,0.0,121.0,103.0,10027.0,1834.0
H85033,TAMWORTH HOUSE MEDICAL CENTRE,U45943,EAST MERTON PCN,36L,E38000245,0.0,0.0,16.0,0.0,1.0,7.0,75.0,0.0,52.0,34.0,8180.0,1506.0
H85037,MORDEN HALL MEDICAL CENTRE,U,Unallocated,36L,E38000245,0.0,0.0,48.0,0.0,3.0,0.0,72.0,2.0,51.0,43.0,11984.0,2145.0
H85038,CRICKET GREEN MEDICAL PRACTICE,U45943,EAST MERTON PCN,36L,E38000245,0.0,0.0,26.0,0.0,2.0,5.0,114.0,0.0,93.0,77.0,9716.0,1558.0
H85041,EARLSFIELD SURGERY,U61963,WANDLE PCN,36L,E38000245,1.0,0.0,26.0,2.0,3.0,3.0,45.0,0.0,30.0,20.0,13990.0,1183.0
H85045,BRIDGE LANE GROUP PRACTICE,U42154,BATTERSEA PCN,36L,E38000245,0.0,1.0,57.0,19.0,7.0,2.0,81.0,0.0,65.0,47.0,11921.0,1954.0
H85047,CHATFIELD HEALTH CARE,U73458,WANDSWORTH PCN,36L,E38000245,0.0,1.0,29.0,4.0,5.0,3.0,74.0,0.0,64.0,42.0,11154.0,1442.0
H85048,BROCKLEBANK GROUP PRACTICE,U71206,BROCKLEBANK PCN,36L,E38000245,0.0,0.0,9.0,1.0,4.0,3.0,91.0,0.0,72.0,37.0,14528.0,1693.0
H85049,BATTERSEA RISE GROUP PRACTICE,U42154,BATTERSEA PCN,36L,E38000245,0.0,0.0,12.0,2.0,0.0,0.0,19.0,0.0,18.0,6.0,6179.0,564.0
H85051,LAMBTON ROAD MEDICAL PRACTICE,U00070,WEST MERTON PCN,36L,E38000245,0.0,0.0,27.0,0.0,5.0,4.0,118.0,0.0,92.0,81.0,16201.0,2304.0
H85052,STREATHAM PARK SURGERY,U42598,"BALHAM, TOOTING & FURZEDOWN PCN",36L,E38000245,0.0,0.0,17.0,0.0,4.0,2.0,41.0,0.0,35.0,35.0,3664.0,665.0
H85053,SUTTON MEDICAL CENTRE,U,Unallocated,36L,E38000245,0.0,0.0,14.0,2.0,4.0,5.0,48.0,0.0,46.0,43.0,4908.0,623.0
H85055,WEST BARNES SURGERY,U88126,NEW MALDEN & WORCESTER PARK PCN,36L,E38000245,0.0,0.0,6.0,0.0,0.0,2.0,67.0,0.0,17.0,9.0,5775.0,1460.0
H85057,ELBOROUGH STREET SURGERY,U61963,WANDLE PCN,36L,E38000245,0.0,0.0,6.0,1.0,0.0,1.0,19.0,0.0,16.0,8.0,7352.0,706.0
H85061,HEATHBRIDGE PRACTICE,U97650,PRIME WANDSWORTH PCN,36L,E38000245,0.0,0.0,40.0,0.0,3.0,3.0,69.0,0.0,58.0,44.0,21019.0,2008.0
H85063,CHEAM GP CENTRE,U92151,CHEAM AND SOUTH SUTTON PCN,36L,E38000245,0.0,0.0,42.0,27.0,5.0,5.0,133.0,1.0,99.0,43.0,9044.0,2875.0
H85065,ALTON PRACTICE,U45842,WEST WANDSWORTH PCN,36L,E38000245,0.0,1.0,13.0,8.0,4.0,0.0,16.0,0.0,6.0,*,4109.0,406.0
H85066,BALHAM PARK SURGERY,U02454,NIGHTINGALE PCN,36L,E38000245,0.0,0.0,46.0,7.0,9.0,5.0,89.0,0.0,73.0,65.0,17849.0,1948.0
H85067,DANEBURY AVENUE SURGERY,U45842,WEST WANDSWORTH PCN,36L,E38000245,0.0,0.0,3.0,0.0,0.0,2.0,11.0,1.0,8.0,*,2611.0,320.0
H85069,LAVENDER HILL GROUP PRACTICE,U42154,BATTERSEA PCN,36L,E38000245,0.0,0.0,6.0,0.0,0.0,0.0,60.0,1.0,46.0,36.0,13879.0,1266.0
H85070,CENTRAL MEDICAL CENTRE,U,Unallocated,36L,E38000245,0.0,0.0,7.0,0.0,0.0,0.0,33.0,0.0,19.0,15.0,8659.0,1082.0
H85075,HAIDER PRACTICE,U71206,BROCKLEBANK PCN,36L,E38000245,0.0,0.0,59.0,3.0,2.0,0.0,18.0,0.0,18.0,11.0,5094.0,437.0
H85076,STONECOT SURGERY,U,Unallocated,36L,E38000245,0.0,0.0,60.0,1.0,2.0,7.0,125.0,0.0,111.0,100.0,8292.0,1844.0
H85077,BOLINGBROKE MEDICAL CENTRE,U73458,WANDSWORTH PCN,36L,E38000245,0.0,0.0,23.0,2.0,1.0,0.0,27.0,3.0,17.0,12.0,5899.0,684.0
H85078,MITCHAM FAMILY PRACTICE,U77811,NORTH MERTON PCN,36L,E38000245,0.0,0.0,9.0,0.0,2.0,1.0,12.0,0.0,10.0,9.0,3904.0,473.0
H85082,TRIANGLE SURGERY,U61963,WANDLE PCN,36L,E38000245,0.0,0.0,4.0,0.0,1.0,1.0,16.0,0.0,10.0,10.0,4060.0,467.0
H85087,OPEN DOOR SURGERY,U42598,"BALHAM, TOOTING & FURZEDOWN PCN",36L,E38000245,2.0,0.0,71.0,63.0,1.0,0.0,48.0,0.0,37.0,24.0,8563.0,1528.0
H85088,CLAPHAM JUNCTION MEDICAL PRACTICE,U73458,WANDSWORTH PCN,36L,E38000245,2.0,1.0,10.0,4.0,4.0,1.0,16.0,0.0,15.0,11.0,2161.0,334.0
H85090,FIGGES MARSH SURGERY,U45943,EAST MERTON PCN,36L,E38000245,0.0,0.0,15.0,0.0,4.0,2.0,34.0,0.0,26.0,11.0,9982.0,1115.0
H85092,RIVERHOUSE MEDICAL PRACTICE,U77811,NORTH MERTON PCN,36L,E38000245,0.0,0.0,17.0,9.0,4.0,0.0,22.0,0.0,18.0,17.0,5456.0,677.0
H85095,ROBIN HOOD LANE HEALTH CENTRE,U07607,CENTRAL SUTTON PCN,36L,E38000245,0.0,0.0,41.0,1.0,7.0,3.0,92.0,3.0,69.0,40.0,14280.0,1697.0
H85100,ST PAULS COTTAGE SURGERY,U71206,BROCKLEBANK PCN,36L,E38000245,0.0,0.0,10.0,3.0,2.0,0.0,31.0,0.0,20.0,9.0,6828.0,770.0
H85101,GRAND DRIVE SURGERY,U44050,SOUTH WEST MERTON PCN,36L,E38000245,0.0,0.0,15.0,2.0,0.0,4.0,58.0,0.0,44.0,25.0,7828.0,1327.0
H85103,HACKBRIDGE MEDICAL CENTRE,U,Unallocated,36L,E38000245,0.0,0.0,26.0,12.0,0.0,2.0,31.0,0.0,32.0,12.0,6950.0,641.0
H85105,CHEAM FAMILY PRACTICE,U92151,CHEAM AND SOUTH SUTTON PCN,36L,E38000245,0.0,0.0,25.0,3.0,0.0,12.0,214.0,0.0,101.0,70.0,11492.0,2396.0
H85110,RAVENSBURY PARK MEDICAL CENTRE,U,Unallocated,36L,E38000245,0.0,0.0,18.0,1.0,0.0,0.0,22.0,0.0,17.0,8.0,4667.0,773.0
H85111,BATTERSEA FIELDS PRACTICE,U42154,BATTERSEA PCN,36L,E38000245,0.0,0.0,20.0,5.0,0.0,1.0,89.0,0.0,68.0,63.0,13486.0,1017.0
H85112,VINEYARD HILL ROAD SURGERY,U52546,NORTH WEST MERTON PCN,36L,E38000245,0.0,0.0,4.0,0.0,2.0,0.0,7.0,1.0,4.0,*,5275.0,613.0
H85113,MALDON ROAD SURGERY,U66620,WALLINGTON PCN,36L,E38000245,1.0,0.0,75.0,72.0,1.0,0.0,25.0,0.0,20.0,14.0,3977.0,775.0
H85114,THURLEIGH ROAD PRACTICE,U02454,NIGHTINGALE PCN,36L,E38000245,0.0,0.0,13.0,2.0,1.0,0.0,52.0,2.0,39.0,32.0,11822.0,1451.0
H85115,SHOTFIELD MEDICAL PRACTICE,U66620,WALLINGTON PCN,36L,E38000245,0.0,0.0,33.0,5.0,5.0,4.0,179.0,0.0,132.0,82.0,9543.0,2688.0
H85116,MANOR PRACTICE,U66620,WALLINGTON PCN,36L,E38000245,0.0,0.0,5.0,0.0,0.0,3.0,68.0,0.0,16.0,11.0,10422.0,1369.0
H85618,JAMES O'RIORDAN MEDICAL CENTRE,U92151,CHEAM AND SOUTH SUTTON PCN,36L,E38000245,0.0,0.0,11.0,0.0,2.0,3.0,43.0,0.0,30.0,11.0,7712.0,1484.0
H85634,MERTON MEDICAL PRACTICE,U77811,NORTH MERTON PCN,36L,E38000245,0.0,0.0,10.0,0.0,0.0,3.0,19.0,0.0,16.0,13.0,7154.0,567.0
H85637,BALHAM HEALTH CENTRE,U42598,"BALHAM, TOOTING & FURZEDOWN PCN",36L,E38000245,0.0,0.0,0.0,0.0,0.0,0.0,6.0,0.0,4.0,*,979.0,243.0
H85649,COLLIERS WOOD SURGERY,U77811,NORTH MERTON PCN,36L,E38000245,0.0,0.0,19.0,0.0,6.0,2.0,21.0,0.0,21.0,14.0,9531.0,1149.0
H85653,WALLINGTON FAMILY PRACTICE,U66620,WALLINGTON PCN,36L,E38000245,1.0,0.0,56.0,24.0,2.0,4.0,184.0,0.0,133.0,61.0,15986.0,3443.0
H85656,ALEXANDRA ROAD SURGERY,U52546,NORTH WEST MERTON PCN,36L,E38000245,0.0,0.0,1.0,0.0,1.0,1.0,12.0,0.0,7.0,*,4733.0,683.0
H85659,ST JOHNS HILL SURGERY,U73458,WANDSWORTH PCN,36L,E38000245,0.0,0.0,9.0,0.0,2.0,1.0,60.0,0.0,26.0,17.0,11517.0,588.0
H85662,BEECHES SURGERY,U66620,WALLINGTON PCN,36L,E38000245,0.0,0.0,3.0,0.0,1.0,0.0,22.0,0.0,15.0,9.0,4406.0,1118.0
H85664,TOOTING BEC SURGERY,U,Unallocated,36L,E38000245,0.0,0.0,1.0,0.0,0.0,0.0,4.0,0.0,4.0,*,1814.0,57.0
H85680,TOOTING SOUTH MEDICAL CENTRE,U42598,"BALHAM, TOOTING & FURZEDOWN PCN",36L,E38000245,0.0,0.0,57.0,9.0,0.0,0.0,32.0,0.0,22.0,18.0,9451.0,721.0
H85682,TUDOR LODGE HEALTH CENTRE,U97650,PRIME WANDSWORTH PCN,36L,E38000245,0.0,0.0,2.0,0.0,0.0,1.0,26.0,0.0,21.0,15.0,10307.0,828.0
H85683,FACCINI HOUSE SURGERY,U,Unallocated,36L,E38000245,0.0,0.0,4.0,1.0,0.0,1.0,12.0,0.0,13.0,*,3794.0,515.0
H85686,GROVE ROAD PRACTICE,U07607,CENTRAL SUTTON PCN,36L,E38000245,0.0,0.0,16.0,3.0,1.0,3.0,75.0,0.0,59.0,39.0,9898.0,1693.0
H85691,NIGHTINGALE PRACTICE,U02454,NIGHTINGALE PCN,36L,E38000245,0.0,0.0,12.0,0.0,1.0,2.0,46.0,0.0,35.0,34.0,2.0,74.0
H85693,CIRCLE GP SURGERY,U,Unallocated,36L,E38000245,0.0,0.0,18.0,9.0,12.0,2.0,44.0,0.0,39.0,39.0,9350.0,1042.0
J81002,ORCHID HOUSE SURGERY,U,Unallocated,11J,E38000045,0.0,0.0,93.0,1.0,0.0,2.0,218.0,0.0,165.0,119.0,5051.0,3614.0
J81006,THE ADAM PRACTICE,U80758,POOLE CENTRAL PCN,11J,E38000045,0.0,3.0,237.0,15.0,18.0,12.0,427.0,6.0,345.0,314.0,30187.0,9126.0
J81009,ROYAL MANOR HEALTH CARE,U25251,WEYMOUTH & PORTLAND PCN,11J,E38000045,1.0,3.0,107.0,44.0,11.0,4.0,77.0,3.0,69.0,50.0,9072.0,3239.0
J81010,SWANAGE MEDICAL PRACTICE,U32760,PURBECK PCN,11J,E38000045,0.0,0.0,98.0,5.0,23.0,1.0,164.0,0.0,128.0,95.0,6736.0,3945.0
J81011,WAREHAM SURGERY,U32760,PURBECK PCN,11J,E38000045,0.0,0.0,72.0,0.0,18.0,2.0,129.0,1.0,95.0,63.0,5295.0,2840.0
J81012,SHORE MEDICAL,U21465,SHORE MEDICAL PCN,11J,E38000045,0.0,0.0,372.0,129.0,14.0,15.0,659.0,3.0,562.0,372.0,45937.0,12520.0
J81013,CANFORD HEATH GROUP PRACT,U16737,POOLE NORTH PCN,11J,E38000045,0.0,0.0,267.0,19.0,0.0,2.0,142.0,0.0,125.0,63.0,9495.0,2679.0
J81014,WESTBOURNE MEDICAL CENTRE,U14261,POOLE BAY & BOURNEMOUTH PCN,11J,E38000045,0.0,0.0,137.0,48.0,5.0,6.0,294.0,0.0,224.0,178.0,15213.0,5793.0
J81016,QUEENS AVENUE SURGERY,U38731,MID DORSET PCN,11J,E38000045,1.0,0.0,60.0,9.0,1.0,4.0,98.0,0.0,58.0,52.0,6391.0,2345.0
J81017,YETMINSTER HEALTH CENTRE,U,Unallocated,11J,E38000045,0.0,0.0,37.0,23.0,9.0,0.0,32.0,0.0,26.0,22.0,3245.0,1491.0
J81018,BEAUFORT ROAD SURGERY,U27515,BOURNEMOUTH EAST COLLABORATIVE PCN,11J,E38000045,0.0,0.0,54.0,0.0,0.0,3.0,93.0,1.0,74.0,58.0,9304.0,2468.0
J81019,THE BLANDFORD GROUP PRACTICE,U42510,BLANDFORD PCN,11J,E38000045,0.0,1.0,155.0,8.0,0.0,5.0,217.0,32.0,171.0,68.0,16987.0,6586.0
J81020,BERE REGIS SURGERY,U32760,PURBECK PCN,11J,E38000045,0.0,0.0,36.0,1.0,2.0,1.0,22.0,0.0,18.0,17.0,2858.0,1052.0
J81021,SHELLEY MANOR HOLDENHURST MEDICAL CENTRE,U27515,BOURNEMOUTH EAST COLLABORATIVE PCN,11J,E38000045,0.0,0.0,79.0,8.0,3.0,4.0,140.0,0.0,129.0,97.0,22597.0,3680.0
J81022,WEST MOORS VILLAGE SURGERY,U,Unallocated,11J,E38000045,0.0,0.0,64.0,8.0,0.0,0.0,82.0,5.0,32.0,27.0,3097.0,2297.0
J81025,THE WELLBRIDGE PRACTICE,U32760,PURBECK PCN,11J,E38000045,0.0,0.0,19.0,1.0,0.0,3.0,47.0,1.0,32.0,29.0,4434.0,1622.0
J81027,WEYMOUTH BAY MEDICAL PRACTICE,U25251,WEYMOUTH & PORTLAND PCN,11J,E38000045,0.0,4.0,242.0,191.0,15.0,10.0,343.0,1.0,254.0,220.0,18821.0,8043.0
J81028,HIGHCLIFFE MEDICAL CENTRE,U78604,CHRISTCHURCH PCN,11J,E38000045,0.0,0.0,85.0,15.0,5.0,7.0,262.0,2.0,210.0,122.0,9312.0,6037.0
J81029,THE APPLES MEDICAL CENTRE,U,Unallocated,11J,E38000045,0.0,0.0,57.0,14.0,3.0,2.0,82.0,1.0,75.0,37.0,3187.0,2116.0
J81030,THE VERWOOD SURGERY,U,Unallocated,11J,E38000045,0.0,0.0,73.0,3.0,0.0,3.0,89.0,4.0,68.0,61.0,5519.0,2321.0
J81033,TALBOT MEDICAL CENTRE,U64748,NORTH BOURNEMOUTH PCN,11J,E38000045,1.0,0.0,41.0,12.0,4.0,3.0,141.0,0.0,128.0,92.0,20268.0,3638.0
J81034,THE QUARTER JACK SURGERY,U,Unallocated,11J,E38000045,0.0,0.0,141.0,18.0,3.0,4.0,181.0,2.0,155.0,124.0,12984.0,4967.0
J81035,MILTON ABBAS SURGERY,U38731,MID DORSET PCN,11J,E38000045,0.0,0.0,33.0,2.0,1.0,1.0,24.0,4.0,17.0,7.0,3612.0,1395.0
J81036,THE ROSEMARY HEALTH CTR,U80758,POOLE CENTRAL PCN,11J,E38000045,0.0,0.0,37.0,2.0,5.0,6.0,68.0,0.0,61.0,53.0,7651.0,1750.0
J81039,MOORDOWN MEDICAL CENTRE,U02749,CENTRAL BOURNEMOUTH PCN,11J,E38000045,0.0,0.0,53.0,0.0,1.0,0.0,64.0,1.0,49.0,42.0,8299.0,1834.0
J81041,THE HADLEIGH PRACTICE,U16737,POOLE NORTH PCN,11J,E38000045,0.0,0.0,195.0,55.0,1.0,8.0,224.0,20.0,164.0,137.0,14696.0,5907.0
J81042,VILLAGE SURGERY,U64748,NORTH BOURNEMOUTH PCN,11J,E38000045,0.0,0.0,41.0,7.0,4.0,1.0,44.0,0.0,41.0,40.0,6878.0,1678.0
J81045,KINSON ROAD MEDICAL CENTRE,U64748,NORTH BOURNEMOUTH PCN,11J,E38000045,0.0,0.0,30.0,12.0,0.0,4.0,77.0,0.0,51.0,47.0,8314.0,2471.0
J81046,THE HARVEY PRACTICE,U16737,POOLE NORTH PCN,11J,E38000045,0.0,0.0,90.0,25.0,4.0,2.0,194.0,1.0,141.0,128.0,9307.0,3903.0
J81047,JAMES FISHER MEDICAL CENTRE,U02749,CENTRAL BOURNEMOUTH PCN,11J,E38000045,1.0,0.0,51.0,6.0,3.0,2.0,78.0,0.0,64.0,36.0,9861.0,2585.0
J81049,THE MARINE & OAKRIDGE PARTNERSHIP,U89143,SOUTH COASTAL MEDICAL GROUP PCN,11J,E38000045,1.0,0.0,116.0,28.0,1.0,7.0,228.0,1.0,175.0,150.0,7421.0,2768.0
J81051,WYKE REGIS & LANEHOUSE MEDICAL PRACTICE,U25251,WEYMOUTH & PORTLAND PCN,11J,E38000045,0.0,3.0,122.0,41.0,7.0,10.0,157.0,1.0,131.0,117.0,9030.0,3239.0
J81053,CERNE ABBAS SURGERY,U38731,MID DORSET PCN,11J,E38000045,0.0,0.0,28.0,1.0,1.0,1.0,55.0,0.0,40.0,27.0,2635.0,1560.0
J81056,CHRISTCHURCH MEDICAL PRACTICE,U78604,CHRISTCHURCH PCN,11J,E38000045,0.0,0.0,141.0,26.0,6.0,4.0,181.0,1.0,149.0,94.0,11051.0,4656.0
J81057,FARMHOUSE SURGERY,U78604,CHRISTCHURCH PCN,11J,E38000045,0.0,0.0,54.0,12.0,3.0,1.0,56.0,1.0,48.0,41.0,3929.0,1883.0
J81058,THE CRANBORNE PRACTICE,U,Unallocated,11J,E38000045,0.0,0.0,77.0,5.0,1.0,1.0,108.0,0.0,67.0,64.0,10347.0,3476.0
J81059,SOUTHBOURNE PRACTICE,U27515,BOURNEMOUTH EAST COLLABORATIVE PCN,11J,E38000045,0.0,0.0,30.0,3.0,3.0,3.0,93.0,2.0,79.0,62.0,7007.0,1912.0
J81061,PENNY'S HILL PRACTICE,U,Unallocated,11J,E38000045,0.0,0.0,115.0,41.0,6.0,0.0,232.0,1.0,180.0,123.0,4061.0,3409.0
J81062,ST ALBANS MEDICAL CENTRE,U02749,CENTRAL BOURNEMOUTH PCN,11J,E38000045,0.0,0.0,59.0,18.0,6.0,0.0,100.0,0.0,46.0,26.0,9002.0,2301.0
J81064,POOLE TOWN SURGERY,U80758,POOLE CENTRAL PCN,11J,E38000045,0.0,0.0,33.0,5.0,4.0,3.0,56.0,1.0,36.0,36.0,4004.0,1223.0
J81066,STOUR SURGERY,U78604,CHRISTCHURCH PCN,11J,E38000045,0.0,0.0,69.0,50.0,4.0,0.0,112.0,2.0,81.0,76.0,7977.0,2922.0
J81067,LITTLEDOWN SURGERY,U27515,BOURNEMOUTH EAST COLLABORATIVE PCN,11J,E38000045,0.0,0.0,25.0,6.0,3.0,0.0,34.0,0.0,26.0,23.0,4970.0,1218.0
J81068,ATRIUM HEALTH CENTRE,U38731,MID DORSET PCN,11J,E38000045,0.0,0.0,47.0,20.0,1.0,2.0,40.0,0.0,12.0,7.0,4734.0,1877.0
J81070,THE BANKS & BEARWOOD MEDICAL CENTRE,U64748,NORTH BOURNEMOUTH PCN,11J,E38000045,0.0,0.0,57.0,10.0,1.0,1.0,69.0,0.0,46.0,17.0,9322.0,2160.0
J81072,THE PANTON PRACTICE,U02749,CENTRAL BOURNEMOUTH PCN,11J,E38000045,0.0,0.0,52.0,6.0,0.0,3.0,106.0,0.0,88.0,43.0,15124.0,1846.0
J81073,THE BRIDGES MEDICAL CTR.,U25251,WEYMOUTH & PORTLAND PCN,11J,E38000045,1.0,4.0,147.0,54.0,22.0,3.0,200.0,2.0,148.0,138.0,12732.0,4468.0
J81074,BARTON HOUSE MED PRACTICE,U58840,JURASSIC COAST PCN,11J,E38000045,0.0,0.0,13.0,0.0,0.0,1.0,32.0,0.0,17.0,16.0,2955.0,2000.0
J81075,CROSS ROAD SURGERY,U25251,WEYMOUTH & PORTLAND PCN,11J,E38000045,0.0,0.0,60.0,9.0,5.0,1.0,87.0,0.0,62.0,53.0,6005.0,2539.0
J81076,AMMONITE HEALTH PARTNERSHIP,U58840,JURASSIC COAST PCN,11J,E38000045,0.0,0.0,152.0,26.0,13.0,7.0,215.0,0.0,125.0,122.0,15940.0,8396.0
J81077,WALFORD MILL MEDICAL CENTRE,U,Unallocated,11J,E38000045,0.0,0.0,76.0,5.0,1.0,1.0,44.0,1.0,34.0,31.0,6085.0,2231.0
J81078,THE GROVE MEDICAL CENTRE,U,Unallocated,11J,E38000045,0.0,0.0,129.0,34.0,3.0,2.0,155.0,1.0,141.0,107.0,8915.0,4084.0
J81081,GILLINGHAM MEDICAL PRACTICE,U51429,THE VALE PCN,11J,E38000045,0.0,0.0,111.0,21.0,5.0,1.0,155.0,0.0,133.0,119.0,9602.0,3723.0
J81082,POUNDBURY DOCTORS SURGERY,U38731,MID DORSET PCN,11J,E38000045,1.0,0.0,59.0,15.0,1.0,0.0,82.0,0.0,63.0,54.0,5710.0,2437.0
J81083,SIXPENNY HANDLEY SURGERY,U,Unallocated,92G,E38000231,0.0,0.0,37.0,0.0,0.0,0.0,33.0,0.0,18.0,7.0,2739.0,1271.0
J81086,EVERGREEN OAK SURGERY,U80758,POOLE CENTRAL PCN,11J,E38000045,0.0,1.0,51.0,24.0,3.0,3.0,42.0,0.0,33.0,28.0,6149.0,1540.0
J81087,THE BIRCHWOOD PRACTICE,U16737,POOLE NORTH PCN,11J,E38000045,0.0,0.0,49.0,0.0,0.0,1.0,63.0,1.0,57.0,38.0,8450.0,2084.0
J81609,PRINCE OF WALES SURGERY,U38731,MID DORSET PCN,11J,E38000045,0.0,0.0,106.0,9.0,3.0,7.0,133.0,0.0,47.0,45.0,6626.0,3298.0
J81612,CORFE CASTLE SURGERY,U32760,PURBECK PCN,11J,E38000045,0.0,0.0,18.0,1.0,4.0,2.0,27.0,0.0,28.0,15.0,2074.0,1163.0
J81616,PUDDLETOWN SURGERY,U38731,MID DORSET PCN,11J,E38000045,0.0,0.0,39.0,0.0,0.0,0.0,31.0,2.0,16.0,14.0,2935.0,1358.0
J81620,BLACKMORE VALE PARTNERSHIP,U51429,THE VALE PCN,11J,E38000045,1.0,1.0,367.0,221.0,2.0,6.0,243.0,4.0,195.0,107.0,18972.0,7898.0
J81621,THE BARCELLOS FAMILY PRACTICE,U,Unallocated,11J,E38000045,0.0,0.0,75.0,10.0,2.0,5.0,132.0,0.0,121.0,94.0,6397.0,2453.0
J81625,DENMARK ROAD MEDICAL CENTRE,U89143,SOUTH COASTAL MEDICAL GROUP PCN,11J,E38000045,1.0,0.0,39.0,22.0,2.0,4.0,70.0,2.0,54.0,42.0,12319.0,2285.0
J81626,FORDINGTON SURGERY,U38731,MID DORSET PCN,11J,E38000045,0.0,0.0,539.0,496.0,0.0,2.0,92.0,0.0,72.0,59.0,3971.0,1397.0
J81631,SANDFORD SURGERY,U32760,PURBECK PCN,11J,E38000045,0.0,0.0,13.0,0.0,0.0,0.0,15.0,0.0,9.0,*,1340.0,649.0
J81633,WOODLEA HOUSE SURGERY,U89143,SOUTH COASTAL MEDICAL GROUP PCN,11J,E38000045,0.0,0.0,57.0,16.0,0.0,1.0,60.0,0.0,50.0,42.0,5477.0,1355.0
J81634,CRESCENT PROVIDENCE SURGERY,U89143,SOUTH COASTAL MEDICAL GROUP PCN,11J,E38000045,0.0,0.0,39.0,19.0,0.0,5.0,58.0,2.0,50.0,38.0,12904.0,1160.0
J81646,GROVE SURGERY,U89143,SOUTH COASTAL MEDICAL GROUP PCN,11J,E38000045,1.0,0.0,84.0,50.0,6.0,2.0,163.0,1.0,123.0,102.0,4854.0,1834.0
J81647,LYME BAY MEDICAL PRACTICE,U58840,JURASSIC COAST PCN,11J,E38000045,0.0,0.0,23.0,1.0,0.0,0.0,116.0,0.0,76.0,58.0,5415.0,3338.0
J81648,THE NEWMAN PRACTICE (DR NEWMANS SURGERY),U80758,POOLE CENTRAL PCN,11J,E38000045,0.0,0.0,35.0,1.0,0.0,1.0,55.0,1.0,45.0,37.0,4373.0,1168.0
J82001,BURGESS ROAD SURGERY,U18986,SOUTHAMPTON CENTRAL PCN,D9Y0V,E38000253,1.0,0.0,76.0,33.0,3.0,1.0,29.0,0.0,3.0,*,8911.0,1059.0
J82002,LORDSHILL HEALTH CENTRE,U47004,SOUTHAMPTON WEST PCN,D9Y0V,E38000253,0.0,4.0,79.0,0.0,1.0,3.0,136.0,0.0,94.0,52.0,12084.0,2696.0
J82005,ROWLANDS CASTLE SURGERY,U87221,EAST HANTS PCN,D9Y0V,E38000253,0.0,0.0,27.0,0.0,1.0,0.0,44.0,0.0,39.0,33.0,3136.0,1471.0
J82007,COASTAL MEDICAL PARTNERSHIP,U56140,COASTAL (WEST HAMPSHIRE) PCN,D9Y0V,E38000253,0.0,0.0,210.0,23.0,24.0,14.0,690.0,2.0,535.0,220.0,21148.0,12324.0
J82009,EMSWORTH SURGERY,U90861,HAYLING ISLAND & EMSWORTH PCN,D9Y0V,E38000253,0.0,0.0,48.0,2.0,1.0,1.0,240.0,0.0,175.0,126.0,10598.0,4876.0
J82010,THE BOSMERE MEDICAL PRACTICE,U46389,HAVANT AND WATERLOOVILLE PCN,D9Y0V,E38000253,0.0,0.0,67.0,8.0,3.0,6.0,148.0,0.0,113.0,54.0,15105.0,4159.0
J82012,PORTCHESTER PRACTICE,U30563,FAREHAM & PORTCHESTER PCN,D9Y0V,E38000253,0.0,0.0,39.0,1.0,0.0,2.0,124.0,0.0,99.0,80.0,8373.0,2940.0
J82015,GIFFARD DRIVE SURGERY,U90174,FARNBOROUGH PCN,D4U1Y,E38000252,0.0,0.0,11.0,0.0,0.0,0.0,61.0,0.0,47.0,40.0,8191.0,1694.0
J82016,STOCKBRIDGE SURGERY,U46154,WINCHESTER RURAL NORTH & EAST PCN,D9Y0V,E38000253,0.0,2.0,64.0,7.0,3.0,0.0,52.0,1.0,31.0,23.0,6453.0,2652.0
J82017,THE ANDOVER HEALTH CENTRE MEDICAL PRACT,U15164,ANDOVER PCN,D9Y0V,E38000253,1.0,2.0,113.0,18.0,10.0,1.0,85.0,1.0,69.0,37.0,10308.0,2917.0
J82018,STOKEWOOD SURGERY,U11181,WINCHESTER RURAL SOUTH PCN,D9Y0V,E38000253,1.0,0.0,89.0,12.0,8.0,4.0,231.0,1.0,140.0,79.0,14262.0,4288.0
J82019,THE FRYERN SURGERY,U88279,CHANDLER'S FORD PCN,D9Y0V,E38000253,0.0,0.0,22.0,1.0,2.0,1.0,211.0,0.0,184.0,117.0,11403.0,3885.0
J82020,EASTLEIGH MEDICAL PRACTICE,U88279,CHANDLER'S FORD PCN,D9Y0V,E38000253,0.0,0.0,19.0,0.0,1.0,1.0,40.0,0.0,32.0,21.0,11644.0,2563.0
J82021,WATERSIDE MEDICAL PRACTICE,U90861,HAYLING ISLAND & EMSWORTH PCN,D9Y0V,E38000253,0.0,0.0,55.0,11.0,16.0,3.0,169.0,0.0,121.0,66.0,5239.0,3280.0
J82022,VICTOR STREET SURGERY,U18494,SOUTHAMPTON SEA CITY PCN,D9Y0V,E38000253,0.0,0.0,35.0,4.0,4.0,2.0,79.0,1.0,49.0,20.0,8790.0,2092.0
J82024,SOLENT GP SURGERY,U18986,SOUTHAMPTON CENTRAL PCN,D9Y0V,E38000253,0.0,0.0,35.0,8.0,10.0,2.0,64.0,0.0,36.0,31.0,20951.0,1493.0
J82025,CHARLTON HILL SURGERY,U15164,ANDOVER PCN,D9Y0V,E38000253,0.0,0.0,76.0,1.0,2.0,1.0,118.0,0.0,81.0,61.0,12834.0,2835.0
J82026,CENTRE PRACTICE,U30563,FAREHAM & PORTCHESTER PCN,D9Y0V,E38000253,0.0,0.0,69.0,1.0,0.0,7.0,223.0,0.0,160.0,64.0,12303.0,4399.0
J82028,TRAFALGAR MEDICAL GROUP PRACTICE,U72114,PORTSMOUTH SOUTH COAST PCN,10R,E38000137,0.0,0.0,120.0,5.0,1.0,7.0,199.0,0.0,167.0,115.0,23161.0,4780.0
J82033,GUDGEHEATH LANE SURGERY,U30563,FAREHAM & PORTCHESTER PCN,D9Y0V,E38000253,0.0,0.0,38.0,0.0,2.0,2.0,97.0,0.0,74.0,37.0,7191.0,2214.0
J82034,WICKHAM SURGERY,U11181,WINCHESTER RURAL SOUTH PCN,D9Y0V,E38000253,1.0,0.0,85.0,11.0,4.0,8.0,114.0,0.0,93.0,74.0,10720.0,3596.0
J82035,ST CLEMENTS PARTNERSHIP,U95672,WINCHESTER CITY PCN,D9Y0V,E38000253,0.0,0.0,104.0,19.0,10.0,2.0,179.0,0.0,128.0,114.0,12740.0,3405.0
J82036,WEST MEON SURGERY,U46154,WINCHESTER RURAL NORTH & EAST PCN,D9Y0V,E38000253,0.0,0.0,9.0,2.0,1.0,0.0,18.0,0.0,17.0,16.0,1928.0,797.0
J82039,RINGWOOD MEDICAL CENTRE,U84277,AVON VALLEY PCN,D9Y0V,E38000253,0.0,0.0,50.0,1.0,6.0,4.0,180.0,4.0,152.0,145.0,7758.0,3348.0
J82040,WEST END ROAD SURGERY,U97340,SOUTHAMPTON BITTERNE PCN,D9Y0V,E38000253,0.0,0.0,37.0,0.0,3.0,3.0,65.0,0.0,56.0,37.0,15580.0,2840.0
J82042,BADGERSWOOD SURGERY,U87221,EAST HANTS PCN,D9Y0V,E38000253,0.0,0.0,66.0,0.0,0.0,1.0,96.0,0.0,70.0,46.0,13793.0,3242.0
J82049,THE OAKLEY HEALTH GROUP,U25405,YATELEY PCN,D4U1Y,E38000252,1.0,2.0,113.0,25.0,4.0,3.0,231.0,0.0,191.0,138.0,22999.0,6857.0
J82050,ST PAUL'S SURGERY,U95672,WINCHESTER CITY PCN,D9Y0V,E38000253,1.0,0.0,85.0,28.0,4.0,0.0,103.0,1.0,83.0,68.0,20477.0,3382.0
J82051,HAMBLE VALLEY HEALTH,U63233,HAMBLE VALLEY HEALTH PCN,D9Y0V,E38000253,0.0,0.0,86.0,3.0,3.0,15.0,349.0,0.0,213.0,107.0,29519.0,7579.0
J82053,ADELAIDE MEDICAL CENTRE,U15164,ANDOVER PCN,D9Y0V,E38000253,0.0,0.0,64.0,2.0,2.0,1.0,67.0,0.0,53.0,43.0,8925.0,2034.0
J82054,KINTBURY & WOOLTON HILL SURGERY,U11781,WEST BERKSHIRE RURAL PCN,15A,E38000221,0.0,2.0,534.0,277.0,8.0,1.0,115.0,0.0,81.0,74.0,7274.0,2429.0
J82055,CRANESWATER GROUP PRACTICE,U72114,PORTSMOUTH SOUTH COAST PCN,10R,E38000137,0.0,0.0,53.0,2.0,0.0,2.0,124.0,0.0,95.0,75.0,8733.0,2328.0
J82056,RED AND GREEN PRACTICE,U86774,WATERSIDE PCN,D9Y0V,E38000253,0.0,0.0,40.0,1.0,0.0,6.0,225.0,1.0,138.0,71.0,15704.0,6057.0
J82058,BRAMBLYS GRANGE MEDICAL PRACTICE,U26844,MOSAIC HEALTHCARE PCN,D9Y0V,E38000253,0.0,2.0,60.0,7.0,9.0,6.0,102.0,0.0,90.0,80.0,17272.0,2701.0
J82059,THE WATERCRESS MEDICAL GROUP,U46154,WINCHESTER RURAL NORTH & EAST PCN,D9Y0V,E38000253,1.0,0.0,36.0,5.0,0.0,0.0,71.0,1.0,45.0,10.0,4797.0,2077.0
J82060,THE LIGHTHOUSE GROUP PRACTICE,U10335,BRUNEL PCN,10R,E38000137,0.0,0.0,50.0,13.0,0.0,1.0,68.0,4.0,13.0,10.0,10595.0,1850.0
J82061,ODIHAM HEALTH CENTRE,U26844,MOSAIC HEALTHCARE PCN,D9Y0V,E38000253,0.0,0.0,86.0,1.0,1.0,2.0,95.0,0.0,73.0,51.0,10118.0,3151.0
J82062,CHEVIOT ROAD SURGERY,U47004,SOUTHAMPTON WEST PCN,D9Y0V,E38000253,0.0,2.0,78.0,1.0,3.0,4.0,114.0,0.0,101.0,81.0,13338.0,2328.0
J82064,BISHOPS WALTHAM SURGERY,U11181,WINCHESTER RURAL SOUTH PCN,D9Y0V,E38000253,5.0,0.0,79.0,10.0,3.0,1.0,114.0,0.0,82.0,66.0,10416.0,3607.0
J82066,THE CAMBRIDGE PRACTICE,U03055,ALDERSHOT PCN,D4U1Y,E38000252,0.0,0.0,36.0,1.0,4.0,2.0,136.0,0.0,69.0,35.0,18637.0,3449.0
J82067,VOYAGER FAMILY HEALTH,U90174,FARNBOROUGH PCN,D4U1Y,E38000252,0.0,0.0,30.0,1.0,1.0,6.0,97.0,0.0,81.0,64.0,16516.0,3094.0
J82069,CAMROSE GILLIES AND HACKWOOD PARTNERSHIP,U98116,"CAMROSE, GILLIES & HACKWOOD PARTNERSHIP PCN",D9Y0V,E38000253,0.0,1.0,152.0,6.0,9.0,8.0,342.0,4.0,255.0,161.0,44175.0,8533.0
J82071,ST. ANDREW'S SURGERY,U17081,ROMSEY & NORTH BADDESLEY PCN,D9Y0V,E38000253,0.0,0.0,21.0,0.0,5.0,4.0,97.0,0.0,63.0,52.0,12048.0,1924.0
J82072,FORESTSIDE MEDICAL PRACTICE,U86774,WATERSIDE PCN,D9Y0V,E38000253,0.0,0.0,32.0,1.0,3.0,1.0,96.0,2.0,68.0,37.0,8776.0,2700.0
J82073,KIRKLANDS SURGERY,U19124,PORTSMOUTH NORTH PCN,10R,E38000137,0.0,0.0,55.0,11.0,3.0,6.0,65.0,1.0,46.0,29.0,8131.0,1720.0
J82074,ALMA ROAD SURGERY,U17081,ROMSEY & NORTH BADDESLEY PCN,D9Y0V,E38000253,0.0,0.0,42.0,2.0,10.0,4.0,173.0,2.0,88.0,80.0,11607.0,4540.0
J82075,CHAWTON HOUSE SURGERY,U26059,NEW FOREST PCN,D9Y0V,E38000253,0.0,0.0,46.0,4.0,7.0,3.0,137.0,2.0,91.0,60.0,4688.0,2374.0
J82076,WOOLSTON AND CHARTWELL PARTNERSHIP,U,Unallocated,D9Y0V,E38000253,0.0,0.0,51.0,13.0,7.0,6.0,207.0,0.0,118.0,84.0,17683.0,4342.0
J82079,CLIFT SURGERY,U34184,WHITEWATER LODDON PCN,D9Y0V,E38000253,0.0,0.0,32.0,4.0,5.0,1.0,115.0,1.0,91.0,75.0,6401.0,1567.0
J82080,UNIVERSITY HEALTH SERVICE SOUTHAMPTON,U91385,SOUTHAMPTON NORTH PCN,D9Y0V,E38000253,0.0,0.0,40.0,1.0,0.0,0.0,34.0,0.0,20.0,16.0,37251.0,1185.0
J82081,SOUTHAMPTON SEA CITY PARTNERSHIP,U18494,SOUTHAMPTON SEA CITY PCN,D9Y0V,E38000253,0.0,0.0,161.0,28.0,29.0,5.0,153.0,6.0,74.0,60.0,32159.0,4751.0
J82082,SHEPHERDS SPRING MEDICAL CENTRE,U15164,ANDOVER PCN,D9Y0V,E38000253,0.0,0.0,25.0,2.0,5.0,0.0,57.0,0.0,44.0,30.0,11717.0,1529.0
J82083,THE WILLOW GROUP,U20871,GOSPORT CENTRAL PCN,D9Y0V,E38000253,0.0,1.0,171.0,3.0,0.0,12.0,512.0,0.0,338.0,274.0,37073.0,10629.0
J82085,ISLAND CITY PRACTICE,U03810,ISLAND CITY PCN,10R,E38000137,3.0,0.0,139.0,8.0,4.0,3.0,213.0,1.0,184.0,152.0,31895.0,5076.0
J82087,STONEHAM LANE SURGERY,U18986,SOUTHAMPTON CENTRAL PCN,D9Y0V,E38000253,1.0,0.0,164.0,86.0,3.0,2.0,62.0,0.0,60.0,53.0,6142.0,1516.0
J82088,THE SHIRLEY HEALTH PARTNERSHIP,U47004,SOUTHAMPTON WEST PCN,D9Y0V,E38000253,0.0,1.0,56.0,0.0,0.0,1.0,60.0,1.0,46.0,26.0,11592.0,2216.0
J82089,HEDGE END MEDICAL CENTRE,U63233,HAMBLE VALLEY HEALTH PCN,D9Y0V,E38000253,0.0,0.0,58.0,1.0,2.0,8.0,193.0,0.0,79.0,59.0,.,.
J82092,ALDERMOOR SURGERY,U47004,SOUTHAMPTON WEST PCN,D9Y0V,E38000253,0.0,0.0,28.0,2.0,3.0,2.0,65.0,0.0,51.0,41.0,6840.0,1485.0
J82094,TADLEY MEDICAL P'SHIP,U10995,RURAL WEST PCN,D9Y0V,E38000253,0.0,0.0,95.0,0.0,6.0,4.0,155.0,0.0,108.0,89.0,14818.0,4762.0
J82098,SWAN MEDICAL GROUP,U73010,SWAN MEDICAL GROUP PCN,D9Y0V,E38000253,0.0,0.0,9.0,0.0,0.0,18.0,508.0,0.0,402.0,311.0,27774.0,9364.0
J82099,RICHMOND SURGERY,U42671,FLEET PCN,D4U1Y,E38000252,0.0,0.0,6.0,0.0,0.0,1.0,185.0,1.0,119.0,104.0,12328.0,2875.0
J82101,THE PEARTREE PRACTICE,U97340,SOUTHAMPTON BITTERNE PCN,D9Y0V,E38000253,0.0,0.0,54.0,0.0,4.0,2.0,106.0,0.0,96.0,80.0,15457.0,3825.0
J82102,THE DRAYTON SURGERY,U19124,PORTSMOUTH NORTH PCN,10R,E38000137,0.0,0.0,139.0,11.0,1.0,3.0,252.0,0.0,186.0,138.0,19281.0,5001.0
J82103,ST MARY'S SURGERY,U15164,ANDOVER PCN,D9Y0V,E38000253,0.0,0.0,107.0,7.0,10.0,4.0,81.0,0.0,70.0,61.0,10081.0,2644.0
J82104,STUBBINGTON MEDICAL PRACTICE,U21972,COASTAL FAREHAM & GOSPORT PCN,D9Y0V,E38000253,0.0,0.0,57.0,2.0,1.0,3.0,169.0,4.0,123.0,76.0,8164.0,4532.0
J82106,GRATTON SURGERY,U46154,WINCHESTER RURAL NORTH & EAST PCN,D9Y0V,E38000253,0.0,2.0,49.0,15.0,2.0,0.0,46.0,0.0,32.0,30.0,5418.0,1790.0
J82110,HART HEALTH PARTNERSHIP,U42671,FLEET PCN,D4U1Y,E38000252,0.0,0.0,87.0,0.0,5.0,4.0,256.0,0.0,202.0,122.0,22068.0,5740.0
J82112,NEW HORIZONS MEDICAL PARTNERSHIP,U29246,TOTTON PCN,D9Y0V,E38000253,0.0,0.0,105.0,0.0,0.0,4.0,248.0,0.0,194.0,169.0,17362.0,5602.0
J82115,ATHERLEY HOUSE SURGERY,U47004,SOUTHAMPTON WEST PCN,D9Y0V,E38000253,0.0,0.0,6.0,0.0,2.0,2.0,26.0,0.0,25.0,21.0,5104.0,574.0
J82116,TWYFORD SURGERY,U11181,WINCHESTER RURAL SOUTH PCN,D9Y0V,E38000253,2.0,0.0,95.0,18.0,8.0,0.0,99.0,1.0,65.0,56.0,7614.0,2466.0
J82119,DENMEAD HEALTH CENTRE,U46389,HAVANT AND WATERLOOVILLE PCN,D9Y0V,E38000253,0.0,0.0,24.0,0.0,0.0,2.0,135.0,0.0,99.0,50.0,7486.0,3094.0
J82120,ALEXANDER HOUSE SURGERY,U90174,FARNBOROUGH PCN,D4U1Y,E38000252,1.0,0.0,53.0,0.0,17.0,2.0,137.0,0.0,96.0,87.0,8440.0,2142.0
J82121,NORTH BADDESLEY SURGERY,U17081,ROMSEY & NORTH BADDESLEY PCN,D9Y0V,E38000253,0.0,0.0,44.0,0.0,4.0,2.0,107.0,0.0,91.0,62.0,7485.0,2258.0
J82122,ALMA ROAD SURGERY,U18986,SOUTHAMPTON CENTRAL PCN,D9Y0V,E38000253,0.0,0.0,34.0,2.0,3.0,2.0,147.0,2.0,105.0,87.0,9024.0,1282.0
J82124,ALRESFORD SURGERY,U46154,WINCHESTER RURAL NORTH & EAST PCN,D9Y0V,E38000253,2.0,3.0,95.0,11.0,5.0,3.0,116.0,1.0,97.0,42.0,7120.0,2947.0
J82125,JENNER HOUSE SURGERY,U90174,FARNBOROUGH PCN,D4U1Y,E38000252,0.0,0.0,12.0,3.0,1.0,2.0,55.0,0.0,40.0,16.0,6198.0,1599.0
J82126,RAYMOND ROAD SURGERY,U47004,SOUTHAMPTON WEST PCN,D9Y0V,E38000253,0.0,0.0,31.0,1.0,2.0,6.0,180.0,0.0,109.0,82.0,3567.0,1018.0
J82128,OLD FIRE STATION SURGERY,U,Unallocated,D9Y0V,E38000253,0.0,0.0,121.0,86.0,9.0,0.0,51.0,5.0,31.0,27.0,6882.0,1599.0
J82129,NEW FOREST MEDICAL GROUP,U26059,NEW FOREST PCN,D9Y0V,E38000253,1.0,0.0,33.0,3.0,1.0,2.0,168.0,0.0,114.0,83.0,4695.0,2690.0
J82130,FRIARSGATE PRACTICE,U95672,WINCHESTER CITY PCN,D9Y0V,E38000253,1.0,0.0,136.0,29.0,3.0,3.0,242.0,1.0,181.0,149.0,19620.0,5041.0
J82131,FORDINGBRIDGE SURGERY,U84277,AVON VALLEY PCN,D9Y0V,E38000253,0.0,0.0,65.0,3.0,18.0,8.0,201.0,1.0,161.0,154.0,8226.0,3979.0
J82132,TESTVALE SURGERY,U29246,TOTTON PCN,D9Y0V,E38000253,0.0,0.0,36.0,0.0,3.0,4.0,104.0,1.0,73.0,69.0,10934.0,3181.0
J82134,VINE MEDICAL GROUP,U22092,STRAWBERRY HEALTH PCN,D9Y0V,E38000253,0.0,1.0,180.0,28.0,5.0,12.0,417.0,2.0,328.0,213.0,18703.0,5625.0
J82136,CHAWTON PARK SURGERY,U72748,A31 GROUP PCN,D9Y0V,E38000253,1.0,3.0,76.0,7.0,4.0,3.0,129.0,0.0,54.0,26.0,8584.0,2894.0
J82138,WHITEWATER HEALTH,U34184,WHITEWATER LODDON PCN,D9Y0V,E38000253,0.0,0.0,54.0,0.0,2.0,2.0,215.0,0.0,173.0,108.0,13793.0,4216.0
J82139,WISTARIA & MILFORD SURGERIES,U26059,NEW FOREST PCN,D9Y0V,E38000253,0.0,0.0,81.0,2.0,2.0,1.0,216.0,0.0,159.0,98.0,9442.0,6030.0
J82142,THE BORDER PRACTICE,U03055,ALDERSHOT PCN,D4U1Y,E38000252,0.0,0.0,62.0,50.0,0.0,2.0,64.0,0.0,51.0,38.0,9935.0,1859.0
J82143,PARK SURGERY,U88279,CHANDLER'S FORD PCN,D9Y0V,E38000253,0.0,0.0,25.0,0.0,0.0,2.0,127.0,0.0,110.0,73.0,12552.0,3894.0
J82144,CROWN HEIGHTS MEDICAL CENTRE,U26844,MOSAIC HEALTHCARE PCN,D9Y0V,E38000253,1.0,0.0,66.0,1.0,2.0,6.0,187.0,0.0,141.0,74.0,22522.0,4328.0
J82145,ABBEYWELL SURGERY,U17081,ROMSEY & NORTH BADDESLEY PCN,D9Y0V,E38000253,0.0,0.0,78.0,0.0,10.0,1.0,179.0,0.0,96.0,72.0,11987.0,4933.0
J82146,LYNDHURST SURGERY,U26059,NEW FOREST PCN,D9Y0V,E38000253,0.0,0.0,27.0,0.0,5.0,1.0,91.0,0.0,71.0,50.0,3863.0,1834.0
J82147,THE CLANFIELD PRACTICE,U87221,EAST HANTS PCN,D9Y0V,E38000253,0.0,0.0,2.0,0.0,0.0,1.0,27.0,0.0,22.0,16.0,5819.0,2028.0
J82149,DERBY ROAD GROUP PRACTICE,U03810,ISLAND CITY PCN,10R,E38000137,0.0,0.0,77.0,9.0,0.0,4.0,94.0,1.0,78.0,58.0,14162.0,2482.0
J82150,CORNERWAYS MEDICAL CENTRE,U84277,AVON VALLEY PCN,D9Y0V,E38000253,0.0,0.0,72.0,16.0,15.0,2.0,201.0,0.0,146.0,109.0,7918.0,3829.0
J82151,TWIN OAKS MEDICAL CENTRE,U84277,AVON VALLEY PCN,D9Y0V,E38000253,0.0,0.0,27.0,3.0,9.0,0.0,75.0,0.0,62.0,37.0,3695.0,1869.0
J82152,BRIDGEMARY MEDICAL CENTRE,U20871,GOSPORT CENTRAL PCN,D9Y0V,E38000253,0.0,0.0,40.0,0.0,1.0,1.0,66.0,0.0,48.0,32.0,6347.0,1941.0
J82154,MEON HEALTH PRACTICE,U92600,MEON HEALTH PCN,D9Y0V,E38000253,0.0,0.0,108.0,0.0,4.0,6.0,325.0,1.0,257.0,168.0,28525.0,7292.0
J82155,PORTSDOWN GROUP PRACTICE,U07449,PORTSDOWN PCN,10R,E38000137,0.0,0.0,445.0,140.0,9.0,13.0,421.0,25.0,281.0,182.0,53061.0,9162.0
J82156,WATERFRONT AND SOLENT SURGERY,U86774,WATERSIDE PCN,D9Y0V,E38000253,0.0,0.0,49.0,0.0,2.0,1.0,82.0,1.0,48.0,41.0,5444.0,2490.0
J82157,WILSON PRACTICE,U72748,A31 GROUP PCN,D9Y0V,E38000253,3.0,1.0,114.0,16.0,7.0,5.0,240.0,0.0,159.0,94.0,12928.0,4168.0
J82161,WESTLANDS MEDICAL CENTRE,U30563,FAREHAM & PORTCHESTER PCN,D9Y0V,E38000253,1.0,0.0,38.0,2.0,3.0,1.0,106.0,0.0,58.0,16.0,7568.0,2810.0
J82163,OAKS HEALTHCARE,U46389,HAVANT AND WATERLOOVILLE PCN,D9Y0V,E38000253,0.0,1.0,86.0,15.0,0.0,2.0,198.0,1.0,166.0,101.0,12824.0,4265.0
J82169,BOYATT WOOD SURGERY,U88279,CHANDLER'S FORD PCN,D9Y0V,E38000253,0.0,0.0,23.0,0.0,0.0,0.0,23.0,0.0,16.0,15.0,7362.0,1380.0
J82174,LOCKSWOOD SURGERY,U21972,COASTAL FAREHAM & GOSPORT PCN,D9Y0V,E38000253,0.0,0.0,21.0,0.0,0.0,1.0,120.0,1.0,67.0,46.0,10400.0,3684.0
J82178,PRINCES GARDENS SURGERY,U03055,ALDERSHOT PCN,D4U1Y,E38000252,0.0,0.0,21.0,0.0,4.0,0.0,76.0,0.0,52.0,41.0,11034.0,1878.0
J82181,MAYFIELD MEDICAL CENTRE,U90174,FARNBOROUGH PCN,D4U1Y,E38000252,0.0,0.0,23.0,0.0,2.0,0.0,86.0,0.0,64.0,26.0,7631.0,1464.0
J82184,PINEHILL SURGERY,U87221,EAST HANTS PCN,D9Y0V,E38000253,0.0,0.0,13.0,0.0,0.0,1.0,16.0,0.0,15.0,10.0,3860.0,649.0
J82194,EAST SHORE PARTNERSHIP,U10335,BRUNEL PCN,10R,E38000137,0.0,0.0,85.0,3.0,1.0,4.0,114.0,0.0,77.0,50.0,11124.0,2550.0
J82196,HOMEWELL CURLEW PRACTICE,U22092,STRAWBERRY HEALTH PCN,D9Y0V,E38000253,0.0,2.0,207.0,12.0,3.0,6.0,175.0,2.0,156.0,45.0,12359.0,2923.0
J82198,THE WELLINGTON PRACTICE,U03055,ALDERSHOT PCN,D4U1Y,E38000252,0.0,0.0,7.0,0.0,0.0,0.0,126.0,0.0,91.0,77.0,5639.0,758.0
J82199,THE UNICITY MEDICAL CENTRE,U10335,BRUNEL PCN,10R,E38000137,0.0,0.0,32.0,5.0,0.0,1.0,18.0,3.0,10.0,8.0,17231.0,697.0
J82201,THE GRANGE SURGERY,U87221,EAST HANTS PCN,D9Y0V,E38000253,0.0,0.0,20.0,0.0,2.0,0.0,48.0,0.0,42.0,30.0,6280.0,1873.0
J82207,HILL LANE SURGERY,U47004,SOUTHAMPTON WEST PCN,D9Y0V,E38000253,0.0,1.0,54.0,1.0,2.0,1.0,68.0,0.0,55.0,55.0,9825.0,1429.0
J82208,ST. PETERS SURGERY,U,Unallocated,D9Y0V,E38000253,0.0,0.0,102.0,74.0,5.0,1.0,52.0,0.0,50.0,41.0,6530.0,1071.0
J82210,THE ELMS PRACTICE,U90861,HAYLING ISLAND & EMSWORTH PCN,D9Y0V,E38000253,0.0,0.0,30.0,0.0,3.0,3.0,179.0,1.0,117.0,86.0,6098.0,3382.0
J82213,BROOK HOUSE SURGERY,U47004,SOUTHAMPTON WEST PCN,D9Y0V,E38000253,0.0,0.0,13.0,1.0,4.0,0.0,29.0,0.0,3.0,*,5432.0,754.0
J82214,WHITCHURCH SURGERY,U46154,WINCHESTER RURAL NORTH & EAST PCN,D9Y0V,E38000253,0.0,0.0,62.0,1.0,4.0,1.0,90.0,0.0,72.0,46.0,7818.0,2119.0
J82215,SOLENT VIEW MEDICAL PRACTICE,U20871,GOSPORT CENTRAL PCN,D9Y0V,E38000253,0.0,0.0,10.0,0.0,1.0,2.0,140.0,0.0,103.0,85.0,9384.0,3957.0
J82216,BROOK LANE SURGERY,U21972,COASTAL FAREHAM & GOSPORT PCN,D9Y0V,E38000253,0.0,0.0,58.0,1.0,3.0,2.0,185.0,1.0,146.0,48.0,10027.0,3555.0
J82217,HOMELESS HEALTHCARE TEAM,U18986,SOUTHAMPTON CENTRAL PCN,D9Y0V,E38000253,0.0,0.0,7.0,1.0,0.0,0.0,0.0,0.0,0.0,*,474.0,16.0
J82218,CHINEHAM MEDICAL PRACTICE,U34184,WHITEWATER LODDON PCN,D9Y0V,E38000253,0.0,0.0,23.0,0.0,2.0,3.0,93.0,2.0,68.0,37.0,15956.0,2297.0
J82605,WALNUT TREE SURGERY,U47004,SOUTHAMPTON WEST PCN,D9Y0V,E38000253,0.0,0.0,28.0,19.0,4.0,0.0,18.0,0.0,14.0,14.0,4450.0,346.0
J82622,LIVING WELL PARTNERSHIP,U,Unallocated,D9Y0V,E38000253,1.0,0.0,180.0,4.0,8.0,6.0,360.0,2.0,189.0,64.0,40781.0,7986.0
J82625,BOUNDARIES SURGERY,U72748,A31 GROUP PCN,D9Y0V,E38000253,1.0,3.0,38.0,9.0,2.0,3.0,59.0,0.0,50.0,44.0,3449.0,1372.0
J82628,CRONDALL NEW SURGERY,U42671,FLEET PCN,D4U1Y,E38000252,0.0,0.0,20.0,2.0,1.0,0.0,135.0,0.0,102.0,80.0,4791.0,1239.0
J82630,NORTH CAMP SURGERY,U90174,FARNBOROUGH PCN,D4U1Y,E38000252,0.0,0.0,3.0,0.0,0.0,2.0,14.0,0.0,11.0,*,5621.0,608.0
J82639,WATERSHIP DOWN HEALTH,U10995,RURAL WEST PCN,D9Y0V,E38000253,0.0,0.0,67.0,2.0,5.0,3.0,173.0,1.0,143.0,115.0,14333.0,5022.0
J82640,HORNDEAN SURGERY,U87221,EAST HANTS PCN,D9Y0V,E38000253,0.0,0.0,55.0,2.0,11.0,0.0,25.0,0.0,18.0,13.0,5609.0,1685.0
J82646,BLOSSOM HEALTH,U46389,HAVANT AND WATERLOOVILLE PCN,D9Y0V,E38000253,0.0,0.0,43.0,1.0,3.0,3.0,112.0,0.0,95.0,30.0,14117.0,2827.0
J82669,ROWNER HEALTH CENTRE,U20871,GOSPORT CENTRAL PCN,D9Y0V,E38000253,0.0,0.0,16.0,0.0,5.0,3.0,29.0,1.0,23.0,10.0,7742.0,1419.0
J83001,MERCHISTON SURGERY,U97855,HAWTHORN AND MERCHISTON PCN,92G,E38000231,0.0,0.0,97.0,5.0,4.0,6.0,176.0,0.0,100.0,45.0,9928.0,3412.0
J83002,WESTROP MEDICAL PRACTICE,U28791,BRUNEL HEALTH GROUP PCN4,92G,E38000231,0.0,0.0,198.0,13.0,20.0,11.0,253.0,1.0,148.0,92.0,42099.0,7722.0
J83003,HARCOURT MEDICAL CENTRE,U44713,SARUM CATHEDRAL PCN,92G,E38000231,2.0,0.0,342.0,236.0,44.0,2.0,185.0,0.0,126.0,122.0,9360.0,3712.0
J83004,WHITEPARISH SURGERY,U38066,SARUM TRINITY PCN,92G,E38000231,0.0,0.0,35.0,1.0,1.0,0.0,124.0,0.0,107.0,88.0,5441.0,2362.0
J83005,BARCROFT MEDICAL CENTRE,U26808,SARUM NORTH PCN,92G,E38000231,1.0,0.0,67.0,8.0,25.0,7.0,112.0,0.0,61.0,60.0,8540.0,2200.0
J83006,PURTON SURGERY,U61347,NORTH WILTS BORDER PCN,92G,E38000231,0.0,0.0,65.0,2.0,21.0,1.0,130.0,0.0,95.0,64.0,8217.0,2734.0
J83007,HATHAWAY SURGERY,U93148,"CHIPPENHAM, CORSHAM & BOX PCN",92G,E38000231,0.0,0.0,38.0,2.0,0.0,4.0,217.0,1.0,129.0,116.0,12544.0,2792.0
J83008,LOVEMEAD GROUP PRACTICE,U85644,TROWBRIDGE PCN,92G,E38000231,0.0,0.0,114.0,2.0,14.0,2.0,196.0,0.0,148.0,130.0,14818.0,4087.0
J83009,RIDGEWAY VIEW FAMILY PRACTICE,U78462,BRUNEL HEALTH GROUP PCN1,92G,E38000231,1.0,0.0,118.0,39.0,7.0,3.0,215.0,1.0,139.0,116.0,11406.0,3608.0
J83010,PORCH SURGERY,U93148,"CHIPPENHAM, CORSHAM & BOX PCN",92G,E38000231,0.0,0.0,62.0,2.0,2.0,0.0,131.0,0.0,93.0,78.0,8748.0,2871.0
J83011,GIFFORDS PRIMARY CARE CTR,U82536,BRADFORD ON AVON & MELKSHAM PCN,92G,E38000231,0.0,0.0,82.0,10.0,1.0,5.0,140.0,0.0,98.0,73.0,10544.0,3810.0
J83013,BOX SURGERY,U93148,"CHIPPENHAM, CORSHAM & BOX PCN",92G,E38000231,0.0,0.0,60.0,6.0,3.0,2.0,95.0,0.0,78.0,66.0,5730.0,2093.0
J83014,CASTLE PRACTICE,U26808,SARUM NORTH PCN,92G,E38000231,0.0,0.0,21.0,3.0,2.0,5.0,123.0,2.0,90.0,54.0,13774.0,2612.0
J83016,TROWBRIDGE HEALTH CENTRE,U85644,TROWBRIDGE PCN,92G,E38000231,0.0,0.0,144.0,1.0,27.0,10.0,229.0,0.0,163.0,158.0,25432.0,6427.0
J83018,AVENUE SURGERY,U78164,WESTBURY & WARMINSTER PCN,92G,E38000231,0.0,0.0,119.0,59.0,27.0,5.0,260.0,3.0,206.0,172.0,12862.0,5099.0
J83019,THE ORCHARD PARTNERSHIP,U55979,SARUM WEST PCN,92G,E38000231,0.0,0.0,226.0,2.0,18.0,1.0,128.0,0.0,91.0,77.0,8361.0,3966.0
J83021,SALISBURY MEDICAL PRACTICE,U44713,SARUM CATHEDRAL PCN,92G,E38000231,0.0,0.0,107.0,6.0,24.0,7.0,248.0,1.0,168.0,164.0,19751.0,4707.0
J83022,OLD TOWN SURGERY,U49785,WYVERN HEALTH PARTNERSHIP PCN,92G,E38000231,0.0,0.0,21.0,1.0,1.0,2.0,51.0,0.0,37.0,24.0,7774.0,1450.0
J83023,AVON VALLEY PRACTICE,U,Unallocated,92G,E38000231,0.0,0.0,44.0,2.0,5.0,1.0,54.0,0.0,37.0,34.0,6846.0,2076.0
J83024,PRIORY ROAD MEDICAL CENTRE,U49785,WYVERN HEALTH PARTNERSHIP PCN,92G,E38000231,0.0,0.0,48.0,1.0,2.0,4.0,90.0,0.0,63.0,32.0,7087.0,1615.0
J83026,THREE CHEQUERS MEDICAL PRACTICE,U38066,SARUM TRINITY PCN,92G,E38000231,10.0,0.0,155.0,28.0,45.0,9.0,339.0,2.0,290.0,270.0,17393.0,6257.0
J83027,HAWTHORN MEDICAL CENTRE,U97855,HAWTHORN AND MERCHISTON PCN,92G,E38000231,0.0,0.0,44.0,2.0,17.0,3.0,97.0,0.0,81.0,70.0,9743.0,2310.0
J83029,TINKERS LANE SURGERY,U61347,NORTH WILTS BORDER PCN,92G,E38000231,0.0,0.0,56.0,0.0,19.0,2.0,106.0,0.0,54.0,50.0,6362.0,2313.0
J83030,BRADFORD-ON-AVON AND MELKSHAM HEALTH,U82536,BRADFORD ON AVON & MELKSHAM PCN,92G,E38000231,0.0,0.0,99.0,3.0,12.0,6.0,215.0,0.0,167.0,142.0,13482.0,5284.0
J83033,WHALEBRIDGE PRACTICE,U05679,SPARCELLS PCN,92G,E38000231,0.0,0.0,46.0,16.0,4.0,7.0,79.0,0.0,64.0,61.0,18721.0,2684.0
J83034,LANSDOWNE SURGERY,U25572,DEVIZES PCN,92G,E38000231,0.0,0.0,45.0,5.0,13.0,0.0,64.0,0.0,51.0,45.0,4592.0,2086.0
J83035,ABBEY MEADS MEDICAL PRACT,U36809,BRUNEL HEALTH GROUP PCN5,92G,E38000231,0.0,0.0,47.0,6.0,17.0,2.0,38.0,2.0,26.0,15.0,13021.0,1831.0
J83036,ASHINGTON HOUSE SURGERY,U32901,BRUNEL HEALTH GROUP PCN3,92G,E38000231,0.0,0.0,31.0,7.0,11.0,1.0,29.0,0.0,26.0,16.0,8136.0,2116.0
J83037,KENNET AND AVON MEDICAL PARTNERSHIP,U,Unallocated,92G,E38000231,0.0,0.0,110.0,41.0,26.0,10.0,232.0,2.0,165.0,143.0,12150.0,4688.0
J83038,KINGSWOOD SURGERY,U71014,BRUNEL HEALTH GROUP PCN2,92G,E38000231,0.0,0.0,76.0,6.0,0.0,4.0,65.0,1.0,24.0,10.0,26356.0,2856.0
J83039,NORTHLANDS SURGERY,U68450,CALNE PCN,92G,E38000231,0.0,0.0,78.0,6.0,27.0,4.0,116.0,0.0,87.0,81.0,10634.0,3169.0
J83040,WESTBURY GROUP PRACTICE,U78164,WESTBURY & WARMINSTER PCN,92G,E38000231,0.0,0.0,173.0,19.0,17.0,7.0,254.0,0.0,154.0,73.0,19598.0,5328.0
J83041,MALMESBURY MEDICAL PARTNERSHIP,U61347,NORTH WILTS BORDER PCN,92G,E38000231,0.0,0.0,116.0,12.0,23.0,2.0,180.0,0.0,141.0,112.0,12243.0,4419.0
J83042,ROWDEN SURGERY,U93148,"CHIPPENHAM, CORSHAM & BOX PCN",92G,E38000231,0.0,0.0,71.0,2.0,16.0,6.0,187.0,2.0,145.0,129.0,15711.0,4259.0
J83043,DOWNTON SURGERY,U38066,SARUM TRINITY PCN,92G,E38000231,1.0,0.0,60.0,10.0,22.0,0.0,107.0,0.0,94.0,68.0,4513.0,2145.0
J83045,RAMSBURY SURGERY,U,Unallocated,92G,E38000231,0.0,0.0,36.0,1.0,14.0,1.0,91.0,0.0,71.0,47.0,7642.0,2702.0
J83046,SPA MEDICAL CENTRE,U82536,BRADFORD ON AVON & MELKSHAM PCN,92G,E38000231,0.0,0.0,18.0,2.0,4.0,5.0,165.0,0.0,125.0,48.0,12284.0,3522.0
J83047,ELDENE SURGERY,U36809,BRUNEL HEALTH GROUP PCN5,92G,E38000231,0.0,0.0,37.0,4.0,17.0,0.0,33.0,2.0,20.0,17.0,6856.0,1562.0
J83048,ST MELOR HOUSE SURGERY,U26808,SARUM NORTH PCN,92G,E38000231,0.0,0.0,36.0,4.0,9.0,2.0,49.0,1.0,48.0,45.0,5516.0,1420.0
J83049,SOUTHBROOM SURGERY,U25572,DEVIZES PCN,92G,E38000231,0.0,0.0,82.0,9.0,31.0,8.0,155.0,0.0,76.0,40.0,9487.0,3029.0
J83050,PATFORD HOUSE PARTNERSHIP,U68450,CALNE PCN,92G,E38000231,0.0,0.0,85.0,8.0,2.0,4.0,78.0,0.0,64.0,53.0,11742.0,3096.0
J83052,SARUM HEALTH GROUP,U,Unallocated,92G,E38000231,0.0,0.0,115.0,30.0,40.0,4.0,80.0,2.0,49.0,36.0,13285.0,3117.0
J83053,ST. JAMES SURGERY,U25572,DEVIZES PCN,92G,E38000231,0.0,0.0,37.0,1.0,12.0,0.0,52.0,0.0,43.0,29.0,5418.0,2002.0
J83055,NEW COURT SURGERY,U61347,NORTH WILTS BORDER PCN,92G,E38000231,0.0,0.0,72.0,26.0,12.0,3.0,114.0,0.0,94.0,86.0,7474.0,2379.0
J83056,MARKET LAVINGTON SURGERY,U25572,DEVIZES PCN,92G,E38000231,0.0,0.0,38.0,7.0,3.0,0.0,39.0,1.0,28.0,24.0,3824.0,1596.0
J83057,NORTH SWINDON PRACTICE,U32901,BRUNEL HEALTH GROUP PCN3,92G,E38000231,1.0,0.0,102.0,21.0,3.0,3.0,225.0,0.0,97.0,45.0,16086.0,3789.0
J83058,TISBURY SURGERY,U55979,SARUM WEST PCN,92G,E38000231,0.0,0.0,6.0,0.0,1.0,3.0,81.0,7.0,70.0,66.0,2886.0,1422.0
J83059,THE LAWN MEDICAL CENTRE,U49785,WYVERN HEALTH PARTNERSHIP PCN,92G,E38000231,0.0,0.0,53.0,4.0,1.0,1.0,59.0,0.0,42.0,17.0,7764.0,1905.0
J83060,MERE SURGERY,U55979,SARUM WEST PCN,92G,E38000231,0.0,0.0,36.0,1.0,1.0,0.0,74.0,0.0,50.0,41.0,3305.0,1787.0
J83064,RIDGE GREEN MEDICAL PRACTICE,U04648,BRUNEL HEALTH GROUP PCN6,92G,E38000231,0.0,0.0,27.0,3.0,9.0,3.0,34.0,0.0,26.0,22.0,10387.0,1885.0
J83601,BURBAGE SURGERY,U,Unallocated,92G,E38000231,0.0,0.0,26.0,5.0,9.0,0.0,29.0,0.0,27.0,23.0,3057.0,1162.0
J83603,JUBILEE FIELD SURGERY,U68450,CALNE PCN,92G,E38000231,0.0,0.0,7.0,2.0,0.0,0.0,20.0,0.0,16.0,9.0,3520.0,1334.0
J83609,CRICKLADE SURGERY,U61347,NORTH WILTS BORDER PCN,92G,E38000231,0.0,0.0,6.0,0.0,1.0,1.0,14.0,0.0,10.0,6.0,2661.0,847.0
J83615,OLD SCHOOL HOUSE SURGERY,U,Unallocated,92G,E38000231,0.0,0.0,21.0,4.0,4.0,0.0,20.0,0.0,15.0,9.0,2538.0,935.0
J83618,THE TOLSEY SURGERY,U61347,NORTH WILTS BORDER PCN,92G,E38000231,0.0,0.0,12.0,0.0,4.0,2.0,20.0,0.0,9.0,5.0,2465.0,901.0
J83619,COURTYARD SURGERY,U55979,SARUM WEST PCN,92G,E38000231,0.0,0.0,55.0,13.0,1.0,0.0,57.0,0.0,52.0,52.0,2391.0,990.0
J83625,LODGE SURGERY,U93148,"CHIPPENHAM, CORSHAM & BOX PCN",92G,E38000231,0.0,0.0,40.0,3.0,0.0,1.0,70.0,0.0,66.0,59.0,6794.0,1573.0
J83629,SILTON SURGERY,U55979,SARUM WEST PCN,92G,E38000231,0.0,0.0,4.0,0.0,0.0,1.0,26.0,0.0,22.0,18.0,1547.0,857.0
J83630,HINDON SURGERY,U55979,SARUM WEST PCN,92G,E38000231,0.0,0.0,22.0,0.0,2.0,0.0,33.0,0.0,27.0,19.0,1609.0,895.0
J83633,VICTORIA CROSS SURGERY,U36809,BRUNEL HEALTH GROUP PCN5,92G,E38000231,0.0,0.0,41.0,1.0,15.0,1.0,32.0,0.0,26.0,14.0,8568.0,1802.0
J83645,PHOENIX SURGERY,U04648,BRUNEL HEALTH GROUP PCN6,92G,E38000231,0.0,0.0,9.0,0.0,4.0,1.0,7.0,1.0,6.0,5.0,3655.0,693.0
J83646,PARK LANE PRACTICE,U04648,BRUNEL HEALTH GROUP PCN6,92G,E38000231,0.0,0.0,11.0,0.0,2.0,1.0,19.0,0.0,14.0,11.0,6855.0,827.0
J84003,VENTNOR MEDICAL PRACTICE,U01198,SOUTH (IW) PCN,D9Y0V,E38000253,0.0,0.0,38.0,5.0,7.0,2.0,73.0,2.0,53.0,28.0,5383.0,2802.0
J84004,EAST COWES MEDICAL CENTRE,U75079,NORTH & EAST (IW) PCN,D9Y0V,E38000253,0.0,0.0,76.0,1.0,0.0,1.0,66.0,0.0,41.0,34.0,6353.0,2403.0
J84005,ESPLANADE SURGERY,U75079,NORTH & EAST (IW) PCN,D9Y0V,E38000253,0.0,0.0,55.0,6.0,13.0,3.0,111.0,0.0,87.0,67.0,5745.0,2629.0
J84007,ST. HELENS MEDICAL CENTRE,U75079,NORTH & EAST (IW) PCN,D9Y0V,E38000253,0.0,0.0,97.0,1.0,12.0,2.0,138.0,0.0,124.0,110.0,3728.0,2853.0
J84008,ARGYLL HOUSE,U75079,NORTH & EAST (IW) PCN,D9Y0V,E38000253,0.0,0.0,94.0,62.0,11.0,1.0,40.0,0.0,37.0,35.0,3960.0,1473.0
J84011,NEWPORT HEALTH CENTRE,U24247,CENTRAL & WEST (IW) PCN,D9Y0V,E38000253,0.0,0.0,130.0,26.0,5.0,5.0,210.0,2.0,160.0,88.0,19393.0,5364.0
J84012,TOWER HOUSE SURGERY,U75079,NORTH & EAST (IW) PCN,D9Y0V,E38000253,0.0,0.0,48.0,7.0,2.0,3.0,109.0,0.0,79.0,65.0,10972.0,3621.0
J84013,THE BAY MEDICAL PRACTICE,U01198,SOUTH (IW) PCN,D9Y0V,E38000253,0.0,0.0,364.0,216.0,0.0,11.0,407.0,1.0,310.0,259.0,18272.0,8786.0
J84015,COWES MEDICAL CENTRE,U24247,CENTRAL & WEST (IW) PCN,D9Y0V,E38000253,0.0,0.0,27.0,1.0,1.0,3.0,179.0,1.0,129.0,67.0,11425.0,4074.0
J84016,SOUTH WIGHT MEDICAL PRACTICE,U01198,SOUTH (IW) PCN,D9Y0V,E38000253,0.0,0.0,135.0,9.0,1.0,2.0,57.0,0.0,50.0,44.0,3893.0,2610.0
J84017,SOLENT NHS TRUST T/A MEDINA HEALTHCARE,U75079,NORTH & EAST (IW) PCN,D9Y0V,E38000253,0.0,0.0,59.0,12.0,3.0,3.0,151.0,0.0,110.0,79.0,5906.0,2566.0
J84019,WIGHT PRIMARY PARTNERSHIPS LTD,U24247,CENTRAL & WEST (IW) PCN,D9Y0V,E38000253,0.0,0.0,105.0,2.0,6.0,6.0,183.0,3.0,122.0,68.0,6405.0,4617.0
K81001,THE WATERFIELD PRACTICE,U,Unallocated,D4U1Y,E38000252,0.0,0.0,33.0,0.0,8.0,2.0,131.0,0.0,54.0,29.0,13180.0,2358.0
K81002,EASTFIELD HOUSE SURGERY,U16983,A34 WEST BERKSHIRE PCN,15A,E38000221,0.0,0.0,34.0,0.0,8.0,1.0,81.0,2.0,68.0,51.0,13014.0,2150.0
K81003,SWALLOWFIELD MEDICAL PRACTICE,U80264,WOKINGHAM SOUTH PCN,15A,E38000221,0.0,0.0,20.0,0.0,0.0,1.0,100.0,0.0,60.0,37.0,13157.0,2500.0
K81004,THE POTTERIES,U98548,THE TRIANGLE PCN,15A,E38000221,0.0,0.0,43.0,0.0,19.0,3.0,221.0,1.0,174.0,107.0,11418.0,3067.0
K81007,LONDON STREET SURGERY,U99474,READING CENTRAL PCN,15A,E38000221,0.0,0.0,9.0,0.0,5.0,0.0,10.0,0.0,6.0,*,4867.0,567.0
K81010,KINGS CORNER SURGERY,U,Unallocated,D4U1Y,E38000252,0.0,0.0,38.0,1.0,15.0,0.0,46.0,0.0,39.0,27.0,5517.0,1600.0
K81012,THE BOAT HOUSE SURGERY,U04079,WEST READING VILLAGES PCN,15A,E38000221,0.0,0.0,25.0,1.0,8.0,4.0,101.0,0.0,96.0,44.0,9356.0,2843.0
K81014,BALMORE PARK SURGERY,U63186,CAVERSHAM PCN,15A,E38000221,0.0,0.0,104.0,0.0,28.0,2.0,163.0,0.0,102.0,63.0,16361.0,3779.0
K81015,WOODLANDS PARK SURGERY,U,Unallocated,D4U1Y,E38000252,0.0,0.0,9.0,0.0,2.0,0.0,10.0,0.0,9.0,9.0,2829.0,761.0
K81017,FALKLAND SURGERY,U44671,KENNET PCN,15A,E38000221,0.0,0.0,90.0,2.0,43.0,4.0,144.0,0.0,132.0,124.0,11186.0,3332.0
K81018,LINDEN MEDICAL CENTRE,U,Unallocated,D4U1Y,E38000252,0.0,0.0,44.0,0.0,21.0,5.0,79.0,0.0,72.0,58.0,7953.0,2194.0
K81019,ROSS ROAD MEDICAL CENTRE,U,Unallocated,D4U1Y,E38000252,0.0,0.0,13.0,0.0,4.0,3.0,20.0,0.0,22.0,15.0,5416.0,537.0
K81020,CLAREMONT HOLYPORT SURGERY,U,Unallocated,D4U1Y,E38000252,0.0,0.0,96.0,1.0,35.0,1.0,137.0,0.0,135.0,67.0,15234.0,3633.0
K81021,DATCHET HEALTH CENTRE,U,Unallocated,D4U1Y,E38000252,0.0,0.0,52.0,1.0,11.0,0.0,89.0,0.0,68.0,35.0,8031.0,2059.0
K81022,WOKINGHAM MEDICAL CENTRE,U89419,MODALITY WOKINGHAM PCN,15A,E38000221,0.0,0.0,48.0,0.0,10.0,7.0,310.0,0.0,240.0,112.0,23453.0,5298.0
K81024,LANGLEY HEALTH CENTRE,U,Unallocated,D4U1Y,E38000252,0.0,0.0,241.0,7.0,16.0,0.0,91.0,0.0,62.0,50.0,20825.0,2570.0
K81025,FINCHAMPSTEAD PRACTICE,U80264,WOKINGHAM SOUTH PCN,15A,E38000221,0.0,0.0,23.0,1.0,7.0,2.0,122.0,0.0,48.0,20.0,15963.0,3708.0
K81026,CHATHAM STREET SURGERY,U99474,READING CENTRAL PCN,15A,E38000221,0.0,0.0,3.0,0.0,0.0,0.0,29.0,0.0,22.0,15.0,7160.0,803.0
K81027,MORTIMER SURGERY,U04079,WEST READING VILLAGES PCN,15A,E38000221,0.0,0.0,25.0,0.0,9.0,0.0,88.0,0.0,76.0,18.0,8675.0,2533.0
K81028,MAGNOLIA HOUSE SURGERY,U,Unallocated,D4U1Y,E38000252,0.0,0.0,20.0,1.0,5.0,2.0,120.0,2.0,83.0,62.0,6824.0,2104.0
K81030,RINGMEAD MEDICAL GROUP,U89762,THE HEALTH TRIANGLE PCN,D4U1Y,E38000252,1.0,5.0,145.0,37.0,47.0,11.0,333.0,3.0,286.0,203.0,32203.0,8243.0
K81034,CROSBY HOUSE SURGERY,U14694,CENTRAL SLOUGH NETWORK PCN,D4U1Y,E38000252,0.0,0.0,57.0,1.0,17.0,0.0,33.0,0.0,13.0,11.0,10557.0,1137.0
K81036,THE CEDARS SURGERY,U,Unallocated,D4U1Y,E38000252,0.0,0.0,54.0,13.0,11.0,7.0,78.0,1.0,55.0,42.0,10153.0,1849.0
K81040,MILMAN & KENNET SURGERY,U03989,READING HOLYBROOK PCN,15A,E38000221,0.0,0.0,30.0,0.0,6.0,3.0,58.0,2.0,38.0,18.0,17244.0,2371.0
K81041,EMMER GREEN SURGERY,U63186,CAVERSHAM PCN,15A,E38000221,0.0,0.0,13.0,0.0,5.0,3.0,125.0,5.0,91.0,54.0,9134.0,2497.0
K81042,COOKHAM MEDICAL CENTRE,U,Unallocated,D4U1Y,E38000252,0.0,0.0,23.0,1.0,11.0,0.0,67.0,0.0,48.0,31.0,6086.0,1900.0
K81043,HERSCHEL MEDICAL CENTRE,U14694,CENTRAL SLOUGH NETWORK PCN,D4U1Y,E38000252,0.0,0.0,100.0,3.0,5.0,1.0,71.0,0.0,54.0,35.0,16949.0,1755.0
K81045,PARKSIDE PRACTICE,U49304,WOKINGHAM NORTH PCN,15A,E38000221,0.0,0.0,47.0,1.0,23.0,4.0,111.0,2.0,98.0,67.0,14278.0,2604.0
K81046,LEE HOUSE SURGERY,U,Unallocated,D4U1Y,E38000252,0.0,0.0,40.0,2.0,14.0,2.0,29.0,0.0,28.0,14.0,7157.0,1330.0
K81047,BROOKSIDE GROUP PRACTICE,U68696,EARLEY + PCN,15A,E38000221,0.0,1.0,88.0,1.0,39.0,4.0,197.0,2.0,158.0,52.0,25264.0,5537.0
K81048,LONG BARN LANE SURGERY,U62501,NEW READING PCN,15A,E38000221,0.0,0.0,7.0,0.0,3.0,1.0,48.0,0.0,36.0,27.0,8246.0,979.0
K81050,THE DOWNLAND PRACTICE,U16983,A34 WEST BERKSHIRE PCN,15A,E38000221,0.0,0.0,18.0,0.0,0.0,3.0,65.0,0.0,53.0,43.0,8830.0,2269.0
K81051,WOODLEY PRACTICE,U49304,WOKINGHAM NORTH PCN,15A,E38000221,0.0,0.0,24.0,1.0,10.0,3.0,73.0,1.0,64.0,46.0,11683.0,2121.0
K81052,LAMBOURN SURGERY,U11781,WEST BERKSHIRE RURAL PCN,15A,E38000221,0.0,0.0,63.0,25.0,4.0,0.0,41.0,0.0,27.0,21.0,4698.0,1483.0
K81055,WARGRAVE PRACTICE,U49304,WOKINGHAM NORTH PCN,15A,E38000221,0.0,0.0,21.0,0.0,9.0,2.0,100.0,0.0,74.0,49.0,5678.0,1979.0
K81056,WESTWOOD ROAD SURGERY,U99474,READING CENTRAL PCN,15A,E38000221,3.0,0.0,28.0,4.0,8.0,1.0,26.0,0.0,16.0,14.0,5503.0,1082.0
K81057,HUNGERFORD SURGERY,U11781,WEST BERKSHIRE RURAL PCN,15A,E38000221,0.0,0.0,40.0,0.0,0.0,2.0,105.0,0.0,83.0,67.0,5329.0,1864.0
K81060,BINFIELD SURGERY,U,Unallocated,D4U1Y,E38000252,0.0,0.0,11.0,0.0,5.0,3.0,75.0,0.0,57.0,43.0,10630.0,2005.0
K81062,WESTERN ELMS & CIRCUIT LANE SURGERIES,U,Unallocated,15A,E38000221,0.0,0.0,47.0,0.0,15.0,5.0,125.0,0.0,104.0,26.0,23157.0,3892.0
K81063,STRAWBERRY HILL MEDICAL CENTRE,U16983,A34 WEST BERKSHIRE PCN,15A,E38000221,0.0,0.0,57.0,0.0,11.0,8.0,279.0,1.0,212.0,119.0,18112.0,4242.0
K81066,THE SYMONS MEDICAL CENTRE,U,Unallocated,D4U1Y,E38000252,0.0,0.0,27.0,0.0,5.0,1.0,181.0,0.0,142.0,93.0,9195.0,2018.0
K81068,SHEET STREET SURGERY,U,Unallocated,D4U1Y,E38000252,0.0,0.0,54.0,1.0,19.0,3.0,72.0,0.0,56.0,25.0,7031.0,1945.0
K81069,LODDON VALE PRACTICE,U29197,PHOENIX PCN,15A,E38000221,0.0,0.0,23.0,0.0,12.0,3.0,85.0,2.0,77.0,56.0,11315.0,3286.0
K81070,TWYFORD SURGERY,U29197,PHOENIX PCN,15A,E38000221,0.0,0.0,25.0,0.0,16.0,1.0,84.0,1.0,55.0,15.0,9772.0,2374.0
K81073,THATCHAM HEALTH CENTRE,U44671,KENNET PCN,15A,E38000221,0.0,0.0,44.0,0.0,12.0,5.0,187.0,1.0,158.0,43.0,14419.0,3695.0
K81074,CLARENCE MEDICAL CENTRE,U,Unallocated,D4U1Y,E38000252,0.0,0.0,23.0,0.0,6.0,1.0,35.0,0.0,30.0,27.0,13245.0,1701.0
K81075,FARNHAM ROAD PRACTICE,U73227,SPINE PCN,D4U1Y,E38000252,0.0,0.0,101.0,0.0,28.0,6.0,171.0,0.0,124.0,114.0,34063.0,3965.0
K81076,GREEN MEADOWS SURGERY,U,Unallocated,D4U1Y,E38000252,0.0,0.0,57.0,1.0,20.0,3.0,128.0,0.0,93.0,53.0,6796.0,2523.0
K81077,THEALE MEDICAL CENTRE,U04079,WEST READING VILLAGES PCN,15A,E38000221,0.0,0.0,18.0,0.0,4.0,1.0,68.0,0.0,58.0,43.0,8814.0,2080.0
K81078,GROVELANDS MEDICAL CENTRE,U99474,READING CENTRAL PCN,15A,E38000221,2.0,0.0,80.0,25.0,17.0,1.0,103.0,0.0,79.0,42.0,11205.0,2111.0
K81080,NEW WOKINGHAM ROAD SURGERY,U58708,WOOSEHILL AND CROWTHORNE PCN,15A,E38000221,0.0,0.0,28.0,9.0,17.0,2.0,84.0,0.0,42.0,19.0,7705.0,2128.0
K81081,ABBEY MEDICAL CENTRE,U03989,READING HOLYBROOK PCN,15A,E38000221,0.0,0.0,1.0,1.0,0.0,1.0,3.0,0.0,4.0,*,2223.0,237.0
K81082,THE VILLAGE MEDICAL CENTRE,U31305,SHAPE PCN,D4U1Y,E38000252,0.0,0.0,8.0,1.0,3.0,1.0,16.0,0.0,8.0,6.0,9595.0,1114.0
K81083,BHARANI MEDICAL CENTRE,U31305,SHAPE PCN,D4U1Y,E38000252,0.0,0.0,22.0,0.0,10.0,2.0,104.0,0.0,72.0,42.0,15978.0,1868.0
K81084,ROSEMEAD SURGERY,U,Unallocated,D4U1Y,E38000252,0.0,0.0,4.0,0.0,1.0,1.0,61.0,0.0,48.0,44.0,6197.0,1522.0
K81085,SHREEJI MEDICAL CENTRE,U14694,CENTRAL SLOUGH NETWORK PCN,D4U1Y,E38000252,0.0,0.0,11.0,0.0,3.0,1.0,28.0,2.0,22.0,21.0,9070.0,1138.0
K81086,MANOR PARK MEDICAL CENTRE,U14694,CENTRAL SLOUGH NETWORK PCN,D4U1Y,E38000252,4.0,0.0,99.0,27.0,15.0,2.0,42.0,0.0,30.0,17.0,10456.0,1507.0
K81087,EASTHAMPSTEAD SURGERY,U,Unallocated,D4U1Y,E38000252,0.0,0.0,31.0,0.0,8.0,0.0,22.0,0.0,18.0,17.0,6562.0,836.0
K81092,WOOSEHILL PRACTICE,U58708,WOOSEHILL AND CROWTHORNE PCN,15A,E38000221,0.0,0.0,29.0,1.0,10.0,4.0,108.0,0.0,81.0,47.0,12628.0,2638.0
K81094,GREAT HOLLANDS PRACTICE,U,Unallocated,D4U1Y,E38000252,0.0,0.0,9.0,5.0,5.0,6.0,9.0,0.0,11.0,7.0,4035.0,528.0
K81097,REDWOOD HOUSE SURGERY,U,Unallocated,D4U1Y,E38000252,0.0,0.0,12.0,0.0,5.0,4.0,37.0,0.0,28.0,13.0,4767.0,1056.0
K81100,PEMBROKE SURGERY,U99474,READING CENTRAL PCN,15A,E38000221,0.0,0.0,3.0,0.0,1.0,3.0,17.0,0.0,16.0,8.0,5896.0,543.0
K81102,BURDWOOD SURGERY,U44671,KENNET PCN,15A,E38000221,0.0,0.0,25.0,0.0,12.0,1.0,38.0,1.0,29.0,19.0,8732.0,1642.0
K81103,CHAPEL ROW SURGERY,U04079,WEST READING VILLAGES PCN,15A,E38000221,0.0,0.0,16.0,0.0,4.0,0.0,43.0,0.0,34.0,12.0,6995.0,1895.0
K81605,UNIVERSITY MEDICAL GROUP,U37007,READING UNIVERSITY PCN,15A,E38000221,0.0,0.0,36.0,21.0,11.0,2.0,117.0,0.0,84.0,61.0,29780.0,2131.0
K81607,CORDWALLIS ROAD SURGERY,U,Unallocated,D4U1Y,E38000252,0.0,0.0,0.0,0.0,0.0,1.0,13.0,0.0,9.0,8.0,2959.0,350.0
K81608,DR NABI,U,Unallocated,D4U1Y,E38000252,0.0,0.0,1.0,0.0,0.0,0.0,15.0,0.0,13.0,5.0,4623.0,426.0
K81610,FOREST HEALTH GROUP-MOUNT LANE,U86433,BRACCAN PCN,D4U1Y,E38000252,0.0,0.0,89.0,1.0,32.0,5.0,156.0,0.0,122.0,89.0,26246.0,4799.0
K81616,KUMAR MEDICAL CENTRE,U73227,SPINE PCN,D4U1Y,E38000252,0.0,0.0,10.0,0.0,4.0,1.0,14.0,0.0,13.0,12.0,5004.0,685.0
K81630,SOUTH MEADOW SURGERY,U,Unallocated,D4U1Y,E38000252,0.0,0.0,41.0,1.0,14.0,4.0,209.0,0.0,186.0,134.0,11976.0,2387.0
K81633,SOUTH READING & SHINFIELD GROUP MED PRAC,U62501,NEW READING PCN,15A,E38000221,0.0,0.0,13.0,0.0,3.0,2.0,126.0,0.0,114.0,40.0,10442.0,1145.0
K81636,COLEY PARK SURGERY,U62501,NEW READING PCN,15A,E38000221,0.0,0.0,13.0,0.0,5.0,8.0,19.0,1.0,19.0,9.0,8082.0,721.0
K81644,TILEHURST VILLAGE SURGERY,U98548,THE TRIANGLE PCN,15A,E38000221,0.0,0.0,18.0,0.0,8.0,5.0,86.0,0.0,64.0,40.0,13089.0,1987.0
K81645,240 WEXHAM ROAD,U14694,CENTRAL SLOUGH NETWORK PCN,D4U1Y,E38000252,0.0,0.0,8.0,1.0,3.0,0.0,10.0,0.0,9.0,*,6865.0,578.0
K81651,MELROSE SURGERY,U62501,NEW READING PCN,15A,E38000221,0.0,0.0,13.0,2.0,8.0,1.0,50.0,0.0,34.0,26.0,15900.0,1432.0
K81655,ASCOT MEDICAL CENTRE,U,Unallocated,D4U1Y,E38000252,1.0,0.0,23.0,0.0,10.0,2.0,105.0,0.0,85.0,78.0,5996.0,1185.0
K81656,CROWN WOOD MEDICAL CENTRE,U89762,THE HEALTH TRIANGLE PCN,D4U1Y,E38000252,0.0,0.0,16.0,12.0,5.0,3.0,17.0,0.0,16.0,14.0,6161.0,847.0
K81657,EVERGREEN PRACTICE,U89762,THE HEALTH TRIANGLE PCN,D4U1Y,E38000252,0.0,0.0,6.0,0.0,3.0,1.0,12.0,0.0,10.0,7.0,5680.0,437.0
K82001,RECTORY MEADOW SURGERY,U59622,MID CHILTERN PCN,14Y,E38000223,0.0,0.0,13.0,0.0,2.0,0.0,55.0,2.0,42.0,18.0,7973.0,2624.0
K82003,WOLVERTON HEALTH CENTRE,U31922,NEXUS MK PCN,M1J4Y,E38000249,0.0,0.0,24.0,0.0,9.0,2.0,55.0,0.0,49.0,44.0,14104.0,1840.0
K82004,AMERSHAM HEALTH CENTRE,U59622,MID CHILTERN PCN,14Y,E38000223,0.0,0.0,37.0,0.0,8.0,2.0,133.0,3.0,69.0,34.0,11675.0,2578.0
K82006,THE IVERS PRACTICE,U71897,SOUTH BUCKS PCN,14Y,E38000223,0.0,0.0,43.0,0.0,2.0,1.0,66.0,0.0,50.0,27.0,7410.0,1800.0
K82007,THE SWAN PRACTICE,U63386,THE SWAN NETWORK PCN,14Y,E38000223,0.0,0.0,150.0,51.0,14.0,5.0,281.0,0.0,200.0,151.0,24849.0,6244.0
K82008,THE HALL PRACTICE,U92384,THE CHALFONTS PCN,14Y,E38000223,0.0,0.0,89.0,45.0,2.0,0.0,169.0,3.0,134.0,99.0,8072.0,2425.0
K82009,WATLING STREET PRACTICE,U58600,WATLING STREET NETWORK PCN,M1J4Y,E38000249,0.0,0.0,156.0,24.0,44.0,22.0,370.0,2.0,286.0,241.0,34050.0,7269.0
K82010,TOWER HOUSE SURGERY,U01916,CYGNET PCN,14Y,E38000223,0.0,0.0,6.0,0.0,0.0,4.0,51.0,2.0,41.0,27.0,8456.0,1352.0
K82011,MILLBARN MEDICAL CENTRE,U23821,ARC BUCKS PCN,14Y,E38000223,0.0,0.0,16.0,0.0,4.0,0.0,58.0,0.0,44.0,36.0,8645.0,1843.0
K82012,HIGHFIELD SURGERY,U23821,ARC BUCKS PCN,14Y,E38000223,0.0,0.0,32.0,0.0,1.0,0.0,50.0,0.0,41.0,21.0,5214.0,1860.0
K82013,THE RED HOUSE SURGERY,U35004,CROWN PCN,M1J4Y,E38000249,0.0,0.0,95.0,8.0,40.0,3.0,124.0,0.0,89.0,67.0,11148.0,3212.0
K82014,OAKFIELD SURGERY,U82404,CENTRAL MAPLE PCN,14Y,E38000223,0.0,0.0,11.0,0.0,3.0,1.0,25.0,0.0,20.0,16.0,4911.0,1064.0
K82015,PARKSIDE MEDICAL CENTRE,U86258,SOUTH WEST PCN,M1J4Y,E38000249,0.0,0.0,50.0,1.0,9.0,1.0,105.0,0.0,44.0,43.0,8161.0,1794.0
K82016,NEWPORT PAGNELL MED.CTR.,U93573,THE BRIDGE MK PCN,M1J4Y,E38000249,0.0,0.0,133.0,3.0,32.0,10.0,278.0,1.0,221.0,188.0,22791.0,6051.0
K82017,DESBOROUGH SURGERY,U01916,CYGNET PCN,14Y,E38000223,0.0,0.0,28.0,0.0,5.0,0.0,76.0,0.0,54.0,44.0,11946.0,2148.0
K82019,THE MANDEVILLE PRACTICE,U82404,CENTRAL MAPLE PCN,14Y,E38000223,0.0,0.0,16.0,0.0,1.0,6.0,49.0,0.0,42.0,24.0,14731.0,1881.0
K82020,CHILTERN HOUSE MED CENTRE,U67475,DASHWOOD PCN,14Y,E38000223,0.0,0.0,18.0,9.0,1.0,0.0,43.0,0.0,30.0,16.0,5380.0,986.0
K82021,THE CROSS KEYS PRACTICE,U88743,PHOENIX HEALTH PCN,14Y,E38000223,0.0,0.0,120.0,18.0,23.0,2.0,189.0,1.0,135.0,110.0,11079.0,4214.0
K82022,KINGSWOOD SURGERY,U01916,CYGNET PCN,14Y,E38000223,0.0,0.0,21.0,0.0,2.0,1.0,52.0,0.0,48.0,36.0,9260.0,1297.0
K82023,MARLOW MEDICAL GROUP,U23821,ARC BUCKS PCN,14Y,E38000223,1.0,0.0,127.0,10.0,5.0,5.0,322.0,0.0,190.0,143.0,29656.0,8598.0
K82024,THE NEW SURGERY CHESHAM,U47184,CHESHAM & LITTLE CHALFONT PCN,14Y,E38000223,0.0,0.0,36.0,0.0,10.0,3.0,115.0,0.0,103.0,32.0,8900.0,2155.0
K82025,SOVEREIGN MEDICAL CENTRE,U31922,NEXUS MK PCN,M1J4Y,E38000249,0.0,0.0,43.0,0.0,8.0,2.0,123.0,0.0,27.0,15.0,8204.0,2557.0
K82026,WHADDON HEALTHCARE,U35004,CROWN PCN,M1J4Y,E38000249,0.0,0.0,196.0,115.0,26.0,4.0,173.0,0.0,136.0,102.0,18161.0,3410.0
K82027,PURBECK HEALTH CENTRE,U31922,NEXUS MK PCN,M1J4Y,E38000249,0.0,0.0,24.0,7.0,4.0,0.0,23.0,1.0,16.0,11.0,5123.0,941.0
K82028,HADDENHAM MEDICAL CENTRE,U88743,PHOENIX HEALTH PCN,14Y,E38000223,0.0,0.0,25.0,1.0,0.0,0.0,98.0,0.0,62.0,36.0,7564.0,2382.0
K82029,CHERRYMEAD SURGERY,U,Unallocated,14Y,E38000223,0.0,0.0,0.0,0.0,0.0,0.0,0.0,0.0,0.0,*,9290.0,2046.0
K82030,WYE VALLEY SURGERY,U67475,DASHWOOD PCN,14Y,E38000223,0.0,0.0,36.0,10.0,5.0,1.0,95.0,0.0,79.0,73.0,9804.0,1485.0
K82031,THREEWAYS SURGERY,U71897,SOUTH BUCKS PCN,14Y,E38000223,0.0,0.0,39.0,7.0,4.0,2.0,53.0,0.0,31.0,13.0,4991.0,1287.0
K82032,OAKRIDGE PARK MEDICAL CENTRE,U31922,NEXUS MK PCN,M1J4Y,E38000249,0.0,0.0,38.0,4.0,4.0,2.0,45.0,2.0,31.0,24.0,10408.0,1855.0
K82033,BURNHAM HEALTH CENTRE,U71897,SOUTH BUCKS PCN,14Y,E38000223,0.0,0.0,43.0,0.0,3.0,2.0,139.0,1.0,78.0,34.0,15196.0,3651.0
K82035,THE JOHN HAMPDEN SURGERY,U59622,MID CHILTERN PCN,14Y,E38000223,0.0,0.0,9.0,0.0,1.0,0.0,34.0,1.0,18.0,8.0,2992.0,882.0
K82036,RIVERSIDE SURGERY,U67475,DASHWOOD PCN,14Y,E38000223,0.0,0.0,7.0,0.0,0.0,4.0,42.0,0.0,34.0,26.0,9966.0,1724.0
K82037,WATER MEADOW SURGERY,U47184,CHESHAM & LITTLE CHALFONT PCN,14Y,E38000223,0.0,0.0,64.0,4.0,13.0,3.0,129.0,0.0,96.0,77.0,10772.0,2731.0
K82038,POPLAR GROVE PRACTICE,U82404,CENTRAL MAPLE PCN,14Y,E38000223,0.0,3.0,32.0,5.0,2.0,5.0,112.0,0.0,85.0,37.0,20941.0,3571.0
K82039,BEDFORD STREET SURGERY,U86258,SOUTH WEST PCN,M1J4Y,E38000249,0.0,0.0,38.0,4.0,9.0,6.0,103.0,0.0,72.0,50.0,14367.0,2060.0
K82040,WHITEHILL SURGERY,U,Unallocated,14Y,E38000223,0.0,0.0,44.0,0.0,3.0,0.0,87.0,0.0,57.0,36.0,12061.0,1751.0
K82044,CARRINGTON HOUSE SURGERY,U67475,DASHWOOD PCN,14Y,E38000223,0.0,0.0,7.0,0.0,3.0,0.0,52.0,8.0,35.0,31.0,8803.0,1121.0
K82045,SOUTHMEAD SURGERY,U71897,SOUTH BUCKS PCN,14Y,E38000223,0.0,0.0,22.0,0.0,1.0,0.0,131.0,0.0,103.0,60.0,5141.0,1728.0
K82046,THE SIMPSON CENTRE,U23821,ARC BUCKS PCN,14Y,E38000223,0.0,0.0,38.0,0.0,1.0,2.0,187.0,0.0,138.0,123.0,14887.0,4090.0
K82047,UNITY HEALTH,U88743,PHOENIX HEALTH PCN,14Y,E38000223,0.0,0.0,58.0,0.0,4.0,4.0,122.0,1.0,93.0,52.0,17461.0,5400.0
K82048,STOKENCHURCH MEDICAL CTRE,U67475,DASHWOOD PCN,14Y,E38000223,0.0,0.0,36.0,5.0,18.0,1.0,79.0,0.0,76.0,68.0,5331.0,1589.0
K82049,HUGHENDEN VALLEY SURGERY,U59622,MID CHILTERN PCN,14Y,E38000223,0.0,0.0,25.0,0.0,0.0,3.0,94.0,5.0,54.0,22.0,8666.0,3415.0
K82051,THE MISBOURNE SURGERY,U92384,THE CHALFONTS PCN,14Y,E38000223,0.0,0.0,21.0,0.0,3.0,2.0,83.0,2.0,55.0,24.0,8136.0,2846.0
K82053,PRIORY SURGERY,U01916,CYGNET PCN,14Y,E38000223,0.0,1.0,47.0,1.0,1.0,0.0,135.0,0.0,96.0,52.0,9157.0,1891.0
K82054,ASHFIELD MEDICAL CENTRE,U64356,EAST MK PCN,M1J4Y,E38000249,0.0,0.0,25.0,4.0,6.0,5.0,89.0,1.0,67.0,52.0,8669.0,1595.0
K82055,DENHAM MEDICAL CENTRE,U71897,SOUTH BUCKS PCN,14Y,E38000223,0.0,0.0,84.0,26.0,9.0,0.0,105.0,0.0,82.0,75.0,8282.0,2237.0
K82057,COBBS GARDEN SURGERY,U28178,UNITY (BEDFORD) PCN,M1J4Y,E38000249,0.0,0.0,52.0,1.0,19.0,1.0,105.0,1.0,64.0,58.0,6620.0,2386.0
K82058,GLADSTONE ROAD SURGERY,U47184,CHESHAM & LITTLE CHALFONT PCN,14Y,E38000223,0.0,0.0,8.0,0.0,1.0,0.0,22.0,0.0,14.0,5.0,4784.0,956.0
K82059,WESTFIELD ROAD SURGERY,U86258,SOUTH WEST PCN,M1J4Y,E38000249,0.0,0.0,30.0,1.0,5.0,5.0,50.0,1.0,49.0,48.0,7534.0,1227.0
K82061,ASHCROFT SURGERY,U77200,NORTH BUCKS PCN,14Y,E38000223,0.0,0.0,1.0,0.0,0.0,0.0,18.0,0.0,14.0,5.0,3727.0,1098.0
K82064,FISHERMEAD MEDICAL CENTRE,U49574,ASCENT PCN,M1J4Y,E38000249,0.0,0.0,11.0,1.0,5.0,0.0,15.0,0.0,14.0,6.0,7115.0,667.0
K82065,CENTRAL MILTON KEYNES MEDICAL CENTRE,U64356,EAST MK PCN,M1J4Y,E38000249,0.0,0.0,46.0,3.0,5.0,5.0,48.0,0.0,38.0,37.0,18340.0,2196.0
K82066,BOURNE END & WOOBURN GREEN MEDICAL CTR,U23821,ARC BUCKS PCN,14Y,E38000223,0.0,0.0,39.0,0.0,19.0,2.0,131.0,2.0,75.0,51.0,10229.0,3378.0
K82068,WADDESDON SURGERY,U77200,NORTH BUCKS PCN,14Y,E38000223,0.0,0.0,28.0,0.0,1.0,2.0,30.0,0.0,20.0,15.0,4498.0,1091.0
K82070,3W HEALTH,U77200,NORTH BUCKS PCN,14Y,E38000223,0.0,0.0,17.0,1.0,2.0,2.0,107.0,0.0,73.0,42.0,14692.0,5057.0
K82073,WESTONGROVE PARTNERSHIP,U53775,WESTONGROVE PCN,14Y,E38000223,0.0,0.0,175.0,45.0,22.0,14.0,341.0,1.0,226.0,194.0,26350.0,7104.0
K82078,THE ALLAN PRACTICE,U92384,THE CHALFONTS PCN,14Y,E38000223,0.0,0.0,24.0,4.0,4.0,1.0,109.0,1.0,82.0,49.0,8009.0,2332.0
K82079,EDLESBOROUGH SURGERY,U77200,NORTH BUCKS PCN,14Y,E38000223,0.0,0.0,23.0,1.0,6.0,0.0,46.0,3.0,39.0,23.0,6582.0,2256.0
K82603,CRESSEX HEALTH CENTRE,U67475,DASHWOOD PCN,14Y,E38000223,0.0,0.0,20.0,0.0,1.0,1.0,74.0,0.0,38.0,37.0,10975.0,1290.0
K82610,THE GROVE SURGERY,U64356,EAST MK PCN,M1J4Y,E38000249,0.0,0.0,82.0,50.0,7.0,5.0,24.0,0.0,11.0,10.0,7684.0,752.0
K82615,WALNUT TREE HEALTH CENTRE,U49574,ASCENT PCN,M1J4Y,E38000249,0.0,0.0,51.0,2.0,8.0,2.0,36.0,0.0,29.0,26.0,13470.0,1614.0
K82617,THE STONEDEAN PRACTICE,U31922,NEXUS MK PCN,M1J4Y,E38000249,0.0,0.0,80.0,34.0,1.0,3.0,37.0,0.0,29.0,14.0,6803.0,1492.0
K82618,PROSPECT HOUSE SURGERY,U59622,MID CHILTERN PCN,14Y,E38000223,0.0,0.0,11.0,0.0,1.0,2.0,17.0,1.0,17.0,7.0,2723.0,740.0
K82621,LITTLE CHALFONT SURGERY,U47184,CHESHAM & LITTLE CHALFONT PCN,14Y,E38000223,0.0,0.0,5.0,0.0,0.0,1.0,25.0,0.0,19.0,17.0,3840.0,820.0
K82631,MILTON KEYNES VILLAGE SURG,U64356,EAST MK PCN,M1J4Y,E38000249,0.0,0.0,97.0,10.0,7.0,1.0,28.0,0.0,17.0,11.0,14530.0,1547.0
K82633,WESTCROFT HEALTH CENTRE,U86258,SOUTH WEST PCN,M1J4Y,E38000249,0.0,0.0,39.0,18.0,2.0,1.0,43.0,0.0,35.0,34.0,14965.0,1246.0
K83002,LAKESIDE HEALTHCARE,U,Unallocated,78H,E38000262,0.0,0.0,248.0,80.0,31.0,9.0,377.0,11.0,240.0,231.0,38993.0,7223.0
K83003,QUEENSVIEW MEDICAL CENTRE,U58673,ROYAL PARKS PCN,78H,E38000262,0.0,1.0,32.0,0.0,0.0,4.0,67.0,0.0,14.0,13.0,8097.0,1668.0
K83005,QUEENSWAY MEDICAL CENTRE,U19031,WELLINGBOROUGH & DISTRICT PCN,78H,E38000262,0.0,1.0,49.0,2.0,3.0,5.0,89.0,0.0,66.0,56.0,12552.0,2190.0
K83006,HEADLANDS SURGERY,U,Unallocated,78H,E38000262,0.0,0.0,51.0,9.0,1.0,2.0,65.0,1.0,57.0,51.0,7880.0,1711.0
K83007,HARBOROUGH FIELD SURGERY,U28255,EAST NORTHANTS PCN,78H,E38000262,0.0,0.0,53.0,1.0,1.0,2.0,109.0,2.0,79.0,75.0,11155.0,2785.0
K83008,THE PINES SURGERY,U58673,ROYAL PARKS PCN,78H,E38000262,0.0,0.0,53.0,14.0,0.0,3.0,114.0,1.0,84.0,79.0,8831.0,2267.0
K83009,MOULTON SURGERY,U36651,M-WEB PCN,78H,E38000262,0.0,0.0,67.0,4.0,3.0,5.0,108.0,0.0,80.0,71.0,12136.0,2408.0
K83010,ELEANOR CROSS HEALTHCARE,U97651,THE ARC HUB PCN,78H,E38000262,0.0,0.0,80.0,22.0,17.0,0.0,96.0,1.0,65.0,61.0,17100.0,2698.0
K83011,THE REDWELL MEDICAL CENTRE,U19031,WELLINGBOROUGH & DISTRICT PCN,78H,E38000262,0.0,0.0,40.0,4.0,3.0,0.0,112.0,0.0,91.0,56.0,9765.0,2584.0
K83012,KING EDWARD ROAD SURGERY,U09187,GRAND UNION PCN,78H,E38000262,0.0,0.0,67.0,5.0,2.0,2.0,176.0,1.0,147.0,143.0,9731.0,2152.0
K83013,ESKDAILL MEDICAL,U09772,RED KITE HEALTHCARE PCN,78H,E38000262,0.0,0.0,61.0,20.0,1.0,3.0,144.0,1.0,118.0,99.0,12835.0,2425.0
K83014,LEICESTER TCE HEALTHCARE CTR,U09187,GRAND UNION PCN,78H,E38000262,0.0,0.0,58.0,6.0,1.0,1.0,110.0,0.0,99.0,88.0,15517.0,2514.0
K83015,DANETRE MEDICAL PRACTICE,U79464,DAVENTRY PCN,78H,E38000262,0.0,0.0,74.0,45.0,14.0,3.0,142.0,3.0,107.0,100.0,10099.0,2750.0
K83017,WANSFORD,U,Unallocated,06H,E38000260,0.0,0.0,58.0,14.0,21.0,2.0,125.0,0.0,89.0,80.0,7874.0,2826.0
K83018,SPRINGFIELD SURGERY,U07902,BRACKLEY & TOWCESTER PCN,78H,E38000262,0.0,0.0,31.0,1.0,3.0,2.0,77.0,0.0,46.0,43.0,10016.0,2523.0
K83019,THE LONG BUCKBY PRACTICE,U96568,NORTHAMPTONSHIRE RURAL PCN,78H,E38000262,0.0,0.0,21.0,13.0,0.0,3.0,33.0,0.0,25.0,15.0,4899.0,1688.0
K83020,RILLWOOD MEDICAL CENTRE,U69252,PARKWOOD PCN,78H,E38000262,0.0,0.0,13.0,2.0,6.0,0.0,10.0,0.0,6.0,6.0,3705.0,400.0
K83021,ROTHWELL MEDICAL CENTRE,U21248,TRIANGLE PCN,78H,E38000262,7.0,0.0,798.0,748.0,16.0,2.0,189.0,0.0,144.0,101.0,17311.0,4714.0
K83022,TOWCESTER MEDICAL CENTRE,U07902,BRACKLEY & TOWCESTER PCN,78H,E38000262,0.0,0.0,17.0,1.0,5.0,3.0,60.0,0.0,32.0,23.0,9598.0,2130.0
K83023,OUNDLE,U,Unallocated,78H,E38000262,0.0,0.0,72.0,9.0,30.0,3.0,137.0,1.0,102.0,101.0,7755.0,2864.0
K83024,RUSHDEN MEDICAL CENTRE,U52261,BLUE PCN,78H,E38000262,0.0,0.0,43.0,13.0,6.0,0.0,42.0,6.0,11.0,7.0,7310.0,1637.0
K83025,THE MOUNTS MEDICAL CENTRE,U40159,MMWF PCN,78H,E38000262,0.0,0.0,42.0,0.0,0.0,1.0,47.0,0.0,40.0,35.0,15095.0,1595.0
K83026,ALBANY HOUSE MEDICAL CENTRE,U19031,WELLINGBOROUGH & DISTRICT PCN,78H,E38000262,0.0,0.0,73.0,17.0,7.0,3.0,150.0,2.0,128.0,105.0,17149.0,2877.0
K83027,LANGHAM PLACE SURGERY,U58673,ROYAL PARKS PCN,78H,E38000262,1.0,0.0,50.0,4.0,1.0,0.0,106.0,0.0,77.0,74.0,8897.0,1377.0
K83028,SPINNEY BROOK MEDICAL CENTRE,U28255,EAST NORTHANTS PCN,78H,E38000262,0.0,0.0,54.0,8.0,2.0,4.0,87.0,1.0,88.0,61.0,9111.0,2433.0
K83029,ABINGTON PARK SURGERY,U09187,GRAND UNION PCN,78H,E38000262,1.0,1.0,48.0,6.0,1.0,3.0,102.0,0.0,70.0,64.0,10532.0,2350.0
K83030,THE COTTONS MEDICAL CENTRE,U28255,EAST NORTHANTS PCN,78H,E38000262,0.0,0.0,35.0,2.0,3.0,0.0,138.0,0.0,86.0,77.0,7097.0,2216.0
K83031,BYFIELD MEDICAL CENTRE,U96568,NORTHAMPTONSHIRE RURAL PCN,78H,E38000262,0.0,0.0,16.0,0.0,2.0,4.0,39.0,0.0,34.0,31.0,6366.0,1914.0
K83032,ABBEY HOUSE MEDICAL PRACTICE,U79464,DAVENTRY PCN,78H,E38000262,0.0,0.0,100.0,2.0,1.0,9.0,173.0,22.0,83.0,70.0,18171.0,3886.0
K83035,KINGSTHORPE MEDICAL CTR.,U36651,M-WEB PCN,78H,E38000262,0.0,0.0,9.0,0.0,0.0,3.0,53.0,0.0,47.0,42.0,5777.0,1086.0
K83036,LINDEN MEDICAL GROUP,U09772,RED KITE HEALTHCARE PCN,78H,E38000262,0.0,0.0,73.0,6.0,13.0,1.0,131.0,1.0,118.0,113.0,14127.0,2863.0
K83037,DR SPENCER & PARTNERS,U35821,KETTERING & SOUTH WEST RURAL PCN,78H,E38000262,0.0,0.0,86.0,27.0,3.0,1.0,100.0,4.0,68.0,50.0,11181.0,2692.0
K83039,DRYLAND MEDICAL CENTRE,U35821,KETTERING & SOUTH WEST RURAL PCN,78H,E38000262,0.0,0.0,67.0,8.0,10.0,2.0,135.0,0.0,52.0,47.0,9526.0,2635.0
K83040,WOODVIEW MEDICAL CENTRE,U36651,M-WEB PCN,78H,E38000262,0.0,0.0,165.0,59.0,1.0,1.0,62.0,2.0,45.0,42.0,9348.0,1710.0
K83041,ST LUKES PRIMARY CARE CENTRE,U97651,THE ARC HUB PCN,78H,E38000262,1.0,0.0,101.0,3.0,1.0,4.0,216.0,0.0,126.0,110.0,19828.0,4048.0
K83042,PARK AVE MED CNT & KINGS HEATH PRACTICE,U52261,BLUE PCN,78H,E38000262,0.0,0.0,59.0,12.0,5.0,2.0,83.0,0.0,73.0,50.0,13039.0,2321.0
K83043,ABINGTON MEDICAL CENTRE,U09187,GRAND UNION PCN,78H,E38000262,0.0,0.0,38.0,0.0,0.0,4.0,108.0,0.0,82.0,78.0,12272.0,2444.0
K83044,PARKLANDS MEDICAL CENTRE,U28255,EAST NORTHANTS PCN,78H,E38000262,0.0,0.0,52.0,1.0,2.0,2.0,130.0,0.0,97.0,85.0,10563.0,3130.0
K83047,ABBEY MEDICAL PRACTICE,U19031,WELLINGBOROUGH & DISTRICT PCN,78H,E38000262,0.0,0.0,156.0,30.0,21.0,8.0,221.0,2.0,163.0,159.0,23856.0,4587.0
K83048,BROOK MEDICAL CENTRE,U52261,BLUE PCN,78H,E38000262,0.0,0.0,16.0,1.0,0.0,1.0,35.0,1.0,22.0,17.0,4627.0,1072.0
K83049,BRACKLEY MEDICAL CENTRE,U07902,BRACKLEY & TOWCESTER PCN,78H,E38000262,0.0,0.0,58.0,8.0,5.0,3.0,131.0,1.0,82.0,71.0,12900.0,3334.0
K83050,THE CRESCENT MEDICAL CTR.,U52261,BLUE PCN,78H,E38000262,0.0,0.0,12.0,0.0,1.0,2.0,54.0,0.0,48.0,43.0,6395.0,763.0
K83051,WEAVERS MEDICAL,U09772,RED KITE HEALTHCARE PCN,78H,E38000262,0.0,0.0,105.0,16.0,12.0,3.0,255.0,0.0,160.0,95.0,24472.0,4592.0
K83052,THE PARKS MEDICAL PRACTICE,U69252,PARKWOOD PCN,78H,E38000262,0.0,0.0,102.0,13.0,7.0,3.0,130.0,1.0,90.0,52.0,18648.0,4231.0
K83053,CRICK MEDICAL PRACTICE,U96568,NORTHAMPTONSHIRE RURAL PCN,78H,E38000262,0.0,0.0,18.0,0.0,1.0,1.0,36.0,0.0,32.0,22.0,5011.0,1488.0
K83055,WOOTTON MEDICAL CENTRE,U36651,M-WEB PCN,78H,E38000262,0.0,0.0,30.0,0.0,1.0,0.0,71.0,6.0,60.0,52.0,6689.0,1252.0
K83056,COUNTY SURGERY,U52261,BLUE PCN,78H,E38000262,0.0,0.0,9.0,0.0,0.0,1.0,16.0,0.0,13.0,7.0,3583.0,613.0
K83059,WOODSEND MEDICAL CENTRE,U09772,RED KITE HEALTHCARE PCN,78H,E38000262,0.0,1.0,152.0,36.0,20.0,4.0,194.0,1.0,157.0,75.0,26447.0,4611.0
K83064,THE SAXON SPIRES PRACTICE,U96568,NORTHAMPTONSHIRE RURAL PCN,78H,E38000262,0.0,0.0,50.0,0.0,4.0,0.0,104.0,0.0,27.0,25.0,12550.0,3772.0
K83065,NENE VALLEY SURGERY,U28255,EAST NORTHANTS PCN,78H,E38000262,0.0,0.0,7.0,0.0,2.0,1.0,83.0,0.0,71.0,63.0,5283.0,1638.0
K83066,GREENS NORTON & WEEDON MEDICAL PRACTICE,U96568,NORTHAMPTONSHIRE RURAL PCN,78H,E38000262,0.0,0.0,72.0,9.0,1.0,4.0,135.0,1.0,93.0,60.0,10672.0,3896.0
K83068,DENTON VILLAGE SURGERY,U36651,M-WEB PCN,78H,E38000262,0.0,0.0,46.0,8.0,2.0,1.0,49.0,0.0,35.0,34.0,4623.0,1691.0
K83069,MARSHALLS ROAD SURGERY,U28255,EAST NORTHANTS PCN,78H,E38000262,0.0,0.0,9.0,3.0,0.0,4.0,29.0,0.0,31.0,31.0,2488.0,703.0
K83070,BUGBROOKE MEDICAL PRACTICE,U52261,BLUE PCN,78H,E38000262,0.0,0.0,34.0,5.0,3.0,4.0,67.0,1.0,51.0,45.0,8710.0,2061.0
K83076,MAYFIELD SURGERY,U40159,MMWF PCN,78H,E38000262,5.0,0.0,87.0,67.0,1.0,0.0,40.0,1.0,24.0,20.0,7642.0,1142.0
K83077,GREENVIEW SURGERY,U09187,GRAND UNION PCN,78H,E38000262,0.0,0.0,37.0,12.0,3.0,0.0,69.0,0.0,57.0,35.0,7648.0,1724.0
K83080,HIGHAM FERRERS SURGERY,U28255,EAST NORTHANTS PCN,78H,E38000262,0.0,0.0,28.0,1.0,6.0,2.0,62.0,0.0,55.0,54.0,4473.0,1067.0
K83081,SUMMERLEE MEDICAL CENTRE,U19031,WELLINGBOROUGH & DISTRICT PCN,78H,E38000262,0.0,0.0,0.0,0.0,0.0,0.0,3.0,0.0,2.0,*,1569.0,324.0
K83601,EARLS BARTON MEDICAL CENTRE,U69252,PARKWOOD PCN,78H,E38000262,0.0,0.0,35.0,19.0,0.0,1.0,32.0,0.0,21.0,15.0,6639.0,1663.0
K83610,DANES CAMP MEDICAL CENTRE,U69252,PARKWOOD PCN,78H,E38000262,0.0,0.0,41.0,4.0,4.0,3.0,64.0,1.0,47.0,40.0,13049.0,2014.0
K83614,ASPIRO HEALTHCARE STUDFALL MED CENTRE,U09772,RED KITE HEALTHCARE PCN,78H,E38000262,0.0,0.0,29.0,8.0,8.0,1.0,37.0,0.0,13.0,6.0,1.0,0.0
K83616,THE MEADOWS SURGERY,U28255,EAST NORTHANTS PCN,78H,E38000262,1.0,0.0,295.0,268.0,1.0,2.0,37.0,0.0,37.0,33.0,5255.0,1132.0
K83618,DR ABBAS,U40159,MMWF PCN,78H,E38000262,0.0,0.0,11.0,3.0,1.0,4.0,40.0,0.0,35.0,27.0,11097.0,1253.0
K83620,THE BROOK HEALTH CENTRE,U07902,BRACKLEY & TOWCESTER PCN,78H,E38000262,1.0,0.0,37.0,4.0,0.0,1.0,49.0,2.0,31.0,15.0,7191.0,1948.0
K83621,MAPLE ACCESS PARTNERSHIP LLP,U40159,MMWF PCN,78H,E38000262,0.0,0.0,20.0,9.0,5.0,2.0,57.0,0.0,47.0,44.0,14149.0,528.0
K83622,GREAT OAKLEY MEDICAL CENTRE,U21248,TRIANGLE PCN,78H,E38000262,0.0,0.0,114.0,29.0,19.0,2.0,46.0,0.0,34.0,29.0,13650.0,1967.0
K84001,THE HART SURGERY,U96099,HENLEY SONNET PCN,10Q,E38000136,0.0,0.0,26.0,0.0,2.0,2.0,167.0,1.0,143.0,46.0,7778.0,2578.0
K84002,DIDCOT HEALTH CENTRE PRACTICE,U47655,DIDCOT PCN,10Q,E38000136,0.0,1.0,29.0,1.0,1.0,3.0,108.0,0.0,84.0,50.0,16585.0,3071.0
K84003,ISLIP SURGERY,U20931,"KIDLINGTON, ISLIP, WOODSTOCK & YARNTON (KIWY) PCN",10Q,E38000136,0.0,0.0,10.0,0.0,1.0,2.0,53.0,0.0,43.0,34.0,5252.0,1742.0
K84004,DONNINGTON MEDICAL PARTNERSHIP,U12754,SOUTH EAST OXFORD HEALTH ALLIANCE (SEOXHA) PCN,10Q,E38000136,0.0,0.0,9.0,0.0,0.0,2.0,82.0,0.0,59.0,42.0,10979.0,2121.0
K84006,EYNSHAM MEDICAL GROUP,U10847,EYNSHAM & WITNEY PCN,10Q,E38000136,0.0,0.0,34.0,1.0,1.0,5.0,247.0,0.0,157.0,149.0,12189.0,4040.0
K84007,TEMPLE COWLEY HEALTH CENTRE,U12754,SOUTH EAST OXFORD HEALTH ALLIANCE (SEOXHA) PCN,10Q,E38000136,0.0,0.0,28.0,0.0,4.0,1.0,87.0,0.0,68.0,13.0,6958.0,1327.0
K84008,CHALGROVE & WATLINGTON SURGERIES,U70739,THAME PCN,10Q,E38000136,0.0,0.0,21.0,0.0,2.0,1.0,72.0,0.0,61.0,61.0,6093.0,1945.0
K84009,HEDENA HEALTH,U,Unallocated,10Q,E38000136,0.0,0.0,26.0,0.0,2.0,2.0,119.0,0.0,87.0,79.0,24123.0,2477.0
K84010,BAMPTON SURGERY,U20827,RURAL WEST OXFORDSHIRE PCN,10Q,E38000136,0.0,0.0,17.0,0.0,2.0,0.0,86.0,0.0,75.0,62.0,6708.0,2333.0
K84011,SUMMERTOWN HEALTH CENTRE,U83279,HEALTHIER OXFORD CITY NETWORK PCN,10Q,E38000136,0.0,0.0,8.0,0.0,0.0,1.0,93.0,0.0,69.0,35.0,16404.0,2587.0
K84012,ELM TREE SURGERY,U78462,BRUNEL HEALTH GROUP PCN1,92G,E38000231,0.0,0.0,20.0,1.0,3.0,2.0,34.0,0.0,24.0,16.0,7180.0,1691.0
K84013,ST BARTHOLOMEWS & HOLLOW WAY MED CENTRE,U09893,SPIRES PCN,10Q,E38000136,0.0,0.0,20.0,0.0,0.0,6.0,62.0,0.0,60.0,35.0,26777.0,2384.0
K84014,MORLAND HOUSE SURGERY,U70739,THAME PCN,10Q,E38000136,0.0,0.0,10.0,0.0,2.0,2.0,105.0,0.0,49.0,42.0,8579.0,2720.0
K84015,NETTLEBED SURGERY,U96099,HENLEY SONNET PCN,10Q,E38000136,0.0,0.0,1.0,0.0,0.0,0.0,20.0,0.0,19.0,16.0,2865.0,1075.0
K84016,BEAUMONT ELMS PRACTICE,U83279,HEALTHIER OXFORD CITY NETWORK PCN,10Q,E38000136,0.0,0.0,39.0,5.0,0.0,0.0,121.0,0.0,108.0,70.0,19742.0,2992.0
K84017,WINDRUSH MEDICAL PRACTICE,U10847,EYNSHAM & WITNEY PCN,10Q,E38000136,0.0,0.0,12.0,3.0,2.0,3.0,165.0,2.0,151.0,118.0,17050.0,4317.0
K84019,NEWBURY STREET PRACTICE,U75375,WANTAGE PCN,10Q,E38000136,1.0,1.0,23.0,1.0,3.0,6.0,180.0,0.0,142.0,121.0,12339.0,3636.0
K84020,SONNING COMMON HEALTH CTR,U96099,HENLEY SONNET PCN,10Q,E38000136,0.0,0.0,28.0,2.0,0.0,3.0,100.0,0.0,78.0,64.0,7335.0,2514.0
K84021,BANBURY ROAD MEDICAL CENTRE,U83279,HEALTHIER OXFORD CITY NETWORK PCN,10Q,E38000136,0.0,0.0,7.0,0.0,0.0,1.0,31.0,1.0,24.0,19.0,8450.0,1044.0
K84023,BERINSFIELD HEALTH CENTRE,U57321,ABINGDON AND DISTRICT PCN,10Q,E38000136,0.0,0.0,22.0,0.0,7.0,4.0,108.0,0.0,85.0,82.0,4877.0,1429.0
K84024,WINDRUSH SURGERY,U62251,BANBURY ALLIANCE PCN,10Q,E38000136,0.0,1.0,19.0,0.0,5.0,1.0,91.0,0.0,65.0,32.0,7355.0,1674.0
K84026,OBSERVATORY MEDICAL PRACTICE,U26997,OXFORD CENTRAL PCN,10Q,E38000136,0.0,0.0,9.0,0.0,1.0,0.0,36.0,0.0,24.0,18.0,10385.0,1739.0
K84027,MALTHOUSE SURGERY,U15230,ABINGDON CENTRAL PCN,10Q,E38000136,0.0,0.0,49.0,1.0,3.0,2.0,126.0,1.0,85.0,54.0,11176.0,3915.0
K84028,BANBURY CROSS HEALTH CENTRE,U23620,BANBURY CROSS PCN,10Q,E38000136,0.0,0.0,63.0,0.0,2.0,9.0,289.0,0.0,200.0,171.0,35330.0,6439.0
K84030,CHIPPING NORTON HEALTH CENTRE,U95654,NORTH OXFORDSHIRE RURAL ALLIANCE (NORA) PCN,10Q,E38000136,0.0,0.0,35.0,2.0,3.0,1.0,231.0,1.0,162.0,115.0,11153.0,4069.0
K84031,THE LEYS HEALTH CENTRE,U12754,SOUTH EAST OXFORD HEALTH ALLIANCE (SEOXHA) PCN,10Q,E38000136,0.0,0.0,18.0,0.0,2.0,3.0,89.0,0.0,77.0,59.0,10969.0,1411.0
K84032,BARTLEMAS SURGERY,U90236,CITY - EAST OXFORD PCN,10Q,E38000136,0.0,0.0,12.0,0.0,0.0,0.0,45.0,0.0,34.0,15.0,8632.0,1013.0
K84033,CHURCH STREET PRACTICE,U75375,WANTAGE PCN,10Q,E38000136,0.0,1.0,22.0,0.0,2.0,3.0,172.0,0.0,130.0,60.0,16762.0,3729.0
K84034,CLIFTON HAMPDEN SURGERY,U57321,ABINGDON AND DISTRICT PCN,10Q,E38000136,0.0,0.0,4.0,0.0,0.0,0.0,17.0,0.0,9.0,*,2591.0,775.0
K84035,THE BELL SURGERY,U96099,HENLEY SONNET PCN,10Q,E38000136,0.0,0.0,14.0,0.0,2.0,0.0,119.0,0.0,95.0,66.0,8449.0,2478.0
K84036,MILL STREAM SURGERY,U01367,WALLINGFORD & SURROUNDS PCN,10Q,E38000136,0.0,0.0,24.0,15.0,14.0,1.0,37.0,0.0,21.0,16.0,4575.0,1439.0
K84037,WALLINGFORD MEDICAL PRACTICE,U01367,WALLINGFORD & SURROUNDS PCN,10Q,E38000136,0.0,0.0,7.0,1.0,1.0,6.0,182.0,0.0,124.0,104.0,14933.0,4091.0
K84038,MONTGOMERY HOUSE SURGERY,U83604,BICESTER PCN,10Q,E38000136,0.0,0.0,41.0,5.0,12.0,2.0,126.0,1.0,93.0,45.0,13304.0,2891.0
K84041,MARCHAM RD FAMILY HEALTH CENTRE,U57321,ABINGDON AND DISTRICT PCN,10Q,E38000136,0.0,1.0,37.0,2.0,0.0,3.0,120.0,1.0,83.0,69.0,11492.0,3146.0
K84042,WOODSTOCK SURGERY,U20931,"KIDLINGTON, ISLIP, WOODSTOCK & YARNTON (KIWY) PCN",10Q,E38000136,0.0,1.0,36.0,10.0,12.0,1.0,92.0,0.0,74.0,62.0,7257.0,2386.0
K84043,WOODLANDS MEDICAL CENTRE,U47655,DIDCOT PCN,10Q,E38000136,0.0,1.0,52.0,40.0,4.0,5.0,93.0,0.0,66.0,60.0,16075.0,2845.0
K84044,MANOR SURGERY,U,Unallocated,10Q,E38000136,0.0,0.0,37.0,1.0,1.0,5.0,229.0,0.0,184.0,116.0,22039.0,4504.0
K84045,GOSFORD HILL MEDICAL CENTRE,U20931,"KIDLINGTON, ISLIP, WOODSTOCK & YARNTON (KIWY) PCN",10Q,E38000136,0.0,0.0,22.0,0.0,0.0,1.0,83.0,0.0,75.0,66.0,5750.0,1657.0
K84046,WYCHWOOD SURGERY,U95654,NORTH OXFORDSHIRE RURAL ALLIANCE (NORA) PCN,10Q,E38000136,0.0,0.0,17.0,1.0,2.0,1.0,63.0,0.0,59.0,45.0,4482.0,1746.0
K84047,BURFORD SURGERY,U20827,RURAL WEST OXFORDSHIRE PCN,10Q,E38000136,0.0,0.0,5.0,0.0,0.0,1.0,73.0,0.0,62.0,41.0,5796.0,2157.0
K84050,THE RYCOTE PRACTICE,U70739,THAME PCN,10Q,E38000136,0.0,0.0,46.0,3.0,28.0,1.0,140.0,0.0,107.0,101.0,10583.0,3267.0
K84051,WHITE HORSE MEDICAL PRACTICE,U04862,WHITE HORSE PCN,10Q,E38000136,0.0,1.0,32.0,1.0,0.0,8.0,159.0,4.0,102.0,59.0,15445.0,3986.0
K84052,BICESTER HEALTH CENTRE,U83604,BICESTER PCN,10Q,E38000136,0.0,0.0,39.0,0.0,0.0,5.0,131.0,4.0,101.0,71.0,17032.0,3172.0
K84054,THE ABINGDON SURGERY,U15230,ABINGDON CENTRAL PCN,10Q,E38000136,0.0,1.0,72.0,0.0,16.0,2.0,134.0,0.0,106.0,63.0,16535.0,3437.0
K84055,DEDDINGTON HEALTH CENTRE,U95654,NORTH OXFORDSHIRE RURAL ALLIANCE (NORA) PCN,10Q,E38000136,0.0,0.0,33.0,1.0,2.0,1.0,120.0,0.0,79.0,60.0,9281.0,2858.0
K84056,CROPREDY SURGERY,U95654,NORTH OXFORDSHIRE RURAL ALLIANCE (NORA) PCN,10Q,E38000136,0.0,0.0,26.0,5.0,5.0,0.0,81.0,0.0,60.0,46.0,3706.0,1495.0
K84058,BLOXHAM SURGERY,U95654,NORTH OXFORDSHIRE RURAL ALLIANCE (NORA) PCN,10Q,E38000136,0.0,0.0,35.0,1.0,2.0,2.0,66.0,0.0,48.0,40.0,5963.0,2094.0
K84059,HIGHTOWN SURGERY,U62251,BANBURY ALLIANCE PCN,10Q,E38000136,0.0,1.0,57.0,3.0,4.0,7.0,143.0,0.0,99.0,61.0,9946.0,2483.0
K84060,ST. CLEMENT'S SURGERY,U90236,CITY - EAST OXFORD PCN,10Q,E38000136,0.0,0.0,18.0,1.0,3.0,1.0,62.0,0.0,49.0,47.0,5310.0,691.0
K84062,WOODLANDS SURGERY,U62251,BANBURY ALLIANCE PCN,10Q,E38000136,0.0,0.0,19.0,0.0,2.0,2.0,86.0,0.0,61.0,35.0,8751.0,1221.0
K84063,COWLEY ROAD MEDICAL PRACTICE,U90236,CITY - EAST OXFORD PCN,10Q,E38000136,0.0,0.0,9.0,0.0,0.0,1.0,16.0,0.0,11.0,5.0,11076.0,810.0
K84065,SIBFORD SURGERY,U,Unallocated,10Q,E38000136,0.0,0.0,0.0,0.0,0.0,0.0,15.0,0.0,11.0,7.0,2357.0,874.0
K84066,LUTHER STREET MEDICAL PRACTICE,U83279,HEALTHIER OXFORD CITY NETWORK PCN,10Q,E38000136,0.0,0.0,1.0,0.0,0.0,0.0,0.0,0.0,0.0,*,471.0,23.0
K84071,GORING & WOODCOTE MEDICAL PRACTICE,U01367,WALLINGFORD & SURROUNDS PCN,10Q,E38000136,0.0,0.0,29.0,1.0,1.0,0.0,93.0,1.0,59.0,32.0,7730.0,2631.0
K84072,NUFFIELD HEALTH CENTRE,U10847,EYNSHAM & WITNEY PCN,10Q,E38000136,0.0,0.0,16.0,0.0,1.0,4.0,203.0,0.0,134.0,104.0,8623.0,2951.0
K84075,BROADSHIRES HEALTH CENTRE,U20827,RURAL WEST OXFORDSHIRE PCN,10Q,E38000136,0.0,0.0,14.0,1.0,2.0,4.0,90.0,0.0,70.0,66.0,10854.0,1557.0
K84078,JERICHO HEALTH CENTRE,U26997,OXFORD CENTRAL PCN,10Q,E38000136,0.0,0.0,4.0,0.0,0.0,0.0,18.0,0.0,12.0,5.0,11301.0,747.0
K84079,LONG FURLONG MEDICAL CENTRE,U57321,ABINGDON AND DISTRICT PCN,10Q,E38000136,0.0,0.0,12.0,1.0,3.0,1.0,65.0,0.0,46.0,37.0,7612.0,1664.0
K84080,NORTHGATE HEALTH CENTRE,U26997,OXFORD CENTRAL PCN,10Q,E38000136,0.0,0.0,0.0,0.0,0.0,1.0,76.0,0.0,62.0,58.0,11735.0,1339.0
K84082,THE KEY MEDICAL PRACTICE,U20931,"KIDLINGTON, ISLIP, WOODSTOCK & YARNTON (KIWY) PCN",10Q,E38000136,0.0,0.0,32.0,1.0,4.0,4.0,121.0,2.0,50.0,42.0,9734.0,2836.0
K84605,KES@NORTHGATE,U26997,OXFORD CENTRAL PCN,10Q,E38000136,0.0,0.0,3.0,0.0,0.0,0.0,8.0,0.0,8.0,*,5937.0,391.0
K84610,THE CHARLBURY MEDICAL CENTRE,U20827,RURAL WEST OXFORDSHIRE PCN,10Q,E38000136,0.0,0.0,23.0,0.0,1.0,0.0,32.0,0.0,27.0,19.0,3805.0,1389.0
K84613,ALCHESTER MEDICAL GROUP,U83604,BICESTER PCN,10Q,E38000136,0.0,0.0,26.0,0.0,3.0,4.0,150.0,1.0,116.0,100.0,18553.0,2844.0
K84618,COGGES SURGERY,U10847,EYNSHAM & WITNEY PCN,10Q,E38000136,0.0,0.0,10.0,0.0,0.0,2.0,95.0,0.0,86.0,76.0,7008.0,1536.0
K84624,OAK TREE HEALTH CENTRE,U47655,DIDCOT PCN,10Q,E38000136,0.0,0.0,17.0,0.0,0.0,1.0,47.0,0.0,36.0,28.0,9985.0,1126.0
L81004,PORTISHEAD MEDICAL GROUP,U78490,GORDANO VALLEY PCN,15C,E38000222,0.0,0.0,19.0,5.0,1.0,5.0,167.0,5.0,136.0,86.0,12501.0,4865.0
L81007,BRIDGE VIEW MEDICAL,U84294,BRIDGE VIEW PCN,15C,E38000222,0.0,0.0,31.0,1.0,1.0,5.0,188.0,0.0,109.0,73.0,34861.0,4424.0
L81008,SHIREHAMPTON GROUP PRACTICE,U70886,NORTHERN ARC PCN,15C,E38000222,0.0,0.0,16.0,1.0,0.0,3.0,103.0,0.0,90.0,64.0,9469.0,1874.0
L81009,STOCKWOOD MEDICAL CENTRE,U00402,CONNEXUS PCN,15C,E38000222,0.0,0.0,62.0,0.0,6.0,0.0,157.0,0.0,140.0,134.0,8527.0,2242.0
L81010,HOPE HOUSE SURGERY,U05340,THREE VALLEYS HEALTH PCN,92G,E38000231,0.0,0.0,21.0,2.0,0.0,1.0,45.0,0.0,34.0,32.0,6914.0,1424.0
L81012,MONTPELIER HEALTH CENTRE,U,Unallocated,15C,E38000222,0.0,0.0,28.0,5.0,0.0,3.0,36.0,0.0,21.0,19.0,17442.0,1353.0
L81013,FISHPONDS FAMILY PRACTICE,U88179,"FABB (FISHPONDS, AIR BALLOON & BEECHWOOD) PCN",15C,E38000222,0.0,0.0,6.0,0.0,0.0,1.0,73.0,0.0,57.0,43.0,10468.0,2298.0
L81014,FROME VALLEY MEDICAL CENTRE,U13456,YATE & FRAMPTON PCN,15C,E38000222,0.0,0.0,59.0,1.0,0.0,3.0,157.0,3.0,124.0,63.0,10815.0,3534.0
L81015,CHARLOTTE KEEL MEDICAL PRACTICE,U84178,BRISDOC PCN,15C,E38000222,0.0,0.0,13.0,0.0,0.0,6.0,60.0,1.0,55.0,48.0,17207.0,1599.0
L81016,GRAHAM ROAD SURGERY,U63843,PIER HEALTH PCN,15C,E38000222,0.0,0.0,51.0,1.0,4.0,8.0,104.0,0.0,86.0,74.0,7209.0,2149.0
L81017,WESTBURY ON TRYM PRIMARY CARE CENTRE,U66596,AFFINITY (BNSSG) PCN,15C,E38000222,0.0,0.0,24.0,0.0,0.0,1.0,172.0,0.0,135.0,94.0,10157.0,2470.0
L81018,SEVERN VIEW FAMILY PRACTICE,U32001,SEVERNVALE PCN,15C,E38000222,0.0,0.0,32.0,5.0,3.0,1.0,101.0,1.0,80.0,37.0,6395.0,2631.0
L81019,CONCORD MEDICAL CENTRE,U92125,CONCORD MENDIP PCN,15C,E38000222,0.0,0.0,24.0,0.0,1.0,1.0,97.0,0.0,83.0,56.0,15480.0,2839.0
L81020,WIDCOMBE SURGERY,U63770,BATH INDEPENDENTS PCN,92G,E38000231,0.0,0.0,26.0,1.0,7.0,1.0,50.0,1.0,33.0,31.0,7229.0,1648.0
L81021,WINSCOMBE SURGERY,U63843,PIER HEALTH PCN,15C,E38000222,0.0,0.0,23.0,1.0,1.0,3.0,192.0,2.0,159.0,145.0,8414.0,3101.0
L81022,HORFIELD HC,U65207,PHOENIX (BNSSG) PCN,15C,E38000222,0.0,0.0,9.0,0.0,0.0,7.0,85.0,0.0,80.0,55.0,16082.0,2230.0
L81023,EAST TREES HEALTH CENTRE,U,Unallocated,15C,E38000222,0.0,0.0,0.0,0.0,0.0,1.0,46.0,0.0,36.0,28.0,14354.0,1238.0
L81024,COURTSIDE SURGERY,U13456,YATE & FRAMPTON PCN,15C,E38000222,0.0,2.0,45.0,2.0,1.0,0.0,135.0,0.0,107.0,78.0,12117.0,3255.0
L81025,SOMER VALLEY MEDICAL GROUP,U05340,THREE VALLEYS HEALTH PCN,92G,E38000231,0.0,0.0,92.0,7.0,3.0,3.0,239.0,0.0,187.0,155.0,13847.0,4809.0
L81026,THE DOWNEND HEALTH GROUP,U37297,NETWORK 4 (BNSSG) PCN,15C,E38000222,0.0,0.0,64.0,1.0,1.0,3.0,317.0,1.0,249.0,82.0,22665.0,5566.0
L81027,BATHEASTON MEDICAL CENTRE,U63770,BATH INDEPENDENTS PCN,92G,E38000231,0.0,0.0,28.0,0.0,0.0,0.0,60.0,0.0,50.0,45.0,6618.0,2193.0
L81029,THREE SHIRES MEDICAL PRACTICE,U37297,NETWORK 4 (BNSSG) PCN,15C,E38000222,0.0,0.0,17.0,2.0,6.0,2.0,62.0,1.0,45.0,40.0,7062.0,2519.0
L81030,HARPTREE SURGERY,U05340,THREE VALLEYS HEALTH PCN,92G,E38000231,0.0,0.0,18.0,1.0,0.0,1.0,24.0,0.0,15.0,15.0,5060.0,1566.0
L81031,THE ARMADA FAMILY PRACTICE,U86579,SWIFT PCN,15C,E38000222,0.0,0.0,40.0,0.0,0.0,3.0,216.0,0.0,145.0,98.0,12548.0,3641.0
L81033,NIGHTINGALE VALLEY PRACTICE,U00402,CONNEXUS PCN,15C,E38000222,0.0,0.0,4.0,0.0,0.0,5.0,94.0,0.0,83.0,64.0,12590.0,2208.0
L81034,TYNTESFIELD MEDICAL GROUP,U,Unallocated,15C,E38000222,0.0,1.0,127.0,1.0,2.0,6.0,413.0,0.0,375.0,277.0,25918.0,8997.0
L81037,PIONEER MEDICAL GROUP,U70886,NORTHERN ARC PCN,15C,E38000222,0.0,0.0,8.0,0.0,1.0,9.0,201.0,1.0,174.0,147.0,20307.0,3217.0
L81038,AIR BALLOON SURGERY,U88179,"FABB (FISHPONDS, AIR BALLOON & BEECHWOOD) PCN",15C,E38000222,0.0,0.0,4.0,0.0,0.0,2.0,109.0,0.0,98.0,66.0,11116.0,2053.0
L81039,HEART OF BATH,U70185,HEART OF BATH PCN,92G,E38000231,0.0,0.0,61.0,3.0,5.0,3.0,218.0,2.0,174.0,165.0,20778.0,4977.0
L81040,CLEVEDON MEDICAL CENTRE,U78490,GORDANO VALLEY PCN,15C,E38000222,0.0,2.0,70.0,1.0,1.0,3.0,279.0,5.0,233.0,134.0,12075.0,4599.0
L81041,HILLVIEW FAMILY PRACTICE,U86579,SWIFT PCN,15C,E38000222,0.0,0.0,2.0,0.0,0.0,2.0,42.0,0.0,15.0,9.0,6639.0,776.0
L81042,KENNEDY WAY SURGERY,U13456,YATE & FRAMPTON PCN,15C,E38000222,0.0,1.0,38.0,3.0,2.0,3.0,65.0,0.0,24.0,23.0,9631.0,2755.0
L81044,TUDOR LODGE SURGERY,U63843,PIER HEALTH PCN,15C,E38000222,0.0,0.0,10.0,0.0,0.0,5.0,110.0,0.0,64.0,45.0,9249.0,2963.0
L81045,ST AUGUSTINE'S MEDICAL PRACTICE,U,Unallocated,92G,E38000231,2.0,0.0,93.0,2.0,1.0,4.0,320.0,3.0,261.0,174.0,14668.0,5010.0
L81046,LEAP VALLEY MEDICAL CENTRE,U37297,NETWORK 4 (BNSSG) PCN,15C,E38000222,0.0,0.0,0.0,0.0,0.0,0.0,45.0,1.0,36.0,26.0,6068.0,1782.0
L81047,WEST WALK SURGERY,U13456,YATE & FRAMPTON PCN,15C,E38000222,0.0,0.0,19.0,0.0,1.0,4.0,147.0,0.0,126.0,115.0,11757.0,3253.0
L81050,CLOSE FARM SURGERY,U16600,4PCN (BNSSG) PCN,15C,E38000222,0.0,2.0,12.0,1.0,3.0,2.0,66.0,0.0,51.0,38.0,5625.0,1807.0
L81051,168 MEDICAL GROUP,U63843,PIER HEALTH PCN,15C,E38000222,0.0,1.0,121.0,15.0,3.0,11.0,380.0,1.0,253.0,233.0,19434.0,5531.0
L81053,THE LENNARD SURGERY,U86579,SWIFT PCN,15C,E38000222,0.0,0.0,3.0,0.0,0.0,2.0,84.0,0.0,64.0,30.0,6791.0,1545.0
L81054,GRANGE ROAD SURGERY,U86579,SWIFT PCN,15C,E38000222,0.0,0.0,29.0,0.0,0.0,1.0,77.0,0.0,54.0,45.0,10500.0,1701.0
L81055,ORCHARD MEDICAL CENTRE,U37297,NETWORK 4 (BNSSG) PCN,15C,E38000222,0.0,0.0,24.0,0.0,2.0,4.0,134.0,0.0,87.0,62.0,10575.0,2256.0
L81058,THE MILTON SURGERY,U63843,PIER HEALTH PCN,15C,E38000222,0.0,1.0,28.0,0.0,0.0,3.0,176.0,0.0,137.0,118.0,6624.0,2388.0
L81059,ELM HAYES SURGERY,U05340,THREE VALLEYS HEALTH PCN,92G,E38000231,0.0,0.0,15.0,0.0,5.0,1.0,58.0,0.0,45.0,36.0,6909.0,1987.0
L81061,THE WELLSPRING SURGERY,U,Unallocated,15C,E38000222,0.0,0.0,6.0,1.0,0.0,6.0,63.0,0.0,57.0,43.0,10370.0,792.0
L81062,FIRECLAY HEALTH,U98167,FOSS (FIRECLAY & OLD SCHOOL SURGERY) PCN,15C,E38000222,0.0,0.0,6.0,0.0,0.0,5.0,107.0,0.0,96.0,62.0,21245.0,3315.0
L81063,KINGSWOOD HEALTH CENTRE,U16600,4PCN (BNSSG) PCN,15C,E38000222,0.0,0.0,22.0,0.0,0.0,4.0,260.0,0.0,223.0,203.0,10285.0,2449.0
L81065,COMBE DOWN SURGERY,U79019,MINERVA HEALTH GROUP PCN,92G,E38000231,0.0,0.0,48.0,3.0,1.0,1.0,168.0,1.0,125.0,116.0,11390.0,2785.0
L81066,STAFFORD MEDICAL GROUP,U63843,PIER HEALTH PCN,15C,E38000222,0.0,0.0,3.0,0.0,0.0,2.0,52.0,0.0,30.0,16.0,9157.0,1497.0
L81068,THE PULTENEY PRACTICE,U84537,UNITY MEDICAL GROUP PCN,92G,E38000231,0.0,0.0,20.0,0.0,8.0,2.0,75.0,0.0,54.0,42.0,9534.0,2635.0
L81069,ST. MICHAEL'S SURGERY,U79019,MINERVA HEALTH GROUP PCN,92G,E38000231,0.0,0.0,17.0,1.0,5.0,5.0,70.0,0.0,57.0,50.0,7021.0,1268.0
L81070,NEWBRIDGE SURGERY,U79019,MINERVA HEALTH GROUP PCN,92G,E38000231,0.0,0.0,50.0,17.0,5.0,1.0,96.0,1.0,62.0,48.0,7037.0,1960.0
L81071,FAIRFIELD PARK HEALTH CENTRE,U63770,BATH INDEPENDENTS PCN,92G,E38000231,0.0,0.0,29.0,9.0,3.0,0.0,82.0,1.0,66.0,65.0,12407.0,2244.0
L81072,CHEW MEDICAL PRACTICE,U05340,THREE VALLEYS HEALTH PCN,92G,E38000231,0.0,0.0,27.0,5.0,0.0,2.0,103.0,0.0,72.0,25.0,7994.0,2632.0
L81073,WEST VIEW SURGERY,U,Unallocated,92G,E38000231,0.0,0.0,41.0,3.0,0.0,0.0,72.0,0.0,50.0,32.0,6461.0,1769.0
L81075,THE OLD SCHOOL SURGERY,U98167,FOSS (FIRECLAY & OLD SCHOOL SURGERY) PCN,15C,E38000222,0.0,0.0,17.0,1.0,0.0,5.0,129.0,0.0,90.0,76.0,30373.0,1799.0
L81078,GLOUCESTER ROAD MEDICAL CENTRE,U65207,PHOENIX (BNSSG) PCN,15C,E38000222,0.0,0.0,46.0,1.0,0.0,2.0,100.0,0.0,58.0,26.0,19872.0,2755.0
L81079,HANHAM HEALTH,U16600,4PCN (BNSSG) PCN,15C,E38000222,0.0,0.0,53.0,1.0,6.0,0.0,156.0,0.0,69.0,33.0,16334.0,4888.0
L81081,PEMBROKE ROAD SURGERY,U48538,HEALTHWEST PCN,15C,E38000222,0.0,0.0,45.0,0.0,0.0,2.0,83.0,0.0,74.0,25.0,17281.0,2616.0
L81082,BEDMINSTER FAMILY PRACTICE,U86579,SWIFT PCN,15C,E38000222,0.0,0.0,15.0,0.0,0.0,1.0,45.0,0.0,38.0,12.0,12696.0,1377.0
L81083,HARTWOOD HEALTHCARE,U86579,SWIFT PCN,15C,E38000222,0.0,0.0,19.0,0.0,0.0,2.0,43.0,0.0,31.0,19.0,7672.0,1057.0
L81084,PRIORY SURGERY,U00402,CONNEXUS PCN,15C,E38000222,0.0,0.0,4.0,0.0,0.0,4.0,109.0,0.0,90.0,88.0,9306.0,2013.0
L81085,HEYWOOD FAMILY PRACTICE,U78490,GORDANO VALLEY PCN,15C,E38000222,0.0,0.0,8.0,0.0,2.0,1.0,100.0,0.0,72.0,51.0,4833.0,1723.0
L81086,MENDIP VALE MEDICAL PRACTICE,U90977,MENDIP VALE PCN,15C,E38000222,0.0,0.0,70.0,3.0,2.0,12.0,537.0,0.0,458.0,387.0,35518.0,10818.0
L81087,BEECHWOOD MEDICAL PRACTICE,U88179,"FABB (FISHPONDS, AIR BALLOON & BEECHWOOD) PCN",15C,E38000222,0.0,0.0,26.0,6.0,0.0,3.0,58.0,0.0,53.0,40.0,10999.0,1810.0
L81089,LAWRENCE HILL HEALTH CENTRE,U,Unallocated,15C,E38000222,0.0,0.0,29.0,0.0,0.0,5.0,77.0,0.0,28.0,21.0,10970.0,1053.0
L81090,THE FAMILY PRACTICE,U48538,HEALTHWEST PCN,15C,E38000222,0.0,0.0,8.0,0.0,0.0,1.0,63.0,0.0,46.0,13.0,15076.0,2022.0
L81091,WHITELADIES MEDICAL GROUP,U48538,HEALTHWEST PCN,15C,E38000222,0.0,1.0,14.0,0.0,0.0,2.0,148.0,0.0,107.0,71.0,13228.0,3045.0
L81095,DOWNTON ROAD SURGERY,U86579,SWIFT PCN,15C,E38000222,0.0,0.0,10.0,0.0,0.0,3.0,59.0,0.0,55.0,27.0,12968.0,1602.0
L81098,GREENWAY COMMUNITY PRACTICE,U65207,PHOENIX (BNSSG) PCN,15C,E38000222,1.0,0.0,63.0,4.0,0.0,3.0,135.0,0.0,108.0,85.0,10670.0,1757.0
L81103,ST MARY STREET SURGERY,U32001,SEVERNVALE PCN,15C,E38000222,0.0,8.0,46.0,4.0,6.0,1.0,107.0,1.0,101.0,54.0,6988.0,2083.0
L81106,STREAMSIDE SURGERY,U32001,SEVERNVALE PCN,15C,E38000222,0.0,2.0,7.0,2.0,0.0,3.0,69.0,0.0,67.0,58.0,4342.0,1416.0
L81117,PILNING SURGERY,U32001,SEVERNVALE PCN,15C,E38000222,0.0,0.0,2.0,0.0,0.0,0.0,34.0,0.0,22.0,5.0,.,.
L81118,STOKES MEDICAL GROUP,U06486,STOKES PCN,15C,E38000222,0.0,0.0,12.0,0.0,4.0,5.0,186.0,2.0,134.0,60.0,34526.0,4393.0
L81120,BIRCHWOOD MEDICAL PRACTICE,U00402,CONNEXUS PCN,15C,E38000222,0.0,0.0,6.0,0.0,0.0,1.0,41.0,0.0,37.0,21.0,7965.0,1105.0
L81122,ST. MARY'S SURGERY,U05340,THREE VALLEYS HEALTH PCN,92G,E38000231,0.0,0.0,21.0,0.0,0.0,1.0,71.0,4.0,57.0,52.0,3998.0,1609.0
L81123,HILLCREST SURGERY,U05340,THREE VALLEYS HEALTH PCN,92G,E38000231,0.0,0.0,10.0,0.0,0.0,1.0,40.0,1.0,37.0,27.0,4482.0,1316.0
L81125,WELLS ROAD SURGERY,U00402,CONNEXUS PCN,15C,E38000222,0.0,0.0,1.0,0.0,0.0,0.0,22.0,0.0,12.0,10.0,9006.0,1087.0
L81127,ALMONDSBURY SURGERY,U32001,SEVERNVALE PCN,15C,E38000222,0.0,2.0,19.0,4.0,2.0,1.0,90.0,1.0,65.0,49.0,7955.0,2253.0
L81130,CADBURY HEATH HEALTHCARE,U16600,4PCN (BNSSG) PCN,15C,E38000222,0.0,0.0,56.0,5.0,3.0,2.0,120.0,1.0,111.0,91.0,10657.0,2409.0
L81131,FALLODON WAY MEDICAL CENTRE,U66596,AFFINITY (BNSSG) PCN,15C,E38000222,0.0,0.0,41.0,0.0,0.0,0.0,116.0,1.0,94.0,76.0,8827.0,2508.0
L81132,WESTFIELD SURGERY,U05340,THREE VALLEYS HEALTH PCN,92G,E38000231,0.0,0.0,7.0,1.0,2.0,0.0,19.0,0.0,8.0,6.0,4343.0,827.0
L81133,STUDENT HEALTH SERVICE,U48538,HEALTHWEST PCN,15C,E38000222,0.0,0.0,0.0,0.0,0.0,0.0,0.0,0.0,0.0,*,17565.0,0.0
L81600,HARBOURSIDE FAMILY PRACTICE,U78490,GORDANO VALLEY PCN,15C,E38000222,0.0,0.0,25.0,0.0,0.0,3.0,105.0,1.0,75.0,55.0,9763.0,2133.0
L81617,UNIVERSITY MEDICAL CENTRE,U84537,UNITY MEDICAL GROUP PCN,92G,E38000231,0.0,0.0,3.0,0.0,0.0,0.0,0.0,0.0,0.0,*,13435.0,107.0
L81632,EMERSONS GREEN MEDICAL CENTRE,U37297,NETWORK 4 (BNSSG) PCN,15C,E38000222,0.0,0.0,18.0,0.0,1.0,4.0,68.0,0.0,50.0,25.0,9764.0,1192.0
L81642,WELLINGTON ROAD SURGERY,U13456,YATE & FRAMPTON PCN,15C,E38000222,0.0,0.0,10.0,5.0,0.0,2.0,56.0,2.0,42.0,22.0,5386.0,1109.0
L81643,THE CEDARS SURGERY,U63843,PIER HEALTH PCN,15C,E38000222,0.0,0.0,19.0,0.0,0.0,8.0,186.0,0.0,130.0,108.0,12889.0,4052.0
L81644,RUSH HILL SURGERY,U79019,MINERVA HEALTH GROUP PCN,92G,E38000231,1.0,0.0,43.0,14.0,1.0,4.0,117.0,0.0,84.0,75.0,7521.0,1431.0
L81649,BRADLEY STOKE SURGERY,U06486,STOKES PCN,15C,E38000222,0.0,0.0,3.0,0.0,0.0,1.0,42.0,0.0,33.0,8.0,17393.0,1567.0
L81669,MVMG - MONKS PARK,U92125,CONCORD MENDIP PCN,15C,E38000222,0.0,0.0,26.0,0.0,0.0,10.0,392.0,0.0,275.0,241.0,32020.0,6064.0
L81670,HORIZON HEALTH CENTRE,U63843,PIER HEALTH PCN,15C,E38000222,0.0,2.0,18.0,0.0,1.0,1.0,24.0,0.0,19.0,13.0,5052.0,572.0
L82001,LANDER MEDICAL PRACTICE,U31970,TRURO PCN,11N,E38000089,0.0,0.0,48.0,3.0,4.0,2.0,132.0,0.0,112.0,92.0,14916.0,3832.0
L82003,PORT ISAAC SURGERY,U03864,NORTH CORNWALL COAST PCN,11N,E38000089,0.0,0.0,34.0,0.0,0.0,2.0,101.0,1.0,74.0,64.0,6007.0,2706.0
L82004,WADEBRIDGE & CAMEL ESTUARY PRACTICE,U03864,NORTH CORNWALL COAST PCN,11N,E38000089,0.0,0.0,39.0,0.0,4.0,1.0,88.0,0.0,63.0,20.0,5742.0,2257.0
L82006,PENRYN SURGERY,U09081,FALMOUTH AND PENRYN PCN,11N,E38000089,0.0,0.0,40.0,7.0,3.0,1.0,156.0,0.0,78.0,36.0,16894.0,3702.0
L82007,CAMELFORD MEDICAL CENTRE,U,Unallocated,11N,E38000089,0.0,0.0,6.0,1.0,2.0,0.0,30.0,0.0,19.0,*,4731.0,1906.0
L82008,STRATTON MEDICAL CENTRE,U41591,COAST AND COUNTRY PCN,11N,E38000089,0.0,0.0,856.0,754.0,21.0,3.0,130.0,1.0,101.0,74.0,7552.0,3117.0
L82010,BOSVENA HEALTH,U60113,THREE HARBOURS AND BOSVENA PCN,11N,E38000089,0.0,0.0,96.0,1.0,0.0,4.0,242.0,0.0,179.0,49.0,18594.0,5379.0
L82011,BRANNEL SURGERY,U36721,ARBENNEK HEALTH PCN,11N,E38000089,0.0,0.0,30.0,10.0,8.0,1.0,28.0,0.0,10.0,*,4994.0,1410.0
L82012,TAMAR VALLEY HEALTH,U11625,LAUNCESTON AND TAMAR VALLEY PCN,11N,E38000089,1.0,1.0,113.0,12.0,34.0,3.0,173.0,2.0,101.0,73.0,11500.0,5499.0
L82013,PERRANPORTH SURGERY,U62043,COASTAL (KERNOW) PCN,11N,E38000089,0.0,0.0,41.0,1.0,8.0,3.0,145.0,0.0,96.0,69.0,5791.0,2159.0
L82015,CHACEWATER HEALTH CENTRE,U62043,COASTAL (KERNOW) PCN,11N,E38000089,0.0,0.0,44.0,5.0,17.0,0.0,62.0,0.0,50.0,16.0,5072.0,1972.0
L82016,OAK TREE SURGERY,U,Unallocated,11N,E38000089,0.0,0.0,86.0,0.0,1.0,4.0,181.0,0.0,114.0,71.0,12603.0,4816.0
L82017,ST MARY'S HEALTH CENTRE,U64053,ISLES OF SCILLY & SOUTH KERRIER PCN,11N,E38000089,1.0,0.0,41.0,20.0,14.0,1.0,21.0,0.0,14.0,13.0,1732.0,535.0
L82018,HELSTON MEDICAL CENTRE,U64053,ISLES OF SCILLY & SOUTH KERRIER PCN,11N,E38000089,0.0,0.0,67.0,6.0,5.0,4.0,113.0,1.0,84.0,36.0,10481.0,3562.0
L82022,OLD BRIDGE SURGERY,U,Unallocated,11N,E38000089,0.0,0.0,42.0,1.0,0.0,5.0,186.0,29.0,140.0,90.0,6389.0,3490.0
L82023,PETROC GROUP PRACTICE,U49001,WATERGATE PCN,11N,E38000089,0.0,0.0,72.0,9.0,3.0,2.0,154.0,0.0,65.0,56.0,12203.0,3933.0
L82025,MEVAGISSEY SURGERY,U69901,ST AUSTELL HEALTHCARE PCN,11N,E38000089,0.0,0.0,35.0,14.0,0.0,0.0,55.0,0.0,43.0,18.0,3163.0,1651.0
L82026,MIDDLEWAY SURGERY,U60113,THREE HARBOURS AND BOSVENA PCN,11N,E38000089,0.0,0.0,24.0,1.0,2.0,0.0,74.0,0.0,50.0,25.0,4735.0,1923.0
L82028,THREE SPIRES MEDICAL PRACTICE,U31970,TRURO PCN,11N,E38000089,0.0,0.0,54.0,4.0,19.0,1.0,196.0,1.0,134.0,56.0,13996.0,3806.0
L82029,NARROWCLIFF SURGERY,U49001,WATERGATE PCN,11N,E38000089,1.0,0.0,69.0,1.0,4.0,1.0,134.0,0.0,96.0,43.0,12958.0,3501.0
L82030,LAUNCESTON MEDICAL CENTRE,U11625,LAUNCESTON AND TAMAR VALLEY PCN,11N,E38000089,0.0,0.0,44.0,11.0,19.0,11.0,238.0,1.0,98.0,69.0,13857.0,4767.0
L82035,FOWEY RIVER PRACTICE,U60113,THREE HARBOURS AND BOSVENA PCN,11N,E38000089,0.0,0.0,19.0,0.0,0.0,2.0,144.0,2.0,112.0,68.0,5717.0,2719.0
L82036,BODRIGGY HEALTH CENTRE,U76032,PENWITH PCN,11N,E38000089,0.0,0.0,19.0,0.0,0.0,2.0,140.0,0.0,119.0,59.0,9237.0,3071.0
L82038,ATLANTIC MEDICAL GROUP,U76032,PENWITH PCN,11N,E38000089,1.0,0.0,91.0,10.0,0.0,2.0,135.0,3.0,100.0,82.0,8235.0,3780.0
L82039,LOSTWITHIEL SURGERY,U60113,THREE HARBOURS AND BOSVENA PCN,11N,E38000089,0.0,0.0,12.0,0.0,0.0,0.0,90.0,0.0,71.0,12.0,3586.0,1778.0
L82041,CARN TO COAST HEALTH CENTRES,U92128,NORTH KERRIER WEST PCN,11N,E38000089,0.0,1.0,100.0,5.0,4.0,7.0,274.0,0.0,194.0,160.0,23515.0,5993.0
L82042,LEATSIDE HEALTH CENTRE,U68213,NORTH KERRIER EAST PCN,11N,E38000089,0.0,0.0,45.0,3.0,3.0,3.0,169.0,0.0,57.0,26.0,12750.0,3961.0
L82043,QUAY LANE SURGERY,U,Unallocated,11N,E38000089,0.0,0.0,20.0,0.0,2.0,0.0,46.0,0.0,36.0,20.0,3154.0,1502.0
L82044,VEOR SURGERY,U68213,NORTH KERRIER EAST PCN,11N,E38000089,0.0,0.0,80.0,34.0,12.0,3.0,120.0,0.0,106.0,75.0,6351.0,2468.0
L82045,PROBUS SURGERY,U36721,ARBENNEK HEALTH PCN,11N,E38000089,0.0,0.0,23.0,8.0,1.0,1.0,64.0,11.0,26.0,13.0,6803.0,2658.0
L82046,SALTASH HEALTH CENTRE,U,Unallocated,11N,E38000089,0.0,0.0,80.0,4.0,31.0,2.0,108.0,1.0,80.0,60.0,8929.0,3296.0
L82047,MARAZION SURGERY,U76032,PENWITH PCN,11N,E38000089,0.0,0.0,64.0,2.0,3.0,1.0,90.0,0.0,73.0,67.0,5064.0,2696.0
L82048,ROSELAND SURGERIES,U36721,ARBENNEK HEALTH PCN,11N,E38000089,0.0,0.0,16.0,1.0,0.0,0.0,33.0,0.0,19.0,15.0,2486.0,1351.0
L82049,FALMOUTH HEALTH CENTRE,U09081,FALMOUTH AND PENRYN PCN,11N,E38000089,0.0,0.0,27.0,0.0,5.0,1.0,110.0,1.0,84.0,78.0,8219.0,2353.0
L82050,ROSEDEAN SURGERY,U,Unallocated,11N,E38000089,0.0,0.0,17.0,1.0,1.0,5.0,105.0,1.0,69.0,52.0,6513.0,2421.0
L82051,CLAYS PRACTICE,U36721,ARBENNEK HEALTH PCN,11N,E38000089,0.0,0.0,15.0,2.0,4.0,2.0,81.0,0.0,51.0,39.0,10423.0,2795.0
L82052,TRESCOBEAS SURGERY,U09081,FALMOUTH AND PENRYN PCN,11N,E38000089,1.0,0.0,44.0,3.0,16.0,1.0,118.0,0.0,95.0,70.0,7753.0,2758.0
L82054,ST. AGNES SURGERY,U62043,COASTAL (KERNOW) PCN,11N,E38000089,0.0,0.0,28.0,2.0,0.0,1.0,82.0,1.0,65.0,24.0,7102.0,2275.0
L82056,THE MULLION & CONSTANTINE GROUP PRACTICE,U64053,ISLES OF SCILLY & SOUTH KERRIER PCN,11N,E38000089,0.0,0.0,68.0,24.0,24.0,1.0,94.0,1.0,65.0,51.0,5794.0,2724.0
L82057,ST KEVERNE HEALTH CENTRE,U64053,ISLES OF SCILLY & SOUTH KERRIER PCN,11N,E38000089,0.0,0.0,11.0,1.0,0.0,0.0,49.0,0.0,39.0,17.0,1882.0,1038.0
L82058,BOTTREAUX SURGERY,U03864,NORTH CORNWALL COAST PCN,11N,E38000089,0.0,0.0,14.0,0.0,5.0,0.0,36.0,0.0,27.0,14.0,3196.0,1642.0
L82059,COBER VALLEY HEALTH,U64053,ISLES OF SCILLY & SOUTH KERRIER PCN,11N,E38000089,0.0,0.0,49.0,28.0,12.0,2.0,61.0,0.0,50.0,47.0,4100.0,1596.0
L82061,CARNON DOWNS SURGERY,U62043,COASTAL (KERNOW) PCN,11N,E38000089,0.0,0.0,23.0,1.0,7.0,0.0,59.0,3.0,37.0,*,3787.0,2321.0
L82066,PORT VIEW SURGERY,U,Unallocated,11N,E38000089,0.0,0.0,21.0,0.0,0.0,2.0,94.0,1.0,72.0,63.0,5031.0,2066.0
L82068,GODOLPHIN HEALTH,U92128,NORTH KERRIER WEST PCN,11N,E38000089,0.0,0.0,34.0,0.0,1.0,3.0,67.0,0.0,57.0,36.0,7058.0,2133.0
L82070,SUNNYSIDE SURGERY,U76032,PENWITH PCN,11N,E38000089,0.0,0.0,48.0,0.0,1.0,5.0,92.0,0.0,80.0,39.0,4727.0,1953.0
L82620,HARRIS MEMORIAL SURGERY,U,Unallocated,11N,E38000089,0.0,0.0,27.0,0.0,0.0,3.0,41.0,0.0,25.0,7.0,4822.0,1501.0
L82622,WESTOVER SURGERY,U09081,FALMOUTH AND PENRYN PCN,11N,E38000089,0.0,0.0,16.0,0.0,3.0,1.0,41.0,0.0,28.0,21.0,5572.0,1655.0
L83002,HONITON SURGERY,U79574,HONITON/OTTERY/SID VALLEY (HOSMS) PCN,15N,E38000230,0.0,0.0,110.0,4.0,25.0,2.0,262.0,1.0,217.0,210.0,12510.0,5284.0
L83003,QUEEN'S MEDICAL CENTRE,U50322,BARNSTAPLE ALLIANCE PCN,15N,E38000230,1.0,0.0,262.0,229.0,20.0,2.0,61.0,0.0,51.0,48.0,9033.0,2386.0
L83004,KINGSTEIGNTON MEDICAL PRACTICE,U64531,TEMPLER CARE NETWORK PCN,15N,E38000230,0.0,0.0,29.0,0.0,14.0,3.0,153.0,1.0,116.0,90.0,8752.0,2826.0
L83005,BARTON SURGERY,U55397,THE COASTAL NETWORK PCN,15N,E38000230,0.0,0.0,27.0,0.0,12.0,10.0,185.0,1.0,165.0,102.0,10626.0,4926.0
L83006,MAYFLOWER MEDICAL GROUP,U40115,LIVEWELL MAYFLOWER PCN,15N,E38000230,0.0,0.0,74.0,14.0,19.0,7.0,286.0,0.0,181.0,175.0,25758.0,6760.0
L83007,SEATON & COLYTON MEDICAL PRACTICE,U96077,TASC PCN,15N,E38000230,0.0,0.0,49.0,2.0,3.0,3.0,206.0,1.0,149.0,139.0,5518.0,3683.0
L83008,PATHFIELDS MEDICAL GROUP,U69865,PATHFIELDS MEDICAL GROUP PCN,15N,E38000230,0.0,0.0,87.0,0.0,32.0,10.0,241.0,0.0,189.0,169.0,24657.0,4964.0
L83010,ASHBURTON SURGERY,U84198,SOUTH DARTMOOR AND TOTNES PCN,15N,E38000230,0.0,0.0,6.0,1.0,1.0,0.0,68.0,0.0,49.0,37.0,5362.0,1826.0
L83011,BUDLEIGH SALTERTON MEDICAL PRACTICE,U27932,WEB PCN,15N,E38000230,0.0,0.0,63.0,1.0,3.0,4.0,150.0,0.0,101.0,92.0,4635.0,3579.0
L83012,BRADWORTHY SURGERY,U41591,COAST AND COUNTRY PCN,15N,E38000230,0.0,0.0,10.0,3.0,0.0,0.0,15.0,0.0,11.0,8.0,2181.0,1024.0
L83013,BRUNEL MEDICAL PRACTICE,U87755,TORQUAY PCN,15N,E38000230,0.0,0.0,71.0,1.0,1.0,2.0,256.0,0.0,184.0,132.0,11327.0,3989.0
L83014,MAYFIELD MEDICAL CENTRE,U87914,BRIXHAM AND PAIGNTON PCN,15N,E38000230,0.0,1.0,85.0,1.0,31.0,9.0,276.0,0.0,186.0,164.0,13851.0,6369.0
L83015,OAKSIDE SURGERY,U74074,SOUND PCN,15N,E38000230,0.0,0.0,49.0,2.0,14.0,0.0,38.0,0.0,30.0,29.0,6951.0,1312.0
L83016,ST THOMAS MEDICAL GROUP,U76444,EXETER WEST PCN,15N,E38000230,0.0,0.0,69.0,0.0,25.0,6.0,221.0,0.0,148.0,134.0,36270.0,4425.0
L83019,ELM SURGERY,U74074,SOUND PCN,15N,E38000230,0.0,0.0,36.0,2.0,14.0,3.0,62.0,0.0,43.0,42.0,7402.0,2522.0
L83020,AXMINSTER MEDICAL PRACTICE,U96077,TASC PCN,15N,E38000230,0.0,0.0,73.0,2.0,26.0,1.0,187.0,1.0,129.0,104.0,8654.0,4059.0
L83021,DEAN CROSS SURGERY,U46190,MEWSTONE PCN,15N,E38000230,0.0,0.0,29.0,0.0,9.0,3.0,135.0,0.0,129.0,108.0,7137.0,3119.0
L83023,MID DEVON MEDICAL PRACTICE,U73296,TIVERTON PCN,15N,E38000230,0.0,0.0,16.0,0.0,1.0,2.0,66.0,0.0,43.0,36.0,4107.0,1713.0
L83024,BARNFIELD HILL SURGERY,U06816,EXETER CITY PCN,15N,E38000230,0.0,0.0,16.0,0.0,5.0,2.0,57.0,0.0,50.0,34.0,6939.0,1659.0
L83025,WALLINGBROOK HEALTH CENTRE,U40951,MID DEVON HEALTHCARE PCN,15N,E38000230,0.0,0.0,33.0,1.0,0.0,1.0,58.0,1.0,40.0,34.0,5148.0,2514.0
L83026,TORRINGTON HEALTH CENTRE,U66785,TORRIDGE PCN,15N,E38000230,0.0,0.0,35.0,1.0,11.0,0.0,64.0,0.0,46.0,41.0,3578.0,1622.0
L83027,CROFT HALL MEDICAL PRACTICE,U87755,TORQUAY PCN,15N,E38000230,0.0,0.0,7.0,0.0,2.0,0.0,36.0,2.0,28.0,11.0,5904.0,1457.0
L83028,ST NEOTS SURGERY,U,Unallocated,15N,E38000230,0.0,0.0,27.0,0.0,11.0,2.0,58.0,3.0,39.0,35.0,9261.0,2167.0
L83029,SOUTHOVER MEDICAL PRACTICE,U87755,TORQUAY PCN,15N,E38000230,0.0,0.0,21.0,0.0,1.0,2.0,62.0,0.0,42.0,18.0,6770.0,1717.0
L83030,NORTH ROAD WEST MED.CTR.,U72848,DRAKE MEDICAL ALLIANCE PCN,15N,E38000230,0.0,0.0,35.0,5.0,5.0,3.0,49.0,0.0,34.0,26.0,8523.0,1528.0
L83031,KINGSKERSWELL & IPPLEPEN MED PRACTICE,U34230,NEWTON WEST PCN,15N,E38000230,0.0,0.0,27.0,6.0,12.0,6.0,120.0,0.0,101.0,72.0,8554.0,3696.0
L83034,ALBANY SURGERY,U34230,NEWTON WEST PCN,15N,E38000230,0.0,0.0,58.0,4.0,0.0,5.0,99.0,1.0,54.0,45.0,7590.0,2328.0
L83035,LITCHDON MEDICAL CENTRE,U50322,BARNSTAPLE ALLIANCE PCN,15N,E38000230,0.0,0.0,53.0,4.0,26.0,6.0,149.0,0.0,136.0,131.0,12576.0,4194.0
L83036,TOPSHAM SURGERY,U32372,OUTER EXETER PCN,15N,E38000230,0.0,0.0,20.0,2.0,2.0,3.0,150.0,1.0,81.0,64.0,8671.0,3245.0
L83038,TAVYSIDE HEALTH CENTRE,U37412,WEST DEVON PCN,15N,E38000230,0.0,0.0,47.0,0.0,0.0,15.0,141.0,0.0,119.0,76.0,9741.0,4151.0
L83039,SOUTHWAY SURGERY,U74074,SOUND PCN,15N,E38000230,0.0,0.0,6.0,0.0,1.0,2.0,25.0,0.0,18.0,9.0,4656.0,967.0
L83040,PINHOE SURGERY,U32372,OUTER EXETER PCN,15N,E38000230,0.0,0.0,15.0,0.0,4.0,4.0,175.0,0.0,138.0,114.0,15424.0,2871.0
L83041,WESTBANK PRACTICE,U32372,OUTER EXETER PCN,15N,E38000230,0.0,0.0,16.0,3.0,8.0,1.0,72.0,0.0,55.0,41.0,6770.0,2319.0
L83042,ST LEONARDS PRACTICE,U06816,EXETER CITY PCN,15N,E38000230,0.0,0.0,11.0,1.0,3.0,3.0,45.0,0.0,32.0,22.0,8225.0,1658.0
L83043,LEATSIDE SURGERY,U84198,SOUTH DARTMOOR AND TOTNES PCN,15N,E38000230,0.0,0.0,52.0,2.0,10.0,2.0,128.0,0.0,94.0,75.0,10305.0,4129.0
L83044,BLACKDOWN PRACTICE,U34388,CULM VALLEY PCN,15N,E38000230,0.0,0.0,20.0,0.0,10.0,0.0,58.0,0.0,47.0,18.0,5802.0,2517.0
L83045,BOVEY TRACEY & CHUDLEIGH PRACTICE,U34230,NEWTON WEST PCN,15N,E38000230,0.0,0.0,54.0,4.0,20.0,1.0,146.0,3.0,89.0,81.0,10506.0,4487.0
L83046,DEVON SQUARE SURGERY,U64531,TEMPLER CARE NETWORK PCN,15N,E38000230,0.0,0.0,22.0,0.0,9.0,2.0,58.0,0.0,35.0,28.0,7431.0,2142.0
L83048,ROBOROUGH SURGERY,U72848,DRAKE MEDICAL ALLIANCE PCN,15N,E38000230,0.0,0.0,39.0,3.0,10.0,3.0,113.0,0.0,72.0,40.0,7929.0,2931.0
L83049,MORETONHAMPSTEAD HEALTH CENTRE,U91913,NORTH DARTMOOR PCN,15N,E38000230,0.0,0.0,4.0,1.0,1.0,1.0,39.0,0.0,27.0,16.0,2159.0,1119.0
L83050,NORTHAM SURGERY,U66785,TORRIDGE PCN,15N,E38000230,0.0,0.0,62.0,4.0,28.0,4.0,180.0,0.0,156.0,133.0,8890.0,4342.0
L83051,CRICKETFIELD SURGERY,U64531,TEMPLER CARE NETWORK PCN,15N,E38000230,0.0,0.0,40.0,2.0,16.0,2.0,108.0,0.0,88.0,60.0,7809.0,2524.0
L83052,CASTLE PLACE PRACTICE,U73296,TIVERTON PCN,15N,E38000230,0.0,0.0,25.0,0.0,2.0,1.0,130.0,0.0,98.0,63.0,9762.0,3160.0
L83054,TOWNSEND HOUSE MEDICAL CENTRE,U96077,TASC PCN,15N,E38000230,0.0,0.0,45.0,0.0,15.0,2.0,137.0,0.0,108.0,61.0,3295.0,2318.0
L83055,COMPASS HOUSE MEDICAL CENTRES,U55399,BAYWIDE PCN,15N,E38000230,0.0,1.0,69.0,0.0,2.0,1.0,197.0,0.0,136.0,120.0,9971.0,5573.0
L83057,FREMINGTON MEDICAL CENTRE,U50322,BARNSTAPLE ALLIANCE PCN,15N,E38000230,0.0,0.0,36.0,2.0,20.0,2.0,82.0,0.0,73.0,72.0,5312.0,2607.0
L83058,SOUTHERNHAY HOUSE SURGERY,U06816,EXETER CITY PCN,15N,E38000230,0.0,0.0,12.0,0.0,4.0,1.0,40.0,2.0,27.0,17.0,6208.0,1407.0
L83059,NORTON BROOK MEDICAL CENTRE,U82523,SOUTH HAMS PCN,15N,E38000230,0.0,0.0,26.0,2.0,9.0,0.0,90.0,0.0,79.0,55.0,7157.0,2889.0
L83064,CHURCH VIEW SURGERY,U46190,MEWSTONE PCN,15N,E38000230,0.0,0.0,38.0,0.0,15.0,3.0,160.0,1.0,121.0,64.0,9185.0,3422.0
L83066,MOUNT PLEASANT HEALTH CENTRE,U06387,NEXUS (DEVON) PCN,15N,E38000230,0.0,0.0,33.0,13.0,8.0,3.0,155.0,1.0,73.0,59.0,14788.0,3001.0
L83067,SID VALLEY PRACTICE,U79574,HONITON/OTTERY/SID VALLEY (HOSMS) PCN,15N,E38000230,0.0,0.0,104.0,7.0,43.0,2.0,262.0,1.0,163.0,154.0,8465.0,6497.0
L83069,RUBY COUNTRY MEDICAL GROUP,U41591,COAST AND COUNTRY PCN,15N,E38000230,4.0,0.0,1370.0,1016.0,4.0,6.0,218.0,4.0,182.0,130.0,10495.0,4645.0
L83070,BUCKFASTLEIGH MEDICAL CENTRE,U84198,SOUTH DARTMOOR AND TOTNES PCN,15N,E38000230,0.0,0.0,41.0,28.0,4.0,4.0,50.0,0.0,38.0,32.0,3826.0,1300.0
L83071,STOKE SURGERY,U,Unallocated,15N,E38000230,0.0,0.0,14.0,0.0,0.0,7.0,113.0,0.0,96.0,38.0,6304.0,1598.0
L83072,FRIARY HOUSE SURGERY,U74074,SOUND PCN,15N,E38000230,0.0,0.0,47.0,1.0,11.0,3.0,107.0,1.0,35.0,24.0,9900.0,1919.0
L83073,BRANNAM MEDICAL CENTRE,U50322,BARNSTAPLE ALLIANCE PCN,15N,E38000230,0.0,0.0,75.0,2.0,37.0,4.0,169.0,0.0,148.0,141.0,14917.0,4575.0
L83075,SOUTH BRENT HEALTH CENTRE,U84198,SOUTH DARTMOOR AND TOTNES PCN,15N,E38000230,0.0,0.0,30.0,0.0,0.0,0.0,67.0,0.0,51.0,36.0,4388.0,1739.0
L83076,WYCLIFFE SURGERY,U72848,DRAKE MEDICAL ALLIANCE PCN,15N,E38000230,0.0,0.0,33.0,2.0,5.0,2.0,42.0,3.0,33.0,27.0,10024.0,1843.0
L83077,HEAVITREE PRACTICE,U06387,NEXUS (DEVON) PCN,15N,E38000230,0.0,0.0,19.0,5.0,3.0,0.0,55.0,0.0,43.0,13.0,6609.0,1351.0
L83079,IDE LANE SURGERY,U32372,OUTER EXETER PCN,15N,E38000230,0.0,0.0,25.0,0.0,9.0,3.0,119.0,0.0,97.0,79.0,6866.0,2046.0
L83081,YEALM MEDICAL CENTRE,U46190,MEWSTONE PCN,15N,E38000230,0.0,0.0,12.0,0.0,3.0,1.0,71.0,0.0,53.0,38.0,4273.0,2015.0
L83082,CHAGFORD HEALTH CENTRE,U91913,NORTH DARTMOOR PCN,15N,E38000230,0.0,0.0,12.0,0.0,6.0,3.0,25.0,0.0,22.0,17.0,2189.0,1106.0
L83083,BIDEFORD MEDICAL CENTRE,U66785,TORRIDGE PCN,15N,E38000230,0.0,0.0,82.0,6.0,18.0,4.0,156.0,1.0,130.0,124.0,11056.0,4072.0
L83084,SOUTH LAWN MEDICAL PRACTICE,U06387,NEXUS (DEVON) PCN,15N,E38000230,0.0,0.0,37.0,6.0,4.0,2.0,85.0,0.0,60.0,45.0,6320.0,1722.0
L83085,AMICUS HEALTH,U73296,TIVERTON PCN,15N,E38000230,0.0,0.0,38.0,3.0,6.0,2.0,170.0,0.0,124.0,77.0,13840.0,4803.0
L83086,MODBURY HEALTH CENTRE,U82523,SOUTH HAMS PCN,15N,E38000230,0.0,0.0,10.0,2.0,1.0,0.0,31.0,0.0,28.0,20.0,3655.0,1644.0
L83087,OKEHAMPTON MEDICAL CENTRE,U91913,NORTH DARTMOOR PCN,15N,E38000230,0.0,0.0,45.0,0.0,15.0,2.0,159.0,1.0,133.0,90.0,11376.0,3966.0
L83088,REDFERN HEALTH CENTRE,U82523,SOUTH HAMS PCN,15N,E38000230,0.0,0.0,36.0,1.0,9.0,0.0,41.0,0.0,22.0,12.0,3411.0,1860.0
L83089,KNOWLE HOUSE SURGERY,U72848,DRAKE MEDICAL ALLIANCE PCN,15N,E38000230,0.0,0.0,39.0,2.0,12.0,3.0,88.0,0.0,73.0,54.0,10868.0,3102.0
L83092,COLLEGE SURGERY PARTNERSHIP,U34388,CULM VALLEY PCN,15N,E38000230,0.0,0.0,62.0,4.0,29.0,3.0,144.0,0.0,108.0,92.0,12457.0,3908.0
L83094,DARTMOUTH MEDICAL PRACTICE,U82523,SOUTH HAMS PCN,15N,E38000230,0.0,0.0,8.0,1.0,2.0,0.0,133.0,0.0,71.0,39.0,5609.0,2940.0
L83095,COLERIDGE MEDICAL CENTRE,U79574,HONITON/OTTERY/SID VALLEY (HOSMS) PCN,15N,E38000230,0.0,0.0,101.0,1.0,14.0,6.0,196.0,1.0,152.0,123.0,11208.0,4709.0
L83096,COMBE COASTAL PRACTICE,U21059,NORTH DEVON COASTAL PCN,15N,E38000230,0.0,0.0,63.0,1.0,2.0,5.0,213.0,0.0,136.0,94.0,13094.0,4982.0
L83097,CAEN MEDICAL CENTRE,U21059,NORTH DEVON COASTAL PCN,15N,E38000230,0.0,0.0,36.0,1.0,0.0,6.0,125.0,0.0,92.0,79.0,9578.0,3249.0
L83098,CHERITON BISHOP SURGERY,U91913,NORTH DARTMOOR PCN,15N,E38000230,0.0,0.0,5.0,2.0,2.0,1.0,39.0,0.0,33.0,31.0,3787.0,1656.0
L83099,ISCA MEDICAL PRACTICE,U06387,NEXUS (DEVON) PCN,15N,E38000230,0.0,0.0,16.0,1.0,6.0,2.0,33.0,0.0,25.0,19.0,4459.0,1078.0
L83100,BEACON MEDICAL GROUP,U68552,BEACON MEDICAL GROUP PCN,15N,E38000230,0.0,0.0,165.0,17.0,5.0,13.0,378.0,1.0,294.0,255.0,33188.0,10157.0
L83101,ABBEY SURGERY,U37412,WEST DEVON PCN,15N,E38000230,0.0,0.0,27.0,0.0,2.0,3.0,236.0,0.0,162.0,123.0,10089.0,4929.0
L83102,YELVERTON SURGERY,U37412,WEST DEVON PCN,15N,E38000230,0.0,0.0,38.0,0.0,0.0,3.0,93.0,0.0,82.0,39.0,4991.0,2502.0
L83103,CORNER PLACE SURGERY,U87914,BRIXHAM AND PAIGNTON PCN,15N,E38000230,0.0,0.0,35.0,0.0,6.0,1.0,242.0,0.0,128.0,65.0,11596.0,4509.0
L83105,CASTLE GARDENS SURGERY,U66785,TORRIDGE PCN,15N,E38000230,0.0,0.0,38.0,0.0,16.0,2.0,62.0,0.0,47.0,43.0,4615.0,2111.0
L83106,WOODA SURGERY,U66785,TORRIDGE PCN,15N,E38000230,0.0,0.0,94.0,5.0,26.0,6.0,86.0,0.0,74.0,59.0,7275.0,2613.0
L83111,CHILCOTE PRACTICE,U55399,BAYWIDE PCN,15N,E38000230,5.0,0.0,94.0,13.0,9.0,8.0,210.0,1.0,132.0,45.0,11319.0,4626.0
L83112,WEST HOE SURGERY,U,Unallocated,15N,E38000230,0.0,0.0,5.0,0.0,1.0,0.0,27.0,0.0,15.0,13.0,4500.0,1524.0
L83113,BUDSHEAD MEDICAL PRACTICE,U74074,SOUND PCN,15N,E38000230,0.0,0.0,27.0,0.0,14.0,1.0,32.0,0.0,25.0,23.0,6179.0,1253.0
L83115,WHIPTON SURGERY,U06816,EXETER CITY PCN,15N,E38000230,0.0,0.0,13.0,0.0,8.0,2.0,21.0,0.0,16.0,12.0,4174.0,783.0
L83116,WOODBURY SURGERY,U27932,WEB PCN,15N,E38000230,0.0,0.0,24.0,1.0,12.0,0.0,31.0,1.0,23.0,20.0,3847.0,1553.0
L83118,CHELSTON HALL SURGERY,U87755,TORQUAY PCN,15N,E38000230,0.0,0.0,82.0,0.0,29.0,7.0,146.0,0.0,131.0,117.0,14095.0,3814.0
L83120,CHANNEL VIEW MEDICAL GROUP,U55397,THE COASTAL NETWORK PCN,15N,E38000230,0.0,0.0,55.0,22.0,21.0,1.0,275.0,1.0,165.0,147.0,14714.0,7515.0
L83127,REDLANDS PRIMARY CARE,U40951,MID DEVON HEALTHCARE PCN,15N,E38000230,0.0,0.0,92.0,2.0,50.0,3.0,158.0,0.0,105.0,95.0,11706.0,4139.0
L83128,BRAMBLEHAIES SURGERY,U34388,CULM VALLEY PCN,15N,E38000230,0.0,0.0,35.0,0.0,18.0,1.0,63.0,0.0,45.0,38.0,6031.0,1618.0
L83129,HARTLAND SURGERY,U66785,TORRIDGE PCN,15N,E38000230,0.0,0.0,19.0,0.0,5.0,0.0,15.0,0.0,11.0,11.0,2119.0,941.0
L83131,PEMBROKE MEDICAL GROUP,U55399,BAYWIDE PCN,15N,E38000230,0.0,0.0,99.0,0.0,2.0,14.0,263.0,0.0,173.0,97.0,17965.0,7147.0
L83134,WYNDHAM HOUSE SURGERY,U34388,CULM VALLEY PCN,15N,E38000230,0.0,0.0,3.0,0.0,0.0,0.0,25.0,0.0,22.0,5.0,2827.0,1211.0
L83136,HALDON HOUSE SURGERY,U27932,WEB PCN,15N,E38000230,0.0,0.0,40.0,0.0,20.0,2.0,67.0,0.0,36.0,23.0,4157.0,1917.0
L83137,SOUTH MOLTON MEDICAL CENTRE,U21059,NORTH DEVON COASTAL PCN,15N,E38000230,1.0,0.0,102.0,11.0,39.0,4.0,164.0,4.0,120.0,90.0,8837.0,3902.0
L83143,HILL BARTON SURGERY,U06387,NEXUS (DEVON) PCN,15N,E38000230,0.0,0.0,6.0,0.0,2.0,1.0,20.0,2.0,14.0,*,3875.0,751.0
L83146,CATHERINE HOUSE SURGERY,U84198,SOUTH DARTMOOR AND TOTNES PCN,15N,E38000230,0.0,0.0,21.0,2.0,3.0,0.0,26.0,0.0,9.0,7.0,3662.0,1331.0
L83147,LISSON GROVE MEDICAL CTR.,U72848,DRAKE MEDICAL ALLIANCE PCN,15N,E38000230,0.0,0.0,51.0,10.0,10.0,1.0,122.0,0.0,103.0,84.0,12394.0,2062.0
L83148,CHILLINGTON HEALTH CENTRE,U82523,SOUTH HAMS PCN,15N,E38000230,0.0,0.0,25.0,0.0,10.0,1.0,29.0,0.0,19.0,18.0,2290.0,1448.0
L83607,OLD FARM SURGERY,U87914,BRIXHAM AND PAIGNTON PCN,15N,E38000230,0.0,0.0,17.0,0.0,6.0,1.0,32.0,0.0,23.0,16.0,4558.0,1148.0
L83616,SAMPFORD PEVERELL SURGERY,U34388,CULM VALLEY PCN,15N,E38000230,0.0,0.0,5.0,0.0,3.0,1.0,15.0,0.0,11.0,9.0,1838.0,630.0
L83624,DEVONPORT HEALTH CENTRE,U,Unallocated,15N,E38000230,0.0,0.0,21.0,1.0,10.0,0.0,28.0,0.0,22.0,22.0,6498.0,1181.0
L83628,IMPERIAL SURGERY,U27932,WEB PCN,15N,E38000230,0.0,0.0,21.0,0.0,9.0,2.0,100.0,0.0,82.0,33.0,4994.0,1763.0
L83639,WEMBURY SURGERY,U46190,MEWSTONE PCN,15N,E38000230,0.0,0.0,9.0,0.0,3.0,1.0,22.0,0.0,21.0,18.0,1889.0,1026.0
L83646,ST. LEVAN SURGERY,U,Unallocated,15N,E38000230,0.0,0.0,40.0,5.0,4.0,0.0,42.0,0.0,20.0,8.0,7997.0,1290.0
L83648,PEVERELL PARK SURGERY,U,Unallocated,15N,E38000230,0.0,0.0,30.0,0.0,12.0,3.0,111.0,0.0,79.0,47.0,20293.0,2569.0
L83651,ADELAIDE STREET SURGERY,U,Unallocated,15N,E38000230,0.0,0.0,14.0,0.0,3.0,0.0,22.0,1.0,6.0,*,4014.0,467.0
L83655,WONFORD GREEN SURGERY,U06816,EXETER CITY PCN,15N,E38000230,0.0,0.0,3.0,0.0,2.0,0.0,32.0,0.0,15.0,9.0,6873.0,775.0
L83657,TEIGN ESTUARY MEDICAL GROUP,U55397,THE COASTAL NETWORK PCN,15N,E38000230,0.0,0.0,13.0,0.0,3.0,1.0,65.0,0.0,44.0,*,3719.0,1709.0
L83663,BLACK TORRINGTON SURGERY,U91913,NORTH DARTMOOR PCN,15N,E38000230,0.0,0.0,24.0,1.0,2.0,1.0,37.0,0.0,16.0,8.0,1963.0,1009.0
L83666,BUCKLAND SURGERY,U64531,TEMPLER CARE NETWORK PCN,15N,E38000230,0.0,0.0,10.0,0.0,6.0,1.0,28.0,1.0,25.0,21.0,3225.0,728.0
L83673,INCLUSION HEALTH DEVON CIC,U06816,EXETER CITY PCN,15N,E38000230,0.0,0.0,10.0,1.0,3.0,0.0,0.0,0.0,0.0,*,711.0,22.0
L84003,UNDERWOOD SURGERY,U36833,CHELTENHAM CENTRAL PCN,11M,E38000062,0.0,0.0,66.0,13.0,2.0,1.0,119.0,1.0,108.0,96.0,9823.0,1652.0
L84004,WINCHCOMBE MEDICAL CENTRE,U13956,CHELTENHAM PERIPHERAL PCN,11M,E38000062,0.0,0.0,45.0,7.0,16.0,1.0,79.0,3.0,55.0,44.0,5383.0,2523.0
L84005,MINCHINHAMPTON SURGERY,U23862,STROUD COTSWOLD PCN,11M,E38000062,0.0,0.0,69.0,8.0,5.0,2.0,87.0,0.0,66.0,53.0,5821.0,2699.0
L84006,STAUNTON & CORSE SURGERY,U63565,TWNS PCN,11M,E38000062,0.0,0.0,45.0,35.0,1.0,1.0,66.0,0.0,61.0,47.0,5198.0,1696.0
L84007,ROWCROFT MEDICAL CENTRE,U23862,STROUD COTSWOLD PCN,11M,E38000062,0.0,0.0,25.0,4.0,0.0,2.0,82.0,0.0,63.0,38.0,9710.0,2680.0
L84008,ST. GEORGE'S SURGERY,U,Unallocated,11M,E38000062,2.0,0.0,71.0,6.0,11.0,4.0,126.0,1.0,96.0,86.0,10000.0,2207.0
L84009,HADWEN HEALTH,U76977,HADWEN QUEDGELEY PCN,11M,E38000062,1.0,0.0,123.0,18.0,4.0,3.0,174.0,7.0,127.0,108.0,15681.0,3777.0
L84010,UPPER THAMES MEDICAL GROUP,U41523,SOUTH COTSWOLDS PCN,11M,E38000062,0.0,0.0,71.0,7.0,13.0,3.0,95.0,0.0,73.0,47.0,7587.0,3238.0
L84011,LYDNEY PRACTICE,U29596,WEST FOREST OF DEAN PCN,11M,E38000062,1.0,0.0,44.0,3.0,1.0,3.0,87.0,0.0,73.0,54.0,6179.0,2039.0
L84012,PHOENIX HEALTH GROUP,U41523,SOUTH COTSWOLDS PCN,11M,E38000062,5.0,5.0,141.0,22.0,7.0,6.0,279.0,1.0,199.0,165.0,18508.0,6117.0
L84014,HUCCLECOTE SURGERY,U16338,NORTH & SOUTH GLOUCESTER (NSG) PCN,11M,E38000062,1.0,0.0,89.0,48.0,0.0,2.0,108.0,0.0,99.0,90.0,6409.0,2593.0
L84015,SIXWAYS CLINIC,U13956,CHELTENHAM PERIPHERAL PCN,11M,E38000062,0.0,0.0,40.0,2.0,4.0,3.0,151.0,1.0,101.0,91.0,8263.0,2612.0
L84016,FRITHWOOD SURGERY,U23862,STROUD COTSWOLD PCN,11M,E38000062,1.0,1.0,56.0,21.0,3.0,1.0,45.0,0.0,30.0,23.0,5092.0,1760.0
L84018,CIRENCESTER HEALTH GROUP,U41523,SOUTH COTSWOLDS PCN,11M,E38000062,4.0,1.0,77.0,4.0,15.0,1.0,131.0,1.0,108.0,82.0,9333.0,3302.0
L84021,YORKLEY HEALTH CENTRE(WG),U29596,WEST FOREST OF DEAN PCN,11M,E38000062,0.0,0.0,52.0,3.0,1.0,0.0,70.0,1.0,26.0,20.0,6766.0,2290.0
L84022,YORKLEIGH SURGERY(CT),U36833,CHELTENHAM CENTRAL PCN,11M,E38000062,0.0,0.0,31.0,12.0,4.0,1.0,62.0,3.0,42.0,23.0,5975.0,1605.0
L84023,CHURCH STREET PRACTICE,U63565,TWNS PCN,11M,E38000062,0.0,0.0,126.0,94.0,1.0,2.0,186.0,0.0,180.0,161.0,9805.0,3320.0
L84024,DRYBROOK SURGERY,U16196,FOREST GREEN PCN,11M,E38000062,0.0,0.0,23.0,1.0,2.0,0.0,49.0,2.0,19.0,10.0,3008.0,1096.0
L84025,HOYLAND HOUSE,U23862,STROUD COTSWOLD PCN,11M,E38000062,1.0,0.0,15.0,1.0,1.0,2.0,75.0,1.0,56.0,46.0,2939.0,1689.0
L84026,ASPEN MEDICAL PRACTICE,U16816,ASPEN PCN,11M,E38000062,1.0,0.0,161.0,16.0,17.0,11.0,294.0,3.0,189.0,92.0,26538.0,6005.0
L84027,CULVERHAY SURGERY,U02669,BERKELEY VALE PCN,11M,E38000062,1.0,0.0,106.0,17.0,11.0,3.0,178.0,0.0,150.0,116.0,13526.0,4582.0
L84028,FOREST HEALTH CARE,U16196,FOREST GREEN PCN,11M,E38000062,0.0,0.0,100.0,4.0,9.0,4.0,104.0,0.0,82.0,76.0,8954.0,2903.0
L84029,DEAN MEDICAL PRACTICE,U29596,WEST FOREST OF DEAN PCN,11M,E38000062,0.0,0.0,104.0,8.0,8.0,1.0,201.0,2.0,167.0,128.0,12019.0,4760.0
L84030,BERKELEY PLACE SURGERY,U36833,CHELTENHAM CENTRAL PCN,11M,E38000062,0.0,0.0,51.0,3.0,1.0,1.0,104.0,1.0,57.0,38.0,15083.0,3122.0
L84031,STOW SURGERY,U,Unallocated,11M,E38000062,0.0,0.0,96.0,9.0,24.0,1.0,77.0,1.0,29.0,22.0,3949.0,1827.0
L84033,WESTON HOUSE PRACTICE,U,Unallocated,11M,E38000062,0.0,0.0,112.0,8.0,1.0,10.0,294.0,6.0,220.0,174.0,14944.0,4239.0
L84034,"PARTNERS IN HEALTH, PAVILION FAMILY DRS",U,Unallocated,11M,E38000062,0.0,0.0,45.0,0.0,19.0,0.0,97.0,0.0,71.0,38.0,9882.0,2138.0
L84036,CLEEVELANDS MEDICAL CENTRE,U13956,CHELTENHAM PERIPHERAL PCN,11M,E38000062,0.0,0.0,33.0,2.0,3.0,2.0,99.0,1.0,83.0,60.0,8789.0,2309.0
L84037,THE HOLTS HEALTH CENTRE,U63565,TWNS PCN,11M,E38000062,0.0,0.0,117.0,87.0,4.0,3.0,154.0,0.0,143.0,129.0,8590.0,3415.0
L84038,COTSWOLD MEDICAL PRACTICE,U,Unallocated,11M,E38000062,0.0,0.0,40.0,2.0,0.0,3.0,151.0,0.0,119.0,93.0,8216.0,3115.0
L84039,BEECHES GREEN SURGERY,U23862,STROUD COTSWOLD PCN,11M,E38000062,0.0,0.0,47.0,5.0,2.0,1.0,41.0,0.0,27.0,14.0,6921.0,2061.0
L84040,THE LECKHAMPTON SURGERY,U13956,CHELTENHAM PERIPHERAL PCN,11M,E38000062,0.0,0.0,42.0,0.0,6.0,3.0,154.0,1.0,112.0,79.0,9135.0,3462.0
L84041,OVERTON PARK SURGERY,U36833,CHELTENHAM CENTRAL PCN,11M,E38000062,0.0,0.0,64.0,10.0,1.0,1.0,115.0,1.0,81.0,49.0,10340.0,2755.0
L84043,CHIPPING CAMPDEN SURGERY,U,Unallocated,11M,E38000062,0.0,0.0,46.0,13.0,13.0,1.0,56.0,0.0,44.0,42.0,3282.0,1605.0
L84045,MITCHELDEAN SURGERY,U16196,FOREST GREEN PCN,11M,E38000062,0.0,0.0,30.0,0.0,0.0,10.0,135.0,1.0,109.0,78.0,5182.0,2043.0
L84046,DOCKHAM SURGERY,U16196,FOREST GREEN PCN,11M,E38000062,0.0,0.0,34.0,2.0,0.0,2.0,54.0,0.0,27.0,18.0,4432.0,1400.0
L84047,CHURCHDOWN SURGERY,U16338,NORTH & SOUTH GLOUCESTER (NSG) PCN,11M,E38000062,0.0,0.0,111.0,23.0,11.0,1.0,139.0,0.0,113.0,35.0,13222.0,3490.0
L84048,"THE STOKE ROAD SURGERY,",U13956,CHELTENHAM PERIPHERAL PCN,11M,E38000062,0.0,0.0,40.0,3.0,5.0,0.0,125.0,2.0,60.0,58.0,7490.0,2862.0
L84049,THE ROYAL WELL SURGERY,U,Unallocated,11M,E38000062,0.0,0.0,28.0,2.0,1.0,1.0,97.0,0.0,69.0,63.0,7154.0,1324.0
L84050,ROSEBANK SURGERY,U31538,ROSEBANK PCN,11M,E38000062,1.0,0.0,201.0,29.0,46.0,10.0,265.0,1.0,165.0,145.0,35553.0,5077.0
L84051,CHIPPING SURGERY,U02669,BERKELEY VALE PCN,11M,E38000062,2.0,0.0,138.0,71.0,18.0,0.0,98.0,0.0,84.0,70.0,7738.0,2197.0
L84052,SEVERNSIDE MEDICAL PRACTICE,U,Unallocated,11M,E38000062,0.0,0.0,38.0,0.0,4.0,0.0,85.0,0.0,45.0,34.0,8530.0,1526.0
L84053,HILARY COTTAGE SURGERY,U41523,SOUTH COTSWOLDS PCN,11M,E38000062,0.0,0.0,45.0,6.0,4.0,0.0,66.0,0.0,53.0,34.0,5488.0,2198.0
L84054,MYTHE MEDICAL PRACTICE,U63565,TWNS PCN,11M,E38000062,1.0,0.0,127.0,101.0,9.0,1.0,161.0,0.0,157.0,150.0,10844.0,3152.0
L84058,ST. CATHERINE'S SURGERY,U,Unallocated,11M,E38000062,0.0,0.0,35.0,3.0,10.0,0.0,106.0,5.0,75.0,60.0,7653.0,1699.0
L84059,ROYAL CRESCENT SURGERY,U36833,CHELTENHAM CENTRAL PCN,11M,E38000062,0.0,0.0,51.0,1.0,8.0,1.0,72.0,1.0,50.0,37.0,6434.0,1650.0
L84060,CAM & ULEY FAMILY PRACTICE,U02669,BERKELEY VALE PCN,11M,E38000062,0.0,0.0,90.0,13.0,4.0,1.0,150.0,1.0,116.0,88.0,8146.0,2951.0
L84063,RENDCOMB SURGERY,U41523,SOUTH COTSWOLDS PCN,11M,E38000062,0.0,0.0,6.0,0.0,0.0,0.0,29.0,2.0,24.0,10.0,3679.0,1310.0
L84065,PRICES MILL SURGERY,U,Unallocated,11M,E38000062,0.0,1.0,108.0,17.0,16.0,0.0,110.0,1.0,78.0,52.0,6622.0,2349.0
L84067,LONGLEVENS SURGERY,U16338,NORTH & SOUTH GLOUCESTER (NSG) PCN,11M,E38000062,0.0,0.0,58.0,3.0,5.0,0.0,72.0,0.0,59.0,33.0,8088.0,1971.0
L84068,MANN COTTAGE SURGERY,U,Unallocated,11M,E38000062,1.0,0.0,48.0,9.0,0.0,0.0,47.0,0.0,13.0,11.0,4175.0,1751.0
L84069,COLEFORD MEDICAL PRACTICE,U29596,WEST FOREST OF DEAN PCN,11M,E38000062,0.0,0.0,37.0,0.0,3.0,3.0,170.0,0.0,108.0,37.0,9685.0,3887.0
L84072,WHITE HOUSE SURGERY,U,Unallocated,11M,E38000062,0.0,0.0,50.0,14.0,2.0,0.0,37.0,1.0,24.0,22.0,3644.0,1474.0
L84075,MAY LANE SURGERY,U02669,BERKELEY VALE PCN,11M,E38000062,0.0,1.0,92.0,20.0,6.0,0.0,71.0,0.0,51.0,44.0,7225.0,2153.0
L84077,FIVE VALLEYS MEDICAL PRACTICE,U,Unallocated,11M,E38000062,0.0,1.0,166.0,12.0,15.0,1.0,181.0,0.0,127.0,104.0,11007.0,3484.0
L84080,THE WILLOW TREE PRACTICE,U,Unallocated,11M,E38000062,0.0,0.0,78.0,6.0,19.0,4.0,82.0,0.0,61.0,36.0,9076.0,2467.0
L84081,KINGSHOLM SURGERY,U,Unallocated,11M,E38000062,0.0,0.0,26.0,5.0,1.0,0.0,39.0,0.0,30.0,19.0,3703.0,684.0
L84084,BROCKWORTH SURGERY,U16338,NORTH & SOUTH GLOUCESTER (NSG) PCN,11M,E38000062,0.0,0.0,70.0,4.0,24.0,4.0,112.0,0.0,91.0,68.0,9669.0,1906.0
L84085,SEVERNBANK SURGERY,U29596,WEST FOREST OF DEAN PCN,11M,E38000062,0.0,0.0,30.0,2.0,1.0,0.0,40.0,0.0,36.0,31.0,2818.0,996.0
L84606,THE ALNEY PRACTICE,U16338,NORTH & SOUTH GLOUCESTER (NSG) PCN,11M,E38000062,0.0,0.0,63.0,3.0,2.0,6.0,86.0,1.0,65.0,29.0,8912.0,3107.0
L84613,STONEHOUSE HEALTH CLINIC,U,Unallocated,11M,E38000062,0.0,0.0,46.0,0.0,2.0,0.0,69.0,1.0,48.0,38.0,2835.0,837.0
L84617,QUEDGELEY MEDICAL CENTRE,U76977,HADWEN QUEDGELEY PCN,11M,E38000062,0.0,0.0,17.0,5.0,1.0,2.0,24.0,1.0,18.0,12.0,6733.0,1033.0
L85001,FRENCH WEIR HEALTH CENTRE,U28174,TAUNTON CENTRAL PCN,11X,E38000150,0.0,0.0,51.0,0.0,0.0,6.0,120.0,1.0,94.0,87.0,13728.0,3883.0
L85002,WELLS HEALTH CENTRE,U17153,WEST MENDIP PCN,11X,E38000150,0.0,0.0,15.0,0.0,1.0,1.0,183.0,2.0,132.0,119.0,8125.0,3673.0
L85003,EXMOOR MEDICAL CENTRE,U47425,WEST SOMERSET PCN,11X,E38000150,0.0,0.0,18.0,0.0,0.0,0.0,26.0,1.0,21.0,16.0,2411.0,1497.0
L85004,"CREWKERNE HEALTH CENTRE, CREWKERNE",U60622,SOUTH SOMERSET WEST PCN,11X,E38000150,0.0,0.0,31.0,1.0,5.0,5.0,153.0,1.0,103.0,87.0,8502.0,3890.0
L85006,CROWN MEDICAL CENTRE,U28174,TAUNTON CENTRAL PCN,11X,E38000150,0.0,0.0,14.0,0.0,1.0,1.0,116.0,0.0,82.0,73.0,8110.0,2033.0
L85007,"CHURCH STREET SURGERY, MARTOCK",U60622,SOUTH SOMERSET WEST PCN,11X,E38000150,1.0,0.0,29.0,0.0,9.0,5.0,154.0,2.0,79.0,42.0,6886.0,3338.0
L85008,FROME MEDICAL CENTRE,U84175,FROME PCN,11X,E38000150,0.0,0.0,85.0,1.0,7.0,9.0,300.0,2.0,282.0,211.0,22800.0,6362.0
L85009,WEST SOMERSET HEALTHCARE,U47425,WEST SOMERSET PCN,11X,E38000150,0.0,0.0,15.0,0.0,5.0,2.0,115.0,0.0,88.0,68.0,6872.0,3825.0
L85010,HIGHBRIDGE MEDICAL CENTRE,U00760,NORTH SEDGEMOOR PCN,11X,E38000150,1.0,0.0,33.0,0.0,2.0,7.0,154.0,1.0,53.0,21.0,9827.0,3523.0
L85011,CHEDDAR MEDICAL CENTRE,U00760,NORTH SEDGEMOOR PCN,11X,E38000150,0.0,0.0,35.0,1.0,1.0,2.0,84.0,1.0,50.0,32.0,6080.0,2347.0
L85012,WELLINGTON MEDICAL CENTRE,U09275,TAUNTON DEANE WEST PCN,11X,E38000150,0.0,0.0,23.0,0.0,0.0,8.0,310.0,0.0,247.0,200.0,16631.0,5880.0
L85013,QUANTOCK MEDICAL CENTRE,U81930,BRIDGWATER PCN,11X,E38000150,0.0,0.0,0.0,0.0,0.0,2.0,22.0,0.0,18.0,9.0,2930.0,1274.0
L85014,TAUNTON VALE HEALTHCARE,U25707,TONE VALLEY PCN,11X,E38000150,0.0,0.0,12.0,0.0,0.0,1.0,85.0,1.0,65.0,44.0,11089.0,2291.0
L85015,"PRESTON GROVE MEDICAL CENTRE, YEOVIL",U11103,YEOVIL PCN,11X,E38000150,0.0,0.0,6.0,1.0,1.0,4.0,141.0,0.0,113.0,93.0,12717.0,3273.0
L85016,SYMPHONY NORTH HEALTHCARE,U00760,NORTH SEDGEMOOR PCN,11X,E38000150,1.0,0.0,85.0,1.0,12.0,10.0,357.0,1.0,286.0,179.0,19639.0,8657.0
L85017,"PENN HILL SURGERY, YEOVIL",U11103,YEOVIL PCN,11X,E38000150,0.0,0.0,13.0,1.0,2.0,0.0,117.0,1.0,99.0,68.0,7948.0,2448.0
L85018,CANNINGTON HEALTH CENTRE,U81930,BRIDGWATER PCN,11X,E38000150,0.0,0.0,1.0,0.0,1.0,0.0,42.0,0.0,26.0,14.0,3678.0,1463.0
L85019,MINEHEAD MEDICAL CENTRE,U47425,WEST SOMERSET PCN,11X,E38000150,1.0,0.0,41.0,0.0,4.0,4.0,134.0,0.0,22.0,7.0,7619.0,3531.0
L85020,BECKINGTON FAMILY PRACTICE,U21951,MENDIP PCN,11X,E38000150,0.0,0.0,29.0,1.0,6.0,4.0,86.0,0.0,78.0,69.0,8450.0,3094.0
L85021,COLLEGE WAY SURGERY,U28174,TAUNTON CENTRAL PCN,11X,E38000150,0.0,0.0,11.0,0.0,5.0,1.0,182.0,0.0,132.0,110.0,10942.0,4084.0
L85022,DIAMOND HEALTH GROUP,U11103,YEOVIL PCN,11X,E38000150,1.0,0.0,55.0,1.0,0.0,4.0,166.0,2.0,112.0,91.0,10291.0,3118.0
L85023,ST JAMES MEDICAL CENTRE,U28174,TAUNTON CENTRAL PCN,11X,E38000150,1.0,0.0,27.0,0.0,6.0,2.0,109.0,0.0,85.0,71.0,14752.0,2907.0
L85024,POLDEN MEDICAL PRACTICE,U81930,BRIDGWATER PCN,11X,E38000150,0.0,0.0,11.0,0.0,5.0,0.0,90.0,0.0,48.0,24.0,7789.0,3346.0
L85025,CRANLEIGH GARDENS MEDICAL CENTRE,U81930,BRIDGWATER PCN,11X,E38000150,0.0,0.0,11.0,1.0,3.0,0.0,76.0,0.0,57.0,53.0,11761.0,2248.0
L85026,"HAMDON MEDICAL CENTRE, STOKE-SUB-HAMDON",U60622,SOUTH SOMERSET WEST PCN,11X,E38000150,0.0,0.0,15.0,0.0,0.0,0.0,31.0,1.0,8.0,*,4349.0,1662.0
L85027,WINCANTON HEALTH CENTRE,U81307,SOUTH SOMERSET EAST - RPN PCN,11X,E38000150,0.0,0.0,20.0,0.0,0.0,1.0,58.0,0.0,42.0,26.0,6477.0,2206.0
L85029,VINE SURGERY PARTNERSHIP,U17153,WEST MENDIP PCN,11X,E38000150,0.0,0.0,15.0,0.0,5.0,3.0,117.0,0.0,88.0,72.0,9734.0,3343.0
L85030,ARIEL HEALTHCARE,U10684,"CHARD, ILMINSTER & LANGPORT (CLICK) PCN",11X,E38000150,0.0,0.0,59.0,6.0,26.0,4.0,177.0,1.0,162.0,142.0,13102.0,5014.0
L85031,MILBORNE PORT SURGERY,U81307,SOUTH SOMERSET EAST - RPN PCN,11X,E38000150,0.0,0.0,1.0,0.0,0.0,1.0,71.0,0.0,48.0,43.0,5242.0,2297.0
L85032,BRUTON SURGERY,U81307,SOUTH SOMERSET EAST - RPN PCN,11X,E38000150,0.0,0.0,10.0,1.0,0.0,0.0,26.0,0.0,16.0,14.0,3866.0,1187.0
L85033,LANGPORT SURGERY,U10684,"CHARD, ILMINSTER & LANGPORT (CLICK) PCN",11X,E38000150,2.0,0.0,58.0,0.0,31.0,3.0,174.0,0.0,155.0,129.0,9413.0,4541.0
L85034,WELLS CITY PRACTICE,U17153,WEST MENDIP PCN,11X,E38000150,0.0,0.0,11.0,0.0,0.0,4.0,71.0,0.0,51.0,30.0,5951.0,2521.0
L85035,EAST QUAY MEDICAL CENTRE,U81930,BRIDGWATER PCN,11X,E38000150,0.0,0.0,13.0,0.0,0.0,3.0,148.0,1.0,111.0,72.0,14063.0,3331.0
L85036,QUANTOCK VALE SURGERY,U28174,TAUNTON CENTRAL PCN,11X,E38000150,0.0,0.0,12.0,0.0,2.0,3.0,61.0,0.0,55.0,29.0,4474.0,1680.0
L85037,NORTH CURRY,U25707,TONE VALLEY PCN,11X,E38000150,0.0,1.0,23.0,0.0,6.0,1.0,26.0,2.0,14.0,14.0,2886.0,1315.0
L85038,LISTER HOUSE PARTNERSHIP,U09275,TAUNTON DEANE WEST PCN,11X,E38000150,0.0,0.0,11.0,0.0,0.0,1.0,53.0,0.0,43.0,33.0,4800.0,2077.0
L85039,GLASTONBURY SURGERY,U17153,WEST MENDIP PCN,11X,E38000150,0.0,0.0,5.0,0.0,2.0,2.0,130.0,0.0,93.0,50.0,10439.0,3503.0
L85040,"MILLBROOK SURGERY, CASTLE CARY",U81307,SOUTH SOMERSET EAST - RPN PCN,11X,E38000150,0.0,0.0,28.0,1.0,4.0,3.0,90.0,0.0,63.0,56.0,5049.0,1963.0
L85042,TAUNTON ROAD MEDICAL CENTRE,U81930,BRIDGWATER PCN,11X,E38000150,0.0,0.0,20.0,2.0,1.0,3.0,119.0,1.0,107.0,66.0,12678.0,2875.0
L85043,PARK MEDICAL PRACTICE,U21951,MENDIP PCN,11X,E38000150,0.0,0.0,25.0,1.0,3.0,3.0,113.0,1.0,98.0,81.0,8478.0,2524.0
L85044,QUEEN CAMEL MEDICAL CENTRE,U81307,SOUTH SOMERSET EAST - RPN PCN,11X,E38000150,0.0,0.0,14.0,0.0,2.0,1.0,81.0,1.0,54.0,48.0,4047.0,2099.0
L85046,MENDIP COUNTRY PRACTICE,U21951,MENDIP PCN,11X,E38000150,1.0,0.0,24.0,2.0,0.0,3.0,58.0,0.0,31.0,27.0,4519.0,1491.0
L85047,GLASTONBURY HEALTH CENTRE,U17153,WEST MENDIP PCN,11X,E38000150,0.0,0.0,10.0,1.0,1.0,2.0,37.0,0.0,30.0,16.0,4506.0,1441.0
L85048,"RYALLS PARK MEDICAL CENTRE, YEOVIL",U11103,YEOVIL PCN,11X,E38000150,0.0,0.0,3.0,0.0,0.0,2.0,43.0,2.0,31.0,*,0.0,1.0
L85050,LUSON,U,Unallocated,11X,E38000150,0.0,0.0,5.0,0.0,0.0,0.0,60.0,1.0,45.0,25.0,.,.
L85051,REDGATE MEDICAL CENTRE,U81930,BRIDGWATER PCN,11X,E38000150,0.0,0.0,23.0,0.0,2.0,2.0,73.0,0.0,49.0,27.0,6087.0,1230.0
L85052,WARWICK HOUSE MEDICAL PRACTICE,U25707,TONE VALLEY PCN,11X,E38000150,1.0,0.0,29.0,0.0,1.0,2.0,97.0,1.0,65.0,65.0,5775.0,2007.0
L85053,GROVE HOUSE SURGERY,U21951,MENDIP PCN,11X,E38000150,0.0,0.0,29.0,0.0,5.0,1.0,51.0,0.0,42.0,38.0,4887.0,1529.0
L85054,SUMMERVALE SURGERY,U10684,"CHARD, ILMINSTER & LANGPORT (CLICK) PCN",11X,E38000150,0.0,0.0,17.0,0.0,6.0,1.0,100.0,0.0,77.0,64.0,5999.0,2918.0
L85055,AXBRIDGE SURGERY,U00760,NORTH SEDGEMOOR PCN,11X,E38000150,0.0,0.0,4.0,0.0,0.0,2.0,59.0,1.0,38.0,29.0,6625.0,2567.0
L85056,NORTH PETHERTON SURGERY,U81930,BRIDGWATER PCN,11X,E38000150,0.0,0.0,15.0,0.0,1.0,2.0,47.0,0.0,42.0,26.0,5820.0,1495.0
L85061,THE MEADOWS SURGERY,U10684,"CHARD, ILMINSTER & LANGPORT (CLICK) PCN",11X,E38000150,0.0,0.0,19.0,0.0,0.0,1.0,48.0,1.0,25.0,18.0,2988.0,1087.0
L85062,LYNGFORD PARK,U25707,TONE VALLEY PCN,11X,E38000150,0.0,0.0,23.0,0.0,1.0,3.0,57.0,0.0,44.0,28.0,5118.0,1244.0
L85064,OAKLANDS SURGERY,U11103,YEOVIL PCN,11X,E38000150,0.0,0.0,26.0,1.0,2.0,4.0,80.0,4.0,55.0,36.0,14396.0,2290.0
L85065,DUNSTER & PORLOCK SURGERIES,U47425,WEST SOMERSET PCN,11X,E38000150,1.0,0.0,27.0,0.0,2.0,2.0,72.0,0.0,46.0,32.0,4739.0,3453.0
L85066,BUTTERCROSS HEALTH CENTRE,U60622,SOUTH SOMERSET WEST PCN,11X,E38000150,0.0,0.0,1.0,0.0,0.0,2.0,70.0,1.0,43.0,39.0,5743.0,2089.0
L85601,BRENT AREA MEDICAL CENTRE,U00760,NORTH SEDGEMOOR PCN,11X,E38000150,0.0,0.0,6.0,0.0,0.0,1.0,25.0,0.0,17.0,6.0,2400.0,1171.0
L85607,SOMERSET BRIDGE MEDICAL CENTRE,U81930,BRIDGWATER PCN,11X,E38000150,0.0,0.0,9.0,0.0,0.0,2.0,17.0,0.0,16.0,8.0,4965.0,597.0
L85609,CREECH,U25707,TONE VALLEY PCN,11X,E38000150,0.0,0.0,14.0,0.0,5.0,1.0,36.0,0.0,27.0,17.0,4130.0,1222.0
L85611,OAKHILL SURGERY,U21951,MENDIP PCN,11X,E38000150,0.0,0.0,17.0,1.0,1.0,0.0,31.0,0.0,11.0,8.0,2479.0,680.0
L85624,CHURCH VIEW MEDICAL CENTRE,U10684,"CHARD, ILMINSTER & LANGPORT (CLICK) PCN",11X,E38000150,0.0,0.0,3.0,0.0,0.0,0.0,52.0,18.0,20.0,*,3467.0,1752.0
M81001,ST STEPHEN'S MEDICAL PARTNERSHIP,U96198,REDDITCH & BROMSGROVE KINGFISHER PCN,18C,E38000236,0.0,1.0,104.0,2.0,3.0,2.0,83.0,1.0,50.0,38.0,14288.0,3345.0
M81002,ELGAR HOUSE,U96198,REDDITCH & BROMSGROVE KINGFISHER PCN,18C,E38000236,0.0,0.0,68.0,1.0,3.0,5.0,65.0,3.0,43.0,41.0,11740.0,2606.0
M81004,RIVERSIDE SURGERY,U21359,SOUTH WORCS VALE OF EVESHAM HEALTH PCN,18C,E38000236,0.0,0.0,57.0,0.0,2.0,4.0,99.0,0.0,93.0,65.0,12076.0,3673.0
M81005,NORTHUMBERLAND HOUSE SURGERY,U86948,WF NETWORK OF INDEPENDENT PRACTICES PCN,18C,E38000236,0.0,0.0,42.0,1.0,0.0,6.0,81.0,0.0,65.0,29.0,11194.0,2749.0
M81006,SEVERN VALLEY MEDICAL PRACTICE,U32349,SOUTH WORCS WORCESTER CITY GP PCN,18C,E38000236,0.0,0.0,70.0,1.0,1.0,3.0,132.0,45.0,62.0,36.0,18009.0,3957.0
M81007,BREDON HILL SURGERY,U21359,SOUTH WORCS VALE OF EVESHAM HEALTH PCN,18C,E38000236,0.0,0.0,17.0,0.0,0.0,0.0,28.0,0.0,16.0,10.0,3944.0,1672.0
M81008,SPRING GARDENS GROUP MEDICAL PRACTICE,U32349,SOUTH WORCS WORCESTER CITY GP PCN,18C,E38000236,0.0,0.0,57.0,0.0,0.0,3.0,114.0,2.0,61.0,59.0,16930.0,3256.0
M81009,GOLDEN VALLEY PRACTICE,U,Unallocated,18C,E38000236,0.0,0.0,44.0,1.0,7.0,1.0,54.0,2.0,37.0,25.0,3939.0,1810.0
M81010,KIDDERMINSTER MEDICAL CENTRE,U78694,WYRE FOREST HEALTH PARTNERSHIP PCN,18C,E38000236,0.0,0.0,45.0,0.0,3.0,2.0,89.0,0.0,48.0,40.0,11971.0,2730.0
M81011,OMBERSLEY MEDICAL CENTRE,U62975,SOUTH WORCS DROITWITCH & OMBERSLEY PCN,18C,E38000236,0.0,0.0,18.0,0.0,4.0,2.0,33.0,0.0,33.0,24.0,5486.0,1921.0
M81012,LEDBURY HEALTH PARTNERSHIP,U,Unallocated,18C,E38000236,0.0,0.0,68.0,14.0,1.0,11.0,148.0,1.0,115.0,96.0,9592.0,4131.0
M81015,STANMORE HOUSE SURGERY,U86948,WF NETWORK OF INDEPENDENT PRACTICES PCN,18C,E38000236,0.0,0.0,38.0,0.0,3.0,4.0,170.0,0.0,160.0,129.0,7217.0,2384.0
M81016,RYELAND SURGERY,U,Unallocated,18C,E38000236,1.0,0.0,158.0,0.0,7.0,4.0,198.0,1.0,127.0,113.0,14084.0,5312.0
M81017,ELBURY MOOR MEDICAL CENTRE,U32349,SOUTH WORCS WORCESTER CITY GP PCN,18C,E38000236,0.0,0.0,46.0,0.0,0.0,4.0,87.0,0.0,25.0,17.0,10519.0,1868.0
M81018,WEOBLEY & STAUNTON ON WYE SURGERIES,U,Unallocated,18C,E38000236,0.0,0.0,54.0,2.0,0.0,3.0,52.0,0.0,43.0,33.0,4173.0,2360.0
M81019,WINYATES HEALTH CENTRE,U10834,REDDITCH & BROMSGROVE NIGHTINGALES PCN,18C,E38000236,0.0,0.0,55.0,1.0,1.0,6.0,67.0,0.0,52.0,31.0,13505.0,3462.0
M81020,THE DOW SURGERY,U96198,REDDITCH & BROMSGROVE KINGFISHER PCN,18C,E38000236,0.0,0.0,79.0,3.0,5.0,1.0,66.0,0.0,48.0,35.0,9926.0,2034.0
M81021,NEW ROAD SURGERY BROMSGROVE,U84529,REDDITCH & BROMSGROVE & DISTRICT PCN,18C,E38000236,0.0,0.0,53.0,0.0,2.0,3.0,112.0,0.0,74.0,72.0,10303.0,2805.0
M81022,HARESFIELD HOUSE SURGERY,U32349,SOUTH WORCS WORCESTER CITY GP PCN,18C,E38000236,0.0,0.0,60.0,8.0,0.0,2.0,123.0,0.0,76.0,54.0,14979.0,3318.0
M81024,MUCH BIRCH SURGERY,U,Unallocated,18C,E38000236,1.0,0.0,44.0,1.0,1.0,2.0,57.0,0.0,56.0,44.0,3531.0,1615.0
M81025,NEW ROAD SURGERY,U84529,REDDITCH & BROMSGROVE & DISTRICT PCN,18C,E38000236,0.0,0.0,14.0,0.0,0.0,1.0,36.0,0.0,15.0,11.0,3948.0,1156.0
M81026,HEREFORD MEDICAL GROUP,U65562,HEREFORDSHIRE HEREFORD CITY HMG PCN,18C,E38000236,1.0,1.0,167.0,4.0,14.0,14.0,442.0,0.0,368.0,279.0,37681.0,9179.0
M81027,HAGLEY SURGERY,U78694,WYRE FOREST HEALTH PARTNERSHIP PCN,18C,E38000236,0.0,0.0,49.0,0.0,7.0,1.0,110.0,1.0,95.0,87.0,7702.0,2189.0
M81029,NEW BARN CLOSE SURGERY,U21359,SOUTH WORCS VALE OF EVESHAM HEALTH PCN,18C,E38000236,0.0,0.0,76.0,4.0,4.0,1.0,82.0,0.0,58.0,38.0,4981.0,3086.0
M81032,CANTILUPE SURGERY,U,Unallocated,18C,E38000236,0.0,0.0,74.0,1.0,31.0,4.0,142.0,0.0,127.0,104.0,9194.0,3338.0
M81033,GREAT WITLEY SURGERY,U62975,SOUTH WORCS DROITWITCH & OMBERSLEY PCN,18C,E38000236,0.0,0.0,31.0,0.0,0.0,1.0,34.0,0.0,28.0,14.0,5437.0,2031.0
M81034,SALTERS MEDICAL PRACTICE,U62975,SOUTH WORCS DROITWITCH & OMBERSLEY PCN,18C,E38000236,0.0,0.0,43.0,0.0,0.0,2.0,69.0,0.0,49.0,39.0,6483.0,2325.0
M81035,ST MARTIN'S GATE SURGERY,U32349,SOUTH WORCS WORCESTER CITY GP PCN,18C,E38000236,0.0,0.0,26.0,8.0,1.0,4.0,97.0,0.0,57.0,38.0,11677.0,2633.0
M81037,THORNELOE LODGE SURGERY,U32349,SOUTH WORCS WORCESTER CITY GP PCN,18C,E38000236,0.0,0.0,20.0,0.0,0.0,2.0,78.0,3.0,53.0,41.0,9034.0,2666.0
M81038,UPTON SURGERY,U66005,SOUTH WORCS PERSHORE & UPTON PCN,18C,E38000236,0.0,0.0,138.0,24.0,7.0,1.0,148.0,0.0,122.0,117.0,8294.0,4064.0
M81039,WHITEACRES MEDICAL CENTRE,U97695,SOUTH WORCESTERSHIRE MALVERN TOWN PCN,18C,E38000236,0.0,0.0,27.0,0.0,0.0,8.0,105.0,0.0,84.0,59.0,8466.0,3524.0
M81040,STOURPORT MEDICAL CENTRE,U78694,WYRE FOREST HEALTH PARTNERSHIP PCN,18C,E38000236,0.0,1.0,101.0,1.0,2.0,5.0,271.0,3.0,164.0,131.0,15517.0,6174.0
M81041,HILLVIEW MEDICAL CENTRE,U96198,REDDITCH & BROMSGROVE KINGFISHER PCN,18C,E38000236,0.0,0.0,61.0,0.0,1.0,4.0,90.0,0.0,78.0,53.0,8904.0,2319.0
M81042,TENBURY SURGERY,U,Unallocated,18C,E38000236,0.0,0.0,58.0,1.0,0.0,2.0,117.0,1.0,86.0,48.0,6543.0,3213.0
M81043,THE MORTIMER MEDICAL PRAC,U,Unallocated,18C,E38000236,0.0,0.0,61.0,0.0,18.0,2.0,78.0,0.0,53.0,42.0,5773.0,3131.0
M81044,ALTON STREET SURGERY,U,Unallocated,18C,E38000236,0.0,0.0,75.0,0.0,8.0,7.0,149.0,1.0,110.0,81.0,8393.0,3307.0
M81045,KNIGHTWICK SURGERY,U62975,SOUTH WORCS DROITWITCH & OMBERSLEY PCN,18C,E38000236,0.0,0.0,11.0,0.0,0.0,0.0,23.0,1.0,17.0,16.0,3535.0,1547.0
M81046,ABBOTTSWOOD MEDICAL CENTRE,U66005,SOUTH WORCS PERSHORE & UPTON PCN,18C,E38000236,0.0,0.0,20.0,1.0,1.0,4.0,143.0,5.0,120.0,116.0,8148.0,3899.0
M81047,SPA MEDICAL PRACTICE,U62975,SOUTH WORCS DROITWITCH & OMBERSLEY PCN,18C,E38000236,2.0,0.0,42.0,1.0,2.0,0.0,64.0,0.0,29.0,6.0,8464.0,2333.0
M81048,NUNWELL SURGERY,U,Unallocated,18C,E38000236,0.0,0.0,56.0,0.0,8.0,6.0,117.0,1.0,83.0,62.0,6434.0,3214.0
M81049,BARBOURNE HEALTH CENTRE,U32349,SOUTH WORCS WORCESTER CITY GP PCN,18C,E38000236,0.0,0.0,79.0,0.0,0.0,3.0,111.0,6.0,79.0,59.0,9099.0,2353.0
M81054,KINGTON MEDICAL PRACTICE,U,Unallocated,18C,E38000236,0.0,0.0,63.0,12.0,11.0,3.0,135.0,1.0,100.0,47.0,4778.0,2443.0
M81055,CORNHILL SURGERY,U84529,REDDITCH & BROMSGROVE & DISTRICT PCN,18C,E38000236,0.0,0.0,26.0,9.0,6.0,0.0,24.0,0.0,22.0,18.0,4746.0,1059.0
M81056,THE CHURCH STREET PRACTICE,U78694,WYRE FOREST HEALTH PARTNERSHIP PCN,18C,E38000236,0.0,0.0,33.0,0.0,1.0,5.0,119.0,1.0,89.0,81.0,9363.0,2968.0
M81057,BEWDLEY MEDICAL CENTRE,U78694,WYRE FOREST HEALTH PARTNERSHIP PCN,18C,E38000236,0.0,0.0,80.0,0.0,9.0,4.0,126.0,4.0,86.0,79.0,10057.0,5197.0
M81058,MERSTOW GREEN MEDICAL PRACTICE,U21359,SOUTH WORCS VALE OF EVESHAM HEALTH PCN,18C,E38000236,0.0,0.0,16.0,0.0,0.0,3.0,128.0,0.0,94.0,67.0,7522.0,2668.0
M81061,PENDEEN SURGERY,U,Unallocated,18C,E38000236,0.0,0.0,57.0,0.0,4.0,3.0,64.0,0.0,53.0,34.0,5962.0,2785.0
M81063,ST JOHNS HOUSE SURGERY,U32349,SOUTH WORCS WORCESTER CITY GP PCN,18C,E38000236,0.0,0.0,58.0,0.0,1.0,1.0,148.0,1.0,65.0,34.0,11208.0,2830.0
M81064,HOLLYWOOD MEDICAL CENTRE,U10834,REDDITCH & BROMSGROVE NIGHTINGALES PCN,18C,E38000236,0.0,0.0,31.0,5.0,8.0,2.0,54.0,0.0,44.0,35.0,6226.0,2102.0
M81066,WARGRAVE HOUSE SURGERY,U,Unallocated,18C,E38000236,0.0,0.0,43.0,1.0,5.0,2.0,111.0,0.0,77.0,71.0,6140.0,2098.0
M81067,THE SURGERY KINGSTONE,U,Unallocated,18C,E38000236,0.0,0.0,29.0,0.0,1.0,1.0,41.0,0.0,36.0,21.0,4155.0,1524.0
M81068,AYLMER LODGE COOKLEY PARTNERSHIP,U86948,WF NETWORK OF INDEPENDENT PRACTICES PCN,18C,E38000236,0.0,0.0,66.0,0.0,1.0,5.0,132.0,0.0,108.0,77.0,11871.0,3869.0
M81069,DAVENAL HOUSE SURGERY PARTNERSHIP,U84529,REDDITCH & BROMSGROVE & DISTRICT PCN,18C,E38000236,0.0,0.0,33.0,0.0,1.0,2.0,207.0,0.0,157.0,146.0,7116.0,2449.0
M81070,CHURCHFIELDS SURGERY,U84529,REDDITCH & BROMSGROVE & DISTRICT PCN,18C,E38000236,0.0,0.0,35.0,2.0,1.0,3.0,87.0,0.0,73.0,59.0,8956.0,2646.0
M81072,ALBANY HOUSE SURGERY,U32349,SOUTH WORCS WORCESTER CITY GP PCN,18C,E38000236,0.0,0.0,19.0,0.0,0.0,0.0,27.0,0.0,16.0,15.0,5453.0,1471.0
M81074,PERSHORE MEDICAL PRACTICE,U66005,SOUTH WORCS PERSHORE & UPTON PCN,18C,E38000236,0.0,0.0,46.0,0.0,2.0,3.0,108.0,1.0,75.0,69.0,7770.0,3271.0
M81075,MALVERN HEALTH CENTRE,U97695,SOUTH WORCESTERSHIRE MALVERN TOWN PCN,18C,E38000236,0.0,0.0,82.0,4.0,0.0,4.0,199.0,0.0,144.0,113.0,9268.0,3547.0
M81076,COLWALL SURGERY,U,Unallocated,18C,E38000236,0.0,0.0,11.0,0.0,0.0,0.0,42.0,3.0,29.0,26.0,1980.0,1108.0
M81077,THE RIDGEWAY SURGERY,U10834,REDDITCH & BROMSGROVE NIGHTINGALES PCN,18C,E38000236,0.0,0.0,25.0,0.0,8.0,0.0,34.0,0.0,27.0,20.0,3476.0,1425.0
M81078,BARNT GREEN SURGERY,U84529,REDDITCH & BROMSGROVE & DISTRICT PCN,18C,E38000236,0.0,0.0,25.0,4.0,3.0,1.0,79.0,0.0,53.0,45.0,4821.0,1838.0
M81081,ST SAVIOURS SURGERY,U97695,SOUTH WORCESTERSHIRE MALVERN TOWN PCN,18C,E38000236,0.0,0.0,40.0,0.0,1.0,3.0,70.0,0.0,50.0,47.0,4083.0,1612.0
M81082,ST. JOHNS SURGERY,U84529,REDDITCH & BROMSGROVE & DISTRICT PCN,18C,E38000236,0.0,0.0,54.0,1.0,1.0,4.0,79.0,0.0,52.0,40.0,12713.0,2942.0
M81083,HOLLYOAKS MEDICAL CENTRE,U10834,REDDITCH & BROMSGROVE NIGHTINGALES PCN,18C,E38000236,0.0,1.0,41.0,13.0,1.0,4.0,134.0,0.0,108.0,90.0,3661.0,1431.0
M81084,CATSHILL VILLAGE SURGERY,U84529,REDDITCH & BROMSGROVE & DISTRICT PCN,18C,E38000236,0.0,0.0,27.0,3.0,1.0,0.0,20.0,0.0,12.0,7.0,4577.0,1245.0
M81090,CHADDESLEY SURGERY,U62975,SOUTH WORCS DROITWITCH & OMBERSLEY PCN,18C,E38000236,0.0,0.0,23.0,4.0,3.0,2.0,29.0,0.0,20.0,11.0,2345.0,1098.0
M81091,CORBETT MEDICAL PRACTICE,U62975,SOUTH WORCS DROITWITCH & OMBERSLEY PCN,18C,E38000236,0.0,0.0,100.0,1.0,1.0,2.0,203.0,0.0,150.0,121.0,10643.0,3536.0
M81092,THE BRIDGE SURGERY,U96198,REDDITCH & BROMSGROVE KINGFISHER PCN,18C,E38000236,0.0,0.0,60.0,2.0,2.0,0.0,83.0,0.0,61.0,38.0,4363.0,1239.0
M81093,BELMONT MEDICAL CENTRE,U,Unallocated,18C,E38000236,0.0,0.0,34.0,1.0,1.0,3.0,97.0,1.0,82.0,70.0,8896.0,1865.0
M81094,ABBEY MEDICAL PRACTICE,U21359,SOUTH WORCS VALE OF EVESHAM HEALTH PCN,18C,E38000236,0.0,1.0,18.0,3.0,1.0,3.0,100.0,0.0,98.0,79.0,7481.0,2030.0
M81600,CRADLEY SURGERY,U,Unallocated,18C,E38000236,0.0,0.0,4.0,0.0,1.0,1.0,39.0,0.0,29.0,5.0,2754.0,1239.0
M81604,FOWNHOPE MEDICAL CENTRE,U,Unallocated,18C,E38000236,2.0,0.0,30.0,1.0,4.0,2.0,46.0,0.0,34.0,28.0,4797.0,1941.0
M81605,THE GLEBELAND SURGERY,U84529,REDDITCH & BROMSGROVE & DISTRICT PCN,18C,E38000236,0.0,1.0,23.0,0.0,0.0,3.0,71.0,0.0,54.0,24.0,4288.0,1270.0
M81608,WOLVERLEY SURGERY,U86948,WF NETWORK OF INDEPENDENT PRACTICES PCN,18C,E38000236,0.0,0.0,20.0,20.0,1.0,0.0,29.0,0.0,2.0,*,2984.0,1140.0
M81616,CRABBS CROSS MEDICAL CENTRE,U10834,REDDITCH & BROMSGROVE NIGHTINGALES PCN,18C,E38000236,2.0,1.0,25.0,22.0,0.0,2.0,20.0,0.0,19.0,16.0,2690.0,692.0
M81617,CRABBS CROSS SURGERY,U10834,REDDITCH & BROMSGROVE NIGHTINGALES PCN,18C,E38000236,0.0,0.0,3.0,0.0,0.0,0.0,21.0,0.0,15.0,10.0,4482.0,902.0
M81627,DEMONTFORT MEDICAL CENTRE,U21359,SOUTH WORCS VALE OF EVESHAM HEALTH PCN,18C,E38000236,0.0,0.0,20.0,0.0,2.0,4.0,50.0,0.0,37.0,20.0,7023.0,1412.0
M81629,NEW COURT SURGERY,U97695,SOUTH WORCESTERSHIRE MALVERN TOWN PCN,18C,E38000236,0.0,0.0,37.0,4.0,7.0,2.0,101.0,0.0,72.0,55.0,7499.0,2536.0
M82002,MYTTON OAK MEDICAL PRACT.,U60057,SHREWSBURY PCN,M2L0M,E38000257,0.0,1.0,27.0,0.0,1.0,2.0,83.0,0.0,42.0,27.0,7675.0,2313.0
M82003,STIRCHLEY MEDICAL PRACTICE,U62148,SOUTH EAST TELFORD PCN,M2L0M,E38000257,0.0,0.0,85.0,0.0,28.0,6.0,256.0,22.0,171.0,55.0,20337.0,4259.0
M82004,BRIDGNORTH MEDICAL PRACTICE,U26345,SE SHROPSHIRE PCN,M2L0M,E38000257,0.0,0.0,48.0,0.0,2.0,5.0,246.0,0.0,175.0,129.0,13259.0,5923.0
M82005,PLAS FFYNNON MEDICAL CTRE,U24883,NORTH SHROPSHIRE PCN,M2L0M,E38000257,0.0,0.0,20.0,0.0,1.0,0.0,103.0,0.0,72.0,57.0,7021.0,2643.0
M82006,RIVERSIDE MED PRACTICE,U60057,SHREWSBURY PCN,M2L0M,E38000257,0.0,0.0,55.0,0.0,7.0,2.0,104.0,0.0,80.0,55.0,8975.0,2505.0
M82007,CHARLTON MEDICAL PRACTICE,U13205,WREKIN PCN,M2L0M,E38000257,0.0,0.0,30.0,1.0,0.0,3.0,71.0,0.0,66.0,33.0,12299.0,3129.0
M82008,CHURCH STRETTON MEDICAL CENTRE,U52026,SW SHROPSHIRE PCN,M2L0M,E38000257,0.0,0.0,16.0,0.0,1.0,3.0,108.0,2.0,88.0,64.0,4121.0,2924.0
M82009,DAWLEY MEDICAL PRACTICE,U13205,WREKIN PCN,M2L0M,E38000257,0.0,0.0,32.0,0.0,16.0,4.0,107.0,3.0,68.0,43.0,9123.0,2323.0
M82010,MARKET DRAYTON MEDICAL PRACTICE,U24883,NORTH SHROPSHIRE PCN,M2L0M,E38000257,0.0,0.0,58.0,0.0,27.0,4.0,192.0,0.0,110.0,33.0,13145.0,4479.0
M82011,SHAWBURY MEDICAL PRACTICE,U79722,SHROPSHIRE RURAL ALLIANCE PCN,M2L0M,E38000257,0.0,0.0,12.0,1.0,0.0,0.0,42.0,0.0,40.0,35.0,3352.0,1179.0
M82012,DONNINGTON MEDICAL PRACTICE,U64003,NEWPORT AND CENTRAL PCN,M2L0M,E38000257,0.0,0.0,34.0,0.0,20.0,2.0,94.0,0.0,52.0,32.0,11806.0,2262.0
M82013,WESTBURY MEDICAL CENTRE,U79722,SHROPSHIRE RURAL ALLIANCE PCN,M2L0M,E38000257,0.0,0.0,2.0,0.0,0.0,0.0,10.0,0.0,2.0,*,1843.0,858.0
M82014,STATION DRIVE SURGERY,U52026,SW SHROPSHIRE PCN,M2L0M,E38000257,0.0,0.0,15.0,0.0,5.0,4.0,151.0,0.0,95.0,21.0,6555.0,3008.0
M82016,RADBROOK GREEN SURGERY,U60057,SHREWSBURY PCN,M2L0M,E38000257,1.0,0.0,54.0,2.0,5.0,0.0,149.0,0.0,64.0,56.0,7623.0,3025.0
M82017,CLIVE MEDICAL PRACTICE,U79722,SHROPSHIRE RURAL ALLIANCE PCN,M2L0M,E38000257,0.0,0.0,11.0,0.0,0.0,0.0,30.0,0.0,25.0,18.0,3129.0,1452.0
M82018,BEECHES MEDICAL PRACTICE,U60057,SHREWSBURY PCN,M2L0M,E38000257,1.0,0.0,12.0,0.0,0.0,5.0,147.0,0.0,117.0,103.0,5232.0,1977.0
M82019,MUCH WENLOCK & CRESSAGE MEDICAL PRACTICE,U26345,SE SHROPSHIRE PCN,M2L0M,E38000257,1.0,0.0,19.0,0.0,0.0,0.0,91.0,0.0,51.0,31.0,5883.0,2646.0
M82020,KNOCKIN MEDICAL CENTRE,U79722,SHROPSHIRE RURAL ALLIANCE PCN,M2L0M,E38000257,0.0,0.0,7.0,0.0,1.0,0.0,30.0,0.0,22.0,*,2959.0,1264.0
M82021,ALBRIGHTON MEDICAL PRACT,U26345,SE SHROPSHIRE PCN,M2L0M,E38000257,4.0,1.0,52.0,11.0,1.0,6.0,148.0,0.0,76.0,52.0,5697.0,2825.0
M82022,THE CAXTON SURGERY,U24883,NORTH SHROPSHIRE PCN,M2L0M,E38000257,0.0,0.0,30.0,0.0,1.0,6.0,123.0,0.0,77.0,47.0,10622.0,3319.0
M82023,PRESCOTT SURGERY,U60057,SHREWSBURY PCN,M2L0M,E38000257,0.0,0.0,26.0,0.0,10.0,2.0,32.0,1.0,23.0,22.0,5819.0,1869.0
M82024,BROWN CLEE MEDICAL CENTRE,U26345,SE SHROPSHIRE PCN,M2L0M,E38000257,0.0,0.0,4.0,1.0,1.0,0.0,46.0,1.0,26.0,25.0,2605.0,1247.0
M82025,CHURCHMERE MEDICAL GROUP,U24883,NORTH SHROPSHIRE PCN,M2L0M,E38000257,0.0,0.0,47.0,2.0,2.0,5.0,221.0,0.0,162.0,104.0,15401.0,5851.0
M82026,CAMBRIAN MEDICAL PRACTICE,U24883,NORTH SHROPSHIRE PCN,M2L0M,E38000257,0.0,0.0,24.0,0.0,0.0,6.0,141.0,1.0,99.0,55.0,9954.0,3275.0
M82028,WELLINGTON ROAD SURGERY,U64003,NEWPORT AND CENTRAL PCN,M2L0M,E38000257,0.0,1.0,62.0,0.0,3.0,4.0,172.0,0.0,125.0,105.0,10817.0,4016.0
M82030,PONTESBURY & WORTHEN MEDICAL PRACTICE,U79722,SHROPSHIRE RURAL ALLIANCE PCN,M2L0M,E38000257,0.0,0.0,60.0,3.0,25.0,4.0,94.0,0.0,56.0,41.0,7423.0,2963.0
M82032,SEVERN FIELDS MEDICAL PRACTICE,U60057,SHREWSBURY PCN,M2L0M,E38000257,0.0,0.0,48.0,0.0,3.0,4.0,141.0,0.0,90.0,54.0,13598.0,2979.0
M82033,BISHOPS CASTLE MEDICAL PRACTICE,U52026,SW SHROPSHIRE PCN,M2L0M,E38000257,0.0,0.0,16.0,1.0,1.0,2.0,56.0,1.0,39.0,12.0,3808.0,1857.0
M82034,CLAREMONT BANK SURGERY,U60057,SHREWSBURY PCN,M2L0M,E38000257,0.0,1.0,31.0,0.0,1.0,1.0,50.0,0.0,40.0,28.0,5760.0,2170.0
M82035,WEM AND PREES MEDICAL PRACTICE,U24883,NORTH SHROPSHIRE PCN,M2L0M,E38000257,7.0,0.0,55.0,13.0,2.0,5.0,137.0,0.0,123.0,106.0,8817.0,3276.0
M82038,SHIFNAL & PRIORSLEE MEDICAL PRACTICE,U,Unallocated,M2L0M,E38000257,0.0,0.0,41.0,1.0,20.0,4.0,107.0,2.0,64.0,53.0,11454.0,2595.0
M82039,WELLINGTON MEDICAL PRACTICE,U13205,WREKIN PCN,M2L0M,E38000257,0.0,0.0,17.0,0.0,2.0,6.0,111.0,1.0,90.0,31.0,12378.0,2927.0
M82040,MARYSVILLE MEDICAL PRACT,U60057,SHREWSBURY PCN,M2L0M,E38000257,0.0,0.0,13.0,0.0,0.0,0.0,47.0,0.0,34.0,27.0,5249.0,1172.0
M82041,CLEOBURY MORTIMER SURGERY,U26345,SE SHROPSHIRE PCN,M2L0M,E38000257,0.0,0.0,20.0,0.0,2.0,5.0,72.0,1.0,53.0,46.0,4951.0,2149.0
M82042,WOODSIDE MEDICAL PRACTICE,U62148,SOUTH EAST TELFORD PCN,M2L0M,E38000257,0.0,0.0,24.0,0.0,9.0,1.0,58.0,1.0,40.0,34.0,5502.0,918.0
M82043,LUDLOW - PORTCULLIS,U52026,SW SHROPSHIRE PCN,M2L0M,E38000257,0.0,0.0,37.0,0.0,0.0,0.0,85.0,0.0,68.0,43.0,5100.0,2370.0
M82046,CRAVEN ARMS SURGERY,U52026,SW SHROPSHIRE PCN,M2L0M,E38000257,0.0,0.0,7.0,0.0,3.0,1.0,20.0,0.0,15.0,14.0,2754.0,1203.0
M82047,MARDEN MEDICAL PRACTICE,U60057,SHREWSBURY PCN,M2L0M,E38000257,0.0,0.0,50.0,1.0,2.0,0.0,192.0,0.0,132.0,101.0,8456.0,2699.0
M82048,BELVIDERE MEDICAL PRACT.,U60057,SHREWSBURY PCN,M2L0M,E38000257,0.0,0.0,27.0,0.0,3.0,3.0,61.0,0.0,42.0,26.0,5337.0,1593.0
M82051,BROSELEY MEDICAL PRACTICE,U26345,SE SHROPSHIRE PCN,M2L0M,E38000257,0.0,0.0,17.0,0.0,0.0,0.0,24.0,1.0,16.0,8.0,3256.0,1413.0
M82056,LINDEN HALL SURGERY,U64003,NEWPORT AND CENTRAL PCN,M2L0M,E38000257,0.0,0.0,28.0,1.0,2.0,1.0,121.0,0.0,66.0,49.0,12939.0,3349.0
M82057,HOLLINSWOOD SURGERY,U13205,WREKIN PCN,M2L0M,E38000257,0.0,0.0,3.0,0.0,0.0,0.0,12.0,0.0,1.0,*,6498.0,1106.0
M82058,HODNET MEDICAL PRACTICE,U,Unallocated,M2L0M,E38000257,0.0,0.0,25.0,0.0,0.0,2.0,73.0,0.0,40.0,24.0,2920.0,1199.0
M82059,SHAWBIRCH MEDICAL CENTRE,U64003,NEWPORT AND CENTRAL PCN,M2L0M,E38000257,0.0,0.0,34.0,4.0,2.0,3.0,90.0,0.0,84.0,36.0,13450.0,3636.0
M82060,SOUTH HERMITAGE SURGERY,U60057,SHREWSBURY PCN,M2L0M,E38000257,0.0,0.0,9.0,2.0,1.0,3.0,103.0,0.0,87.0,68.0,6960.0,2178.0
M82601,ALVELEY MEDICAL PRACTICE,U26345,SE SHROPSHIRE PCN,M2L0M,E38000257,0.0,0.0,6.0,0.0,2.0,0.0,37.0,0.0,29.0,24.0,1545.0,842.0
M82606,IRONBRIDGE MEDICAL PRACTICE,U26345,SE SHROPSHIRE PCN,M2L0M,E38000257,0.0,0.0,4.0,0.0,0.0,2.0,19.0,0.0,14.0,9.0,4560.0,1055.0
M82616,COURT STREET MEDICAL PRACTICE,U62148,SOUTH EAST TELFORD PCN,M2L0M,E38000257,0.0,0.0,19.0,0.0,0.0,2.0,41.0,0.0,20.0,17.0,6870.0,1593.0
M82620,THE MEADOWS MEDICAL PRACTICE,U52026,SW SHROPSHIRE PCN,M2L0M,E38000257,0.0,0.0,23.0,16.0,5.0,1.0,16.0,0.0,13.0,7.0,1758.0,1178.0
M83001,HORSEFAIR PRACTICE,U16318,RUGELEY & GREAT HAYWOOD PCN,04Y,E38000028,0.0,0.0,41.0,0.0,9.0,3.0,116.0,0.0,79.0,27.0,9499.0,2635.0
M83004,MAYFIELD SURGERY,U85685,SOUTH STOKE CENTRAL PCN,05W,E38000175,13.0,0.0,131.0,72.0,16.0,1.0,149.0,0.0,130.0,109.0,6388.0,2818.0
M83005,HEATHCOTE STREET SURGERY,U81818,NEWCASTLE NORTH PCN LIMITED,05G,E38000126,0.0,0.0,229.0,7.0,11.0,2.0,55.0,0.0,50.0,40.0,4166.0,1251.0
M83006,THE WESTGATE PRACTICE,U64148,LICHFIELD PCN,05Q,E38000153,0.0,0.0,140.0,0.0,4.0,5.0,341.0,0.0,203.0,162.0,23307.0,7880.0
M83007,THE VILLAGE SURGERY,U36134,NEWCASTLE CENTRAL PCN,05G,E38000126,0.0,0.0,95.0,5.0,3.0,1.0,42.0,0.0,32.0,28.0,6899.0,1329.0
M83009,BREWOOD MEDICAL PRACTICE,U83494,STAFFORD SOUTH PCN,05V,E38000173,0.0,0.0,50.0,0.0,2.0,2.0,104.0,2.0,69.0,36.0,7510.0,3211.0
M83010,GORDON STREET SURGERY,U57641,EAST STAFFORDSHIRE PCN,05D,E38000053,0.0,0.0,18.0,1.0,2.0,4.0,52.0,0.0,34.0,20.0,9474.0,1199.0
M83011,WERRINGTON VILLAGE SURGERY,U91937,MOORLANDS & RURAL PCN,05G,E38000126,2.0,0.0,38.0,27.0,24.0,0.0,126.0,0.0,73.0,46.0,5708.0,2241.0
M83012,LEEK HEALTH CENTRE,U,Unallocated,05G,E38000126,0.0,0.0,35.0,3.0,16.0,1.0,109.0,0.0,106.0,56.0,6042.0,2171.0
M83013,YOXALL,U57641,EAST STAFFORDSHIRE PCN,05D,E38000053,0.0,1.0,19.0,4.0,4.0,0.0,49.0,0.0,37.0,23.0,3203.0,1496.0
M83014,TRENT VALE MEDICAL PRACTICE,U69072,SOUTH STOKE WEST PCN,05W,E38000175,1.0,0.0,51.0,12.0,15.0,4.0,145.0,0.0,108.0,73.0,8475.0,1583.0
M83015,MADELEY PRACTICE,U39113,NEWCASTLE SOUTH PCN,05G,E38000126,14.0,8.0,212.0,171.0,35.0,0.0,80.0,4.0,59.0,42.0,6254.0,2455.0
M83016,HIGH STREET SURGERY,U88414,CANNOCK VILLAGES PCN,04Y,E38000028,1.0,0.0,29.0,0.0,11.0,0.0,46.0,0.0,33.0,10.0,5265.0,2108.0
M83017,ASHLEY SURGERY,U39113,NEWCASTLE SOUTH PCN,05G,E38000126,6.0,6.0,108.0,71.0,22.0,0.0,34.0,0.0,20.0,14.0,3616.0,1526.0
M83018,GRAVEL HILL SURGERY,U56729,SEISDON PCN,05Q,E38000153,1.0,0.0,28.0,2.0,11.0,2.0,81.0,1.0,59.0,35.0,6408.0,2409.0
M83020,CUMBERLAND HOUSE,U04901,STONE & ECCLESHALL PCN,05V,E38000173,0.0,0.0,26.0,1.0,5.0,1.0,146.0,0.0,127.0,92.0,6959.0,2526.0
M83021,FURLONG MEDICAL CENTRE,U06256,HIPC (HOLISTIC PATIENT CENTRED CARE) PCN,05W,E38000175,0.0,0.0,30.0,6.0,10.0,1.0,102.0,0.0,84.0,67.0,8468.0,1795.0
M83022,HAZELDENE HOUSE SURGERY,U16318,RUGELEY & GREAT HAYWOOD PCN,05V,E38000173,0.0,1.0,350.0,22.0,7.0,0.0,108.0,0.0,73.0,50.0,5294.0,2607.0
M83023,KIDSGROVE MEDICAL CENTRE,U81818,NEWCASTLE NORTH PCN LIMITED,05G,E38000126,0.0,1.0,37.0,2.0,4.0,1.0,88.0,0.0,64.0,56.0,6942.0,2363.0
M83024,CASTLEFIELDS,U84263,STAFFORD TOWN PCN,05V,E38000173,2.0,0.0,75.0,1.0,4.0,2.0,56.0,0.0,40.0,18.0,9343.0,2030.0
M83025,MILLER STREET SURGERY,U36134,NEWCASTLE CENTRAL PCN,05G,E38000126,0.0,0.0,7.0,0.0,1.0,2.0,90.0,1.0,64.0,34.0,4347.0,1536.0
M83026,CARLTON STREET SURGERY,U57641,EAST STAFFORDSHIRE PCN,05D,E38000053,0.0,3.0,58.0,10.0,21.0,4.0,142.0,3.0,94.0,83.0,15019.0,2031.0
M83027,TRENT MEADOWS,U57641,EAST STAFFORDSHIRE PCN,05D,E38000053,0.0,0.0,29.0,2.0,2.0,1.0,50.0,0.0,39.0,35.0,8774.0,2171.0
M83028,GLEBEDALE MEDICAL PRACTICE,U85685,SOUTH STOKE CENTRAL PCN,05W,E38000175,17.0,0.0,127.0,76.0,11.0,5.0,106.0,0.0,68.0,61.0,8990.0,2001.0
M83030,THE LANGTON MEDICAL GROUP,U64148,LICHFIELD PCN,05Q,E38000153,1.0,0.0,56.0,0.0,15.0,4.0,181.0,1.0,144.0,131.0,10419.0,3108.0
M83031,RUSSELL HOUSE SURGERY,U56729,SEISDON PCN,05Q,E38000153,0.0,0.0,48.0,0.0,6.0,1.0,91.0,0.0,67.0,34.0,4381.0,1917.0
M83032,THE ALDERGATE MED.PRACT.,U79533,MERCIAN PCN,05Q,E38000153,0.0,0.0,62.0,0.0,3.0,4.0,98.0,0.0,69.0,58.0,11320.0,2892.0
M83033,HEDNESFORD MEDICAL PRACTICE,U12200,CANNOCK NORTH PCN,04Y,E38000028,0.0,0.0,19.0,1.0,11.0,1.0,87.0,0.0,76.0,41.0,5723.0,1368.0
M83034,SILVERDALE MEDICAL CENTRE,U39113,NEWCASTLE SOUTH PCN,05G,E38000126,17.0,0.0,161.0,67.0,21.0,1.0,152.0,1.0,102.0,85.0,9166.0,2703.0
M83035,ALREWAS,U57641,EAST STAFFORDSHIRE PCN,05D,E38000053,0.0,0.0,34.0,0.0,5.0,2.0,82.0,0.0,71.0,39.0,5838.0,1877.0
M83036,RISING BROOK,U83494,STAFFORD SOUTH PCN,05V,E38000173,0.0,0.0,32.0,0.0,22.0,4.0,97.0,0.0,19.0,12.0,7099.0,1798.0
M83037,TUTBURY HEALTH CENTRE,U57641,EAST STAFFORDSHIRE PCN,05D,E38000053,0.0,0.0,37.0,2.0,15.0,1.0,78.0,0.0,50.0,30.0,6389.0,2104.0
M83038,ORCHARD SURGERY,U,Unallocated,05W,E38000175,1.0,0.0,351.0,17.0,13.0,3.0,139.0,2.0,97.0,60.0,7660.0,2615.0
M83042,BRIDGE SURGERY,U57641,EAST STAFFORDSHIRE PCN,05D,E38000053,0.0,0.0,48.0,1.0,16.0,2.0,76.0,0.0,56.0,39.0,7093.0,2642.0
M83044,STAFFORD HEALTH AND WELLBEING,U84263,STAFFORD TOWN PCN,05V,E38000173,1.0,0.0,478.0,8.0,19.0,6.0,144.0,0.0,103.0,85.0,10924.0,2410.0
M83045,PENKRIDGE MEDICAL PRACTICE,U83494,STAFFORD SOUTH PCN,05V,E38000173,0.0,0.0,56.0,2.0,2.0,1.0,104.0,0.0,93.0,74.0,7723.0,2970.0
M83046,BIDDULPH VALLEY SURGERY,U,Unallocated,05G,E38000126,0.0,0.0,21.0,4.0,6.0,3.0,150.0,0.0,107.0,79.0,7021.0,2677.0
M83047,MEIR PARK & WESTON COYNEY MEDICAL PRACT,U35724,MEIR PCN,05W,E38000175,1.0,0.0,37.0,11.0,7.0,1.0,40.0,0.0,35.0,27.0,5353.0,1461.0
M83048,THE NILE PRACTICE,U88414,CANNOCK VILLAGES PCN,04Y,E38000028,0.0,0.0,33.0,0.0,16.0,1.0,52.0,0.0,42.0,22.0,7826.0,2065.0
M83049,HOLMCROFT,U84263,STAFFORD TOWN PCN,05V,E38000173,1.0,0.0,34.0,2.0,0.0,0.0,87.0,0.0,73.0,52.0,6956.0,2024.0
M83050,WOLVERHAMPTON ROAD SURGERY,U84263,STAFFORD TOWN PCN,05V,E38000173,0.0,0.0,61.0,0.0,4.0,2.0,81.0,0.0,58.0,35.0,7735.0,2136.0
M83051,WETMORE ROAD SURGERY,U57641,EAST STAFFORDSHIRE PCN,05D,E38000053,1.0,0.0,52.0,1.0,12.0,2.0,78.0,0.0,60.0,44.0,10126.0,2394.0
M83052,WEEPING CROSS HEALTH CENTRE,U08925,STAFFORD CENTRAL PCN,05V,E38000173,0.0,0.0,63.0,0.0,3.0,2.0,147.0,0.0,114.0,72.0,18152.0,4371.0
M83054,AUDLEY HEALTH CENTRE,U81818,NEWCASTLE NORTH PCN LIMITED,05G,E38000126,0.0,0.0,19.0,3.0,10.0,1.0,106.0,0.0,76.0,64.0,8042.0,2401.0
M83056,WOLSTANTON MEDICAL CENTRE,U36134,NEWCASTLE CENTRAL PCN,05G,E38000126,0.0,1.0,61.0,2.0,8.0,0.0,103.0,0.0,77.0,62.0,8303.0,2658.0
M83057,MILL BANK,U08925,STAFFORD CENTRAL PCN,05V,E38000173,0.0,0.0,30.0,0.0,2.0,1.0,94.0,0.0,74.0,63.0,8021.0,2162.0
M83059,ABBOTS BROMLEY SURGERY,U57641,EAST STAFFORDSHIRE PCN,05D,E38000053,0.0,0.0,18.0,0.0,6.0,1.0,24.0,1.0,21.0,16.0,2583.0,1169.0
M83061,MILLRISE MEDICAL PRACTICE,U,Unallocated,05W,E38000175,0.0,0.0,27.0,0.0,5.0,1.0,99.0,2.0,77.0,62.0,5996.0,2048.0
M83062,LAUREL HOUSE SURGERY,U79533,MERCIAN PCN,05Q,E38000153,0.0,0.0,58.0,0.0,2.0,3.0,123.0,1.0,72.0,38.0,9899.0,2922.0
M83063,NORTON CANES HEALTH CENTRE,U88414,CANNOCK VILLAGES PCN,04Y,E38000028,0.0,0.0,20.0,0.0,9.0,1.0,12.0,0.0,11.0,7.0,3176.0,667.0
M83065,BARTON,U57641,EAST STAFFORDSHIRE PCN,05D,E38000053,5.0,0.0,61.0,1.0,1.0,1.0,45.0,1.0,38.0,14.0,5315.0,1919.0
M83066,HARTSHILL MEDICAL CENTRE,U,Unallocated,05W,E38000175,3.0,0.0,138.0,0.0,1.0,0.0,52.0,0.0,44.0,38.0,6428.0,1369.0
M83067,LYME VALLEY MEDICAL CENTRE,U36134,NEWCASTLE CENTRAL PCN,05G,E38000126,0.0,0.0,18.0,0.0,0.0,1.0,66.0,0.0,48.0,25.0,6558.0,1419.0
M83068,BELGRAVE MEDICAL CENTRE,U85685,SOUTH STOKE CENTRAL PCN,05W,E38000175,14.0,1.0,123.0,69.0,7.0,1.0,114.0,0.0,84.0,68.0,12199.0,2543.0
M83069,MANSION HOUSE,U04901,STONE & ECCLESHALL PCN,05V,E38000173,0.0,0.0,77.0,0.0,36.0,1.0,215.0,0.0,168.0,84.0,11974.0,3955.0
M83070,GNOSALL,U08925,STAFFORD CENTRAL PCN,05V,E38000173,0.0,0.0,19.0,5.0,8.0,6.0,73.0,4.0,64.0,33.0,6031.0,2264.0
M83071,PARK MEDICAL CENTRE,U,Unallocated,05G,E38000126,0.0,0.0,28.0,0.0,12.0,0.0,144.0,0.0,112.0,95.0,8407.0,3105.0
M83072,SALTERS MEADOW HEALTH CTR,U46695,BURNTWOOD PCN,05Q,E38000153,5.0,0.0,161.0,73.0,10.0,4.0,143.0,0.0,123.0,113.0,8179.0,3329.0
M83073,STAPENHILL MEDICAL CENTRE,U57641,EAST STAFFORDSHIRE PCN,05D,E38000053,0.0,0.0,17.0,9.0,10.0,0.0,89.0,1.0,61.0,45.0,7136.0,1928.0
M83074,BALANCE STREET,U57641,EAST STAFFORDSHIRE PCN,05D,E38000053,0.0,0.0,7.0,4.0,4.0,4.0,109.0,0.0,92.0,85.0,11036.0,3219.0
M83075,NORFOLK STREET SURGERY,U87255,SHELTON & HANLEY PCN,05W,E38000175,2.0,0.0,144.0,102.0,13.0,5.0,94.0,2.0,84.0,64.0,18723.0,1652.0
M83076,HARLEY STREET MEDICAL CTR,U05734,"HANLEY, BUCKNALL & BENTILEE PCN",05W,E38000175,0.0,0.0,8.0,1.0,3.0,5.0,94.0,0.0,68.0,51.0,7413.0,1069.0
M83079,DR J GREIG & PARTNERS,U,Unallocated,05G,E38000126,0.0,0.0,8.0,0.0,4.0,4.0,126.0,1.0,102.0,69.0,7177.0,2394.0
M83084,MOUNT ROAD PRACTICE,U81818,NEWCASTLE NORTH PCN LIMITED,05G,E38000126,0.0,0.0,41.0,20.0,3.0,1.0,90.0,0.0,70.0,64.0,4886.0,1723.0
M83088,HOLLIES PRACTICE,U79533,MERCIAN PCN,05Q,E38000153,0.0,0.0,64.0,1.0,33.0,1.0,130.0,0.0,106.0,43.0,11372.0,3640.0
M83089,BIDDULPH DOCTORS,U,Unallocated,05G,E38000126,0.0,0.0,33.0,2.0,12.0,0.0,126.0,1.0,75.0,57.0,7834.0,2913.0
M83090,DUNROBIN STREET MEDICAL CENTRE,U85685,SOUTH STOKE CENTRAL PCN,05W,E38000175,8.0,0.0,70.0,39.0,14.0,0.0,53.0,1.0,38.0,38.0,4027.0,1332.0
M83092,CROWN SURGERY,U04901,STONE & ECCLESHALL PCN,05V,E38000173,0.0,0.0,33.0,1.0,7.0,2.0,53.0,0.0,37.0,25.0,6099.0,2562.0
M83093,DALE MEDICAL PRACTICE,U56729,SEISDON PCN,05Q,E38000153,0.0,0.0,46.0,0.0,2.0,1.0,106.0,0.0,90.0,81.0,4780.0,1758.0
M83094,BROOK MEDICAL CENTRE,U,Unallocated,05W,E38000175,0.0,0.0,9.0,0.0,2.0,3.0,160.0,0.0,74.0,67.0,11749.0,2871.0
M83096,TARDIS SURGERY,U91937,MOORLANDS & RURAL PCN,05G,E38000126,2.0,1.0,38.0,22.0,9.0,0.0,79.0,0.0,65.0,15.0,3770.0,1419.0
M83097,BILBROOK MEDICAL CENTRE,U56729,SEISDON PCN,05Q,E38000153,0.0,0.0,53.0,0.0,2.0,4.0,99.0,0.0,76.0,47.0,7137.0,2069.0
M83100,DR RAJU AND PARTNERS,U35724,MEIR PCN,05W,E38000175,1.0,0.0,154.0,37.0,8.0,0.0,62.0,0.0,32.0,27.0,3147.0,1034.0
M83102,POTTERIES MEDICAL CENTRE,U05734,"HANLEY, BUCKNALL & BENTILEE PCN",05W,E38000175,0.0,0.0,35.0,4.0,13.0,5.0,87.0,0.0,77.0,71.0,6240.0,1149.0
M83103,ALLEN STREET CLINIC,U91937,MOORLANDS & RURAL PCN,05G,E38000126,1.0,0.0,70.0,65.0,5.0,1.0,32.0,0.0,29.0,22.0,3516.0,1329.0
M83107,ALDERWOOD MEDICAL PRACTICE,U88414,CANNOCK VILLAGES PCN,04Y,E38000028,0.0,0.0,33.0,0.0,5.0,1.0,40.0,0.0,36.0,18.0,5263.0,1407.0
M83108,WELL STREET MEDICAL CENTRE,U91937,MOORLANDS & RURAL PCN,05G,E38000126,0.0,0.0,30.0,17.0,6.0,5.0,88.0,0.0,82.0,77.0,5972.0,1896.0
M83109,DR MANICKAM & PARTNER,U12200,CANNOCK NORTH PCN,04Y,E38000028,0.0,0.0,20.0,0.0,3.0,2.0,80.0,0.0,61.0,29.0,3099.0,860.0
M83110,HEATHVIEW MEDICAL PRACTICE,U79533,MERCIAN PCN,05Q,E38000153,0.0,0.0,42.0,0.0,20.0,3.0,111.0,0.0,88.0,58.0,14227.0,3087.0
M83111,RIVERSIDE SURGERY,U79533,MERCIAN PCN,05Q,E38000153,0.0,0.0,4.0,0.0,1.0,0.0,26.0,0.0,11.0,8.0,1914.0,500.0
M83113,DR KHARE'S SURGERY,U79533,MERCIAN PCN,05Q,E38000153,0.0,0.0,0.0,0.0,0.0,0.0,0.0,0.0,0.0,*,1557.0,163.0
M83117,CROWN MEDICAL PRACTICE,U79533,MERCIAN PCN,05Q,E38000153,0.0,0.0,19.0,1.0,12.0,2.0,71.0,0.0,54.0,48.0,6547.0,1669.0
M83121,TEAN SURGERY,U91937,MOORLANDS & RURAL PCN,05G,E38000126,9.0,0.0,97.0,74.0,26.0,0.0,46.0,1.0,38.0,27.0,3984.0,1870.0
M83122,WATERHOUSES MEDICAL PRACT,U91937,MOORLANDS & RURAL PCN,05G,E38000126,3.0,0.0,8.0,1.0,6.0,0.0,19.0,0.0,17.0,9.0,2233.0,852.0
M83123,BIRCHES HEAD MEDICAL CTR.,U87255,SHELTON & HANLEY PCN,05W,E38000175,0.0,0.0,7.0,2.0,5.0,2.0,91.0,0.0,32.0,21.0,8617.0,1633.0
M83125,CLAVERLEY,U56729,SEISDON PCN,05Q,E38000153,0.0,0.0,2.0,0.0,0.0,2.0,39.0,0.0,37.0,28.0,2512.0,972.0
M83126,LONGTON HALL SURGERY,U85685,SOUTH STOKE CENTRAL PCN,05W,E38000175,9.0,0.0,119.0,70.0,10.0,3.0,67.0,0.0,57.0,49.0,7421.0,1795.0
M83127,COBRIDGE SURGERY,U06256,HIPC (HOLISTIC PATIENT CENTRED CARE) PCN,05W,E38000175,0.0,0.0,16.0,2.0,10.0,2.0,33.0,0.0,26.0,14.0,6326.0,607.0
M83129,HEATH HAYES HEALTH CENTRE,U88414,CANNOCK VILLAGES PCN,04Y,E38000028,0.0,0.0,28.0,0.0,7.0,10.0,203.0,0.0,143.0,81.0,8564.0,2210.0
M83130,RED LION SURGERY,U88414,CANNOCK VILLAGES PCN,04Y,E38000028,0.0,0.0,37.0,0.0,17.0,1.0,24.0,0.0,25.0,14.0,3266.0,900.0
M83132,LAKESIDE,U56729,SEISDON PCN,05Q,E38000153,0.0,1.0,31.0,3.0,12.0,2.0,53.0,0.0,41.0,22.0,4237.0,1424.0
M83138,HANFORD GP,U69072,SOUTH STOKE WEST PCN,05W,E38000175,2.0,0.0,24.0,10.0,4.0,2.0,115.0,0.0,105.0,94.0,5180.0,1704.0
M83139,MOSS STREET SURGERY,U12200,CANNOCK NORTH PCN,04Y,E38000028,1.0,0.0,22.0,3.0,1.0,2.0,32.0,0.0,26.0,14.0,3949.0,1019.0
M83140,HIGHERLAND SURGERY,U36134,NEWCASTLE CENTRAL PCN,05G,E38000126,0.0,0.0,33.0,10.0,6.0,4.0,57.0,1.0,32.0,30.0,3880.0,1040.0
M83141,KINGSBRIDGE MEDICAL CENTRE,U39113,NEWCASTLE SOUTH PCN,05G,E38000126,1.0,1.0,58.0,33.0,12.0,3.0,88.0,2.0,77.0,63.0,7168.0,2231.0
M83143,GOLDENHILL MEDICAL CENTRE,U,Unallocated,05W,E38000175,0.0,0.0,5.0,0.0,2.0,1.0,76.0,0.0,60.0,58.0,4427.0,911.0
M83146,THE MOORCROFT MEDICAL CTR,U05734,"HANLEY, BUCKNALL & BENTILEE PCN",05W,E38000175,0.0,0.0,40.0,5.0,17.0,1.0,127.0,0.0,83.0,58.0,11048.0,2010.0
M83148,THE PEEL MEDICAL PRACTICE,U79533,MERCIAN PCN,05Q,E38000153,0.0,0.0,34.0,1.0,12.0,1.0,157.0,0.0,122.0,93.0,11729.0,2617.0
M83601,BRINSLEY AVENUE PRACTICE,U69072,SOUTH STOKE WEST PCN,05W,E38000175,2.0,0.0,134.0,110.0,7.0,7.0,226.0,1.0,173.0,141.0,3961.0,1934.0
M83608,QUINTON PRACTICE,U88414,CANNOCK VILLAGES PCN,04Y,E38000028,1.0,0.0,57.0,8.0,3.0,0.0,35.0,0.0,34.0,31.0,4111.0,1287.0
M83616,DR I RASIB & PARTNERS,U12200,CANNOCK NORTH PCN,04Y,E38000028,0.0,1.0,23.0,2.0,4.0,0.0,27.0,0.0,23.0,7.0,4356.0,868.0
M83617,DARWIN MEDICAL CENTRE,U46695,BURNTWOOD PCN,05Q,E38000153,0.0,1.0,122.0,10.0,32.0,9.0,218.0,0.0,105.0,93.0,19201.0,5191.0
M83619,HONEYWALL MEDICAL PRACTICE,U69072,SOUTH STOKE WEST PCN,05W,E38000175,0.0,0.0,25.0,4.0,4.0,2.0,41.0,0.0,32.0,23.0,2979.0,621.0
M83624,CAMBRIDGE HOUSE,U05734,"HANLEY, BUCKNALL & BENTILEE PCN",05W,E38000175,0.0,0.0,7.0,0.0,1.0,3.0,37.0,0.0,39.0,27.0,3435.0,769.0
M83625,PRIMA CARE SURGERIES,U87255,SHELTON & HANLEY PCN,05W,E38000175,1.0,0.0,43.0,31.0,20.0,1.0,61.0,0.0,50.0,27.0,9675.0,1805.0
M83627,APSLEY SURGERY,U,Unallocated,05W,E38000175,0.0,0.0,4.0,1.0,0.0,2.0,39.0,0.0,30.0,20.0,7420.0,751.0
M83632,TRINITY MEDICAL CENTRE,U35724,MEIR PCN,05W,E38000175,0.0,0.0,39.0,12.0,1.0,3.0,60.0,0.0,56.0,47.0,4200.0,1207.0
M83637,CHADSMOOR MEDICAL PRACTICE,U12200,CANNOCK NORTH PCN,04Y,E38000028,1.0,0.0,23.0,1.0,13.0,0.0,31.0,0.0,31.0,21.0,4150.0,774.0
M83638,THE COLLIERY PRACTICE,U12200,CANNOCK NORTH PCN,04Y,E38000028,0.0,0.0,39.0,0.0,3.0,4.0,52.0,1.0,37.0,20.0,11211.0,2860.0
M83640,ALTON SURGERY,U91937,MOORLANDS & RURAL PCN,05G,E38000126,2.0,0.0,3.0,0.0,2.0,0.0,26.0,0.0,21.0,7.0,1881.0,840.0
M83641,MILL VIEW SURGERY,U57641,EAST STAFFORDSHIRE PCN,05D,E38000053,0.0,0.0,7.0,0.0,1.0,2.0,49.0,0.0,40.0,12.0,1511.0,456.0
M83650,TUNSTALL PRIMARY CARE CENTRE,U06256,HIPC (HOLISTIC PATIENT CENTRED CARE) PCN,05W,E38000175,0.0,0.0,37.0,1.0,7.0,1.0,111.0,0.0,95.0,59.0,12051.0,1699.0
M83661,ADDERLEY GREEN SURGERY,U35724,MEIR PCN,05W,E38000175,1.0,0.0,119.0,7.0,0.0,2.0,60.0,1.0,51.0,34.0,5877.0,996.0
M83668,TAMAR MEDICAL CENTRE,U56729,SEISDON PCN,05Q,E38000153,0.0,0.0,16.0,0.0,1.0,1.0,68.0,0.0,32.0,5.0,4100.0,1206.0
M83670,KEELE PRACTICE,U39113,NEWCASTLE SOUTH PCN,05G,E38000126,4.0,0.0,25.0,19.0,1.0,0.0,10.0,0.0,9.0,*,6395.0,421.0
M83680,NORTHGATE SURGERY,U57641,EAST STAFFORDSHIRE PCN,05D,E38000053,0.0,0.0,26.0,1.0,1.0,1.0,56.0,0.0,45.0,21.0,5805.0,1467.0
M83681,ALL SAINTS SURGERY,U57641,EAST STAFFORDSHIRE PCN,05D,E38000053,0.0,0.0,11.0,0.0,4.0,1.0,51.0,0.0,39.0,20.0,9985.0,1000.0
M83682,LUCIE WEDGEWOOD SURGERY LTD,U06256,HIPC (HOLISTIC PATIENT CENTRED CARE) PCN,05W,E38000175,0.0,0.0,13.0,0.0,0.0,0.0,42.0,0.0,33.0,20.0,5047.0,928.0
M83691,BETLEY SURGERY,U39113,NEWCASTLE SOUTH PCN,05G,E38000126,0.0,0.0,4.0,3.0,0.0,0.0,10.0,0.0,5.0,*,428.0,118.0
M83693,TRI-LINKS MEDICAL PRACTICE,U79533,MERCIAN PCN,05Q,E38000153,0.0,0.0,8.0,0.0,2.0,3.0,25.0,0.0,19.0,11.0,6220.0,940.0
M83697,MILEHOUSE MEDICAL PRACTICE,U36134,NEWCASTLE CENTRAL PCN,05G,E38000126,26.0,0.0,129.0,41.0,10.0,1.0,75.0,0.0,69.0,43.0,3132.0,558.0
M83698,SOUTHFIELD WAY SURGERY,U88414,CANNOCK VILLAGES PCN,04Y,E38000028,0.0,0.0,11.0,0.0,4.0,2.0,178.0,0.0,135.0,49.0,2336.0,827.0
M83701,TALKE PITS CLINIC,U81818,NEWCASTLE NORTH PCN LIMITED,05G,E38000126,0.0,0.0,7.0,1.0,2.0,0.0,66.0,0.0,55.0,52.0,3527.0,1004.0
M83703,BRERETON SURGERY,U16318,RUGELEY & GREAT HAYWOOD PCN,04Y,E38000028,1.0,0.0,49.0,0.0,2.0,1.0,41.0,0.0,39.0,14.0,4546.0,1185.0
M83709,BADDELEY GREEN SURGERY,U,Unallocated,05W,E38000175,0.0,0.0,9.0,0.0,5.0,1.0,43.0,0.0,37.0,36.0,4692.0,1311.0
M83711,TRENTHAM MEWS MEDICAL CENTRE,U69072,SOUTH STOKE WEST PCN,05W,E38000175,0.0,0.0,8.0,3.0,2.0,0.0,49.0,0.0,47.0,37.0,3222.0,1062.0
M83713,MEIR MEDICAL PRACTICE,U35724,MEIR PCN,05W,E38000175,3.0,0.0,94.0,15.0,8.0,3.0,38.0,1.0,28.0,22.0,4414.0,1046.0
M83715,FEATHERSTONE,U56729,SEISDON PCN,05Q,E38000153,0.0,0.0,8.0,0.0,0.0,0.0,27.0,0.0,21.0,11.0,3985.0,1003.0
M83717,NORTON CANES SURGERY,U88414,CANNOCK VILLAGES PCN,04Y,E38000028,0.0,0.0,9.0,0.0,5.0,0.0,8.0,0.0,6.0,*,2951.0,613.0
M83718,PEEL CROFT,U57641,EAST STAFFORDSHIRE PCN,05D,E38000053,0.0,0.0,13.0,0.0,0.0,0.0,10.0,0.0,7.0,6.0,3291.0,584.0
M83719,RAWNSLEY SURGERY,U12200,CANNOCK NORTH PCN,04Y,E38000028,0.0,0.0,2.0,0.0,0.0,4.0,60.0,0.0,47.0,14.0,3473.0,897.0
M83723,LOOMER MEDICAL PARTNERSHIP,U,Unallocated,05G,E38000126,1.0,0.0,36.0,2.0,5.0,9.0,469.0,2.0,368.0,289.0,19274.0,4162.0
M83725,BLURTON MEDICAL PRACTICE,U69072,SOUTH STOKE WEST PCN,05W,E38000175,1.0,0.0,3.0,1.0,3.0,0.0,23.0,3.0,14.0,8.0,3585.0,507.0
M83727,NORTON CANES PRACTICE,U88414,CANNOCK VILLAGES PCN,04Y,E38000028,0.0,0.0,18.0,0.0,5.0,1.0,18.0,0.0,17.0,15.0,3304.0,1016.0
M83738,AELFGAR SURGERY,U16318,RUGELEY & GREAT HAYWOOD PCN,04Y,E38000028,0.0,0.0,48.0,7.0,2.0,0.0,97.0,1.0,55.0,30.0,5257.0,1722.0
M84001,RED ROOFS SURGERY,U92562,NUNEATON & BEDWORTH PCN,B2M3M,E38000251,0.0,0.0,58.0,10.0,1.0,3.0,136.0,3.0,109.0,72.0,10275.0,2942.0
M84002,POOL MEDICAL CENTRE,U55724,ARDEN PCN,B2M3M,E38000251,0.0,1.0,27.0,1.0,8.0,5.0,123.0,0.0,84.0,30.0,6316.0,2007.0
M84003,ARBURY MEDICAL CENTRE,U92562,NUNEATON & BEDWORTH PCN,B2M3M,E38000251,1.0,0.0,31.0,4.0,3.0,2.0,60.0,1.0,58.0,42.0,7777.0,1956.0
M84004,WHITEHALL MEDICAL PRACTICE,U62213,RUGBY PCN,B2M3M,E38000251,0.0,0.0,53.0,0.0,14.0,6.0,139.0,0.0,107.0,80.0,17527.0,3433.0
M84005,CHAPEL END SURGERY,U92562,NUNEATON & BEDWORTH PCN,B2M3M,E38000251,0.0,0.0,16.0,12.0,0.0,1.0,26.0,3.0,21.0,12.0,4292.0,876.0
M84006,PEAR TREE SURGERY,U11614,WARWICKSHIRE RURAL PCN,B2M3M,E38000251,1.0,0.0,57.0,3.0,0.0,2.0,61.0,1.0,33.0,26.0,7988.0,2593.0
M84007,DORDON & POLESWORTH GROUP PRACTICE,U11614,WARWICKSHIRE RURAL PCN,B2M3M,E38000251,0.0,0.0,72.0,4.0,7.0,3.0,118.0,1.0,82.0,62.0,10552.0,2865.0
M84008,SPRING HILL MEDICAL CENTRE,U54565,NORTH ARDEN PCN,B2M3M,E38000251,0.0,0.0,23.0,0.0,13.0,1.0,27.0,2.0,24.0,19.0,6462.0,1431.0
M84009,FENNY COMPTON SURGERY,U,Unallocated,B2M3M,E38000251,0.0,0.0,13.0,1.0,0.0,0.0,27.0,0.0,20.0,18.0,3824.0,1424.0
M84010,AVONSIDE HEALTH CENTRE,U,Unallocated,B2M3M,E38000251,0.0,0.0,34.0,0.0,5.0,0.0,79.0,0.0,62.0,37.0,8459.0,1991.0
M84011,BEDWORTH HEALTH CENTRE,U92562,NUNEATON & BEDWORTH PCN,B2M3M,E38000251,1.0,0.0,42.0,4.0,5.0,3.0,180.0,7.0,149.0,87.0,16925.0,4625.0
M84012,PARK LEYS MEDICAL PRACTICE,U07789,COVENTRY NORTH PCN,B2M3M,E38000251,0.0,0.0,44.0,3.0,3.0,5.0,221.0,1.0,134.0,118.0,14295.0,2924.0
M84013,CASTLE MEDICAL CENTRE,U,Unallocated,B2M3M,E38000251,0.0,0.0,69.0,1.0,9.0,1.0,104.0,0.0,74.0,73.0,9418.0,3420.0
M84014,BRIDGE HOUSE MEDICAL CENTRE,U,Unallocated,B2M3M,E38000251,2.0,1.0,48.0,0.0,1.0,3.0,101.0,0.0,71.0,55.0,6658.0,2715.0
M84015,CROFT MEDICAL CENTRE,U,Unallocated,B2M3M,E38000251,4.0,0.0,92.0,4.0,11.0,3.0,131.0,3.0,75.0,72.0,12281.0,2311.0
M84016,WOLSTON SURGERY,U62213,RUGBY PCN,B2M3M,E38000251,0.0,0.0,26.0,0.0,5.0,0.0,26.0,1.0,16.0,12.0,3356.0,1196.0
M84017,CLARENDON LODGE MEDICAL CENTRE,U,Unallocated,B2M3M,E38000251,0.0,0.0,63.0,1.0,4.0,7.0,177.0,0.0,148.0,124.0,11706.0,2796.0
M84018,BIDFORD HEALTH CENTRE,U,Unallocated,B2M3M,E38000251,0.0,0.0,67.0,0.0,0.0,2.0,132.0,0.0,86.0,22.0,10496.0,3840.0
M84019,THE ATHERSTONE SURGERY,U54565,NORTH ARDEN PCN,B2M3M,E38000251,0.0,0.0,54.0,0.0,5.0,11.0,161.0,1.0,119.0,83.0,13163.0,3849.0
M84020,CLIFTON ROAD SURGERY,U62213,RUGBY PCN,B2M3M,E38000251,0.0,0.0,33.0,1.0,13.0,2.0,122.0,0.0,97.0,79.0,11781.0,2662.0
M84021,ROTHER HOUSE MEDICAL CENTRE,U,Unallocated,B2M3M,E38000251,0.0,0.0,75.0,0.0,6.0,1.0,237.0,0.0,176.0,114.0,12788.0,4281.0
M84022,MANOR COURT SURGERY,U92562,NUNEATON & BEDWORTH PCN,B2M3M,E38000251,0.0,0.0,28.0,2.0,1.0,3.0,46.0,2.0,37.0,27.0,6863.0,1615.0
M84023,CENTRAL SURGERY,U62213,RUGBY PCN,B2M3M,E38000251,0.0,0.0,65.0,0.0,22.0,6.0,150.0,0.0,125.0,112.0,17112.0,3033.0
M84024,HENLEY-IN-ARDEN MED CTR,U55724,ARDEN PCN,B2M3M,E38000251,0.0,0.0,35.0,0.0,2.0,1.0,68.0,1.0,34.0,17.0,4386.0,2192.0
M84025,SHIPSTON MEDICAL CENTRE,U,Unallocated,B2M3M,E38000251,1.0,0.0,66.0,2.0,5.0,2.0,123.0,0.0,74.0,34.0,8430.0,3531.0
M84026,SOUTHAM SURGERY,U,Unallocated,B2M3M,E38000251,0.0,0.0,15.0,0.0,0.0,0.0,38.0,0.0,27.0,19.0,5318.0,1825.0
M84028,PRIORY MEDICAL CENTRE,U,Unallocated,B2M3M,E38000251,0.0,0.0,71.0,3.0,4.0,4.0,106.0,0.0,66.0,46.0,14892.0,3997.0
M84029,VALLEY ROAD MEDICAL PRACTICE,U,Unallocated,B2M3M,E38000251,0.0,0.0,53.0,0.0,4.0,4.0,58.0,2.0,44.0,37.0,6400.0,1672.0
M84030,HASTINGS HOUSE SURGERY,U,Unallocated,B2M3M,E38000251,0.0,0.0,52.0,0.0,0.0,2.0,134.0,0.0,97.0,78.0,9790.0,3506.0
M84031,REVEL SURGERY,U62213,RUGBY PCN,B2M3M,E38000251,0.0,0.0,31.0,0.0,1.0,2.0,72.0,0.0,74.0,60.0,6233.0,1643.0
M84032,WATERSIDE MEDICAL CENTRE,U,Unallocated,B2M3M,E38000251,0.0,0.0,30.0,0.0,6.0,3.0,41.0,0.0,32.0,19.0,13085.0,1663.0
M84034,WHITESTONE SURGERY,U,Unallocated,B2M3M,E38000251,0.0,1.0,11.0,1.0,0.0,1.0,9.0,0.0,7.0,6.0,1799.0,419.0
M84035,WESTSIDE MEDICAL CENTRE,U62213,RUGBY PCN,B2M3M,E38000251,0.0,0.0,45.0,0.0,1.0,2.0,100.0,0.0,60.0,50.0,10215.0,1899.0
M84036,ABBEY MEDICAL CENTRE,U,Unallocated,B2M3M,E38000251,1.0,0.0,47.0,0.0,2.0,3.0,131.0,1.0,92.0,72.0,12207.0,3715.0
M84037,THE GRANGE MEDICAL CENTRE,U92562,NUNEATON & BEDWORTH PCN,B2M3M,E38000251,1.0,5.0,404.0,358.0,5.0,2.0,110.0,5.0,85.0,39.0,9243.0,2724.0
M84040,SHERBOURNE MEDICAL CENTRE,U,Unallocated,B2M3M,E38000251,0.0,0.0,37.0,1.0,0.0,2.0,88.0,0.0,68.0,46.0,8293.0,2026.0
M84041,RIVERSLEY ROAD SURGERY,U92562,NUNEATON & BEDWORTH PCN,B2M3M,E38000251,0.0,0.0,40.0,31.0,5.0,2.0,72.0,0.0,57.0,50.0,5995.0,1244.0
M84042,HAZELWOOD GROUP PRACTICE,U68185,APOLLO WARWICKSHIRE NORTH,B2M3M,E38000251,5.0,5.0,419.0,369.0,9.0,6.0,160.0,2.0,131.0,112.0,7676.0,2636.0
M84043,TRINITY COURT SURGERY,U,Unallocated,B2M3M,E38000251,0.0,1.0,82.0,0.0,2.0,0.0,96.0,1.0,67.0,46.0,16432.0,4881.0
M84044,HARBURY SURGERY,U,Unallocated,B2M3M,E38000251,0.0,0.0,28.0,0.0,1.0,1.0,22.0,0.0,18.0,10.0,4228.0,1516.0
M84046,DUNCHURCH SURGERY,U62213,RUGBY PCN,B2M3M,E38000251,0.0,0.0,11.0,0.0,1.0,1.0,80.0,0.0,31.0,11.0,5902.0,2194.0
M84047,TANWORTH-IN-ARDEN MED CTR,U55724,ARDEN PCN,B2M3M,E38000251,0.0,0.0,32.0,0.0,2.0,0.0,44.0,0.0,37.0,34.0,3773.0,1578.0
M84049,ALCESTER HEALTH CENTRE,U55724,ARDEN PCN,B2M3M,E38000251,1.0,0.0,35.0,7.0,2.0,1.0,67.0,0.0,46.0,34.0,4222.0,1832.0
M84050,MARKET QUARTER MEDICAL PRACTICE,U62213,RUGBY PCN,B2M3M,E38000251,0.0,0.0,19.0,1.0,2.0,4.0,67.0,0.0,52.0,34.0,7204.0,1149.0
M84051,OLD MILL SURGERY,U92562,NUNEATON & BEDWORTH PCN,B2M3M,E38000251,0.0,0.0,44.0,6.0,14.0,1.0,70.0,0.0,64.0,55.0,11441.0,2127.0
M84055,STOCKINGFORD MEDICAL CENTRE,U68185,APOLLO WARWICKSHIRE NORTH,B2M3M,E38000251,1.0,1.0,61.0,47.0,0.0,0.0,14.0,0.0,13.0,10.0,1610.0,578.0
M84059,SPA MEDICAL CENTRE,U,Unallocated,B2M3M,E38000251,0.0,0.0,10.0,0.0,4.0,2.0,49.0,0.0,39.0,31.0,2980.0,678.0
M84060,THE ARROW SURGERY,U55724,ARDEN PCN,B2M3M,E38000251,0.0,1.0,22.0,3.0,3.0,4.0,62.0,0.0,46.0,29.0,4945.0,1843.0
M84061,BULKINGTON SURGERY,U92562,NUNEATON & BEDWORTH PCN,B2M3M,E38000251,0.0,0.0,23.0,2.0,15.0,2.0,53.0,3.0,39.0,30.0,4415.0,1794.0
M84062,VALE OF RED HORSE,U,Unallocated,B2M3M,E38000251,0.0,1.0,20.0,0.0,8.0,0.0,14.0,0.0,6.0,*,6250.0,1318.0
M84063,CHASE MEADOW HEALTH CENTRE,U,Unallocated,B2M3M,E38000251,0.0,0.0,14.0,0.0,5.0,3.0,38.0,0.0,36.0,33.0,6241.0,1173.0
M84064,WHITNASH MEDICAL CENTRE,U,Unallocated,B2M3M,E38000251,0.0,0.0,17.0,0.0,0.0,2.0,40.0,0.0,40.0,32.0,5806.0,1165.0
M84065,BEECH TREE MEDICAL PRACTICE,U62213,RUGBY PCN,B2M3M,E38000251,0.0,0.0,20.0,0.0,3.0,3.0,58.0,0.0,46.0,39.0,7307.0,971.0
M84066,MEON MEDICAL CENTRE,U,Unallocated,B2M3M,E38000251,1.0,0.0,22.0,0.0,2.0,1.0,56.0,0.0,38.0,21.0,5689.0,1389.0
M84067,BENNFIELD SURGERY,U62213,RUGBY PCN,B2M3M,E38000251,0.0,0.0,40.0,0.0,18.0,3.0,79.0,0.0,59.0,56.0,6080.0,1607.0
M84069,BUDBROOKE MEDICAL CENTRE,U55724,ARDEN PCN,B2M3M,E38000251,0.0,1.0,30.0,10.0,0.0,1.0,33.0,0.0,30.0,18.0,5345.0,1355.0
M84070,WARWICK GATES FAM.HTH.CTR,U,Unallocated,B2M3M,E38000251,0.0,0.0,15.0,0.0,1.0,1.0,44.0,0.0,38.0,27.0,11175.0,1374.0
M84609,WOODLANDS SURGERY,U68185,APOLLO WARWICKSHIRE NORTH,B2M3M,E38000251,1.0,3.0,93.0,78.0,10.0,5.0,109.0,1.0,100.0,93.0,4142.0,771.0
M84612,STATION STREET SURGERY,U54565,NORTH ARDEN PCN,B2M3M,E38000251,0.0,0.0,15.0,0.0,4.0,0.0,26.0,0.0,19.0,19.0,7917.0,1238.0
M84615,HARTSHILL HEALTH CENTRE,U68185,APOLLO WARWICKSHIRE NORTH,B2M3M,E38000251,4.0,2.0,310.0,291.0,15.0,2.0,42.0,0.0,36.0,35.0,7333.0,1430.0
M84616,BROOKSIDE SURGERY,U62213,RUGBY PCN,B2M3M,E38000251,0.0,0.0,10.0,0.0,1.0,2.0,30.0,0.0,27.0,26.0,3485.0,966.0
M84618,RUGBY ROAD SURGERY,U68185,APOLLO WARWICKSHIRE NORTH,B2M3M,E38000251,1.0,2.0,63.0,57.0,5.0,0.0,32.0,0.0,32.0,28.0,3080.0,847.0
M84620,LAPWORTH SURGERY,U55724,ARDEN PCN,B2M3M,E38000251,0.0,0.0,0.0,0.0,0.0,0.0,22.0,0.0,16.0,8.0,2116.0,852.0
M84621,QUEENS ROAD SURGERY,U92562,NUNEATON & BEDWORTH PCN,B2M3M,E38000251,0.0,0.0,6.0,0.0,1.0,0.0,14.0,0.0,10.0,10.0,2366.0,371.0
M84627,THE OLD COLE HOUSE PRACTICE,U92562,NUNEATON & BEDWORTH PCN,B2M3M,E38000251,0.0,0.0,14.0,5.0,6.0,0.0,14.0,1.0,11.0,11.0,2740.0,1010.0
M84629,ST WULFSTAN SURGERY,U,Unallocated,B2M3M,E38000251,0.0,0.0,31.0,0.0,0.0,5.0,114.0,0.0,67.0,67.0,10082.0,1946.0
M85001,SHAH ZAMAN SURGERY,U43660,NORTH BIRMINGHAM PCN,15E,E38000258,0.0,1.0,19.0,6.0,1.0,0.0,22.0,0.0,20.0,15.0,4140.0,675.0
M85005,THE PARK MEDICAL CENTRE,U15552,SMALL HEATH PCN,15E,E38000258,0.0,0.0,15.0,0.0,1.0,0.0,18.0,0.0,14.0,10.0,6663.0,584.0
M85006,GREEN RIDGE SURGERY,U69625,"MOSELEY, BILLESLEY & YARDLEY WOOD PCN",15E,E38000258,2.0,0.0,45.0,1.0,13.0,0.0,79.0,0.0,58.0,33.0,9096.0,1527.0
M85007,WEST HEATH SURGERY,U91268,SOUTH WEST BIRMINGHAM PCN,15E,E38000258,0.0,0.0,91.0,23.0,15.0,16.0,495.0,1.0,378.0,133.0,14453.0,2804.0
M85009,HAMSTEAD ROAD SURGERY,U25240,PEOPLE'S HEALTH PARTNERSHIP PCN,15E,E38000258,0.0,0.0,31.0,0.0,10.0,2.0,26.0,0.0,13.0,7.0,5358.0,1035.0
M85011,THE SWAN MEDICAL CENTRE,U46437,BORDESLEY EAST PCN,15E,E38000258,0.0,0.0,22.0,2.0,2.0,4.0,74.0,0.0,48.0,43.0,5809.0,1311.0
M85013,CHURCH LANE - KHAN,U79433,BIRMINGHAM EAST CENTRAL PCN,15E,E38000258,0.0,0.0,17.0,2.0,6.0,0.0,21.0,18.0,2.0,*,3866.0,558.0
M85014,KINGSBURY ROAD MEDICAL CENTRE,U43660,NORTH BIRMINGHAM PCN,15E,E38000258,0.0,0.0,19.0,0.0,1.0,0.0,12.0,0.0,11.0,8.0,4038.0,507.0
M85016,HILLCREST SURGERY,U82305,GOSK PCN,15E,E38000258,0.0,0.0,12.0,0.0,4.0,2.0,15.0,0.0,16.0,15.0,4337.0,825.0
M85018,YARDLEY WOOD HEALTH CENTRE,U69625,"MOSELEY, BILLESLEY & YARDLEY WOOD PCN",15E,E38000258,0.0,0.0,30.0,1.0,5.0,0.0,109.0,0.0,65.0,35.0,8730.0,2048.0
M85019,TOWER HILL PARTNERSHIP,U54554,PIONEERS INTEGRATED PARTNERSHIP PCN,15E,E38000258,0.0,0.0,48.0,0.0,15.0,11.0,181.0,1.0,172.0,149.0,15481.0,2802.0
M85020,RAYDOCS NEWTOWN,U65968,SWB I3 PCN,15E,E38000258,0.0,0.0,18.0,0.0,2.0,4.0,62.0,0.0,11.0,10.0,19125.0,1633.0
M85021,MOSELEY MEDICAL CENTRE,U88190,PERSHORE PCN,15E,E38000258,0.0,1.0,18.0,10.0,6.0,0.0,8.0,0.0,7.0,6.0,4041.0,334.0
M85023,MILLENNIUM MEDICAL CENTRE,U51153,WEOLEY AND RUBERY PCN,15E,E38000258,0.0,0.0,19.0,0.0,6.0,1.0,50.0,0.0,16.0,12.0,7725.0,1353.0
M85024,THE LIMES MEDICAL CENTRE,U15552,SMALL HEATH PCN,15E,E38000258,0.0,0.0,8.0,0.0,4.0,2.0,16.0,0.0,12.0,7.0,6447.0,605.0
M85025,BATH ROW MEDICAL PRACTICE,U27129,EDGBASTON PCN,15E,E38000258,0.0,0.0,19.0,0.0,2.0,0.0,40.0,0.0,20.0,16.0,15897.0,903.0
M85026,ASHFIELD SURGERY,U47609,ALLIANCE OF SUTTON PRACTICES PCN,15E,E38000258,0.0,0.0,78.0,0.0,1.0,4.0,174.0,0.0,113.0,67.0,10782.0,4032.0
M85027,LEACH HEATH MEDICAL CENTRE,U51153,WEOLEY AND RUBERY PCN,15E,E38000258,0.0,0.0,13.0,1.0,0.0,2.0,40.0,0.0,34.0,20.0,6308.0,1502.0
M85028,LORDSWOOD HOUSE GROUP MEDICAL PRACTICE,U79381,QUINTON AND HARBORNE PCN,15E,E38000258,0.0,0.0,76.0,10.0,9.0,6.0,110.0,0.0,85.0,25.0,20695.0,4260.0
M85029,COLLEGE GREEN MEDICAL PRACTICE,U27366,BOURNVILLE AND NORTHFIELD PCN,15E,E38000258,0.0,0.0,81.0,1.0,0.0,4.0,254.0,2.0,199.0,182.0,16100.0,4013.0
M85030,ST HELIERS MEDICAL PRACTICE,U27366,BOURNVILLE AND NORTHFIELD PCN,15E,E38000258,0.0,0.0,58.0,0.0,19.0,2.0,65.0,0.0,52.0,30.0,14763.0,2833.0
M85031,THE HARLEQUIN SURGERY,U72309,SHARD END AND KITTS GREEN PCN,15E,E38000258,0.0,0.0,30.0,2.0,2.0,3.0,118.0,0.0,112.0,85.0,8530.0,1917.0
M85033,THE MANOR PRACTICE,U47609,ALLIANCE OF SUTTON PRACTICES PCN,15E,E38000258,0.0,0.0,58.0,0.0,3.0,11.0,140.0,0.0,76.0,52.0,13995.0,3591.0
M85034,OMNIA PRACTICE,U79433,BIRMINGHAM EAST CENTRAL PCN,15E,E38000258,0.0,0.0,26.0,1.0,5.0,0.0,73.0,0.0,37.0,31.0,15025.0,1235.0
M85035,WOODGATE VALLEY HEALTH CENTRE,U51153,WEOLEY AND RUBERY PCN,15E,E38000258,0.0,0.0,19.0,3.0,0.0,1.0,19.0,0.0,12.0,9.0,4775.0,709.0
M85037,KINGSFIELD MEDICAL CENTRE,U88190,PERSHORE PCN,15E,E38000258,0.0,0.0,16.0,0.0,8.0,3.0,53.0,0.0,2.0,*,7348.0,2006.0
M85041,BOURNBROOK VARSITY MEDICAL CENTRE,U46454,HARBORNE PCN,15E,E38000258,1.0,0.0,37.0,3.0,2.0,0.0,63.0,0.0,44.0,27.0,13758.0,675.0
M85042,SELLY PARK SURGERY,U88190,PERSHORE PCN,15E,E38000258,0.0,0.0,26.0,0.0,6.0,1.0,21.0,0.0,17.0,10.0,4167.0,857.0
M85043,HAWKESLEY MEDICAL PRACTICE,U91268,SOUTH WEST BIRMINGHAM PCN,15E,E38000258,0.0,0.0,12.0,1.0,0.0,0.0,59.0,0.0,55.0,49.0,3601.0,748.0
M85046,SUTTON COLDFIELD GROUP PRACTICE,U65039,SUTTON GROUP PRACTICE PCN,15E,E38000258,0.0,0.0,55.0,0.0,3.0,2.0,440.0,0.0,307.0,265.0,41543.0,11999.0
M85047,WOODLAND ROAD SURGERY,U91268,SOUTH WEST BIRMINGHAM PCN,15E,E38000258,0.0,0.0,16.0,0.0,1.0,0.0,26.0,0.0,12.0,5.0,4876.0,1160.0
M85048,CHURCH ROAD SURGERY,U72309,SHARD END AND KITTS GREEN PCN,15E,E38000258,0.0,0.0,25.0,8.0,0.0,1.0,122.0,0.0,116.0,43.0,8807.0,2302.0
M85051,FIRSTCARE PRACTICE,U54948,"BALSALL HEATH, SPARKHILL & MOSELEY PCN",15E,E38000258,0.0,0.0,2.0,0.0,1.0,1.0,13.0,0.0,3.0,*,7286.0,584.0
M85053,THE ST.CLEMENTS SURGERY,U79003,"NECHELLS, SALTLEY & ALUM ROCK PCN",15E,E38000258,0.0,0.0,18.0,0.0,4.0,1.0,17.0,0.0,8.0,*,6054.0,644.0
M85055,SELLY OAK HEALTH CENTRE,U88190,PERSHORE PCN,15E,E38000258,0.0,0.0,12.0,1.0,3.0,2.0,10.0,0.0,10.0,*,6142.0,647.0
M85056,WEOLEY PARK SURGERY,U51153,WEOLEY AND RUBERY PCN,15E,E38000258,0.0,1.0,29.0,0.0,9.0,1.0,18.0,0.0,13.0,9.0,5971.0,1153.0
M85058,HARBORNE MEDICAL PRACTICE,U46454,HARBORNE PCN,15E,E38000258,0.0,0.0,57.0,1.0,7.0,0.0,108.0,0.0,101.0,81.0,13588.0,1806.0
M85060,THE OAKS MEDICAL CENTRE,U18195,"KINGSTANDING, ERDINGTON & NECHELLS PCN",15E,E38000258,0.0,0.0,58.0,9.0,1.0,2.0,123.0,1.0,98.0,56.0,13383.0,2673.0
M85061,YARDLEY GREEN MEDICAL CENTRE,U79433,BIRMINGHAM EAST CENTRAL PCN,15E,E38000258,0.0,0.0,24.0,2.0,2.0,3.0,29.0,0.0,18.0,15.0,11178.0,1249.0
M85062,SHENLEY GREEN SURGERY,U91268,SOUTH WEST BIRMINGHAM PCN,15E,E38000258,0.0,0.0,11.0,2.0,1.0,0.0,19.0,1.0,16.0,12.0,3964.0,933.0
M85063,MIDLANDS MEDICAL PARTNERSHIP,U74554,MMP CENTRAL AND NORTH PCN,15E,E38000258,0.0,1.0,129.0,28.0,26.0,11.0,335.0,0.0,267.0,163.0,46482.0,9243.0
M85065,POPLARS SURGERY,U43660,NORTH BIRMINGHAM PCN,15E,E38000258,0.0,0.0,29.0,0.0,9.0,11.0,334.0,0.0,140.0,28.0,11481.0,2809.0
M85066,WARD END MEDICAL CENTRE,U76419,WASHWOOD HEATH PCN,15E,E38000258,0.0,0.0,7.0,0.0,2.0,3.0,25.0,0.0,19.0,7.0,6197.0,1047.0
M85069,LAURIE PIKE HEALTH CENTRE,U,Unallocated,15E,E38000258,0.0,0.0,21.0,4.0,6.0,5.0,54.0,1.0,40.0,17.0,13834.0,1437.0
M85070,RESERVOIR ROAD SURGERY,U43660,NORTH BIRMINGHAM PCN,15E,E38000258,0.0,0.0,24.0,1.0,3.0,2.0,61.0,1.0,49.0,25.0,12132.0,1554.0
M85071,WYCHALL LANE SURGERY,U27366,BOURNVILLE AND NORTHFIELD PCN,15E,E38000258,0.0,0.0,29.0,0.0,4.0,4.0,48.0,1.0,30.0,13.0,6090.0,1677.0
M85074,WAKE GREEN SURGERY,U69625,"MOSELEY, BILLESLEY & YARDLEY WOOD PCN",15E,E38000258,0.0,0.0,33.0,0.0,1.0,0.0,32.0,0.0,19.0,7.0,6349.0,1488.0
M85076,GREAT PARK MEDICAL GROUP,U,Unallocated,15E,E38000258,0.0,0.0,7.0,1.0,2.0,1.0,86.0,0.0,68.0,23.0,9097.0,1943.0
M85077,NORTHWOOD MEDICAL CENTRE,U,Unallocated,15E,E38000258,0.0,0.0,26.0,1.0,5.0,1.0,80.0,0.0,63.0,48.0,7266.0,2143.0
M85078,OAKWOOD SURGERY,U22471,SMARTCARE CENTRAL PCN,15E,E38000258,0.0,0.0,9.0,2.0,0.0,1.0,34.0,1.0,26.0,19.0,10009.0,1097.0
M85079,EDEN COURT MEDICAL PRACTICE,U72309,SHARD END AND KITTS GREEN PCN,15E,E38000258,0.0,0.0,44.0,10.0,4.0,10.0,161.0,1.0,161.0,123.0,9340.0,1498.0
M85081,THE DOVE MEDICAL PRACTICE,U18195,"KINGSTANDING, ERDINGTON & NECHELLS PCN",15E,E38000258,0.0,0.0,46.0,0.0,15.0,3.0,71.0,0.0,55.0,31.0,7670.0,1544.0
M85082,HANDSWORTH MEDICAL PRACT.,U54554,PIONEERS INTEGRATED PARTNERSHIP PCN,15E,E38000258,0.0,0.0,15.0,0.0,0.0,2.0,13.0,0.0,13.0,13.0,5071.0,460.0
M85084,THE WAND MEDICAL CENTRE,U27129,EDGBASTON PCN,15E,E38000258,0.0,0.0,25.0,0.0,3.0,3.0,28.0,0.0,3.0,*,6058.0,623.0
M85086,COFTON MEDICAL CENTRE,U,Unallocated,15E,E38000258,0.0,0.0,26.0,1.0,2.0,2.0,39.0,0.0,32.0,26.0,9033.0,1569.0
M85087,COLLEGE ROAD SURGERY,U18195,"KINGSTANDING, ERDINGTON & NECHELLS PCN",15E,E38000258,0.0,0.0,46.0,2.0,7.0,5.0,50.0,0.0,49.0,45.0,9679.0,1475.0
M85088,KARIS MEDICAL CENTRE,U27129,EDGBASTON PCN,15E,E38000258,0.0,0.0,40.0,1.0,2.0,0.0,74.0,0.0,50.0,39.0,15511.0,1759.0
M85094,YARDLEY MEDICAL CENTRE,U15552,SMALL HEATH PCN,15E,E38000258,0.0,1.0,24.0,24.0,3.0,0.0,2.0,0.0,2.0,*,2371.0,211.0
M85097,CRANES PARK ROAD SURGERY,U22471,SMARTCARE CENTRAL PCN,15E,E38000258,0.0,0.0,9.0,0.0,2.0,1.0,14.0,0.0,11.0,7.0,1879.0,330.0
M85098,ROTTON PARK MEDICAL CENTRE,U65968,SWB I3 PCN,15E,E38000258,0.0,0.0,10.0,1.0,1.0,0.0,10.0,0.0,9.0,9.0,4817.0,525.0
M85105,VICTORIA ROAD SURGERY,U69625,"MOSELEY, BILLESLEY & YARDLEY WOOD PCN",15E,E38000258,0.0,0.0,6.0,0.0,1.0,2.0,48.0,0.0,47.0,43.0,4670.0,699.0
M85107,FIRS SURGERY,U72309,SHARD END AND KITTS GREEN PCN,15E,E38000258,0.0,0.0,87.0,64.0,0.0,0.0,12.0,0.0,12.0,8.0,3491.0,339.0
M85108,SMALL HEATH MEDICAL PRACTICE,U18195,"KINGSTANDING, ERDINGTON & NECHELLS PCN",15E,E38000258,0.0,0.0,15.0,0.0,3.0,1.0,21.0,0.0,15.0,11.0,5506.0,542.0
M85110,SALTLEY AND FERNBANK MEDICAL PRACTICE,U79003,"NECHELLS, SALTLEY & ALUM ROCK PCN",15E,E38000258,0.0,0.0,8.0,1.0,0.0,1.0,19.0,0.0,15.0,10.0,8977.0,863.0
M85113,BUCKLANDS END LANE SURGERY,U79433,BIRMINGHAM EAST CENTRAL PCN,15E,E38000258,0.0,0.0,19.0,2.0,3.0,1.0,34.0,0.0,28.0,15.0,5111.0,988.0
M85115,SUTTON ROAD SURGERY,U43660,NORTH BIRMINGHAM PCN,15E,E38000258,0.0,0.0,7.0,0.0,2.0,2.0,16.0,0.0,16.0,9.0,2575.0,461.0
M85116,FERNLEY MEDICAL CENTRE,U54948,"BALSALL HEATH, SPARKHILL & MOSELEY PCN",15E,E38000258,0.0,0.0,9.0,0.0,0.0,0.0,37.0,0.0,14.0,8.0,7447.0,828.0
M85117,BARTLEY GREEN MEDICAL PRACTICE,U51153,WEOLEY AND RUBERY PCN,15E,E38000258,0.0,0.0,36.0,0.0,0.0,3.0,55.0,0.0,43.0,28.0,4851.0,1063.0
M85118,BALDWINS LANE SURGERY,U69625,"MOSELEY, BILLESLEY & YARDLEY WOOD PCN",15E,E38000258,0.0,0.0,4.0,0.0,3.0,0.0,9.0,0.0,8.0,8.0,2358.0,643.0
M85123,AL-SHAFA MEDICAL CENTRE,U44365,WEST BIRMINGHAM PCN,15E,E38000258,0.0,0.0,0.0,0.0,0.0,4.0,30.0,0.0,33.0,26.0,8199.0,680.0
M85124,BELLEVUE MEDICAL CENTRE,U,Unallocated,15E,E38000258,0.0,0.0,13.0,4.0,5.0,1.0,35.0,3.0,23.0,21.0,11574.0,1067.0
M85128,DR WALJI AND COLLEAGUES,U54948,"BALSALL HEATH, SPARKHILL & MOSELEY PCN",15E,E38000258,0.0,0.0,13.0,0.0,4.0,0.0,21.0,0.0,15.0,10.0,4424.0,607.0
M85136,DRUIDS HEATH SURGERY,U22471,SMARTCARE CENTRAL PCN,15E,E38000258,0.0,0.0,60.0,8.0,22.0,2.0,49.0,0.0,43.0,30.0,9269.0,1262.0
M85139,ALPHA MEDICAL PRACTICE,U76419,WASHWOOD HEATH PCN,15E,E38000258,0.0,0.0,0.0,0.0,0.0,0.0,14.0,0.0,13.0,12.0,5258.0,439.0
M85141,SCHOOLACRE ROAD SURGERY,U72309,SHARD END AND KITTS GREEN PCN,15E,E38000258,0.0,0.0,15.0,0.0,1.0,0.0,18.0,0.0,18.0,*,2438.0,622.0
M85143,JIGGINS LANE MEDICAL CENTRE,U51153,WEOLEY AND RUBERY PCN,15E,E38000258,0.0,0.0,22.0,1.0,5.0,2.0,46.0,0.0,25.0,21.0,5964.0,1229.0
M85145,THE SLIEVE SURGERY,U25240,PEOPLE'S HEALTH PARTNERSHIP PCN,15E,E38000258,0.0,0.0,20.0,0.0,2.0,0.0,60.0,0.0,42.0,37.0,8536.0,1473.0
M85146,THE KHATTAK MEMORIAL SURGERY,U15552,SMALL HEATH PCN,15E,E38000258,0.0,0.0,21.0,0.0,6.0,1.0,15.0,0.0,13.0,*,6259.0,492.0
M85149,ALUM ROCK MEDICAL CENTRE,U76419,WASHWOOD HEATH PCN,15E,E38000258,0.0,0.0,8.0,1.0,3.0,1.0,23.0,0.0,20.0,16.0,5349.0,474.0
M85153,WEATHER OAK MEDICAL CENTRE,U22471,SMARTCARE CENTRAL PCN,15E,E38000258,0.0,0.0,11.0,0.0,2.0,1.0,14.0,0.0,6.0,6.0,3801.0,307.0
M85154,FINCH ROAD PRIMARY CARE CENTRE,U44365,WEST BIRMINGHAM PCN,15E,E38000258,0.0,0.0,0.0,0.0,0.0,0.0,6.0,0.0,5.0,*,4091.0,399.0
M85155,KINGSTANDING CIRCLE SURGERY,U82305,GOSK PCN,15E,E38000258,0.0,0.0,11.0,0.0,5.0,1.0,33.0,0.0,30.0,8.0,5735.0,918.0
M85156,RIVER BROOK MEDICAL CENTRE,U88190,PERSHORE PCN,15E,E38000258,0.0,0.0,37.0,24.0,1.0,1.0,37.0,0.0,30.0,12.0,8573.0,1144.0
M85158,APOLLO SURGERY,U82305,GOSK PCN,15E,E38000258,0.0,0.0,11.0,0.0,1.0,0.0,4.0,0.0,4.0,*,1678.0,452.0
M85164,NEWPORT MEDICAL GROUP,U48923,SWB URBAN HEALTH PCN,15E,E38000258,0.0,0.0,1.0,1.0,0.0,1.0,47.0,0.0,26.0,15.0,12340.0,1242.0
M85167,UNIVERSITY MEDICAL PRACTICE,U46454,HARBORNE PCN,15E,E38000258,0.0,0.0,16.0,1.0,0.0,0.0,17.0,0.0,15.0,13.0,14581.0,742.0
M85170,GATE MEDICAL CENTRE,U76419,WASHWOOD HEATH PCN,15E,E38000258,0.0,0.0,1.0,0.0,0.0,1.0,17.0,0.0,8.0,*,4823.0,542.0
M85171,ROWLANDS ROAD SURGERY,U,Unallocated,15E,E38000258,0.0,0.0,7.0,4.0,1.0,0.0,8.0,0.0,4.0,*,2481.0,452.0
M85172,RIDGACRE HOUSE SURGERY,U79381,QUINTON AND HARBORNE PCN,15E,E38000258,0.0,0.0,57.0,5.0,2.0,2.0,68.0,2.0,62.0,43.0,11716.0,2234.0
M85174,THE BROOK SURGERY,U54948,"BALSALL HEATH, SPARKHILL & MOSELEY PCN",15E,E38000258,0.0,0.0,0.0,0.0,0.0,0.0,6.0,0.0,6.0,5.0,4192.0,389.0
M85175,THE HAWTHORNS SURGERY,U47609,ALLIANCE OF SUTTON PRACTICES PCN,15E,E38000258,0.0,0.0,29.0,0.0,0.0,3.0,97.0,0.0,85.0,37.0,7295.0,2992.0
M85176,KIRPAL MEDICAL PRACTICE,U25240,PEOPLE'S HEALTH PARTNERSHIP PCN,15E,E38000258,0.0,0.0,5.0,0.0,3.0,1.0,19.0,0.0,18.0,*,4787.0,540.0
M85177,SWANSWELL MEDICAL CENTRE,U25587,COMMUNITY CARE HALL GREEN PCN,15E,E38000258,0.0,0.0,15.0,0.0,1.0,0.0,13.0,0.0,9.0,7.0,5393.0,865.0
M85178,MODALITY BIRMINGHAM,U,Unallocated,15E,E38000258,0.0,0.0,83.0,8.0,35.0,15.0,169.0,0.0,147.0,122.0,36673.0,4128.0
M85179,MAYPOLE HEALTH SURGERY Y,U22471,SMARTCARE CENTRAL PCN,15E,E38000258,0.0,0.0,20.0,0.0,4.0,0.0,49.0,0.0,37.0,34.0,4158.0,936.0
M85600,REA VALLEY HEALTH PARTNERSHIP,U,Unallocated,15E,E38000258,0.0,0.0,50.0,0.0,11.0,3.0,69.0,0.0,25.0,20.0,13940.0,2142.0
M85624,PERRY PARK SURGERY,U82305,GOSK PCN,15E,E38000258,0.0,0.0,5.0,0.0,2.0,1.0,22.0,0.0,20.0,10.0,5490.0,950.0
M85634,HEATHFIELD FAMILY CENTRE,U65968,SWB I3 PCN,15E,E38000258,1.0,0.0,37.0,26.0,2.0,3.0,36.0,0.0,30.0,18.0,9319.0,898.0
M85642,CAVENDISH MEDICAL PRACTICE,U44365,WEST BIRMINGHAM PCN,15E,E38000258,0.0,0.0,8.0,1.0,1.0,0.0,26.0,0.0,17.0,*,5208.0,723.0
M85669,TUDOR PRACTICE STOCKLAND GREEN,U82305,GOSK PCN,15E,E38000258,0.0,0.0,1.0,0.0,0.0,0.0,28.0,0.0,27.0,20.0,6694.0,499.0
M85670,GREENFIELD MEDICAL CENTRE,U76419,WASHWOOD HEATH PCN,15E,E38000258,0.0,0.0,3.0,0.0,0.0,0.0,3.0,0.0,2.0,*,3439.0,241.0
M85676,VICTORIA ROAD MEDICAL CTR,U65968,SWB I3 PCN,15E,E38000258,0.0,0.0,4.0,0.0,0.0,1.0,16.0,0.0,13.0,6.0,5955.0,495.0
M85679,CHARLES ROAD SURGERY,U15552,SMALL HEATH PCN,15E,E38000258,0.0,0.0,4.0,0.0,0.0,0.0,8.0,0.0,3.0,*,5126.0,469.0
M85680,COTTERILS LANE SURGERY,U79003,"NECHELLS, SALTLEY & ALUM ROCK PCN",15E,E38000258,0.0,0.0,3.0,0.0,0.0,0.0,2.0,0.0,2.0,*,2607.0,136.0
M85684,CITY ROAD MEDICAL CENTRE,U25240,PEOPLE'S HEALTH PARTNERSHIP PCN,15E,E38000258,0.0,0.0,4.0,0.0,3.0,1.0,6.0,0.0,7.0,6.0,3930.0,163.0
M85686,DR KULSHRESTHA FAMILY PRACTICE,U44365,WEST BIRMINGHAM PCN,15E,E38000258,0.0,0.0,27.0,6.0,3.0,0.0,6.0,0.0,2.0,*,1310.0,174.0
M85693,FEATHERSTONE MEDICAL CENTRE,U88190,PERSHORE PCN,15E,E38000258,0.0,0.0,0.0,0.0,0.0,0.0,8.0,0.0,5.0,*,2014.0,367.0
M85694,GARRETTS GREEN LANE SURGERY,U46437,BORDESLEY EAST PCN,15E,E38000258,0.0,0.0,8.0,0.0,0.0,0.0,21.0,0.0,17.0,12.0,3327.0,507.0
M85697,CHURCH ROAD SURGERY,U65968,SWB I3 PCN,15E,E38000258,1.0,0.0,31.0,18.0,7.0,0.0,23.0,0.0,18.0,17.0,4506.0,506.0
M85699,COVENTRY ROAD MEDICAL CENTRE,U15552,SMALL HEATH PCN,15E,E38000258,0.0,0.0,7.0,0.0,0.0,2.0,14.0,0.0,15.0,11.0,4718.0,437.0
M85701,BURBURY MEDICAL CENTRE,U44365,WEST BIRMINGHAM PCN,15E,E38000258,0.0,0.0,5.0,0.0,1.0,1.0,7.0,0.0,7.0,*,4541.0,321.0
M85706,DRUID GROUP - EMC SURGERY,U79433,BIRMINGHAM EAST CENTRAL PCN,15E,E38000258,0.0,0.0,18.0,7.0,6.0,2.0,30.0,0.0,27.0,19.0,12615.0,1422.0
M85711,CITY HEALTH CENTRE,U44365,WEST BIRMINGHAM PCN,15E,E38000258,0.0,0.0,8.0,0.0,1.0,1.0,10.0,0.0,7.0,*,3865.0,278.0
M85713,HIGHGATE MEDICAL CENTRE,U54948,"BALSALL HEATH, SPARKHILL & MOSELEY PCN",15E,E38000258,0.0,0.0,4.0,0.0,2.0,2.0,19.0,0.0,17.0,7.0,5149.0,450.0
M85715,SOHO ROAD PRIMARY CARE CENTRE,U65968,SWB I3 PCN,15E,E38000258,5.0,0.0,25.0,0.0,5.0,0.0,28.0,0.0,25.0,19.0,10232.0,974.0
M85716,DR KHUROO'S PRACTICE,U43660,NORTH BIRMINGHAM PCN,15E,E38000258,0.0,0.0,14.0,0.0,5.0,1.0,20.0,0.0,19.0,14.0,4922.0,431.0
M85717,DOWNSFIELD MEDICAL CENTRE,U46437,BORDESLEY EAST PCN,15E,E38000258,0.0,0.0,4.0,1.0,0.0,0.0,8.0,0.0,6.0,*,3713.0,512.0
M85721,HOLYHEAD PRIMARY HEALTH CARE CENTRE,U25240,PEOPLE'S HEALTH PARTNERSHIP PCN,15E,E38000258,0.0,0.0,5.0,0.0,0.0,1.0,6.0,0.0,5.0,*,10866.0,472.0
M85722,NASEBY MEDICAL CENTRE,U79003,"NECHELLS, SALTLEY & ALUM ROCK PCN",15E,E38000258,0.0,0.0,1.0,0.0,1.0,0.0,6.0,0.0,6.0,*,4751.0,353.0
M85730,DOSKI MEDICAL PRACTICE,U,Unallocated,15E,E38000258,0.0,0.0,4.0,0.0,0.0,0.0,3.0,0.0,3.0,*,5103.0,532.0
M85732,BLOOMSBURY SURGERY,U18195,"KINGSTANDING, ERDINGTON & NECHELLS PCN",15E,E38000258,0.0,0.0,1.0,0.0,0.0,0.0,6.0,0.0,5.0,*,2266.0,199.0
M85733,MOOR GREEN LANE MEDICAL CENTRE,U88190,PERSHORE PCN,15E,E38000258,0.0,0.0,45.0,20.0,2.0,1.0,26.0,0.0,18.0,14.0,6399.0,840.0
M85735,GREET MEDICAL PRACTICE,U22471,SMARTCARE CENTRAL PCN,15E,E38000258,0.0,0.0,3.0,0.0,1.0,0.0,22.0,0.0,10.0,*,6273.0,402.0
M85736,ACOCKS GREEN MEDICAL CENTRE,U22471,SMARTCARE CENTRAL PCN,15E,E38000258,0.0,0.0,13.0,0.0,2.0,4.0,30.0,0.0,30.0,22.0,4783.0,500.0
M85739,PAK HEALTH CENTRE,U76419,WASHWOOD HEATH PCN,15E,E38000258,0.0,0.0,0.0,0.0,0.0,0.0,12.0,0.0,10.0,6.0,5036.0,326.0
M85746,MIRFIELD SURGERY,U72309,SHARD END AND KITTS GREEN PCN,15E,E38000258,0.0,0.0,16.0,3.0,3.0,0.0,16.0,1.0,13.0,5.0,4749.0,561.0
M85749,AUBREY ROAD MEDICAL CENTRE,U15552,SMALL HEATH PCN,15E,E38000258,0.0,0.0,1.0,0.0,0.0,0.0,3.0,0.0,2.0,*,2756.0,257.0
M85756,SPRINGFIELD MEDICAL PRACT,U54948,"BALSALL HEATH, SPARKHILL & MOSELEY PCN",15E,E38000258,0.0,0.0,5.0,1.0,0.0,0.0,5.0,0.0,4.0,*,2291.0,269.0
M85757,SOHO ROAD HEALTH CENTRE,U65968,SWB I3 PCN,15E,E38000258,0.0,0.0,2.0,0.0,1.0,0.0,6.0,0.0,6.0,*,3863.0,286.0
M85759,NECHELLS PRACTICE,U18195,"KINGSTANDING, ERDINGTON & NECHELLS PCN",15E,E38000258,0.0,0.0,15.0,2.0,0.0,1.0,14.0,1.0,13.0,11.0,6698.0,585.0
M85766,BALSALL HEATH HEALTH CENTRE (S),U54948,"BALSALL HEATH, SPARKHILL & MOSELEY PCN",15E,E38000258,0.0,0.0,1.0,1.0,0.0,2.0,8.0,0.0,9.0,*,4107.0,324.0
M85770,THE SHELDON MEDICAL CENTRE,U46437,BORDESLEY EAST PCN,15E,E38000258,0.0,0.0,8.0,0.0,0.0,0.0,13.0,0.0,12.0,9.0,1629.0,432.0
M85774,SPRINGFIELD SURGERY,U22471,SMARTCARE CENTRAL PCN,15E,E38000258,0.0,0.0,12.0,0.0,1.0,2.0,42.0,0.0,24.0,17.0,6929.0,518.0
M85778,HALCYON MEDICAL,U48923,SWB URBAN HEALTH PCN,15E,E38000258,0.0,0.0,7.0,0.0,1.0,1.0,3.0,0.0,3.0,*,17580.0,211.0
M85779,AYLESBURY SURGERY,U82305,GOSK PCN,15E,E38000258,0.0,0.0,6.0,0.0,1.0,0.0,24.0,0.0,20.0,19.0,2487.0,411.0
M85781,BORDESLEY GREEN SURGERY,U15552,SMALL HEATH PCN,15E,E38000258,0.0,0.0,9.0,0.0,2.0,0.0,6.0,0.0,5.0,*,3678.0,237.0
M85783,STRENSHAM ROAD SURGERY,U22471,SMARTCARE CENTRAL PCN,15E,E38000258,0.0,0.0,0.0,0.0,0.0,2.0,4.0,0.0,6.0,5.0,5390.0,343.0
M85792,COTMORE SURGERY,U18195,"KINGSTANDING, ERDINGTON & NECHELLS PCN",15E,E38000258,0.0,0.0,5.0,0.0,0.0,1.0,29.0,0.0,11.0,8.0,2564.0,782.0
M85794,"THE BALAJI SURGERY, THE SPARKBROOK CHC",U22471,SMARTCARE CENTRAL PCN,15E,E38000258,0.0,0.0,3.0,0.0,1.0,1.0,7.0,0.0,5.0,*,3937.0,285.0
M85797,HOCKLEY MEDICAL PRACTICE,U65968,SWB I3 PCN,15E,E38000258,0.0,0.0,6.0,0.0,0.0,3.0,14.0,0.0,13.0,9.0,12209.0,584.0
M85803,PEARL MEDICAL CENTRE,U79003,"NECHELLS, SALTLEY & ALUM ROCK PCN",15E,E38000258,0.0,1.0,141.0,33.0,4.0,1.0,8.0,0.0,9.0,7.0,10213.0,442.0
M86001,WILLENHALL PRIMARY CARE CENTRE - 1,U68252,SOWE VALLEY PCN,B2M3M,E38000251,0.0,0.0,16.0,3.0,2.0,2.0,41.0,0.0,33.0,22.0,6307.0,917.0
M86002,LONGFORD PRIMARY CARE CENTRE,U30256,SKYWARD PCN,B2M3M,E38000251,0.0,0.0,29.0,0.0,1.0,1.0,21.0,1.0,19.0,14.0,7087.0,1272.0
M86003,SKY BLUE MEDICAL GROUP,U58127,COVENTRY CENTRAL PCN,B2M3M,E38000251,0.0,0.0,32.0,0.0,12.0,3.0,64.0,1.0,50.0,47.0,14453.0,2595.0
M86004,ALLESLEY PARK MEDICAL CTR,U14922,CW UNITY PCN,B2M3M,E38000251,0.0,1.0,50.0,5.0,4.0,3.0,97.0,0.0,67.0,48.0,18811.0,2118.0
M86005,HILLFIELDS HEALTH CENTRE - 1,U29575,COVENTRY NAVIGATION 1 PCN,B2M3M,E38000251,0.0,0.0,12.0,0.0,0.0,0.0,11.0,0.0,5.0,5.0,5530.0,610.0
M86006,JUBILEE HEALTHCARE,U49145,GO WEST PCN,B2M3M,E38000251,1.0,0.0,53.0,1.0,25.0,1.0,114.0,1.0,45.0,40.0,8510.0,1659.0
M86007,PHOENIX FAMILY CARE,U,Unallocated,B2M3M,E38000251,0.0,0.0,6.0,0.0,3.0,0.0,47.0,1.0,35.0,31.0,4254.0,1534.0
M86008,THE GABLES MEDICENTRE,U07789,COVENTRY NORTH PCN,B2M3M,E38000251,0.0,0.0,55.0,1.0,1.0,2.0,36.0,0.0,2.0,*,8692.0,1620.0
M86009,ENGLETON HOUSE SURGERY,U14922,CW UNITY PCN,B2M3M,E38000251,1.0,1.0,38.0,1.0,4.0,0.0,59.0,0.0,44.0,36.0,23924.0,1590.0
M86010,FORREST MEDICAL CENTRE,U49145,GO WEST PCN,B2M3M,E38000251,0.0,0.0,20.0,1.0,1.0,10.0,93.0,1.0,79.0,75.0,11280.0,1788.0
M86012,PRIORY GATE PRACTICE,U29575,COVENTRY NAVIGATION 1 PCN,B2M3M,E38000251,0.0,0.0,31.0,0.0,2.0,1.0,21.0,0.0,15.0,14.0,10063.0,946.0
M86014,THE FORUM HEALTH CENTRE,U68252,SOWE VALLEY PCN,B2M3M,E38000251,0.0,0.0,66.0,0.0,10.0,1.0,101.0,0.0,44.0,38.0,17935.0,3441.0
M86015,KENYON MEDICAL CENTRES,U68252,SOWE VALLEY PCN,B2M3M,E38000251,0.0,0.0,49.0,0.0,2.0,1.0,172.0,0.0,127.0,78.0,11322.0,2344.0
M86016,GODIVA GROUP PRACTICE,U29575,COVENTRY NAVIGATION 1 PCN,B2M3M,E38000251,0.0,0.0,46.0,0.0,2.0,5.0,77.0,0.0,64.0,60.0,18774.0,2574.0
M86017,MANSFIELD MEDICAL CENTRE,U68252,SOWE VALLEY PCN,B2M3M,E38000251,0.0,0.0,15.0,0.0,5.0,3.0,38.0,1.0,30.0,20.0,9028.0,1464.0
M86018,MOSELEY AVENUE SURGERY,U07789,COVENTRY NORTH PCN,B2M3M,E38000251,0.0,0.0,13.0,0.0,1.0,4.0,69.0,2.0,63.0,29.0,9621.0,1941.0
M86019,WESTWOOD MEDICAL H/CENTRE,U49145,GO WEST PCN,B2M3M,E38000251,0.0,0.0,1.0,0.0,0.0,1.0,18.0,0.0,15.0,15.0,3233.0,884.0
M86020,WOOD END HEALTH CENTRE,U68252,SOWE VALLEY PCN,B2M3M,E38000251,0.0,0.0,14.0,1.0,3.0,0.0,21.0,0.0,19.0,12.0,7119.0,720.0
M86021,SPRINGFIELD MEDICAL PRACTICE,U07789,COVENTRY NORTH PCN,B2M3M,E38000251,0.0,0.0,14.0,0.0,4.0,1.0,32.0,0.0,23.0,16.0,5948.0,1327.0
M86027,CHEYLESMORE SURGERY,U29575,COVENTRY NAVIGATION 1 PCN,B2M3M,E38000251,0.0,0.0,13.0,1.0,2.0,3.0,27.0,3.0,19.0,8.0,12758.0,1596.0
M86028,CENTRAL MEDICAL CENTRE,U29575,COVENTRY NAVIGATION 1 PCN,B2M3M,E38000251,0.0,0.0,15.0,7.0,1.0,2.0,37.0,0.0,31.0,28.0,3031.0,461.0
M86029,BROOMFIELD PARK MED.CTR.,U14922,CW UNITY PCN,B2M3M,E38000251,0.0,1.0,24.0,3.0,2.0,2.0,90.0,0.0,57.0,48.0,16692.0,2025.0
M86030,KENSINGTON ROAD SURGERY,U49145,GO WEST PCN,B2M3M,E38000251,0.0,0.0,23.0,0.0,9.0,1.0,38.0,2.0,32.0,22.0,4278.0,963.0
M86032,HOLBROOKS HEALTH TEAM,U30256,SKYWARD PCN,B2M3M,E38000251,0.0,0.0,51.0,0.0,19.0,6.0,118.0,0.0,108.0,95.0,11051.0,1503.0
M86033,WILLENHAL OAK MEDICAL CENTRE,U68252,SOWE VALLEY PCN,B2M3M,E38000251,0.0,0.0,16.0,0.0,1.0,2.0,37.0,0.0,28.0,18.0,3987.0,629.0
M86034,WOODSIDE MEDICAL CENTRE,U49145,GO WEST PCN,B2M3M,E38000251,0.0,0.0,27.0,0.0,2.0,5.0,142.0,0.0,137.0,114.0,7730.0,2177.0
M86035,HENLEY GREEN MEDICAL CENTRE,U68252,SOWE VALLEY PCN,B2M3M,E38000251,0.0,0.0,18.0,1.0,3.0,0.0,22.0,0.0,16.0,14.0,7182.0,1152.0
M86037,QUINTON PARK MEDICAL CENTRE,U58127,COVENTRY CENTRAL PCN,B2M3M,E38000251,0.0,1.0,6.0,0.0,0.0,0.0,15.0,0.0,11.0,5.0,3003.0,628.0
M86038,BREDON AVENUE SURGERY,U58127,COVENTRY CENTRAL PCN,B2M3M,E38000251,0.0,0.0,4.0,0.0,0.0,0.0,12.0,0.0,9.0,*,1936.0,695.0
M86039,ALLESLEY VILLAGE SURGERY,U07789,COVENTRY NORTH PCN,B2M3M,E38000251,0.0,0.0,21.0,0.0,0.0,2.0,50.0,0.0,23.0,12.0,3601.0,1193.0
M86040,WALSGRAVE HEALTH CENTRE,U68252,SOWE VALLEY PCN,B2M3M,E38000251,0.0,0.0,19.0,0.0,4.0,1.0,21.0,1.0,15.0,15.0,2952.0,681.0
M86041,CLAY LANE MEDICAL PRACTICE,U29575,COVENTRY NAVIGATION 1 PCN,B2M3M,E38000251,0.0,1.0,20.0,6.0,5.0,4.0,39.0,0.0,35.0,34.0,9306.0,1063.0
M86044,PARK HOUSE,U,Unallocated,B2M3M,E38000251,0.0,0.0,11.0,1.0,2.0,0.0,5.0,0.0,4.0,*,3938.0,559.0
M86045,PARADISE MEDICAL CENTRE,U29575,COVENTRY NAVIGATION 1 PCN,B2M3M,E38000251,0.0,0.0,10.0,0.0,3.0,2.0,18.0,0.0,16.0,10.0,6423.0,970.0
M86046,COPSEWOOD MEDICAL CENTRE,U68252,SOWE VALLEY PCN,B2M3M,E38000251,0.0,0.0,15.0,0.0,0.0,2.0,83.0,0.0,55.0,51.0,4443.0,892.0
M86048,WINDMILL SURGERY,U,Unallocated,B2M3M,E38000251,0.0,0.0,13.0,1.0,1.0,0.0,12.0,0.0,10.0,9.0,7287.0,770.0
M86605,LIMBRICK WOOD SURGERY,U49145,GO WEST PCN,B2M3M,E38000251,0.0,0.0,5.0,0.0,3.0,0.0,20.0,0.0,13.0,10.0,2412.0,634.0
M86610,ST GEORGES ROAD SURGERY,U30256,SKYWARD PCN,B2M3M,E38000251,0.0,0.0,11.0,0.0,5.0,0.0,4.0,0.0,3.0,*,8237.0,241.0
M86612,GEORGE ELIOT MEDICAL CENTRE,U30256,SKYWARD PCN,B2M3M,E38000251,0.0,0.0,5.0,0.0,0.0,0.0,8.0,1.0,5.0,5.0,3728.0,290.0
M86617,HILLFIELDS - DR BANO,U29575,COVENTRY NAVIGATION 1 PCN,B2M3M,E38000251,0.0,0.0,10.0,1.0,1.0,1.0,11.0,0.0,12.0,10.0,4166.0,538.0
M86622,GOVIND HEALTH CENTRE,U07789,COVENTRY NORTH PCN,B2M3M,E38000251,0.0,0.0,2.0,0.0,0.0,1.0,16.0,0.0,1.0,*,2599.0,666.0
M86624,COVENTRY GP GROUP OF PRACTICES,U58127,COVENTRY CENTRAL PCN,B2M3M,E38000251,0.0,1.0,15.0,1.0,7.0,2.0,41.0,0.0,32.0,28.0,12011.0,1051.0
M86627,STOKE ALDERMOOR MED CTRE,U,Unallocated,B2M3M,E38000251,0.0,0.0,13.0,0.0,6.0,1.0,11.0,0.0,9.0,7.0,6276.0,424.0
M86633,EDGWICK MEDICAL CENTRE,U29575,COVENTRY NAVIGATION 1 PCN,B2M3M,E38000251,0.0,0.0,2.0,0.0,0.0,0.0,7.0,0.0,6.0,*,5306.0,373.0
M86638,WOODWAY MEDICAL CENTRE,U,Unallocated,B2M3M,E38000251,0.0,0.0,24.0,5.0,1.0,1.0,25.0,1.0,21.0,14.0,5762.0,1210.0
M87001,MEADOWBROOK SURGERY,U,Unallocated,D2P2L,E38000259,0.0,0.0,34.0,0.0,0.0,5.0,50.0,1.0,27.0,10.0,4558.0,1868.0
M87003,MOSS GROVE SURGERY,U66484,KINGSWINFORD & WORDSLEY PCN,D2P2L,E38000259,0.0,0.0,74.0,9.0,4.0,0.0,157.0,0.0,23.0,20.0,13094.0,5590.0
M87005,THREE VILLAGES MEDICAL PRACTICE,U66146,BRIERLEY HILL PCN,D2P2L,E38000259,0.0,1.0,114.0,5.0,1.0,2.0,83.0,0.0,4.0,*,10450.0,2735.0
M87006,EVE HILL MEDICAL PRACTICE,U06610,DUDLEY AND NETHERTON PCN,D2P2L,E38000259,0.0,0.0,48.0,1.0,0.0,1.0,42.0,0.0,3.0,*,7350.0,1491.0
M87007,THE RIDGEWAY SURGERY,U88368,"SEDGLEY, COSELEY & GORNAL PCN",D2P2L,E38000259,0.0,0.0,149.0,10.0,0.0,3.0,91.0,2.0,7.0,6.0,9259.0,2812.0
M87008,KINGSWINFORD MEDICAL PRACTICE,U66484,KINGSWINFORD & WORDSLEY PCN,D2P2L,E38000259,0.0,0.0,88.0,3.0,2.0,3.0,54.0,0.0,12.0,10.0,6776.0,2008.0
M87009,AW SURGERIES,U66146,BRIERLEY HILL PCN,D2P2L,E38000259,0.0,0.0,55.0,2.0,0.0,2.0,77.0,0.0,3.0,*,13583.0,3184.0
M87010,THE WATERFRONT SURGERY,U66146,BRIERLEY HILL PCN,D2P2L,E38000259,0.0,0.0,43.0,3.0,0.0,2.0,38.0,0.0,1.0,*,7652.0,1488.0
M87011,LION HEALTH,U18020,"STOURBRIDGE, WOLLESCOTE & LYE PCN",D2P2L,E38000259,0.0,0.0,125.0,25.0,3.0,1.0,207.0,0.0,3.0,*,19975.0,6993.0
M87012,THE GREENS HEALTH CENTRE,U88368,"SEDGLEY, COSELEY & GORNAL PCN",D2P2L,E38000259,2.0,0.0,31.0,14.0,1.0,3.0,25.0,1.0,22.0,18.0,6348.0,969.0
M87013,TANDON MEDICAL CENTRE (ORAM & PARTNERS),U11746,SWB NEWCOMEN PCN,D2P2L,E38000259,0.0,0.0,32.0,1.0,9.0,6.0,55.0,0.0,40.0,12.0,9702.0,1675.0
M87014,LAPAL MEDICAL PRACTICE,U55441,HALESOWEN PCN,D2P2L,E38000259,0.0,0.0,58.0,1.0,0.0,1.0,54.0,0.0,3.0,*,6222.0,1888.0
M87015,LOWER GORNAL MEDICAL PRACTICE,U88368,"SEDGLEY, COSELEY & GORNAL PCN",D2P2L,E38000259,0.0,0.0,54.0,4.0,4.0,0.0,70.0,0.0,2.0,*,5842.0,2028.0
M87016,WOODSETTON MEDICAL CENTRE,U88368,"SEDGLEY, COSELEY & GORNAL PCN",D2P2L,E38000259,1.0,0.0,41.0,1.0,1.0,1.0,49.0,0.0,1.0,*,5609.0,1519.0
M87017,STEPPINGSTONES MEDICAL PRACTICE,U06610,DUDLEY AND NETHERTON PCN,D2P2L,E38000259,0.0,0.0,15.0,4.0,1.0,0.0,41.0,0.0,6.0,6.0,7174.0,1256.0
M87018,THE SUMMERHILL SURGERY,U66484,KINGSWINFORD & WORDSLEY PCN,D2P2L,E38000259,0.0,0.0,287.0,3.0,4.0,10.0,483.0,0.0,298.0,290.0,5066.0,2319.0
M87019,THE LIMES SURGERY MEDICAL CENTRE,U18020,"STOURBRIDGE, WOLLESCOTE & LYE PCN",D2P2L,E38000259,0.0,0.0,17.0,1.0,0.0,2.0,21.0,0.0,3.0,*,4441.0,1175.0
M87020,FELDON LANE PRACTICE,U55441,HALESOWEN PCN,D2P2L,E38000259,1.0,0.0,63.0,14.0,1.0,0.0,72.0,0.0,10.0,7.0,7115.0,2065.0
M87021,COSELEY MEDICAL CENTRE,U88368,"SEDGLEY, COSELEY & GORNAL PCN",D2P2L,E38000259,0.0,1.0,67.0,4.0,2.0,1.0,53.0,0.0,15.0,15.0,8301.0,1677.0
M87023,WORDSLEY GREEN HEALTH CENTRE,U66484,KINGSWINFORD & WORDSLEY PCN,D2P2L,E38000259,0.0,0.0,53.0,0.0,0.0,0.0,64.0,1.0,12.0,12.0,7698.0,2329.0
M87024,WYCHBURY MEDICAL GROUP,U18020,"STOURBRIDGE, WOLLESCOTE & LYE PCN",D2P2L,E38000259,1.0,1.0,138.0,21.0,5.0,4.0,139.0,0.0,5.0,5.0,18005.0,4841.0
M87025,LIMESTONE SURGERY,U06610,DUDLEY AND NETHERTON PCN,D2P2L,E38000259,2.0,1.0,44.0,20.0,8.0,0.0,27.0,0.0,1.0,*,3768.0,884.0
M87026,ST JAMES MEDICAL PRACTICE2,U06610,DUDLEY AND NETHERTON PCN,D2P2L,E38000259,0.0,0.0,34.0,6.0,2.0,1.0,41.0,2.0,7.0,6.0,5064.0,915.0
M87027,QUARRY BANK MEDICAL CENTRE,U66146,BRIERLEY HILL PCN,D2P2L,E38000259,2.0,2.0,55.0,11.0,1.0,2.0,21.0,3.0,8.0,6.0,3707.0,793.0
M87028,ANCHOR MEDICAL PRACTICE,U06610,DUDLEY AND NETHERTON PCN,D2P2L,E38000259,0.0,0.0,78.0,2.0,1.0,1.0,50.0,0.0,9.0,7.0,8213.0,1505.0
M87030,PEDMORE MEDICAL PRACTICE,U18020,"STOURBRIDGE, WOLLESCOTE & LYE PCN",D2P2L,E38000259,0.0,0.0,31.0,2.0,0.0,2.0,36.0,1.0,11.0,11.0,3448.0,1096.0
M87034,CLEMENT ROAD MEDICAL PRACTICE,U55441,HALESOWEN PCN,D2P2L,E38000259,0.0,0.0,13.0,0.0,1.0,3.0,31.0,0.0,8.0,7.0,4961.0,858.0
M87036,BEAN MEDICAL PRACTICE,U06610,DUDLEY AND NETHERTON PCN,D2P2L,E38000259,0.0,0.0,43.0,4.0,2.0,1.0,9.0,2.0,3.0,*,3220.0,393.0
M87037,NORTHWAY MEDICAL CENTRE,U88368,"SEDGLEY, COSELEY & GORNAL PCN",D2P2L,E38000259,0.0,2.0,54.0,5.0,0.0,2.0,81.0,0.0,9.0,9.0,6355.0,1919.0
M87041,RANGEWAYS ROAD SURGERY,U66484,KINGSWINFORD & WORDSLEY PCN,D2P2L,E38000259,0.0,0.0,32.0,1.0,0.0,0.0,46.0,0.0,9.0,7.0,5034.0,1239.0
M87601,KEELINGE HOUSE,U06610,DUDLEY AND NETHERTON PCN,D2P2L,E38000259,0.0,0.0,12.0,0.0,0.0,2.0,30.0,0.0,21.0,16.0,5904.0,840.0
M87602,HALESOWEN MEDICAL PRACTICE,U55441,HALESOWEN PCN,D2P2L,E38000259,0.0,0.0,56.0,2.0,0.0,3.0,78.0,0.0,14.0,10.0,7880.0,2123.0
M87605,CENTRAL CLINIC,U06610,DUDLEY AND NETHERTON PCN,D2P2L,E38000259,0.0,0.0,2.0,0.0,0.0,0.0,10.0,1.0,8.0,6.0,4238.0,431.0
M87612,ST JAMES MEDICAL PRACTICE1,U06610,DUDLEY AND NETHERTON PCN,D2P2L,E38000259,0.0,0.0,7.0,2.0,0.0,0.0,12.0,0.0,6.0,6.0,2014.0,443.0
M87617,LINKS MEDICAL PRACTICE,U06610,DUDLEY AND NETHERTON PCN,D2P2L,E38000259,0.0,0.0,24.0,0.0,1.0,1.0,15.0,0.0,0.0,*,5653.0,590.0
M87618,QUINCY RISE SURGERY,U66146,BRIERLEY HILL PCN,D2P2L,E38000259,0.0,0.0,9.0,0.0,2.0,1.0,10.0,0.0,0.0,*,2397.0,609.0
M87620,CASTLE MEADOWS SURGERY,U88368,"SEDGLEY, COSELEY & GORNAL PCN",D2P2L,E38000259,0.0,0.0,36.0,5.0,0.0,3.0,21.0,0.0,2.0,*,5931.0,856.0
M87621,BATH STREET MEDICAL CENTRE,U,Unallocated,D2P2L,E38000259,0.0,0.0,18.0,1.0,0.0,1.0,10.0,0.0,7.0,*,1893.0,342.0
M87623,ALEXANDRA MEDICAL CENTRE,U55441,HALESOWEN PCN,D2P2L,E38000259,0.0,0.0,7.0,5.0,0.0,1.0,9.0,0.0,1.0,*,2786.0,403.0
M87628,CHAPEL STREET MEDICAL CENTRE,U18020,"STOURBRIDGE, WOLLESCOTE & LYE PCN",D2P2L,E38000259,0.0,0.0,79.0,6.0,2.0,3.0,535.0,0.0,83.0,80.0,2715.0,1089.0
M87638,THORNS ROAD SURGERY,U66146,BRIERLEY HILL PCN,D2P2L,E38000259,0.0,0.0,31.0,5.0,0.0,0.0,20.0,0.0,7.0,*,2998.0,829.0
M88001,THE VILLAGE MEDICAL CENTRE,U31548,HEALTH VISION PARTNERSHIP PCN,D2P2L,E38000259,0.0,0.0,61.0,6.0,18.0,7.0,116.0,0.0,100.0,67.0,9056.0,1488.0
M88002,THE SMETHWICK MEDICAL CENTRE,U25735,SWB CITRUS PCN,D2P2L,E38000259,0.0,0.0,16.0,4.0,8.0,2.0,36.0,0.0,28.0,28.0,7876.0,1002.0
M88003,WARLEY MEDICAL CENTRE,U11746,SWB NEWCOMEN PCN,D2P2L,E38000259,0.0,0.0,70.0,2.0,6.0,2.0,74.0,0.0,62.0,52.0,9346.0,2419.0
M88004,REGIS MEDICAL CENTRE,U32116,SWB YOUR HEALTH PARTNERSHIP PCN,D2P2L,E38000259,0.0,0.0,214.0,0.0,18.0,17.0,364.0,5.0,329.0,304.0,33343.0,6623.0
M88006,CAPE HILL MEDICAL CENTRE,U57294,SWB CARITAS PCN,D2P2L,E38000259,0.0,0.0,17.0,1.0,7.0,8.0,94.0,0.0,59.0,55.0,10880.0,1125.0
M88007,OAKESWELL HEALTH CENTRE,U54044,SWB CENTRAL HEALTH PARTNERSHIPS PCN,D2P2L,E38000259,1.0,0.0,33.0,1.0,5.0,3.0,77.0,0.0,67.0,39.0,7857.0,1896.0
M88008,STONE CROSS MEDICAL CENTRE,U31548,HEALTH VISION PARTNERSHIP PCN,D2P2L,E38000259,0.0,0.0,64.0,24.0,0.0,0.0,28.0,0.0,13.0,13.0,4034.0,945.0
M88009,NORVIC FAMILY PRACTICE,U,Unallocated,D2P2L,E38000259,0.0,0.0,50.0,15.0,0.0,5.0,52.0,0.0,50.0,40.0,8249.0,1278.0
M88010,SWANPOOL MEDICAL CENTRE,U31548,HEALTH VISION PARTNERSHIP PCN,D2P2L,E38000259,0.0,0.0,14.0,0.0,0.0,0.0,41.0,0.0,22.0,22.0,7552.0,1359.0
M88013,BLACK COUNTRY FAMILY PRACTICE,U25735,SWB CITRUS PCN,D2P2L,E38000259,0.0,0.0,52.0,1.0,17.0,3.0,65.0,2.0,49.0,49.0,11649.0,2214.0
M88014,DR GUDI PV & PARTNER,U54044,SWB CENTRAL HEALTH PARTNERSHIPS PCN,D2P2L,E38000259,0.0,0.0,13.0,0.0,0.0,3.0,27.0,0.0,27.0,25.0,5915.0,890.0
M88015,GREAT BARR PRACTICE,U54044,SWB CENTRAL HEALTH PARTNERSHIPS PCN,D2P2L,E38000259,0.0,0.0,27.0,0.0,2.0,4.0,61.0,1.0,27.0,26.0,8864.0,1621.0
M88016,OLD HILL MEDICAL CENTRE,U25735,SWB CITRUS PCN,D2P2L,E38000259,0.0,0.0,16.0,0.0,1.0,1.0,20.0,0.0,16.0,13.0,3356.0,464.0
M88018,OLDBURY HEALTH CENTRE,U45156,OLDBURY & SMETHWICK PCN,D2P2L,E38000259,0.0,0.0,113.0,9.0,12.0,12.0,223.0,1.0,103.0,67.0,18806.0,3263.0
M88019,BEARWOOD ROAD SURGERY,U,Unallocated,D2P2L,E38000259,0.0,0.0,8.0,0.0,0.0,0.0,4.0,0.0,3.0,*,2571.0,304.0
M88020,SHERWOOD HOUSE MEDICAL PRACTICE,U46454,HARBORNE PCN,15E,E38000258,0.0,0.0,33.0,3.0,5.0,1.0,55.0,0.0,23.0,19.0,9932.0,2477.0
M88021,SCOTT ARMS MEDICAL CENTRE,U31548,HEALTH VISION PARTNERSHIP PCN,D2P2L,E38000259,0.0,0.0,168.0,1.0,2.0,0.0,96.0,0.0,90.0,74.0,8534.0,2408.0
M88022,JUBILEE HEALTH CENTRE,U31548,HEALTH VISION PARTNERSHIP PCN,D2P2L,E38000259,0.0,0.0,8.0,0.0,1.0,2.0,42.0,0.0,31.0,17.0,2809.0,796.0
M88023,TAME VALLEY MEDICAL CENTRE,U31548,HEALTH VISION PARTNERSHIP PCN,D2P2L,E38000259,0.0,0.0,23.0,0.0,0.0,2.0,25.0,0.0,20.0,16.0,5824.0,862.0
M88026,PORTWAY FAMILY PRACTICE,U25735,SWB CITRUS PCN,D2P2L,E38000259,0.0,0.0,28.0,0.0,0.0,1.0,27.0,0.0,12.0,10.0,7343.0,1049.0
M88030,CHURCH VIEW SURGERY,U11746,SWB NEWCOMEN PCN,D2P2L,E38000259,0.0,0.0,32.0,0.0,12.0,5.0,54.0,1.0,51.0,44.0,4721.0,1323.0
M88035,NEW STREET SURGERY,U,Unallocated,D2P2L,E38000259,0.0,0.0,14.0,1.0,3.0,0.0,26.0,0.0,21.0,17.0,2929.0,493.0
M88038,LINKWAY MEDICAL PRACTICE,U,Unallocated,D2P2L,E38000259,1.0,2.0,107.0,4.0,17.0,9.0,150.0,0.0,123.0,111.0,11443.0,2287.0
M88040,ST PAUL'S MEDICAL PRACTICE,U45156,OLDBURY & SMETHWICK PCN,D2P2L,E38000259,0.0,0.0,12.0,1.0,3.0,1.0,37.0,3.0,24.0,14.0,5694.0,817.0
M88041,HAWTHORNS MEDICAL CENTRE,U45156,OLDBURY & SMETHWICK PCN,D2P2L,E38000259,0.0,0.0,3.0,0.0,0.0,0.0,13.0,0.0,11.0,5.0,3528.0,256.0
M88042,BEARWOOD MEDICAL CENTRE,U45156,OLDBURY & SMETHWICK PCN,D2P2L,E38000259,0.0,0.0,7.0,1.0,1.0,1.0,17.0,0.0,15.0,14.0,5951.0,560.0
M88043,HADEN VALE SURGERY,U25735,SWB CITRUS PCN,D2P2L,E38000259,0.0,0.0,64.0,5.0,5.0,1.0,29.0,0.0,20.0,17.0,7422.0,1167.0
M88600,THE VICTORIA SURGERY,U11746,SWB NEWCOMEN PCN,D2P2L,E38000259,0.0,0.0,5.0,0.0,1.0,2.0,31.0,0.0,33.0,27.0,4078.0,541.0
M88610,SAREPHED MEDICAL CENTRE,U,Unallocated,D2P2L,E38000259,0.0,0.0,14.0,2.0,3.0,1.0,12.0,0.0,12.0,8.0,4453.0,351.0
M88612,GLEBEFIELDS SURGERY,U11746,SWB NEWCOMEN PCN,D2P2L,E38000259,0.0,0.0,24.0,0.0,4.0,1.0,31.0,0.0,22.0,10.0,3173.0,615.0
M88616,GREAT BRIDGE PSHIP FOR HEALTH,U54044,SWB CENTRAL HEALTH PARTNERSHIPS PCN,D2P2L,E38000259,0.0,0.0,42.0,2.0,2.0,10.0,107.0,0.0,72.0,46.0,14465.0,2120.0
M88618,"WALFORD STREET, TIVIDALE",U45156,OLDBURY & SMETHWICK PCN,D2P2L,E38000259,0.0,0.0,5.0,0.0,0.0,3.0,3.0,0.0,4.0,*,1856.0,306.0
M88619,DR ARORA RK,U,Unallocated,D2P2L,E38000259,0.0,0.0,65.0,6.0,5.0,2.0,74.0,0.0,57.0,54.0,9733.0,1542.0
M88620,CAUSEWAY GREEN ROAD SURGERY,U45156,OLDBURY & SMETHWICK PCN,D2P2L,E38000259,0.0,0.0,14.0,0.0,1.0,0.0,18.0,0.0,16.0,16.0,3311.0,356.0
M88625,ST PAUL'S PARTNERSHIP - LYNG MEDICAL,U45156,OLDBURY & SMETHWICK PCN,D2P2L,E38000259,0.0,0.0,9.0,0.0,0.0,0.0,19.0,0.0,17.0,14.0,3012.0,408.0
M88626,DR UI HAQUE N,U54044,SWB CENTRAL HEALTH PARTNERSHIPS PCN,D2P2L,E38000259,0.0,0.0,4.0,0.0,2.0,1.0,30.0,0.0,25.0,23.0,3213.0,408.0
M88628,DR SINGH M,U54044,SWB CENTRAL HEALTH PARTNERSHIPS PCN,D2P2L,E38000259,0.0,0.0,6.0,0.0,0.0,0.0,15.0,0.0,14.0,5.0,3049.0,484.0
M88630,CLIFTON LANE MEDICAL CENTRE,U31548,HEALTH VISION PARTNERSHIP PCN,D2P2L,E38000259,0.0,0.0,29.0,2.0,1.0,1.0,23.0,0.0,12.0,12.0,4603.0,681.0
M88633,LODGE ROAD SURGERY,U54044,SWB CENTRAL HEALTH PARTNERSHIPS PCN,D2P2L,E38000259,0.0,0.0,18.0,1.0,0.0,2.0,31.0,0.0,25.0,17.0,6542.0,744.0
M88635,DOG KENNEL LANE SURGERY,U45156,OLDBURY & SMETHWICK PCN,D2P2L,E38000259,0.0,0.0,16.0,0.0,1.0,1.0,9.0,1.0,8.0,*,1815.0,344.0
M88639,ST PAULS PARTNERS,U45156,OLDBURY & SMETHWICK PCN,D2P2L,E38000259,0.0,0.0,11.0,3.0,0.0,1.0,19.0,0.0,14.0,7.0,3201.0,346.0
M88640,WARLEY ROAD SURGERY,U45156,OLDBURY & SMETHWICK PCN,D2P2L,E38000259,0.0,0.0,10.0,1.0,0.0,2.0,21.0,0.0,18.0,14.0,3773.0,548.0
M88643,THE SPIRES HEALTH CENTRE,U11746,SWB NEWCOMEN PCN,D2P2L,E38000259,0.0,0.0,17.0,0.0,1.0,6.0,32.0,0.0,16.0,9.0,4742.0,774.0
M88645,HILL TOP MEDICAL CENTRE,U57294,SWB CARITAS PCN,D2P2L,E38000259,0.0,0.0,16.0,0.0,2.0,2.0,34.0,0.0,26.0,16.0,7750.0,1286.0
M88646,DR DEWAN VK,U45156,OLDBURY & SMETHWICK PCN,D2P2L,E38000259,0.0,0.0,3.0,0.0,1.0,3.0,10.0,0.0,2.0,*,2412.0,343.0
M88647,ROOD END MEDICAL PRACTICE,U57294,SWB CARITAS PCN,D2P2L,E38000259,0.0,0.0,11.0,1.0,5.0,0.0,12.0,0.0,11.0,9.0,5832.0,462.0
M89001,PARKFIELD MEDICAL CENTRE,U,Unallocated,15E,E38000258,0.0,0.0,23.0,5.0,2.0,0.0,19.0,0.0,11.0,8.0,2790.0,854.0
M89002,KINGSHURST MEDICAL PRACTICE,U,Unallocated,15E,E38000258,0.0,0.0,21.0,0.0,1.0,1.0,17.0,0.0,15.0,8.0,5646.0,845.0
M89003,GPS HEALTHCARE,U,Unallocated,15E,E38000258,0.0,1.0,251.0,27.0,7.0,8.0,426.0,0.0,295.0,247.0,30106.0,9001.0
M89005,ST. MARGARETS MEDICAL PRACTICE,U00351,SOLIHULL SOUTH CENTRAL PCN,15E,E38000258,0.0,0.0,72.0,3.0,1.0,3.0,74.0,0.0,52.0,44.0,6736.0,1954.0
M89007,RICHMOND MEDICAL CENTRE,U00351,SOLIHULL SOUTH CENTRAL PCN,15E,E38000258,0.0,0.0,14.0,0.0,1.0,1.0,54.0,0.0,29.0,24.0,5733.0,1174.0
M89008,BOSWORTH MEDICAL GROUP,U,Unallocated,15E,E38000258,0.0,0.0,106.0,20.0,11.0,7.0,86.0,0.0,64.0,52.0,11425.0,2207.0
M89009,MANOR HOUSE LANE SURGERY,U,Unallocated,15E,E38000258,0.0,0.0,61.0,8.0,2.0,1.0,54.0,2.0,30.0,23.0,9218.0,1968.0
M89010,DORRIDGE SURGERY,U41928,SOLIHULL RURAL PCN,15E,E38000258,0.0,0.0,43.0,6.0,4.0,2.0,76.0,0.0,60.0,25.0,8000.0,2875.0
M89012,CROFT MEDICAL CENTRE,U,Unallocated,15E,E38000258,1.0,0.0,57.0,7.0,3.0,0.0,143.0,0.0,112.0,91.0,9695.0,1616.0
M89013,ARRAN MEDICAL CENTRE,U,Unallocated,15E,E38000258,0.0,0.0,17.0,0.0,0.0,1.0,15.0,0.0,10.0,9.0,5613.0,659.0
M89015,NORTHBROOK HEALTH CENTRE,U25587,COMMUNITY CARE HALL GREEN PCN,15E,E38000258,0.0,0.0,89.0,4.0,14.0,2.0,104.0,2.0,87.0,72.0,9794.0,2598.0
M89016,BALSALL COMMON & MERIDEN GROUP PRACTICE,U41928,SOLIHULL RURAL PCN,15E,E38000258,0.0,0.0,57.0,2.0,0.0,2.0,140.0,0.0,113.0,88.0,9180.0,3368.0
M89017,SOLIHULL HEALTHCARE PARTNERSHIP,U45528,SOLIHULL HEALTHCARE PARTNERSHIP PCN,15E,E38000258,1.0,0.0,127.0,10.0,8.0,14.0,624.0,0.0,402.0,261.0,44795.0,11883.0
M89019,HOBS MOAT MEDICAL CENTRE,U00351,SOLIHULL SOUTH CENTRAL PCN,15E,E38000258,0.0,0.0,38.0,5.0,6.0,1.0,75.0,0.0,57.0,15.0,9618.0,1784.0
M89021,COVENTRY ROAD PRACTICE,U,Unallocated,15E,E38000258,0.0,0.0,24.0,2.0,2.0,1.0,22.0,0.0,21.0,17.0,3892.0,1013.0
M89024,GRAFTON ROAD SURGERY,U00351,SOLIHULL SOUTH CENTRAL PCN,15E,E38000258,0.0,0.0,22.0,3.0,0.0,0.0,15.0,0.0,12.0,11.0,3256.0,781.0
M89026,THE CASTLE PRACTICE,U,Unallocated,15E,E38000258,0.0,0.0,56.0,3.0,17.0,0.0,63.0,0.0,57.0,38.0,8367.0,2206.0
M89027,GREEN LANE SURGERY,U,Unallocated,15E,E38000258,0.0,0.0,28.0,2.0,3.0,0.0,43.0,2.0,40.0,28.0,7465.0,1130.0
M89030,ARDEN MEDICAL CENTRE,U41928,SOLIHULL RURAL PCN,15E,E38000258,0.0,0.0,23.0,2.0,0.0,2.0,34.0,0.0,24.0,14.0,4544.0,1611.0
M89608,HAMPTON SURGERY,U41928,SOLIHULL RURAL PCN,15E,E38000258,0.0,1.0,16.0,1.0,2.0,0.0,37.0,0.0,35.0,28.0,2946.0,900.0
M91003,SINA HEALTH CENTRE,U01577,WALSALL WEST 2 PCN,D2P2L,E38000259,0.0,1.0,21.0,0.0,6.0,1.0,37.0,1.0,30.0,8.0,5421.0,1494.0
M91004,ST PETER'S SURGERY,U60845,WALSALL SOUTH 2 PCN,D2P2L,E38000259,0.0,0.0,23.0,1.0,1.0,4.0,50.0,0.0,29.0,18.0,8539.0,1120.0
M91006,PARKSIDE MEDICAL PRACTICE,U77416,WALSALL EAST 1 PCN,D2P2L,E38000259,0.0,3.0,56.0,46.0,2.0,3.0,31.0,0.0,16.0,5.0,3715.0,707.0
M91007,ST JOHN'S MEDICAL CENTRE,U77416,WALSALL EAST 1 PCN,D2P2L,E38000259,0.0,0.0,42.0,0.0,1.0,6.0,162.0,0.0,138.0,113.0,6380.0,2108.0
M91008,LITTLE LONDON SURGERY,U86881,WALSALL SOUTH 1 PCN,D2P2L,E38000259,2.0,0.0,59.0,10.0,1.0,5.0,77.0,0.0,64.0,27.0,8325.0,1200.0
M91009,STREETS CORNER SURGERY,U77416,WALSALL EAST 1 PCN,D2P2L,E38000259,0.0,0.0,25.0,2.0,3.0,2.0,41.0,0.0,35.0,*,4332.0,1322.0
M91010,PORTLAND MEDICAL PRACTICE,U73923,WALSALL EAST 2 PCN,D2P2L,E38000259,0.0,0.0,58.0,0.0,2.0,1.0,106.0,0.0,77.0,70.0,6569.0,2283.0
M91013,LOCKFIELD SURGERY,U01577,WALSALL WEST 2 PCN,D2P2L,E38000259,0.0,0.0,33.0,2.0,2.0,4.0,143.0,1.0,98.0,59.0,8535.0,1987.0
M91014,BRACE STREET HEALTH CENTRE,U86881,WALSALL SOUTH 1 PCN,D2P2L,E38000259,0.0,0.0,4.0,0.0,3.0,0.0,8.0,0.0,7.0,6.0,2672.0,417.0
M91015,UMBRELLA MEDICAL,U60845,WALSALL SOUTH 2 PCN,D2P2L,E38000259,0.0,0.0,119.0,13.0,34.0,4.0,155.0,2.0,136.0,80.0,17856.0,4190.0
M91016,NEW INVENTION HEALTH CENTRE,U,Unallocated,D2P2L,E38000259,0.0,0.0,23.0,0.0,11.0,1.0,42.0,0.0,25.0,18.0,5748.0,1303.0
M91017,NORTHGATE MEDICAL CENTRE,U73923,WALSALL EAST 2 PCN,D2P2L,E38000259,0.0,0.0,70.0,17.0,10.0,2.0,134.0,0.0,103.0,81.0,7251.0,3001.0
M91018,SADDLERS HEALTH CENTRE,U86881,WALSALL SOUTH 1 PCN,D2P2L,E38000259,0.0,2.0,37.0,27.0,4.0,2.0,9.0,0.0,6.0,6.0,4530.0,639.0
M91019,RUSHALL MEDICAL CENTRE,U73923,WALSALL EAST 2 PCN,D2P2L,E38000259,0.0,2.0,89.0,0.0,2.0,4.0,161.0,0.0,121.0,92.0,11613.0,3077.0
M91021,LOCKSTOWN PRACTICE,U01577,WALSALL WEST 2 PCN,D2P2L,E38000259,0.0,0.0,28.0,5.0,1.0,3.0,102.0,0.0,95.0,46.0,6289.0,1461.0
M91024,CHAPEL STREET SURGERY,U77416,WALSALL EAST 1 PCN,D2P2L,E38000259,0.0,0.0,18.0,0.0,2.0,0.0,29.0,0.0,25.0,13.0,1820.0,746.0
M91026,DARLASTON FAMILY PRACTICE,U,Unallocated,D2P2L,E38000259,0.0,0.0,15.0,0.0,3.0,2.0,10.0,0.0,7.0,*,5043.0,621.0
M91028,MODALITY KINGFISHER DARLASTON PRACTICE,U,Unallocated,D2P2L,E38000259,0.0,0.0,60.0,1.0,14.0,5.0,69.0,0.0,44.0,32.0,10674.0,2242.0
M91029,MOSSLEY & DUDLEY FIELDS MEDICAL PRACTICE,U65132,WALSALL NORTH PCN,D2P2L,E38000259,0.0,0.0,24.0,1.0,7.0,1.0,27.0,0.0,24.0,19.0,5138.0,727.0
M91032,COLLINGWOOD FAMILY PRACTICE,U73923,WALSALL EAST 2 PCN,D2P2L,E38000259,0.0,1.0,10.0,1.0,2.0,3.0,36.0,0.0,27.0,19.0,3905.0,923.0
M91033,WILLENHALL MEDICAL CENTRE,U01577,WALSALL WEST 2 PCN,D2P2L,E38000259,0.0,0.0,20.0,1.0,4.0,0.0,30.0,0.0,27.0,21.0,5739.0,953.0
M91034,BLOXWICH MEDICAL PRACTICE,U65132,WALSALL NORTH PCN,D2P2L,E38000259,0.0,0.0,34.0,0.0,13.0,2.0,35.0,0.0,27.0,19.0,3978.0,1143.0
M91036,HARDEN HEALTH CENTRE,U65132,WALSALL NORTH PCN,D2P2L,E38000259,1.0,0.0,22.0,11.0,0.0,1.0,17.0,0.0,14.0,7.0,3534.0,423.0
M91602,KHAN MEDICAL PRACTICE,U65132,WALSALL NORTH PCN,D2P2L,E38000259,0.0,0.0,11.0,6.0,3.0,1.0,19.0,0.0,20.0,16.0,2048.0,304.0
M91609,NEW ROAD MEDICAL CENTRE,U77416,WALSALL EAST 1 PCN,D2P2L,E38000259,0.0,1.0,40.0,29.0,3.0,0.0,28.0,0.0,20.0,8.0,1849.0,405.0
M91611,BEECHDALE CENTRE,U86881,WALSALL SOUTH 1 PCN,D2P2L,E38000259,0.0,0.0,8.0,0.0,1.0,2.0,9.0,0.0,8.0,7.0,2720.0,383.0
M91612,ST MARY'S SURGERY,U65132,WALSALL NORTH PCN,D2P2L,E38000259,0.0,0.0,12.0,0.0,2.0,1.0,17.0,0.0,14.0,9.0,2957.0,570.0
M91613,FORRESTER STREET MEDICAL CENTRE,U86881,WALSALL SOUTH 1 PCN,D2P2L,E38000259,1.0,1.0,11.0,0.0,2.0,1.0,58.0,0.0,43.0,28.0,9116.0,699.0
M91614,STROUD PRACTICE,U,Unallocated,D2P2L,E38000259,0.0,0.0,38.0,2.0,2.0,1.0,53.0,0.0,49.0,28.0,7952.0,1434.0
M91616,PLECK HEALTH CENTRE,U86881,WALSALL SOUTH 1 PCN,D2P2L,E38000259,0.0,0.0,42.0,0.0,9.0,0.0,45.0,0.0,37.0,22.0,6812.0,1190.0
M91619,BROADWAY MEDICAL CENTRE,U60845,WALSALL SOUTH 2 PCN,D2P2L,E38000259,0.0,0.0,25.0,3.0,6.0,3.0,15.0,0.0,16.0,6.0,5652.0,781.0
M91621,PALFREY HEALTH CENTRE,U60845,WALSALL SOUTH 2 PCN,D2P2L,E38000259,0.0,0.0,9.0,0.0,0.0,5.0,18.0,1.0,11.0,9.0,4607.0,428.0
M91623,LOWER FARM HEALTH CENTRE,U65132,WALSALL NORTH PCN,D2P2L,E38000259,0.0,0.0,8.0,1.0,3.0,1.0,17.0,0.0,14.0,6.0,1516.0,430.0
M91624,MOXLEY MEDICAL CENTRE,U01577,WALSALL WEST 2 PCN,D2P2L,E38000259,0.0,0.0,80.0,4.0,1.0,2.0,15.0,0.0,13.0,*,3259.0,492.0
M91626,HOLLAND PARK SURGERY,U77416,WALSALL EAST 1 PCN,D2P2L,E38000259,0.0,0.0,29.0,3.0,8.0,1.0,56.0,0.0,47.0,30.0,3810.0,896.0
M91628,BRACE STREET HC- KUMAR,U86881,WALSALL SOUTH 1 PCN,D2P2L,E38000259,0.0,0.0,3.0,0.0,1.0,0.0,23.0,0.0,18.0,17.0,2781.0,456.0
M91629,BIRCHILLS HEALTH CENTRE,U65132,WALSALL NORTH PCN,D2P2L,E38000259,0.0,0.0,17.0,0.0,3.0,1.0,17.0,0.0,13.0,6.0,6496.0,595.0
M91637,BLACKWOOD HEALTH CENTRE,U73923,WALSALL EAST 2 PCN,D2P2L,E38000259,0.0,0.0,30.0,6.0,2.0,4.0,28.0,0.0,19.0,5.0,3217.0,1016.0
M91639,WALSALL WOOD HEALTH CENTRE,U77416,WALSALL EAST 1 PCN,D2P2L,E38000259,0.0,0.0,9.0,0.0,1.0,0.0,9.0,0.0,7.0,*,1374.0,343.0
M91640,ROUGH HAY SURGERY,U01577,WALSALL WEST 2 PCN,D2P2L,E38000259,0.0,0.0,23.0,5.0,4.0,1.0,22.0,0.0,19.0,8.0,3404.0,535.0
M91641,DARLASTON MEDICAL CENTRE,U01577,WALSALL WEST 2 PCN,D2P2L,E38000259,0.0,0.0,29.0,22.0,3.0,0.0,8.0,0.0,7.0,*,3466.0,518.0
M91642,QUESLETT MEDICAL CENTRE,U44365,WEST BIRMINGHAM PCN,15E,E38000258,0.0,0.0,5.0,0.0,2.0,0.0,6.0,0.0,4.0,*,1400.0,283.0
M91647,PILLAI,U65132,WALSALL NORTH PCN,D2P2L,E38000259,0.0,0.0,25.0,0.0,1.0,2.0,31.0,0.0,27.0,13.0,4347.0,1081.0
M91650,PINFOLD MEDICAL,U65132,WALSALL NORTH PCN,D2P2L,E38000259,0.0,0.0,44.0,1.0,9.0,3.0,61.0,0.0,39.0,32.0,7488.0,1901.0
M91654,HIGH STREET SURGERY,U77416,WALSALL EAST 1 PCN,D2P2L,E38000259,0.0,0.0,22.0,14.0,0.0,0.0,17.0,0.0,14.0,13.0,2936.0,531.0
M91659,BRACE STREET HC- MAHBUB (M91659),U86881,WALSALL SOUTH 1 PCN,D2P2L,E38000259,0.0,0.0,20.0,6.0,1.0,2.0,6.0,0.0,8.0,5.0,3251.0,265.0
M91660,MODALITY DARLASTON PRACTICE,U,Unallocated,D2P2L,E38000259,0.0,0.0,6.0,0.0,0.0,3.0,16.0,0.0,13.0,*,4451.0,635.0
M92001,POPLARS MEDICAL CENTRE,U19348,WOLVERHAMPTON UNITY EAST PCN,D2P2L,E38000259,0.0,0.0,9.0,0.0,0.0,1.0,12.0,0.0,9.0,*,3044.0,470.0
M92004,PRIMROSE LANE PRACTICE,U19348,WOLVERHAMPTON UNITY EAST PCN,D2P2L,E38000259,0.0,0.0,4.0,0.0,1.0,0.0,15.0,0.0,15.0,14.0,2396.0,562.0
M92006,COALWAY ROAD SURGERY,U20454,WOLVERHAMPTON RWT PCN,D2P2L,E38000259,0.0,4.0,42.0,1.0,1.0,1.0,26.0,0.0,17.0,*,3710.0,947.0
M92008,CASTLECROFT MEDICAL PRACTICE,U70326,WOLVERHAMPTON UNITY WEST PCN,D2P2L,E38000259,0.0,1.0,25.0,1.0,9.0,1.0,127.0,0.0,102.0,21.0,9518.0,3234.0
M92009,PRESTBURY MEDICAL PRACTICE,U60098,WOLVERHAMPTON NORTH NETWORK PCN,D2P2L,E38000259,0.0,0.0,73.0,0.0,19.0,6.0,136.0,0.0,124.0,75.0,10634.0,2625.0
M92010,TETTENHALL MEDICAL PRACTICE,U70326,WOLVERHAMPTON UNITY WEST PCN,D2P2L,E38000259,0.0,0.0,32.0,1.0,2.0,3.0,105.0,2.0,84.0,31.0,8436.0,2843.0
M92011,RWT PRACTICES PENN MANOR MEDICAL CENTRE,U20454,WOLVERHAMPTON RWT PCN,D2P2L,E38000259,3.0,205.0,588.0,171.0,27.0,17.0,340.0,1.0,274.0,122.0,29542.0,7399.0
M92012,DUNCAN STREET PRIMARY CARE CENTRE,U27607,WOLVERHAMPTON TOTAL HEALTH PCN,D2P2L,E38000259,0.0,0.0,63.0,0.0,17.0,5.0,55.0,0.0,56.0,33.0,10041.0,1606.0
M92013,DR SINHA & TAHIR,U60098,WOLVERHAMPTON NORTH NETWORK PCN,D2P2L,E38000259,0.0,0.0,10.0,0.0,1.0,1.0,68.0,0.0,54.0,38.0,6201.0,938.0
M92015,IMPROVING HEALTH (IH) MEDICAL,U70326,WOLVERHAMPTON UNITY WEST PCN,D2P2L,E38000259,0.0,0.0,10.0,0.0,0.0,1.0,7.0,0.0,6.0,6.0,3494.0,471.0
M92016,TUDOR MEDICAL CENTRE,U27607,WOLVERHAMPTON TOTAL HEALTH PCN,D2P2L,E38000259,0.0,0.0,25.0,0.0,8.0,0.0,56.0,1.0,41.0,28.0,21534.0,2073.0
M92019,KEATS GROVE SURGERY,U60098,WOLVERHAMPTON NORTH NETWORK PCN,D2P2L,E38000259,0.0,1.0,35.0,1.0,8.0,8.0,94.0,4.0,91.0,53.0,4942.0,1073.0
M92022,ASHMORE PARK MEDICAL CENTRE,U19348,WOLVERHAMPTON UNITY EAST PCN,D2P2L,E38000259,0.0,0.0,11.0,0.0,1.0,0.0,18.0,1.0,15.0,*,3570.0,592.0
M92026,GRIFFITHS DRIVE MEDICAL PRACTICE,U19348,WOLVERHAMPTON UNITY EAST PCN,D2P2L,E38000259,0.0,0.0,24.0,0.0,6.0,3.0,35.0,0.0,29.0,20.0,4066.0,992.0
M92028,THORNLEY STREET SURGERY,U20454,WOLVERHAMPTON RWT PCN,D2P2L,E38000259,0.0,11.0,39.0,10.0,7.0,3.0,45.0,0.0,45.0,40.0,8246.0,716.0
M92029,NEWBRIDGE SURGERY,U27607,WOLVERHAMPTON TOTAL HEALTH PCN,D2P2L,E38000259,0.0,1.0,27.0,3.0,1.0,1.0,88.0,0.0,55.0,49.0,4614.0,1351.0
M92039,DR ST PIERRE-LIBBERTON,U60098,WOLVERHAMPTON NORTH NETWORK PCN,D2P2L,E38000259,0.0,0.0,21.0,4.0,5.0,4.0,103.0,0.0,79.0,74.0,5611.0,1283.0
M92040,MAYFIELD MEDICAL PRACTICE,U19348,WOLVERHAMPTON UNITY EAST PCN,D2P2L,E38000259,0.0,0.0,54.0,4.0,6.0,2.0,42.0,2.0,34.0,18.0,10855.0,1557.0
M92041,PROBERT ROAD SURGERY,U19348,WOLVERHAMPTON UNITY EAST PCN,D2P2L,E38000259,0.0,0.0,9.0,0.0,1.0,1.0,42.0,0.0,33.0,26.0,3971.0,665.0
M92043,PENN SURGERY,U70326,WOLVERHAMPTON UNITY WEST PCN,D2P2L,E38000259,0.0,1.0,48.0,0.0,1.0,3.0,63.0,1.0,59.0,26.0,5382.0,1578.0
M92607,WHITMORE REANS MEDICAL PRACTICE,U27607,WOLVERHAMPTON TOTAL HEALTH PCN,D2P2L,E38000259,1.0,1.0,20.0,6.0,3.0,5.0,77.0,1.0,64.0,56.0,16124.0,2047.0
M92609,ASHFIELD ROAD SURGERY,U60098,WOLVERHAMPTON NORTH NETWORK PCN,D2P2L,E38000259,0.0,0.0,29.0,0.0,3.0,2.0,31.0,0.0,33.0,25.0,5247.0,1015.0
M92612,HEALTH AND BEYOND,U26715,WOLVERHAMPTON SOUTH EAST PCN,D2P2L,E38000259,0.0,1.0,123.0,28.0,22.0,7.0,282.0,0.0,255.0,195.0,31429.0,5908.0
M92627,BILSTON FAMILY PRACTICE,U70326,WOLVERHAMPTON UNITY WEST PCN,D2P2L,E38000259,0.0,0.0,22.0,0.0,3.0,1.0,17.0,0.0,18.0,6.0,3675.0,710.0
M92629,FORDHOUSES MEDICAL CENTRE,U27607,WOLVERHAMPTON TOTAL HEALTH PCN,D2P2L,E38000259,0.0,0.0,6.0,0.0,0.0,3.0,10.0,0.0,11.0,*,3756.0,476.0
M92630,EAST PARK MEDICAL PRACTICE,U27607,WOLVERHAMPTON TOTAL HEALTH PCN,D2P2L,E38000259,2.0,0.0,66.0,45.0,8.0,7.0,102.0,0.0,105.0,78.0,4834.0,911.0
M92649,DR MUDIGONDA,U26715,WOLVERHAMPTON SOUTH EAST PCN,D2P2L,E38000259,0.0,0.0,21.0,2.0,2.0,1.0,18.0,0.0,17.0,10.0,3757.0,718.0
M92654,BAGARY'S MEDICAL PRACTICE,U60098,WOLVERHAMPTON NORTH NETWORK PCN,D2P2L,E38000259,0.0,0.0,30.0,12.0,7.0,2.0,37.0,2.0,35.0,35.0,5874.0,927.0
N81001,AUDLEM MEDICAL PRACTICE,U29951,NANTWICH & RURAL PCN,27D,E38000233,0.0,0.0,22.0,0.0,3.0,0.0,78.0,0.0,68.0,67.0,3216.0,1825.0
N81002,KENMORE MEDICAL CENTRE,U31094,"CHAW (CHELFORD, HANDFORTH, ALDERLEY EDGE, WILMSLOW) PCN",27D,E38000233,0.0,0.0,59.0,2.0,14.0,1.0,89.0,1.0,50.0,27.0,8686.0,3316.0
N81005,HELSBY HEALTH CENTRE,U,Unallocated,27D,E38000233,0.0,0.0,53.0,0.0,3.0,4.0,159.0,0.0,121.0,73.0,7422.0,2408.0
N81006,BUNBURY MEDICAL PRACTICE,U66020,RURAL ALLIANCE PCN,27D,E38000233,0.0,0.0,15.0,0.0,0.0,3.0,42.0,0.0,36.0,13.0,3964.0,1505.0
N81007,HOLES LANE MEDICAL LTD.,U29000,WARRINGTON CENTRAL EAST PCN,02E,E38000194,0.0,0.0,187.0,23.0,10.0,2.0,67.0,0.0,59.0,57.0,7684.0,2387.0
N81008,THE CEDARS MEDICAL CENTRE,U25799,SMASH PCN,27D,E38000233,0.0,0.0,54.0,1.0,10.0,5.0,131.0,1.0,95.0,63.0,8821.0,3050.0
N81009,HEATH LANE MEDICAL CENTRE,U07776,CHESTER EAST PCN,27D,E38000233,0.0,0.0,43.0,2.0,19.0,0.0,62.0,0.0,48.0,45.0,5814.0,1750.0
N81010,NANTWICH HEALTH CENTRE,U29951,NANTWICH & RURAL PCN,27D,E38000233,0.0,0.0,11.0,0.0,4.0,4.0,69.0,0.0,60.0,45.0,6914.0,1912.0
N81011,BEVAN GROUP PRACTICE,U79408,WIDNES PCN,01F,E38000068,0.0,0.0,58.0,14.0,20.0,6.0,107.0,0.0,85.0,60.0,11368.0,3052.0
N81012,GUARDIAN STREET MED/CTR,U,Unallocated,02E,E38000194,0.0,0.0,82.0,2.0,17.0,6.0,97.0,1.0,87.0,81.0,10267.0,2016.0
N81013,HIGH STREET SURGERY,U,Unallocated,27D,E38000233,0.0,0.0,9.0,0.0,4.0,0.0,33.0,0.0,25.0,16.0,5227.0,1590.0
N81014,BROOKFIELD SURGERY,U31313,SOUTH WARRINGTON PCN,02E,E38000194,0.0,0.0,55.0,3.0,1.0,1.0,74.0,0.0,51.0,34.0,7164.0,2173.0
N81016,MILLCROFT MEDICAL CENTRE,U79049,EAGLE BRIDGE PCN,27D,E38000233,0.0,2.0,51.0,0.0,3.0,11.0,214.0,2.0,123.0,52.0,28008.0,3816.0
N81018,TARPORLEY HEALTH CENTRE,U66020,RURAL ALLIANCE PCN,27D,E38000233,0.0,0.0,77.0,1.0,2.0,0.0,78.0,0.0,59.0,46.0,5721.0,2438.0
N81019,CASTLEFIELDS HEALTH CENTRE,U09643,RUNCORN PCN,01F,E38000068,1.0,0.0,93.0,17.0,40.0,7.0,126.0,0.0,88.0,69.0,12971.0,2367.0
N81020,PENKETH HEALTH CENTRE,U96870,CENTRAL & WEST WARRINGTON PCN,02E,E38000194,0.0,0.0,196.0,1.0,6.0,4.0,295.0,0.0,232.0,188.0,8642.0,3678.0
N81022,MIDDLEWOOD PARTNERSHIP,U,Unallocated,27D,E38000233,0.0,1.0,153.0,5.0,25.0,7.0,479.0,0.0,182.0,70.0,24407.0,9431.0
N81024,SWANLOW MEDICAL CENTRE,U02678,WINSFORD PCN,27D,E38000233,0.0,0.0,30.0,0.0,2.0,4.0,67.0,0.0,42.0,27.0,8622.0,1997.0
N81025,FIRDALE MEDICAL CENTRE,U88623,NORTHWICH PCN,27D,E38000233,0.0,0.0,12.0,3.0,2.0,3.0,81.0,0.0,57.0,45.0,9522.0,2017.0
N81027,READESMOOR MEDICAL GROUP PRACTICE,U,Unallocated,27D,E38000233,1.0,1.0,76.0,16.0,5.0,5.0,146.0,0.0,112.0,64.0,11044.0,3675.0
N81028,CAUSEWAY MEDICAL CENTRE,U96870,CENTRAL & WEST WARRINGTON PCN,02E,E38000194,0.0,0.0,70.0,11.0,7.0,3.0,83.0,0.0,75.0,67.0,7689.0,1504.0
N81029,SOUTH PARK SURGERY,U,Unallocated,27D,E38000233,0.0,0.0,40.0,1.0,9.0,7.0,143.0,0.0,107.0,94.0,9471.0,2840.0
N81030,PRINCEWAY SURGERIES,U,Unallocated,27D,E38000233,0.0,0.0,117.0,0.0,10.0,3.0,185.0,1.0,169.0,137.0,11838.0,4837.0
N81031,DRS ADEY AND DANCY,U66020,RURAL ALLIANCE PCN,27D,E38000233,0.0,0.0,31.0,0.0,0.0,2.0,106.0,0.0,96.0,87.0,4287.0,1942.0
N81032,ASHFIELDS PRIMARY CARE CENTRE,U25799,SMASH PCN,27D,E38000233,0.0,0.0,35.0,1.0,1.0,4.0,245.0,3.0,176.0,117.0,22425.0,6204.0
N81033,ALDERLEY EDGE MEDICAL CENTRE,U31094,"CHAW (CHELFORD, HANDFORTH, ALDERLEY EDGE, WILMSLOW) PCN",27D,E38000233,0.0,0.0,33.0,0.0,1.0,1.0,124.0,0.0,103.0,81.0,6295.0,2380.0
N81034,BOUGHTON MEDICAL GROUP,U07776,CHESTER EAST PCN,27D,E38000233,0.0,0.0,37.0,2.0,6.0,2.0,89.0,0.0,55.0,28.0,10533.0,2654.0
N81035,FIR PARK MEDICAL CENTRE,U79408,WIDNES PCN,01F,E38000068,1.0,0.0,49.0,1.0,16.0,2.0,111.0,0.0,81.0,54.0,9375.0,2782.0
N81036,SPRINGFIELDS MEDICAL CENTRE,U,Unallocated,02E,E38000194,0.0,0.0,51.0,2.0,2.0,6.0,135.0,3.0,103.0,98.0,7011.0,1647.0
N81037,THE BEECHES MEDICAL CTR,U79408,WIDNES PCN,01F,E38000068,0.0,0.0,35.0,1.0,13.0,4.0,70.0,0.0,60.0,18.0,6645.0,1661.0
N81038,LAUREL BANK SURGERY,U66020,RURAL ALLIANCE PCN,27D,E38000233,0.0,0.0,33.0,0.0,1.0,0.0,88.0,1.0,82.0,70.0,5667.0,2116.0
N81039,OAKLANDS,U25799,SMASH PCN,27D,E38000233,0.0,0.0,44.0,0.0,16.0,2.0,93.0,0.0,72.0,51.0,9033.0,2727.0
N81040,HIGH STREET PRACTICE WINSFORD,U02678,WINSFORD PCN,27D,E38000233,0.0,0.0,37.0,0.0,20.0,6.0,47.0,0.0,42.0,30.0,5806.0,1061.0
N81041,HELSBY STREET MED/CTR,U96870,CENTRAL & WEST WARRINGTON PCN,02E,E38000194,0.0,0.0,102.0,15.0,9.0,2.0,103.0,1.0,79.0,71.0,6877.0,1765.0
N81043,HASLINGTON SURGERY,U25799,SMASH PCN,27D,E38000233,0.0,1.0,12.0,1.0,0.0,2.0,64.0,0.0,48.0,37.0,4453.0,1718.0
N81044,HUNGERFORD MEDICAL CENTRE,U98432,CREWE - GHR PCN,27D,E38000233,0.0,0.0,34.0,1.0,4.0,7.0,82.0,0.0,69.0,34.0,8721.0,2108.0
N81045,PEELHOUSE MEDICAL PLAZA,U79408,WIDNES PCN,01F,E38000068,0.0,0.0,63.0,4.0,29.0,6.0,129.0,1.0,96.0,85.0,10790.0,2948.0
N81046,PARK MEDICAL CENTRE,U07776,CHESTER EAST PCN,27D,E38000233,0.0,0.0,37.0,0.0,6.0,1.0,61.0,1.0,41.0,10.0,8001.0,2001.0
N81047,THE KILTEARN MEDICAL CTR.,U29951,NANTWICH & RURAL PCN,27D,E38000233,0.0,0.0,57.0,4.0,4.0,2.0,120.0,0.0,93.0,79.0,8867.0,3136.0
N81048,FEARNHEAD CROSS MED.CTR.,U14045,EAST WARRINGTON PCN,02E,E38000194,0.0,0.0,46.0,1.0,4.0,2.0,73.0,10.0,52.0,12.0,10351.0,2484.0
N81049,KNUTSFORD MEDICAL PARTNERSHIP,U06000,KNUTSFORD PCN,27D,E38000233,0.0,1.0,35.0,4.0,3.0,11.0,509.0,2.0,396.0,245.0,17830.0,6022.0
N81050,GREAT SUTTON MEDICAL CENTRE,U85986,ONE ELLESMERE PORT PCN,27D,E38000233,0.0,0.0,99.0,0.0,3.0,5.0,202.0,5.0,145.0,59.0,15478.0,4250.0
N81051,THE WEAVERHAM SURGERY,U88623,NORTHWICH PCN,27D,E38000233,0.0,0.0,2.0,0.0,0.0,4.0,72.0,0.0,51.0,46.0,5038.0,1845.0
N81052,LAWTON HOUSE SURGERY,U,Unallocated,27D,E38000233,0.0,1.0,40.0,0.0,17.0,2.0,131.0,0.0,129.0,92.0,10174.0,3036.0
N81053,EARNSWOOD MEDICAL CENTRE,U79049,EAGLE BRIDGE PCN,27D,E38000233,0.0,0.0,27.0,0.0,2.0,5.0,104.0,0.0,82.0,51.0,14130.0,2784.0
N81054,WEAVER VALE PRACTICE,U09643,RUNCORN PCN,01F,E38000068,0.0,0.0,35.0,0.0,0.0,6.0,66.0,0.0,41.0,16.0,7070.0,1699.0
N81055,WATLING STREET SURGERY,U88623,NORTHWICH PCN,27D,E38000233,0.0,0.0,13.0,1.0,1.0,7.0,89.0,0.0,94.0,79.0,5064.0,1787.0
N81056,FOLLY LANE MEDICAL CENTRE,U96870,CENTRAL & WEST WARRINGTON PCN,02E,E38000194,0.0,0.0,86.0,5.0,5.0,3.0,36.0,1.0,20.0,12.0,8074.0,1553.0
N81057,TOWER HOUSE PRACTICE,U09643,RUNCORN PCN,01F,E38000068,0.0,0.0,52.0,0.0,0.0,9.0,89.0,0.0,68.0,41.0,9794.0,2898.0
N81059,CULCHETH MEDICAL CENTRE,U,Unallocated,02E,E38000194,0.0,0.0,106.0,17.0,14.0,1.0,106.0,0.0,60.0,48.0,9523.0,3127.0
N81060,NESTON SURGERY,U14878,NESTON & WILLASTON PCN,27D,E38000233,0.0,0.0,64.0,1.0,10.0,2.0,128.0,0.0,108.0,47.0,6212.0,2806.0
N81061,WITTON STREET SURGERY,U88623,NORTHWICH PCN,27D,E38000233,0.0,0.0,7.0,1.0,0.0,3.0,88.0,0.0,65.0,60.0,8282.0,2131.0
N81062,CUMBERLAND HOUSE SURGERY,U,Unallocated,27D,E38000233,0.0,0.0,19.0,1.0,3.0,6.0,211.0,1.0,151.0,117.0,11355.0,3600.0
N81063,YORK ROAD GROUP PRACTICE,U85986,ONE ELLESMERE PORT PCN,27D,E38000233,0.0,1.0,49.0,0.0,11.0,1.0,91.0,1.0,68.0,37.0,10354.0,1828.0
N81064,NEWTOWN SURGERY,U79408,WIDNES PCN,01F,E38000068,0.0,0.0,29.0,0.0,0.0,3.0,61.0,0.0,46.0,28.0,5398.0,1317.0
N81065,LATCHFORD MEDICAL CENTRE,U31313,SOUTH WARRINGTON PCN,02E,E38000194,0.0,1.0,47.0,3.0,7.0,0.0,93.0,0.0,65.0,61.0,7194.0,1093.0
N81066,GROVE HOUSE PRACTICE,U09643,RUNCORN PCN,01F,E38000068,0.0,0.0,59.0,1.0,24.0,6.0,91.0,0.0,74.0,55.0,11724.0,2739.0
N81067,OAKWOOD MEDICAL CENTRE,U88623,NORTHWICH PCN,27D,E38000233,0.0,0.0,5.0,0.0,0.0,0.0,56.0,0.0,33.0,19.0,7168.0,1975.0
N81068,GROSVENOR MEDICAL CENTRE,U98432,CREWE - GHR PCN,27D,E38000233,0.0,0.0,52.0,1.0,15.0,7.0,94.0,0.0,89.0,64.0,13032.0,2532.0
N81069,CHELFORD SURGERY,U31094,"CHAW (CHELFORD, HANDFORTH, ALDERLEY EDGE, WILMSLOW) PCN",27D,E38000233,0.0,0.0,16.0,0.0,6.0,0.0,47.0,0.0,39.0,29.0,3386.0,1376.0
N81070,HANDFORTH HEALTH CENTRE,U31094,"CHAW (CHELFORD, HANDFORTH, ALDERLEY EDGE, WILMSLOW) PCN",27D,E38000233,0.0,1.0,79.0,3.0,2.0,7.0,164.0,1.0,144.0,121.0,8063.0,2285.0
N81071,GREENMOSS MEDICAL CENTRE,U25799,SMASH PCN,27D,E38000233,0.0,0.0,4.0,0.0,2.0,0.0,31.0,1.0,23.0,10.0,3076.0,1336.0
N81072,MURDISHAW,U09643,RUNCORN PCN,01F,E38000068,0.0,0.0,23.0,9.0,0.0,0.0,52.0,0.0,29.0,12.0,6439.0,1463.0
N81074,LAUNCESTON CLOSE SURGERY,U02678,WINSFORD PCN,27D,E38000233,0.0,0.0,32.0,0.0,2.0,2.0,27.0,0.0,21.0,18.0,4625.0,863.0
N81075,STOCKTON HEATH MED.CENTRE,U31313,SOUTH WARRINGTON PCN,02E,E38000194,0.0,0.0,73.0,1.0,2.0,7.0,283.0,0.0,203.0,157.0,12189.0,4260.0
N81077,THE HEALTH CENTRE (HOLMES CHAPEL),U,Unallocated,27D,E38000233,0.0,0.0,39.0,0.0,4.0,0.0,141.0,1.0,114.0,87.0,9307.0,3706.0
N81079,THE ELMS MEDICAL CENTRE,U42807,CHESTER CENTRAL PCN,27D,E38000233,0.0,0.0,26.0,1.0,8.0,2.0,52.0,1.0,39.0,28.0,8093.0,1815.0
N81080,NORTHGATE MEDICAL CENTRE,U42807,CHESTER CENTRAL PCN,27D,E38000233,1.0,0.0,39.0,5.0,0.0,0.0,37.0,0.0,34.0,12.0,7152.0,1554.0
N81081,GARDEN LANE MEDICAL CTR.,U42807,CHESTER CENTRAL PCN,27D,E38000233,0.0,0.0,46.0,0.0,1.0,2.0,32.0,0.0,23.0,20.0,8124.0,1580.0
N81082,CITY WALLS MEDICAL CENTRE,U68943,CHESTER SOUTH PCN,27D,E38000233,0.0,0.0,66.0,1.0,5.0,1.0,108.0,0.0,81.0,45.0,11463.0,3525.0
N81083,PARKVIEW MEDICAL CENTRE,U,Unallocated,02E,E38000194,0.0,0.0,23.0,9.0,5.0,3.0,35.0,0.0,28.0,25.0,4413.0,684.0
N81084,ROPE GREEN MEDICAL CENTRE,U98432,CREWE - GHR PCN,27D,E38000233,0.0,0.0,64.0,0.0,4.0,3.0,204.0,0.0,59.0,26.0,16490.0,5281.0
N81085,PARK LANE SURGERY,U,Unallocated,27D,E38000233,0.0,0.0,21.0,1.0,2.0,4.0,76.0,1.0,57.0,46.0,8184.0,2162.0
N81086,WILMSLOW HEALTH CENTRE,U31094,"CHAW (CHELFORD, HANDFORTH, ALDERLEY EDGE, WILMSLOW) PCN",27D,E38000233,0.0,0.0,22.0,0.0,7.0,1.0,96.0,0.0,68.0,40.0,14359.0,2411.0
N81087,DANEBRIDGE MEDICAL CENTRE,U88623,NORTHWICH PCN,27D,E38000233,0.0,0.0,20.0,0.0,1.0,4.0,251.0,0.0,120.0,80.0,18318.0,5790.0
N81088,PARK GREEN SURGERY,U,Unallocated,27D,E38000233,0.0,0.0,12.0,0.0,2.0,6.0,126.0,0.0,80.0,72.0,10060.0,2651.0
N81089,GREENBANK SURGERY,U29000,WARRINGTON CENTRAL EAST PCN,02E,E38000194,0.0,0.0,92.0,8.0,1.0,1.0,133.0,0.0,102.0,91.0,6192.0,1789.0
N81090,TUDOR SURGERY,U29951,NANTWICH & RURAL PCN,27D,E38000233,0.0,0.0,18.0,2.0,4.0,1.0,89.0,0.0,21.0,19.0,4164.0,1242.0
N81092,HOPE FARM MEDICAL CENTRE,U85986,ONE ELLESMERE PORT PCN,27D,E38000233,0.0,0.0,41.0,1.0,11.0,7.0,209.0,11.0,170.0,130.0,12194.0,2921.0
N81093,WHITBY HEALTH PARTNERSHIP,U85986,ONE ELLESMERE PORT PCN,27D,E38000233,0.0,0.0,63.0,0.0,3.0,9.0,156.0,3.0,119.0,53.0,12453.0,3413.0
N81096,BROOKVALE PRACTICE,U09643,RUNCORN PCN,01F,E38000068,1.0,0.0,38.0,5.0,12.0,2.0,41.0,1.0,32.0,21.0,7144.0,1575.0
N81097,DALLAM LANE MEDICAL CENTRE,U96870,CENTRAL & WEST WARRINGTON PCN,02E,E38000194,0.0,0.0,32.0,2.0,8.0,1.0,20.0,0.0,14.0,14.0,4231.0,652.0
N81100,UPTON VILLAGE SURGERY,U07776,CHESTER EAST PCN,27D,E38000233,1.0,0.0,75.0,26.0,1.0,1.0,37.0,0.0,22.0,17.0,6198.0,1860.0
N81101,THE HANDBRIDGE MED.CTR.,U68943,CHESTER SOUTH PCN,27D,E38000233,0.0,0.0,44.0,1.0,6.0,1.0,59.0,0.0,44.0,9.0,6408.0,1644.0
N81102,FOUNTAINS MEDICAL PRACTICE,U42807,CHESTER CENTRAL PCN,27D,E38000233,1.0,0.0,98.0,7.0,6.0,6.0,476.0,3.0,438.0,404.0,3025.0,1363.0
N81107,MANCHESTER ROAD SURGERY,U29000,WARRINGTON CENTRAL EAST PCN,02E,E38000194,0.0,0.0,5.0,1.0,0.0,1.0,9.0,0.0,9.0,*,3018.0,599.0
N81108,THE LAKESIDE SURGERY,U31313,SOUTH WARRINGTON PCN,02E,E38000194,0.0,0.0,62.0,1.0,12.0,0.0,126.0,0.0,107.0,46.0,8271.0,2554.0
N81109,PADGATE MEDICAL CENTRE,U14045,EAST WARRINGTON PCN,02E,E38000194,0.0,0.0,37.0,3.0,2.0,0.0,35.0,0.0,25.0,13.0,5698.0,1192.0
N81111,MEREPARK MEDICAL CENTRE,U25799,SMASH PCN,27D,E38000233,0.0,0.0,41.0,5.0,3.0,2.0,79.0,0.0,45.0,21.0,5698.0,1789.0
N81113,MIDDLEWICH ROAD SURGERY,U88623,NORTHWICH PCN,27D,E38000233,0.0,0.0,16.0,0.0,1.0,3.0,64.0,0.0,60.0,53.0,6040.0,1350.0
N81114,BIRCHWOOD MEDICAL CENTRE,U14045,EAST WARRINGTON PCN,02E,E38000194,0.0,0.0,79.0,5.0,12.0,5.0,43.0,0.0,22.0,15.0,8305.0,2488.0
N81115,LACHE HEALTH CENTRE,U68943,CHESTER SOUTH PCN,27D,E38000233,0.0,0.0,24.0,0.0,4.0,3.0,35.0,0.0,30.0,10.0,6866.0,1268.0
N81117,OLD HALL SURGERY,U85986,ONE ELLESMERE PORT PCN,27D,E38000233,0.0,0.0,25.0,0.0,0.0,1.0,22.0,0.0,22.0,9.0,4941.0,894.0
N81118,MEADOWSIDE MEDICAL CENTRE,U,Unallocated,27D,E38000233,0.0,0.0,7.0,0.0,1.0,1.0,89.0,0.0,80.0,50.0,6562.0,2104.0
N81119,HOUGH GREEN HEALTH PARK,U79408,WIDNES PCN,01F,E38000068,0.0,0.0,16.0,0.0,4.0,0.0,28.0,0.0,25.0,9.0,4386.0,837.0
N81120,KELSALL MEDICAL CENTRE,U66020,RURAL ALLIANCE PCN,27D,E38000233,0.0,0.0,23.0,0.0,0.0,0.0,73.0,0.0,57.0,47.0,4541.0,1634.0
N81121,NORTHGATE VILLAGE SURGERY,U42807,CHESTER CENTRAL PCN,27D,E38000233,0.0,0.0,35.0,0.0,6.0,1.0,38.0,0.0,33.0,20.0,5618.0,1234.0
N81122,WESTBROOK MEDICAL CENTRE,U96870,CENTRAL & WEST WARRINGTON PCN,02E,E38000194,0.0,0.0,139.0,22.0,3.0,4.0,66.0,0.0,44.0,33.0,8018.0,2228.0
N81123,WILLOW WOOD SURGERY,U02678,WINSFORD PCN,27D,E38000233,0.0,0.0,20.0,0.0,5.0,2.0,23.0,1.0,21.0,6.0,6359.0,938.0
N81125,NESTON MEDICAL CENTRE,U14878,NESTON & WILLASTON PCN,27D,E38000233,1.0,0.0,52.0,0.0,19.0,1.0,63.0,0.0,55.0,25.0,5284.0,2383.0
N81127,THE WEAVER VALE SURGERY,U02678,WINSFORD PCN,27D,E38000233,0.0,0.0,39.0,0.0,10.0,7.0,102.0,0.0,83.0,65.0,6826.0,1860.0
N81607,WESTMINSTER SURGERY,U85986,ONE ELLESMERE PORT PCN,27D,E38000233,0.0,0.0,13.0,0.0,4.0,0.0,16.0,0.0,13.0,9.0,3510.0,424.0
N81614,THE SURGERY,U29951,NANTWICH & RURAL PCN,27D,E38000233,0.0,0.0,21.0,0.0,2.0,1.0,45.0,1.0,38.0,35.0,4154.0,1467.0
N81619,OAKS PLACE SURGERY,U79408,WIDNES PCN,01F,E38000068,0.0,0.0,6.0,0.0,0.0,0.0,26.0,0.0,23.0,20.0,3437.0,414.0
N81623,STRETTON MEDICAL CENTRE,U31313,SOUTH WARRINGTON PCN,02E,E38000194,0.0,1.0,30.0,0.0,3.0,0.0,49.0,0.0,38.0,24.0,7642.0,1883.0
N81624,THE VILLAGE SURGERIES GROUP,U66020,RURAL ALLIANCE PCN,27D,E38000233,0.0,0.0,55.0,29.0,0.0,0.0,104.0,0.0,90.0,56.0,6219.0,2387.0
N81626,WESTERN AVE MEDICAL CTRE,U68943,CHESTER SOUTH PCN,27D,E38000233,0.0,0.0,22.0,1.0,2.0,0.0,25.0,0.0,20.0,18.0,4007.0,721.0
N81628,THE ERIC MOORE PARTNERSHIP,U96870,CENTRAL & WEST WARRINGTON PCN,02E,E38000194,0.0,0.0,156.0,5.0,2.0,2.0,39.0,1.0,30.0,27.0,11446.0,1298.0
N81632,BROKEN CROSS SURGERY,U,Unallocated,27D,E38000233,0.0,0.0,12.0,1.0,0.0,2.0,80.0,0.0,61.0,57.0,4900.0,995.0
N81637,COCKHEDGE MEDICAL CENTRE,U29000,WARRINGTON CENTRAL EAST PCN,02E,E38000194,1.0,1.0,7.0,2.0,1.0,0.0,2.0,0.0,2.0,*,2669.0,258.0
N81642,WATERS EDGE MEDICAL CENTRE,U25799,SMASH PCN,27D,E38000233,2.0,0.0,8.0,0.0,0.0,1.0,6.0,1.0,6.0,*,3881.0,859.0
N81645,4 SEASONS MEDICAL CENTRE,U,Unallocated,02E,E38000194,0.0,0.0,9.0,1.0,1.0,2.0,7.0,0.0,0.0,*,1984.0,287.0
N81651,UPTON ROCKS PRIMARY CARE,U79408,WIDNES PCN,01F,E38000068,0.0,0.0,6.0,0.0,0.0,0.0,22.0,0.0,17.0,*,3097.0,474.0
N81655,ST WERBURGH'S MEDICAL PRACTICE HOMELESS,U42807,CHESTER CENTRAL PCN,27D,E38000233,0.0,0.0,8.0,0.0,0.0,0.0,2.0,0.0,2.0,*,414.0,24.0
N82001,THE MARGARET THOMPSON MED CENTRE,U57480,SWAGGA PCN,99A,E38000101,0.0,0.0,20.0,0.0,2.0,1.0,34.0,0.0,27.0,19.0,4883.0,1178.0
N82002,YEW TREE CENTRE,U,Unallocated,99A,E38000101,0.0,0.0,24.0,1.0,8.0,4.0,70.0,0.0,49.0,38.0,4624.0,827.0
N82003,DOVECOT HEALTH CENTRE,U02731,IGPC PCN,99A,E38000101,0.0,0.0,28.0,0.0,3.0,1.0,69.0,0.0,52.0,49.0,3458.0,793.0
N82004,GARSTON FAMILY HEALTH CENTRE,U57480,SWAGGA PCN,99A,E38000101,0.0,2.0,68.0,0.0,1.0,0.0,11.0,0.0,9.0,5.0,2978.0,381.0
N82009,GRASSENDALE MEDICAL CENTRE,U57480,SWAGGA PCN,99A,E38000101,1.0,0.0,86.0,9.0,3.0,2.0,84.0,0.0,75.0,45.0,6741.0,1933.0
N82011,PRIORY MEDICAL CENTRE,U49727,ANFIELD & EVERTON PCN,99A,E38000101,0.0,0.0,61.0,0.0,2.0,3.0,101.0,0.0,73.0,19.0,8883.0,1888.0
N82014,LANCE LANE MEDICAL CENTRE,U65582,CHILDWALL & WAVERTREE PCN,99A,E38000101,0.0,0.0,55.0,21.0,2.0,0.0,42.0,0.0,29.0,19.0,5100.0,1398.0
N82018,ELLERGREEN MEDICAL CENTRE,U,Unallocated,99A,E38000101,0.0,0.0,43.0,3.0,0.0,5.0,73.0,0.0,55.0,36.0,11268.0,1964.0
N82019,LANGBANK MEDICAL CENTRE,U,Unallocated,99A,E38000101,0.0,0.0,23.0,2.0,2.0,5.0,51.0,0.0,41.0,26.0,4278.0,876.0
N82022,BEACON HEALTH KENSINGTON,U53230,THE PICTON PCN,99A,E38000101,0.0,0.0,25.0,1.0,2.0,1.0,46.0,0.0,29.0,18.0,8724.0,1220.0
N82024,WEST DERBY MEDICAL CENTRE,U02731,IGPC PCN,99A,E38000101,0.0,0.0,89.0,0.0,13.0,2.0,91.0,0.0,64.0,50.0,9934.0,2519.0
N82026,PENNY LANE SURGERY,U65582,CHILDWALL & WAVERTREE PCN,99A,E38000101,0.0,0.0,19.0,0.0,5.0,0.0,65.0,0.0,55.0,42.0,5148.0,1340.0
N82033,DINGLE PARK PRACTICE,U35980,CENTRAL LIVERPOOL PCN,99A,E38000101,0.0,0.0,39.0,9.0,1.0,0.0,48.0,0.0,44.0,34.0,4807.0,977.0
N82034,THE VILLAGE SURGERY,U57480,SWAGGA PCN,99A,E38000101,1.0,0.0,115.0,1.0,5.0,3.0,33.0,0.0,32.0,21.0,4644.0,1278.0
N82035,MATHER AVENUE SURGERY,U57480,SWAGGA PCN,99A,E38000101,0.0,0.0,118.0,28.0,20.0,2.0,97.0,0.0,73.0,50.0,6717.0,1941.0
N82036,NETHERLEY HEALTH CENTRE,U57480,SWAGGA PCN,99A,E38000101,22.0,0.0,166.0,1.0,5.0,1.0,98.0,0.0,80.0,58.0,2668.0,620.0
N82037,WESTMORELAND GP CENTRE,U,Unallocated,99A,E38000101,0.0,0.0,35.0,0.0,2.0,2.0,95.0,0.0,62.0,46.0,9126.0,2399.0
N82039,STORRSDALE MEDICAL CENTRE,U65582,CHILDWALL & WAVERTREE PCN,99A,E38000101,0.0,0.0,20.0,5.0,0.0,0.0,18.0,0.0,13.0,7.0,3280.0,780.0
N82041,OAK VALE MEDICAL CENTRE,U02731,IGPC PCN,99A,E38000101,0.0,0.0,65.0,1.0,5.0,1.0,125.0,0.0,90.0,73.0,10260.0,2542.0
N82046,SEFTON PARK MEDICAL CENTRE,U53230,THE PICTON PCN,99A,E38000101,1.0,1.0,46.0,3.0,0.0,2.0,45.0,0.0,36.0,15.0,8941.0,1214.0
N82048,WALTON MEDICAL CENTRE,U,Unallocated,99A,E38000101,0.0,0.0,33.0,5.0,1.0,1.0,38.0,0.0,39.0,22.0,5902.0,1475.0
N82049,WESTMINSTER MEDICAL CENTRE,U,Unallocated,99A,E38000101,0.0,0.0,16.0,0.0,0.0,3.0,62.0,0.0,58.0,38.0,5469.0,1020.0
N82050,GATEACRE MEDICAL CENTRE,U57480,SWAGGA PCN,99A,E38000101,0.0,0.0,17.0,0.0,1.0,1.0,20.0,0.0,14.0,10.0,1978.0,541.0
N82052,TOWNSEND MEDICAL CENTRE,U49727,ANFIELD & EVERTON PCN,99A,E38000101,0.0,0.0,20.0,0.0,9.0,2.0,31.0,0.0,13.0,*,4850.0,901.0
N82053,AINTREE PARK GROUP PRACTICE,U,Unallocated,99A,E38000101,0.0,0.0,76.0,3.0,3.0,2.0,126.0,0.0,91.0,47.0,12316.0,3214.0
N82054,ABERCROMBY FAMILY PRACTICE,U35980,CENTRAL LIVERPOOL PCN,99A,E38000101,0.0,0.0,28.0,0.0,1.0,1.0,17.0,0.0,15.0,11.0,6463.0,770.0
N82058,ROCK COURT SURGERY,U02731,IGPC PCN,99A,E38000101,0.0,0.0,64.0,27.0,2.0,1.0,27.0,0.0,21.0,17.0,4718.0,931.0
N82059,GREENBANK DRIVE SURGERY,U65582,CHILDWALL & WAVERTREE PCN,99A,E38000101,0.0,0.0,11.0,0.0,0.0,2.0,19.0,0.0,19.0,14.0,5118.0,913.0
N82062,FULWOOD GREEN MEDICAL CTR,U57480,SWAGGA PCN,99A,E38000101,0.0,0.0,43.0,0.0,2.0,5.0,53.0,0.0,50.0,41.0,5415.0,1544.0
N82065,EARLE ROAD MEDICAL CENTRE,U53230,THE PICTON PCN,99A,E38000101,3.0,0.0,8.0,1.0,1.0,2.0,17.0,0.0,17.0,15.0,3480.0,533.0
N82066,WOOLTON HOUSE MEDICAL CTR,U57480,SWAGGA PCN,99A,E38000101,0.0,0.0,147.0,1.0,5.0,2.0,80.0,0.0,67.0,47.0,6578.0,2505.0
N82067,BENIM MEDICAL CENTRE,U,Unallocated,99A,E38000101,0.0,0.0,10.0,1.0,1.0,3.0,14.0,0.0,14.0,*,4922.0,624.0
N82070,THE ELMS MEDICAL CENTRE,U35980,CENTRAL LIVERPOOL PCN,99A,E38000101,0.0,0.0,43.0,0.0,11.0,4.0,58.0,0.0,51.0,46.0,8044.0,1710.0
N82073,THE ASH SURGERY,U57480,SWAGGA PCN,99A,E38000101,0.0,0.0,112.0,0.0,10.0,1.0,53.0,0.0,38.0,33.0,5266.0,1411.0
N82074,OLD SWAN HEALTH CENTRE,U02731,IGPC PCN,99A,E38000101,0.0,0.0,54.0,4.0,11.0,2.0,53.0,0.0,29.0,9.0,7531.0,1614.0
N82076,BROWNLOW HEALTH @ PRINCES PARK,U24190,BROWNLOW HEALTH PCN,99A,E38000101,0.0,0.0,21.0,0.0,1.0,0.0,46.0,0.0,39.0,30.0,9896.0,992.0
N82077,BOUSFIELD SURGERY - DR SHAH,U,Unallocated,99A,E38000101,1.0,0.0,10.0,0.0,4.0,0.0,16.0,1.0,13.0,8.0,2220.0,452.0
N82078,BOUSFIELD - ROBERTS,U,Unallocated,99A,E38000101,0.0,0.0,21.0,0.0,10.0,0.0,15.0,0.0,12.0,6.0,2244.0,580.0
N82079,GREENBANK ROAD SURGERY,U65582,CHILDWALL & WAVERTREE PCN,99A,E38000101,0.0,0.0,16.0,1.0,0.0,1.0,20.0,0.0,18.0,10.0,5485.0,801.0
N82081,ISLINGTON HOUSE MEDICAL CENTRE,U49727,ANFIELD & EVERTON PCN,99A,E38000101,0.0,0.0,21.0,0.0,4.0,5.0,23.0,0.0,19.0,*,5250.0,783.0
N82082,ST. JAMES' HEALTH CENTRE,U35980,CENTRAL LIVERPOOL PCN,99A,E38000101,0.0,0.0,17.0,2.0,3.0,0.0,20.0,0.0,17.0,11.0,8823.0,746.0
N82083,JUBILEE MEDICAL CENTRE,U,Unallocated,99A,E38000101,0.0,0.0,47.0,0.0,6.0,4.0,98.0,0.0,77.0,63.0,8712.0,1649.0
N82084,GATEACRE BROW SURGERY,U57480,SWAGGA PCN,99A,E38000101,0.0,0.0,92.0,4.0,4.0,6.0,69.0,0.0,61.0,43.0,4804.0,1678.0
N82086,ABINGDON FAMILY HEALTH CARE CENTRE,U,Unallocated,99A,E38000101,0.0,0.0,111.0,105.0,1.0,0.0,18.0,0.0,18.0,12.0,3109.0,664.0
N82087,GILLMOSS MEDICAL CENTRE,U,Unallocated,99A,E38000101,0.0,0.0,6.0,0.0,2.0,0.0,10.0,0.0,9.0,*,1821.0,520.0
N82089,PICTON GREEN,U53230,THE PICTON PCN,99A,E38000101,0.0,0.0,15.0,0.0,0.0,2.0,8.0,0.0,10.0,7.0,3445.0,305.0
N82090,GREEN LANE MEDICAL CENTRE,U53230,THE PICTON PCN,99A,E38000101,0.0,0.0,81.0,14.0,5.0,3.0,54.0,0.0,43.0,28.0,8366.0,1717.0
N82091,GP PRACTICE RIVERSIDE (DR JUDE),U,Unallocated,99A,E38000101,0.0,0.0,7.0,0.0,0.0,0.0,2.0,0.0,2.0,*,1941.0,266.0
N82092,THE VALLEY MEDICAL CENTRE,U65582,CHILDWALL & WAVERTREE PCN,99A,E38000101,0.0,0.0,62.0,1.0,10.0,1.0,62.0,0.0,56.0,35.0,6383.0,2009.0
N82093,DERBY LANE MEDICAL CENTRE,U,Unallocated,99A,E38000101,0.0,0.0,18.0,0.0,4.0,2.0,52.0,0.0,47.0,33.0,3556.0,729.0
N82094,BELLE VALE HEALTH CENTRE,U02731,IGPC PCN,99A,E38000101,0.0,2.0,67.0,4.0,28.0,0.0,61.0,0.0,50.0,42.0,6680.0,1764.0
N82095,ALBION SURGERY,U35980,CENTRAL LIVERPOOL PCN,99A,E38000101,0.0,0.0,34.0,0.0,1.0,1.0,35.0,0.0,32.0,11.0,4131.0,718.0
N82097,THE GREY ROAD SURGERY,U,Unallocated,99A,E38000101,0.0,0.0,28.0,0.0,9.0,0.0,43.0,0.0,31.0,17.0,7248.0,1180.0
N82099,MERE LANE GROUP PRACTICE,U49727,ANFIELD & EVERTON PCN,99A,E38000101,0.0,1.0,27.0,0.0,3.0,5.0,25.0,0.0,16.0,9.0,7617.0,964.0
N82101,KIRKDALE MEDICAL CENTRE,U,Unallocated,99A,E38000101,0.0,0.0,13.0,0.0,4.0,1.0,13.0,0.0,8.0,*,2183.0,558.0
N82103,ANFIELD GROUP PRACTICE,U,Unallocated,99A,E38000101,0.0,0.0,17.0,0.0,1.0,2.0,23.0,0.0,21.0,*,8659.0,1078.0
N82104,STONEYCROFT MEDICAL CENTRE,U,Unallocated,99A,E38000101,0.0,0.0,31.0,0.0,6.0,0.0,33.0,0.0,29.0,16.0,3205.0,931.0
N82106,THE VILLAGE MEDICAL CTRE,U57480,SWAGGA PCN,99A,E38000101,1.0,0.0,101.0,1.0,1.0,1.0,16.0,0.0,14.0,10.0,2618.0,1034.0
N82107,BEACON HEALTH MOSSLEY HILL,U65582,CHILDWALL & WAVERTREE PCN,99A,E38000101,0.0,0.0,10.0,0.0,0.0,0.0,10.0,0.0,4.0,*,1526.0,469.0
N82108,RUTHERFORD MEDICAL CENTRE,U65582,CHILDWALL & WAVERTREE PCN,99A,E38000101,0.0,0.0,18.0,1.0,4.0,0.0,55.0,0.0,39.0,28.0,6665.0,1593.0
N82109,SPEKE HC - DR THAKUR,U57480,SWAGGA PCN,99A,E38000101,0.0,0.0,29.0,0.0,4.0,1.0,24.0,0.0,23.0,15.0,4675.0,863.0
N82110,LONG LANE,U,Unallocated,99A,E38000101,0.0,0.0,34.0,0.0,3.0,2.0,31.0,0.0,14.0,5.0,6786.0,1302.0
N82113,FAIRFIELD MEDICAL CENTRE,U,Unallocated,99A,E38000101,0.0,0.0,11.0,0.0,3.0,4.0,13.0,2.0,15.0,12.0,8025.0,572.0
N82115,VAUXHALL HEALTH CENTRE,U35980,CENTRAL LIVERPOOL PCN,99A,E38000101,0.0,0.0,48.0,1.0,4.0,2.0,79.0,1.0,55.0,33.0,7481.0,1456.0
N82116,HILLFOOT HEALTH,U57480,SWAGGA PCN,99A,E38000101,0.0,0.0,67.0,4.0,6.0,4.0,34.0,0.0,20.0,6.0,6919.0,1385.0
N82117,BROWNLOW GROUP PRACTICE,U24190,BROWNLOW HEALTH PCN,99A,E38000101,1.0,0.0,59.0,0.0,1.0,3.0,119.0,0.0,89.0,71.0,59974.0,1343.0
N82617,BROWNLOW AT MARYBONE,U24190,BROWNLOW HEALTH PCN,99A,E38000101,0.0,0.0,7.0,1.0,0.0,0.0,32.0,0.0,27.0,23.0,10355.0,456.0
N82633,CALVARY HEALTH CENTRE,U02731,IGPC PCN,99A,E38000101,0.0,0.0,26.0,1.0,1.0,4.0,99.0,0.0,74.0,69.0,2908.0,852.0
N82641,SANDRINGHAM MEDICAL CENTRE,U,Unallocated,99A,E38000101,0.0,0.0,16.0,0.0,0.0,1.0,14.0,0.0,14.0,*,4812.0,729.0
N82645,BROWNLOW HEALTH AT KENSINGTON,U24190,BROWNLOW HEALTH PCN,99A,E38000101,0.0,0.0,13.0,4.0,0.0,0.0,13.0,0.0,12.0,6.0,8334.0,650.0
N82646,DR JUDE'S PRACTICE - RIVERSIDE,U,Unallocated,99A,E38000101,0.0,0.0,18.0,1.0,1.0,1.0,17.0,0.0,16.0,*,8691.0,745.0
N82648,POULTER ROAD MEDICAL CENTRE,U,Unallocated,99A,E38000101,0.0,0.0,12.0,0.0,0.0,0.0,9.0,1.0,6.0,*,2363.0,369.0
N82650,SPEKE HC - DR SINGH & DR BICHA,U57480,SWAGGA PCN,99A,E38000101,0.0,0.0,54.0,0.0,1.0,1.0,26.0,0.0,22.0,15.0,4426.0,606.0
N82651,STANLEY MEDICAL CENTRE,U,Unallocated,99A,E38000101,0.0,0.0,18.0,0.0,10.0,0.0,20.0,0.0,14.0,8.0,3309.0,765.0
N82655,MOSS WAY,U,Unallocated,99A,E38000101,0.0,0.0,15.0,0.0,0.0,1.0,80.0,0.0,79.0,61.0,1759.0,547.0
N82662,DUNSTAN VILLAGE GROUP PRACTICE,U53230,THE PICTON PCN,99A,E38000101,0.0,0.0,31.0,0.0,0.0,3.0,86.0,0.0,71.0,51.0,7433.0,813.0
N82663,HORNSPIT MEDICAL CENTRE,U,Unallocated,99A,E38000101,0.0,0.0,29.0,1.0,1.0,1.0,19.0,0.0,18.0,*,3780.0,794.0
N82664,ROCKY LANE MEDICAL CENTRE,U02731,IGPC PCN,99A,E38000101,0.0,0.0,5.0,1.0,0.0,0.0,9.0,0.0,8.0,6.0,2524.0,476.0
N82668,WALTON VILLAGE MEDICAL CENTRE,U,Unallocated,99A,E38000101,1.0,0.0,20.0,5.0,6.0,0.0,8.0,0.0,5.0,*,3207.0,380.0
N82669,GREAT HOMER STREET MEDICAL CENTRE,U49727,ANFIELD & EVERTON PCN,99A,E38000101,0.0,0.0,19.0,0.0,5.0,1.0,36.0,0.0,31.0,18.0,2872.0,579.0
N82671,BIGHAM ROAD MEDICAL CENTRE,U,Unallocated,99A,E38000101,0.0,0.0,3.0,0.0,0.0,0.0,2.0,0.0,2.0,*,2391.0,301.0
N82676,FIR TREE,U,Unallocated,99A,E38000101,0.0,0.0,10.0,0.0,0.0,1.0,19.0,0.0,17.0,15.0,3342.0,743.0
N82678,STOPGATE LANE MEDICAL CTR,U,Unallocated,99A,E38000101,0.0,0.0,16.0,0.0,2.0,4.0,13.0,0.0,13.0,7.0,2880.0,458.0
N83001,RAINBOW MEDICAL CENTRE,U94009,ST HELENS SOUTH PCN,01X,E38000172,1.0,0.0,82.0,0.0,20.0,5.0,118.0,2.0,44.0,23.0,12307.0,2477.0
N83002,PATTERDALE LODGE MED CTRE,U20349,NEWTON AND HAYDOCK PCN,01X,E38000172,0.0,1.0,68.0,0.0,8.0,2.0,96.0,0.0,78.0,36.0,9501.0,2270.0
N83003,ORMSKIRK HOUSE SURGERY,U67149,ST HELENS CENTRAL PCN,01X,E38000172,0.0,0.0,53.0,1.0,7.0,1.0,55.0,0.0,48.0,33.0,5420.0,1645.0
N83005,VISTA ROAD SURGERY,U20349,NEWTON AND HAYDOCK PCN,01X,E38000172,0.0,0.0,32.0,0.0,1.0,4.0,112.0,0.0,77.0,65.0,6823.0,1775.0
N83006,PHOENIX MEDICAL CENTRE,U67149,ST HELENS CENTRAL PCN,01X,E38000172,0.0,0.0,14.0,0.0,2.0,2.0,14.0,0.0,13.0,7.0,2620.0,694.0
N83007,LINGHOLME HEALTH CENTRE,U67149,ST HELENS CENTRAL PCN,01X,E38000172,0.0,0.0,22.0,1.0,1.0,1.0,23.0,0.0,21.0,8.0,2673.0,639.0
N83008,BERRYMEAD FAMILY MED.CTR.,U94009,ST HELENS SOUTH PCN,01X,E38000172,0.0,1.0,26.0,6.0,5.0,3.0,42.0,1.0,35.0,30.0,6889.0,1397.0
N83009,WINGATE MEDICAL CENTRE,U10730,KIRKBY PCN,01J,E38000091,0.0,0.0,47.0,0.0,7.0,2.0,77.0,0.0,41.0,31.0,9577.0,2324.0
N83010,RAINHILL VILLAGE SURGERY,U94009,ST HELENS SOUTH PCN,01X,E38000172,1.0,0.0,59.0,3.0,4.0,1.0,107.0,0.0,79.0,74.0,4989.0,1821.0
N83012,MILL STREET MEDICAL CTR.,U94009,ST HELENS SOUTH PCN,01X,E38000172,0.0,0.0,61.0,2.0,10.0,10.0,62.0,0.0,55.0,23.0,7840.0,2390.0
N83013,THE HEALTH CENTRE SURGERY,U,Unallocated,01J,E38000091,0.0,0.0,19.0,1.0,4.0,0.0,24.0,0.0,18.0,14.0,3622.0,1091.0
N83014,DINAS LANE MEDICAL CENTRE,U71643,KNOWSLEY CENTRAL AND SOUTH PCN,01J,E38000091,2.0,0.0,83.0,1.0,13.0,3.0,81.0,0.0,32.0,23.0,8537.0,1827.0
N83017,HALL STREET MEDICAL CENTRE,U67149,ST HELENS CENTRAL PCN,01X,E38000172,0.0,0.0,55.0,4.0,14.0,3.0,61.0,0.0,42.0,28.0,5097.0,1285.0
N83018,STOCKBRIDGE VILLAGE HC,U71643,KNOWSLEY CENTRAL AND SOUTH PCN,01J,E38000091,0.0,1.0,49.0,2.0,15.0,2.0,44.0,0.0,27.0,20.0,7288.0,1385.0
N83019,BILLINGE MEDICAL PRACTICE,U94037,ST HELENS NORTH PCN,01X,E38000172,1.0,0.0,49.0,1.0,7.0,2.0,59.0,0.0,42.0,29.0,5510.0,2235.0
N83020,MODALITY ST HELENS,U20349,NEWTON AND HAYDOCK PCN,01X,E38000172,0.0,0.0,78.0,0.0,11.0,8.0,161.0,0.0,89.0,56.0,13058.0,3992.0
N83021,FOUR ACRE HEALTH CENTRE,U94009,ST HELENS SOUTH PCN,01X,E38000172,0.0,0.0,19.0,3.0,0.0,1.0,75.0,0.0,55.0,28.0,6431.0,1493.0
N83023,ATLAS MEDICAL PRACTICE,U94009,ST HELENS SOUTH PCN,01X,E38000172,0.0,0.0,48.0,0.0,9.0,2.0,109.0,2.0,88.0,45.0,8884.0,2554.0
N83024,PARK HOUSE MEDICAL CENTRE,U71643,KNOWSLEY CENTRAL AND SOUTH PCN,01J,E38000091,4.0,0.0,39.0,9.0,5.0,1.0,44.0,0.0,34.0,20.0,6081.0,1717.0
N83025,CORNERWAYS MEDICAL CENTRE,U,Unallocated,01J,E38000091,0.0,0.0,49.0,3.0,15.0,2.0,38.0,0.0,25.0,17.0,12480.0,1993.0
N83026,PARKFIELD SURGERY,U67149,ST HELENS CENTRAL PCN,01X,E38000172,0.0,0.0,30.0,0.0,9.0,0.0,25.0,0.0,22.0,16.0,1879.0,711.0
N83027,CENTRAL SURGERY,U67149,ST HELENS CENTRAL PCN,01X,E38000172,0.0,1.0,50.0,4.0,15.0,4.0,63.0,0.0,59.0,33.0,5037.0,1548.0
N83028,ASTON HEALTHCARE LIMITED,U,Unallocated,01J,E38000091,0.0,0.0,80.0,2.0,26.0,4.0,129.0,1.0,99.0,41.0,13516.0,3242.0
N83030,DR M SUARES' PRACTICE,U71643,KNOWSLEY CENTRAL AND SOUTH PCN,01J,E38000091,0.0,0.0,35.0,2.0,9.0,0.0,34.0,0.0,14.0,10.0,4385.0,1051.0
N83031,ROSEHEATH SURGERY,U,Unallocated,01J,E38000091,1.0,0.0,41.0,5.0,9.0,3.0,114.0,0.0,79.0,43.0,5928.0,1261.0
N83032,MILLBROOK MEDICAL CENTRE,U10730,KIRKBY PCN,01J,E38000091,2.0,0.0,57.0,2.0,7.0,3.0,81.0,0.0,63.0,41.0,10273.0,2030.0
N83033,ST. LAURENCE'S MEDICAL CENTRE,U10730,KIRKBY PCN,01J,E38000091,0.0,0.0,22.0,0.0,12.0,0.0,28.0,0.0,23.0,6.0,4236.0,1187.0
N83035,THE SPINNEY MEDICAL CTR.,U94009,ST HELENS SOUTH PCN,01X,E38000172,0.0,0.0,54.0,4.0,7.0,3.0,64.0,0.0,54.0,41.0,5644.0,1403.0
N83041,RAINFORD HEALTH CENTRE,U94037,ST HELENS NORTH PCN,01X,E38000172,0.0,0.0,37.0,0.0,11.0,1.0,54.0,0.0,38.0,26.0,3260.0,1515.0
N83043,LONGVIEW MEDICAL CENTRE,U71643,KNOWSLEY CENTRAL AND SOUTH PCN,01J,E38000091,0.0,0.0,23.0,0.0,5.0,0.0,18.0,0.0,16.0,7.0,3178.0,718.0
N83045,NEWTON PRACTICE,U20349,NEWTON AND HAYDOCK PCN,01X,E38000172,0.0,0.0,31.0,3.0,8.0,4.0,37.0,0.0,32.0,12.0,8946.0,1329.0
N83047,TARBOCK MEDICAL CENTRE,U71643,KNOWSLEY CENTRAL AND SOUTH PCN,01J,E38000091,0.0,0.0,51.0,0.0,26.0,1.0,61.0,0.0,43.0,31.0,4054.0,1350.0
N83049,KENNETH MACRAE MED CENTRE,U94037,ST HELENS NORTH PCN,01X,E38000172,0.0,0.0,41.0,2.0,3.0,1.0,61.0,0.0,42.0,35.0,3089.0,1178.0
N83050,THE BOWERY MEDICAL CENTRE,U94009,ST HELENS SOUTH PCN,01X,E38000172,1.0,0.0,16.0,0.0,0.0,1.0,24.0,0.0,20.0,18.0,4277.0,773.0
N83053,LONGTON MEDICAL CENTRE,U94009,ST HELENS SOUTH PCN,01X,E38000172,0.0,0.0,97.0,30.0,13.0,1.0,86.0,0.0,59.0,48.0,7330.0,1908.0
N83054,BETHANY MEDICAL CENTRE,U94037,ST HELENS NORTH PCN,01X,E38000172,0.0,0.0,26.0,2.0,0.0,1.0,23.0,0.0,11.0,7.0,3417.0,850.0
N83601,THE MACMILLAN SURGERY,U10730,KIRKBY PCN,01J,E38000091,0.0,0.0,41.0,1.0,3.0,1.0,34.0,0.0,31.0,23.0,7112.0,1030.0
N83603,PRESCOT MEDICAL CENTRE,U71643,KNOWSLEY CENTRAL AND SOUTH PCN,01J,E38000091,0.0,0.0,19.0,0.0,3.0,0.0,51.0,0.0,43.0,42.0,6669.0,1256.0
N83605,HOLLIES MEDICAL CENTRE,U71643,KNOWSLEY CENTRAL AND SOUTH PCN,01J,E38000091,0.0,0.0,29.0,0.0,13.0,1.0,17.0,0.0,13.0,10.0,5432.0,957.0
N83608,DR MAASSARANI & PARTNERS,U10730,KIRKBY PCN,01J,E38000091,0.0,0.0,58.0,0.0,4.0,4.0,63.0,0.0,58.0,42.0,13308.0,2262.0
N83609,CEDAR CROSS MEDICAL CENTRE,U71643,KNOWSLEY CENTRAL AND SOUTH PCN,01J,E38000091,0.0,0.0,37.0,0.0,17.0,2.0,31.0,0.0,22.0,9.0,4141.0,809.0
N83610,COLBY MEDICAL CENTRE,U,Unallocated,01J,E38000091,0.0,0.0,11.0,0.0,5.0,2.0,24.0,0.0,19.0,9.0,1944.0,452.0
N83614,ECCLESTON MEDICAL CENTRE,U94009,ST HELENS SOUTH PCN,01X,E38000172,1.0,0.0,16.0,1.0,1.0,1.0,75.0,0.0,55.0,48.0,5312.0,1132.0
N83619,ROBY MEDICAL CENTRE,U71643,KNOWSLEY CENTRAL AND SOUTH PCN,01J,E38000091,0.0,0.0,41.0,0.0,9.0,1.0,80.0,0.0,67.0,51.0,4268.0,1075.0
N83620,WINDERMERE MEDICAL CENTRE,U94037,ST HELENS NORTH PCN,01X,E38000172,0.0,0.0,14.0,0.0,0.0,2.0,16.0,1.0,12.0,*,3325.0,528.0
N83621,HILLSIDE HOUSE SURGERY,U,Unallocated,01J,E38000091,0.0,1.0,8.0,0.0,1.0,1.0,9.0,0.0,7.0,7.0,2325.0,511.0
N83622,PRIMROSE MEDICAL PRACTICE,U,Unallocated,01J,E38000091,0.0,0.0,10.0,4.0,2.0,0.0,5.0,0.0,5.0,*,2233.0,336.0
N83624,DR RAHIL'S SURGERY,U20349,NEWTON AND HAYDOCK PCN,01X,E38000172,0.0,0.0,5.0,0.0,0.0,1.0,12.0,0.0,10.0,5.0,2413.0,615.0
N83633,NUTGROVE VILLA SURGERY,U71643,KNOWSLEY CENTRAL AND SOUTH PCN,01J,E38000091,3.0,0.0,21.0,1.0,8.0,2.0,51.0,1.0,43.0,34.0,3077.0,741.0
N83637,NEWHOLME SURGERY,U67149,ST HELENS CENTRAL PCN,01X,E38000172,0.0,0.0,7.0,1.0,1.0,2.0,30.0,0.0,21.0,7.0,2503.0,730.0
N84001,42 KINGSWAY,U37618,SOUTH SEFTON PCN,01T,E38000161,9.0,0.0,344.0,116.0,20.0,1.0,88.0,0.0,67.0,65.0,6668.0,2378.0
N84002,AINTREE ROAD MEDICAL CENTRE,U37618,SOUTH SEFTON PCN,01T,E38000161,4.0,0.0,26.0,3.0,5.0,1.0,10.0,0.0,8.0,8.0,2091.0,400.0
N84003,HIGH PASTURES SURGERY,U37618,SOUTH SEFTON PCN,01T,E38000161,13.0,0.0,170.0,0.0,31.0,1.0,107.0,0.0,82.0,74.0,7195.0,2926.0
N84004,GLOVERS LANE SURGERY,U37618,SOUTH SEFTON PCN,01T,E38000161,2.0,0.0,88.0,3.0,9.0,3.0,57.0,3.0,47.0,32.0,6314.0,1426.0
N84005,CUMBERLAND HOUSE SURGERY,U18460,SOUTHPORT & FORMBY PCN,01V,E38000170,7.0,1.0,345.0,8.0,34.0,8.0,181.0,0.0,165.0,114.0,9719.0,2747.0
N84006,CHAPEL LANE SURGERY,U18460,SOUTHPORT & FORMBY PCN,01V,E38000170,7.0,8.0,348.0,192.0,54.0,5.0,116.0,0.0,93.0,74.0,8000.0,3662.0
N84007,LIVERPOOL RD MEDICAL PRACTICE,U37618,SOUTH SEFTON PCN,01T,E38000161,9.0,1.0,201.0,5.0,5.0,0.0,47.0,0.0,33.0,27.0,4883.0,1358.0
N84008,NORWOOD SURGERY,U18460,SOUTHPORT & FORMBY PCN,01V,E38000170,6.0,1.0,207.0,12.0,30.0,4.0,150.0,0.0,133.0,119.0,6975.0,2699.0
N84010,MAGHULL FAMILY SURGERY,U37618,SOUTH SEFTON PCN,01T,E38000161,8.0,2.0,52.0,1.0,8.0,2.0,33.0,0.0,32.0,21.0,4296.0,1423.0
N84011,EASTVIEW SURGERY,U37618,SOUTH SEFTON PCN,01T,E38000161,0.0,0.0,105.0,2.0,3.0,2.0,46.0,0.0,38.0,26.0,4956.0,1558.0
N84012,AINSDALE MEDICAL CENTRE,U18460,SOUTHPORT & FORMBY PCN,01V,E38000170,11.0,0.0,256.0,1.0,37.0,1.0,113.0,0.0,93.0,75.0,7696.0,3731.0
N84013,CHRISTIANA HARTLEY MEDICAL PRACTICE,U18460,SOUTHPORT & FORMBY PCN,01V,E38000170,46.0,1.0,332.0,50.0,42.0,3.0,235.0,0.0,149.0,120.0,8105.0,2797.0
N84014,AINSDALE VILLAGE SURGERY,U18460,SOUTHPORT & FORMBY PCN,01V,E38000170,4.0,0.0,117.0,7.0,4.0,1.0,28.0,0.0,24.0,20.0,2870.0,910.0
N84015,BOOTLE VILLAGE SURGERY,U37618,SOUTH SEFTON PCN,01T,E38000161,2.0,0.0,59.0,0.0,0.0,0.0,50.0,0.0,41.0,32.0,4666.0,1107.0
N84016,MOORE STREET MEDICAL CENTRE,U37618,SOUTH SEFTON PCN,01T,E38000161,6.0,0.0,211.0,1.0,7.0,3.0,39.0,0.0,33.0,30.0,4468.0,1089.0
N84017,CHURCHTOWN MEDICAL CENTRE,U18460,SOUTHPORT & FORMBY PCN,01V,E38000170,3.0,0.0,139.0,8.0,20.0,4.0,153.0,0.0,118.0,88.0,6544.0,2902.0
N84018,THE VILLAGE SURGERY FORMBY,U18460,SOUTHPORT & FORMBY PCN,01V,E38000170,10.0,8.0,369.0,60.0,64.0,0.0,177.0,0.0,121.0,107.0,10482.0,4410.0
N84019,NORTH PARK HEALTH CENTRE,U,Unallocated,01T,E38000161,3.0,0.0,83.0,6.0,7.0,1.0,50.0,0.0,42.0,29.0,5432.0,1041.0
N84020,BLUNDELLSANDS SURGERY,U37618,SOUTH SEFTON PCN,01T,E38000161,11.0,0.0,221.0,64.0,35.0,3.0,104.0,0.0,75.0,54.0,7675.0,2699.0
N84021,ST MARKS MEDICAL CENTRE (TCG MEDICAL),U18460,SOUTHPORT & FORMBY PCN,01V,E38000170,13.0,9.0,252.0,38.0,36.0,7.0,367.0,0.0,288.0,242.0,12438.0,3507.0
N84023,BRIDGE ROAD MEDICAL CENTRE,U37618,SOUTH SEFTON PCN,01T,E38000161,7.0,0.0,95.0,35.0,18.0,2.0,33.0,0.0,25.0,19.0,6530.0,1385.0
N84024,GRANGE SURGERY,U18460,SOUTHPORT & FORMBY PCN,01V,E38000170,5.0,0.0,146.0,6.0,64.0,3.0,170.0,0.0,154.0,127.0,5801.0,3512.0
N84025,WESTWAY MEDICAL CENTRE,U37618,SOUTH SEFTON PCN,01T,E38000161,8.0,0.0,399.0,2.0,35.0,1.0,124.0,1.0,114.0,112.0,7324.0,2830.0
N84027,ORRELL PARK MEDICAL CENTRE,U37618,SOUTH SEFTON PCN,01T,E38000161,3.0,0.0,93.0,29.0,3.0,1.0,11.0,0.0,9.0,*,5110.0,598.0
N84028,THE STRAND MEDICAL CENTRE,U37618,SOUTH SEFTON PCN,01T,E38000161,1.0,0.0,74.0,2.0,8.0,1.0,31.0,0.0,21.0,14.0,6190.0,1273.0
N84029,FORD MEDICAL PRACTICE,U37618,SOUTH SEFTON PCN,01T,E38000161,2.0,0.0,171.0,0.0,13.0,3.0,40.0,0.0,35.0,29.0,4696.0,1041.0
N84034,PARK STREET SURGERY,U37618,SOUTH SEFTON PCN,01T,E38000161,8.0,0.0,103.0,9.0,27.0,1.0,42.0,0.0,40.0,38.0,6758.0,1167.0
N84035,15 SEFTON ROAD,U,Unallocated,01T,E38000161,1.0,0.0,74.0,1.0,7.0,5.0,23.0,0.0,17.0,12.0,2669.0,890.0
N84038,CONCEPT HOUSE SURGERY,U37618,SOUTH SEFTON PCN,01T,E38000161,17.0,0.0,164.0,42.0,16.0,1.0,50.0,0.0,32.0,28.0,5054.0,1050.0
N84041,KINGSWAY SURGERY,U37618,SOUTH SEFTON PCN,01T,E38000161,2.0,0.0,155.0,2.0,4.0,0.0,44.0,0.0,28.0,25.0,4853.0,1257.0
N84605,LITHERLAND PRACTICE,U,Unallocated,01T,E38000161,6.0,1.0,161.0,34.0,14.0,1.0,19.0,0.0,13.0,*,7581.0,1055.0
N84613,THE CORNER SURGERY (DR MULLA),U18460,SOUTHPORT & FORMBY PCN,01V,E38000170,3.0,2.0,72.0,44.0,11.0,0.0,44.0,0.0,26.0,19.0,3112.0,1438.0
N84614,THE MARSHSIDE SURGERY,U18460,SOUTHPORT & FORMBY PCN,01V,E38000170,0.0,0.0,126.0,86.0,9.0,0.0,35.0,0.0,27.0,24.0,2233.0,1084.0
N84615,RAWSON ROAD MEDICAL CENTRE,U37618,SOUTH SEFTON PCN,01T,E38000161,0.0,0.0,69.0,23.0,5.0,2.0,20.0,0.0,14.0,7.0,3007.0,485.0
N84617,KEW SURGERY,U18460,SOUTHPORT & FORMBY PCN,01V,E38000170,2.0,0.0,103.0,1.0,7.0,0.0,44.0,0.0,36.0,34.0,4422.0,891.0
N84621,GREAT CROSBY AND THORNTON,U,Unallocated,01T,E38000161,0.0,0.0,138.0,6.0,15.0,0.0,103.0,0.0,72.0,53.0,6069.0,1811.0
N84625,THE FAMILY SURGERY,U18460,SOUTHPORT & FORMBY PCN,01V,E38000170,3.0,1.0,154.0,92.0,10.0,0.0,43.0,0.0,35.0,27.0,4844.0,1129.0
N84626,HIGHTOWN VILLAGE SURGERY,U,Unallocated,01T,E38000161,4.0,0.0,30.0,0.0,4.0,0.0,16.0,0.0,11.0,6.0,1140.0,521.0
N85002,MARINE LAKE MEDICAL PRACTICE,U79121,HEALTHIER WEST WIRRAL PCN,12F,E38000208,0.0,0.0,16.0,0.0,8.0,8.0,283.0,0.0,217.0,169.0,13411.0,5577.0
N85005,EASTHAM GROUP PRACTICE,U12833,HEALTHIER SOUTH WIRRAL PCN,12F,E38000208,0.0,0.0,8.0,0.0,2.0,3.0,82.0,0.0,69.0,15.0,8531.0,2636.0
N85006,CIVIC MEDICAL CENTRE,U12833,HEALTHIER SOUTH WIRRAL PCN,12F,E38000208,0.0,0.0,50.0,0.0,15.0,6.0,186.0,0.0,142.0,121.0,6991.0,2502.0
N85007,MYRTLE GROUP PRACTICE,U79121,HEALTHIER WEST WIRRAL PCN,12F,E38000208,0.0,0.0,15.0,0.0,5.0,4.0,240.0,1.0,170.0,127.0,14429.0,6551.0
N85008,WEST WIRRAL GROUP PRACTICE,U79121,HEALTHIER WEST WIRRAL PCN,12F,E38000208,0.0,0.0,18.0,1.0,11.0,0.0,149.0,1.0,115.0,84.0,9586.0,4216.0
N85012,ST GEORGES MEDICAL CENTRE,U25656,WALLASEY PCN,12F,E38000208,0.0,0.0,3.0,0.0,0.0,3.0,130.0,0.0,105.0,78.0,7081.0,2143.0
N85013,UPTON GROUP PRACTICE,U79121,HEALTHIER WEST WIRRAL PCN,12F,E38000208,0.0,0.0,55.0,2.0,1.0,2.0,103.0,0.0,70.0,53.0,5462.0,2221.0
N85015,DEVANEY MED CTR,U99194,BIRKENHEAD PCN,12F,E38000208,1.0,0.0,52.0,13.0,6.0,3.0,34.0,0.0,29.0,20.0,6406.0,1520.0
N85016,RIVERSIDE SURGERY,U99194,BIRKENHEAD PCN,12F,E38000208,0.0,0.0,22.0,1.0,2.0,3.0,87.0,0.0,67.0,51.0,7178.0,1496.0
N85017,CAVENDISH MEDICAL CENTRE,U99194,BIRKENHEAD PCN,12F,E38000208,2.0,0.0,21.0,1.0,4.0,3.0,32.0,2.0,30.0,20.0,4678.0,923.0
N85018,THE VILLA MEDICAL CENTRE,U99194,BIRKENHEAD PCN,12F,E38000208,0.0,0.0,4.0,0.0,0.0,1.0,51.0,0.0,46.0,41.0,4545.0,1573.0
N85019,WHETSTONE LANE MED CTR,U99194,BIRKENHEAD PCN,12F,E38000208,0.0,0.0,11.0,0.0,4.0,4.0,37.0,0.0,30.0,22.0,7565.0,1331.0
N85020,ST CATHERINE'S SURGERY,U99194,BIRKENHEAD PCN,12F,E38000208,0.0,0.0,12.0,1.0,0.0,2.0,127.0,0.0,103.0,62.0,12948.0,2691.0
N85021,HAMILTON MED CTR,U99194,BIRKENHEAD PCN,12F,E38000208,0.0,0.0,22.0,0.0,6.0,3.0,45.0,0.0,37.0,31.0,2482.0,546.0
N85022,HOLMLANDS MED CTR,U99194,BIRKENHEAD PCN,12F,E38000208,0.0,0.0,29.0,3.0,7.0,1.0,26.0,0.0,26.0,20.0,3501.0,899.0
N85023,MANOR HEALTH CTR,U25656,WALLASEY PCN,12F,E38000208,0.0,0.0,26.0,0.0,7.0,0.0,37.0,0.0,30.0,17.0,4463.0,1242.0
N85024,SOMERVILLE MED CTR,U25656,WALLASEY PCN,12F,E38000208,0.0,0.0,21.0,1.0,0.0,1.0,74.0,0.0,62.0,44.0,7899.0,1550.0
N85025,ST HILARY GROUP PRACTICE,U25656,WALLASEY PCN,12F,E38000208,0.0,0.0,10.0,0.0,1.0,0.0,35.0,0.0,10.0,*,4409.0,1420.0
N85027,CENTRAL PARK MEDICAL CENTRE,U25656,WALLASEY PCN,12F,E38000208,0.0,0.0,14.0,4.0,2.0,4.0,48.0,1.0,42.0,33.0,7375.0,1626.0
N85028,MORETON GROUP PRACTICE,U46976,MORETON AND MEOLS PCN,12F,E38000208,0.0,0.0,11.0,0.0,2.0,4.0,107.0,0.0,81.0,47.0,10073.0,3264.0
N85031,GLADSTONE MED CTR,U99194,BIRKENHEAD PCN,12F,E38000208,1.0,0.0,13.0,2.0,1.0,1.0,23.0,0.0,19.0,8.0,3108.0,667.0
N85032,GREASBY GROUP PRACTICE,U79121,HEALTHIER WEST WIRRAL PCN,12F,E38000208,0.0,0.0,15.0,0.0,0.0,1.0,45.0,2.0,31.0,9.0,4323.0,2175.0
N85037,HEATHERLANDS MED CTR,U91030,HEALTHIER NEIGHBOURHOODS PCN,12F,E38000208,1.0,0.0,7.0,0.0,0.0,3.0,106.0,0.0,96.0,65.0,5052.0,886.0
N85038,VITTORIA MED CTR G,U99194,BIRKENHEAD PCN,12F,E38000208,0.0,0.0,3.0,0.0,0.0,1.0,19.0,1.0,15.0,10.0,3481.0,731.0
N85044,PAXTON MEDICAL GROUP,U91030,HEALTHIER NEIGHBOURHOODS PCN,12F,E38000208,0.0,1.0,21.0,0.0,1.0,5.0,357.0,0.0,281.0,204.0,16459.0,4201.0
N85046,HOYLAKE RD MET CTR,U46976,MORETON AND MEOLS PCN,12F,E38000208,0.0,0.0,17.0,0.0,3.0,3.0,56.0,0.0,47.0,23.0,3775.0,1283.0
N85047,ORCHARD SURGERY,U12833,HEALTHIER SOUTH WIRRAL PCN,12F,E38000208,0.0,0.0,2.0,0.0,0.0,5.0,56.0,0.0,43.0,31.0,5446.0,1557.0
N85048,MORETON MEDICAL CENTRE,U46976,MORETON AND MEOLS PCN,12F,E38000208,0.0,0.0,4.0,0.0,1.0,1.0,28.0,2.0,21.0,10.0,3955.0,1250.0
N85051,SUNLIGHT GROUP PRACTICE,U12833,HEALTHIER SOUTH WIRRAL PCN,12F,E38000208,0.0,0.0,20.0,0.0,9.0,6.0,149.0,0.0,108.0,100.0,14100.0,3537.0
N85052,GROVE RD SURGERY,U25656,WALLASEY PCN,12F,E38000208,0.0,0.0,4.0,0.0,0.0,0.0,54.0,2.0,46.0,31.0,3726.0,1116.0
N85054,KINGS LANE MEDICAL PRACTICE,U99194,BIRKENHEAD PCN,12F,E38000208,0.0,0.0,6.0,4.0,2.0,2.0,32.0,1.0,28.0,9.0,3970.0,1144.0
N85057,TEEHEY LANE SURGERY,U99194,BIRKENHEAD PCN,12F,E38000208,0.0,0.0,8.0,1.0,2.0,0.0,12.0,0.0,9.0,*,1385.0,518.0
N85059,HOYLAKE & MEOLS MEDICAL CTR,U46976,MORETON AND MEOLS PCN,12F,E38000208,0.0,0.0,10.0,0.0,2.0,1.0,63.0,1.0,43.0,13.0,6079.0,2189.0
N85616,LISCARD GROUP PRACTICE,U25656,WALLASEY PCN,12F,E38000208,0.0,0.0,2.0,0.0,0.0,1.0,48.0,0.0,39.0,25.0,3701.0,885.0
N85617,SPITAL SURGERY,U12833,HEALTHIER SOUTH WIRRAL PCN,12F,E38000208,0.0,0.0,9.0,0.0,1.0,0.0,43.0,0.0,35.0,15.0,3485.0,1386.0
N85620,THE VILLAGE MEDICAL CENTRE,U25656,WALLASEY PCN,12F,E38000208,0.0,0.0,21.0,0.0,2.0,1.0,47.0,0.0,39.0,32.0,4703.0,1707.0
N85625,MIRIAM PRIMARY CARE GROUP,U99194,BIRKENHEAD PCN,12F,E38000208,0.0,0.0,16.0,0.0,1.0,10.0,123.0,0.0,58.0,41.0,13653.0,2863.0
N85629,EGREMONT MED CTR,U25656,WALLASEY PCN,12F,E38000208,0.0,0.0,8.0,0.0,2.0,0.0,19.0,1.0,13.0,6.0,4002.0,711.0
N85633,CHURCH ROAD MEDICAL PRACTICE,U99194,BIRKENHEAD PCN,12F,E38000208,0.0,0.0,1.0,0.0,0.0,2.0,13.0,0.0,12.0,10.0,4304.0,780.0
N85634,VITTORIA MED CTR K,U99194,BIRKENHEAD PCN,12F,E38000208,0.0,0.0,2.0,0.0,0.0,2.0,74.0,0.0,71.0,64.0,1516.0,381.0
N85640,LEASOWE MEDICAL PRACTICE,U25656,WALLASEY PCN,12F,E38000208,0.0,0.0,2.0,0.0,0.0,0.0,7.0,0.0,7.0,*,2542.0,314.0
N85643,PRENTON & WOODCHURCH MEDICAL CENTRE,U91030,HEALTHIER NEIGHBOURHOODS PCN,12F,E38000208,0.0,0.0,14.0,0.0,0.0,1.0,11.0,0.0,10.0,6.0,3367.0,721.0
N85648,BLACKHEATH MED CTR,U25656,WALLASEY PCN,12F,E38000208,0.0,0.0,1.0,0.0,0.0,0.0,27.0,1.0,20.0,11.0,3410.0,780.0
P81002,LANCASTER MEDICAL PRACTICE,U19808,LANCASTER PCN,01K,E38000228,1.0,0.0,223.0,80.0,14.0,18.0,429.0,2.0,366.0,317.0,55220.0,9061.0
P81005,LITTLE HARWOOD HEALTH CENTRE,U,Unallocated,00Q,E38000014,0.0,0.0,69.0,2.0,17.0,1.0,71.0,1.0,38.0,31.0,10278.0,2043.0
P81006,GARSTANG MEDICAL PRACTICE,U42699,GARSTANG PCN,02M,E38000226,0.0,0.0,106.0,0.0,4.0,4.0,278.0,0.0,222.0,177.0,14268.0,6347.0
P81008,YORKSHIRE STREET MEDICAL CENTRE,U31823,BURNLEY EAST PCN,01A,E38000050,0.0,0.0,63.0,11.0,1.0,2.0,36.0,2.0,23.0,14.0,5676.0,1614.0
P81010,WITHNELL HEALTH CENTRE,U57096,CHORLEY TOGETHER PCN,00X,E38000034,0.0,4.0,32.0,0.0,1.0,1.0,25.0,0.0,22.0,7.0,4296.0,1336.0
P81013,QUEEN SQUARE MEDICAL PRACTICE,U19808,LANCASTER PCN,01K,E38000228,0.0,0.0,51.0,0.0,0.0,6.0,144.0,0.0,110.0,56.0,12423.0,3289.0
P81014,ORMSKIRK MEDICAL PRACTICE,U21757,ORMSKIRK PCN,02G,E38000200,3.0,4.0,41.0,1.0,3.0,5.0,165.0,2.0,153.0,147.0,7107.0,2653.0
P81015,LYTHAM ROAD SURGERY,U92975,PRESTON NORTH & EAST PCN,01E,E38000227,0.0,0.0,76.0,2.0,3.0,4.0,231.0,0.0,220.0,172.0,10817.0,2859.0
P81017,WHALLEY MEDICAL CENTRE,U11269,RIBBLESDALE PCN,01A,E38000050,2.0,1.0,122.0,26.0,14.0,1.0,138.0,0.0,109.0,72.0,11071.0,3813.0
P81018,ST FILLAN'S MEDICAL CTRE,U49070,PRESTON & SOUTH RIBBLE PCN,01E,E38000227,0.0,0.0,33.0,0.0,3.0,0.0,84.0,0.0,58.0,38.0,6024.0,1966.0
P81020,BURNLEY GROUP PRACTICE,U69695,BURNLEY WEST PCN,01A,E38000050,2.0,2.0,109.0,6.0,9.0,7.0,188.0,1.0,143.0,108.0,20338.0,4396.0
P81022,WITTON MEDICAL CENTRE,U,Unallocated,00Q,E38000014,0.0,1.0,53.0,1.0,8.0,5.0,93.0,1.0,89.0,87.0,9190.0,2048.0
P81025,THE RICHMOND HILL PRACTICE,U21400,PENDLE EAST PCN,01A,E38000050,1.0,0.0,47.0,4.0,4.0,2.0,114.0,5.0,82.0,46.0,10066.0,2718.0
P81027,IRWELL MEDICAL PRACTICE,U81405,ROSSENDALE EAST PCN,01A,E38000050,4.0,0.0,91.0,8.0,38.0,9.0,122.0,0.0,117.0,85.0,12476.0,2873.0
P81029,ASH TREES SURGERY,U50573,CARNFORTH AND MILNTHORPE PCN,01K,E38000228,1.0,2.0,119.0,2.0,7.0,7.0,384.0,12.0,228.0,182.0,16285.0,7780.0
P81031,POPLAR HOUSE SURGERY,U26788,LYTHAM ST ANNES PCN,02M,E38000226,0.0,0.0,19.0,1.0,2.0,5.0,92.0,3.0,50.0,35.0,4709.0,1994.0
P81032,REEDYFORD HLTH CARE GROUP,U,Unallocated,01A,E38000050,2.0,0.0,79.0,8.0,5.0,5.0,173.0,2.0,146.0,113.0,11735.0,2681.0
P81033,COPPULL MEDICAL PRACTICE,U01901,CHORLEY CENTRAL PCN,00X,E38000034,0.0,0.0,52.0,46.0,1.0,3.0,122.0,0.0,108.0,104.0,6116.0,1961.0
P81035,COLNE ROAD SURGERY,U31823,BURNLEY EAST PCN,01A,E38000050,14.0,0.0,48.0,7.0,5.0,0.0,34.0,0.0,28.0,24.0,7761.0,758.0
P81036,PEEL HOUSE MEDICAL PRACTICE,U96653,HYNDBURN CENTRAL PCN,01A,E38000050,18.0,2.0,135.0,36.0,11.0,7.0,140.0,1.0,122.0,94.0,14941.0,3523.0
P81037,ANSDELL MEDICAL CENTRE,U26788,LYTHAM ST ANNES PCN,02M,E38000226,0.0,2.0,48.0,2.0,2.0,2.0,190.0,0.0,143.0,130.0,8156.0,4491.0
P81038,THE CHORLEY SURGERY,U01901,CHORLEY CENTRAL PCN,00X,E38000034,0.0,0.0,36.0,1.0,0.0,3.0,84.0,0.0,73.0,62.0,8069.0,1894.0
P81039,MANOR PRIMARY CARE,U45611,SKELMERSDALE PCN,02G,E38000200,0.0,0.0,10.0,2.0,2.0,3.0,25.0,0.0,27.0,23.0,4777.0,731.0
P81040,LONGTON HEALTH CENTRE,U49070,PRESTON & SOUTH RIBBLE PCN,01E,E38000227,0.0,0.0,102.0,23.0,6.0,2.0,115.0,0.0,103.0,79.0,7365.0,2983.0
P81041,PARKGATE SURGERY,U21757,ORMSKIRK PCN,02G,E38000200,0.0,0.0,40.0,2.0,2.0,3.0,85.0,0.0,61.0,58.0,7087.0,2578.0
P81042,ADELAIDE STREET SURGERY,U47882,BLACKPOOL CENTRAL WEST PCN,00R,E38000015,0.0,2.0,55.0,2.0,7.0,3.0,101.0,1.0,81.0,70.0,12534.0,2478.0
P81043,SOUTH KING STREET MEDICAL CENTRE,U47882,BLACKPOOL CENTRAL WEST PCN,00R,E38000015,3.0,1.0,35.0,3.0,1.0,2.0,32.0,2.0,17.0,13.0,5473.0,1175.0
P81044,LIBRARY HOUSE SURGERY,U01901,CHORLEY CENTRAL PCN,00X,E38000034,0.0,0.0,88.0,2.0,8.0,1.0,185.0,2.0,183.0,149.0,13019.0,3635.0
P81045,THE ELMS PRACTICE,U21757,ORMSKIRK PCN,02G,E38000200,0.0,0.0,21.0,1.0,0.0,1.0,76.0,3.0,58.0,53.0,3328.0,1335.0
P81046,PARK VIEW SURGERY,U,Unallocated,01E,E38000227,0.0,0.0,15.0,1.0,0.0,0.0,22.0,0.0,16.0,9.0,5782.0,691.0
P81047,PARKSIDE SURGERY,U31823,BURNLEY EAST PCN,01A,E38000050,0.0,0.0,96.0,7.0,5.0,6.0,169.0,2.0,161.0,143.0,12759.0,3245.0
P81051,DARWEN HEALTHCARE,U,Unallocated,00Q,E38000014,0.0,0.0,95.0,0.0,13.0,2.0,129.0,0.0,116.0,77.0,12009.0,2678.0
P81053,BRIERCLIFFE SURGERY,U31823,BURNLEY EAST PCN,01A,E38000050,0.0,0.0,42.0,0.0,0.0,3.0,66.0,1.0,58.0,47.0,6522.0,1725.0
P81054,MARTON MEDICAL PRACTICE,U97645,BLACKPOOL CENTRAL PCN,00R,E38000015,0.0,0.0,10.0,0.0,2.0,0.0,82.0,1.0,78.0,59.0,7664.0,1714.0
P81055,BERRY LANE MEDICAL CENTRE,U92975,PRESTON NORTH & EAST PCN,01E,E38000227,0.0,0.0,120.0,2.0,1.0,2.0,132.0,0.0,98.0,83.0,11590.0,3404.0
P81057,WORDEN MEDICAL CENTRE,U05906,LEYLAND PCN,00X,E38000034,0.0,0.0,88.0,1.0,2.0,6.0,98.0,0.0,84.0,37.0,11050.0,3118.0
P81058,ST GEORGES SURGERY,U,Unallocated,00Q,E38000014,0.0,0.0,45.0,1.0,7.0,3.0,55.0,1.0,44.0,36.0,8580.0,1641.0
P81059,GREAT ECCLESTON HLTH CTR,U17837,WYRE BRIDGE,02M,E38000226,1.0,0.0,23.0,1.0,0.0,3.0,83.0,0.0,69.0,55.0,5443.0,2310.0
P81061,REDLAM SURGERY,U,Unallocated,00Q,E38000014,0.0,3.0,25.0,1.0,0.0,1.0,51.0,0.0,44.0,30.0,3399.0,942.0
P81062,REGENT HOUSE SURGERY,U01901,CHORLEY CENTRAL PCN,00X,E38000034,0.0,0.0,38.0,0.0,0.0,3.0,79.0,0.0,67.0,65.0,5840.0,1745.0
P81063,ST PAULS MEDICAL CENTRE,U47882,BLACKPOOL CENTRAL WEST PCN,00R,E38000015,2.0,1.0,77.0,7.0,8.0,3.0,113.0,1.0,83.0,76.0,8849.0,2110.0
P81065,THE PENDLE MEDICAL PARTNERSHIP,U21400,PENDLE EAST PCN,01A,E38000050,0.0,0.0,85.0,4.0,3.0,2.0,111.0,0.0,85.0,62.0,11587.0,3439.0
P81066,LAYTON MEDICAL CENTRE,U97645,BLACKPOOL CENTRAL PCN,00R,E38000015,0.0,0.0,32.0,0.0,0.0,3.0,34.0,0.0,27.0,25.0,6889.0,1455.0
P81067,THE HEALTHCARE CENTRE,U92975,PRESTON NORTH & EAST PCN,01E,E38000227,0.0,4.0,107.0,88.0,13.0,3.0,139.0,0.0,129.0,98.0,10147.0,2571.0
P81069,PENDLESIDE MEDICAL PRACT,U11269,RIBBLESDALE PCN,01A,E38000050,0.0,0.0,68.0,3.0,1.0,2.0,95.0,0.0,77.0,47.0,8989.0,2811.0
P81070,PENDLE VIEW MEDICAL CENTRE,U,Unallocated,01A,E38000050,0.0,0.0,39.0,1.0,4.0,3.0,65.0,0.0,48.0,30.0,6607.0,1663.0
P81071,THE NEW HALL LANE PRACTICE,U,Unallocated,01E,E38000227,0.0,0.0,29.0,2.0,0.0,0.0,34.0,0.0,33.0,30.0,6274.0,886.0
P81072,GLENROYD MEDICAL CENTRE,U,Unallocated,00R,E38000015,1.0,0.0,92.0,4.0,7.0,5.0,161.0,0.0,105.0,71.0,10367.0,3312.0
P81073,CLEVELEYS GROUP PRACTICE,U87975,TORENTUM PCN,00R,E38000015,6.0,1.0,64.0,5.0,5.0,10.0,245.0,1.0,160.0,42.0,8991.0,4205.0
P81074,HIGHFIELD SURGERY,U45809,BLACKPOOL SOUTH PCN,00R,E38000015,0.0,0.0,55.0,2.0,5.0,4.0,168.0,0.0,152.0,139.0,10182.0,3245.0
P81076,SANDY LANE SURGERY,U05906,LEYLAND PCN,00X,E38000034,0.0,0.0,50.0,1.0,1.0,2.0,114.0,0.0,78.0,64.0,8068.0,2583.0
P81077,HOLLAND HOUSE SURGERY,U26788,LYTHAM ST ANNES PCN,02M,E38000226,1.0,2.0,71.0,12.0,1.0,2.0,154.0,0.0,128.0,115.0,7022.0,3828.0
P81078,BARNOLDSWICK MED CTR,U21400,PENDLE EAST PCN,01A,E38000050,4.0,0.0,80.0,4.0,4.0,3.0,77.0,0.0,51.0,17.0,9219.0,2824.0
P81079,THE THORNTON PRACTICE,U87975,TORENTUM PCN,02M,E38000226,0.0,0.0,62.0,1.0,0.0,3.0,144.0,1.0,96.0,60.0,9221.0,3648.0
P81081,ARNOLD MEDICAL CENTRE,U45809,BLACKPOOL SOUTH PCN,00R,E38000015,0.0,0.0,33.0,0.0,0.0,2.0,59.0,0.0,44.0,32.0,4853.0,1319.0
P81082,THE RYAN MEDICAL CENTRE,U34632,BRIDGEDALE SOUTH RIBBLE PCN,00X,E38000034,0.0,0.0,65.0,12.0,6.0,2.0,120.0,0.0,95.0,88.0,8396.0,2683.0
P81083,ROSLEA SURGERY,U34632,BRIDGEDALE SOUTH RIBBLE PCN,00X,E38000034,0.0,0.0,32.0,1.0,2.0,4.0,90.0,0.0,73.0,63.0,6557.0,2099.0
P81084,HALL GREEN SURGERY,U45611,SKELMERSDALE PCN,02G,E38000200,0.0,0.0,33.0,0.0,1.0,1.0,90.0,0.0,88.0,62.0,6212.0,2092.0
P81086,BROADWAY MEDICAL CENTRE,U74229,FLEETWOOD PCN,02M,E38000226,0.0,0.0,11.0,3.0,0.0,5.0,124.0,0.0,90.0,53.0,7347.0,2243.0
P81087,THE OVER-WYRE MED.CTR.,U17837,WYRE BRIDGE,02M,E38000226,1.0,0.0,59.0,28.0,0.0,4.0,208.0,0.0,178.0,133.0,7224.0,4413.0
P81088,WHITWORTH MEDICAL CENTRE,U81405,ROSSENDALE EAST PCN,01A,E38000050,2.0,0.0,41.0,2.0,6.0,2.0,52.0,0.0,39.0,24.0,5446.0,1433.0
P81089,THE MOUNT VIEW PRACTICE,U74229,FLEETWOOD PCN,02M,E38000226,0.0,0.0,61.0,1.0,1.0,4.0,158.0,5.0,127.0,69.0,9584.0,2938.0
P81092,THE CRESCENT SURGERY,U87975,TORENTUM PCN,00R,E38000015,1.0,3.0,72.0,6.0,3.0,2.0,81.0,0.0,71.0,38.0,4985.0,2629.0
P81095,THURSBY SURGERY,U31823,BURNLEY EAST PCN,01A,E38000050,6.0,1.0,202.0,71.0,5.0,1.0,101.0,0.0,94.0,76.0,7129.0,1460.0
P81096,PARBOLD SURGERY,U67183,NORTHERN PARISHES PCN,02G,E38000200,0.0,0.0,83.0,14.0,4.0,0.0,53.0,0.0,50.0,27.0,4886.0,2057.0
P81099,HASLINGDEN HEALTHCARE,U31504,ROSSENDALE WEST PCN,01A,E38000050,2.0,4.0,78.0,10.0,3.0,5.0,140.0,0.0,120.0,100.0,8413.0,2346.0
P81100,THE CASTLE MEDICAL GROUP,U11269,RIBBLESDALE PCN,01A,E38000050,0.0,0.0,127.0,21.0,9.0,5.0,139.0,5.0,106.0,87.0,11811.0,3890.0
P81103,NORTH PRESTON MEDICAL PRACTICE,U,Unallocated,01E,E38000227,0.0,0.0,45.0,2.0,4.0,1.0,56.0,0.0,53.0,47.0,9614.0,2138.0
P81107,STONEBRIDGE SURGERY,U92975,PRESTON NORTH & EAST PCN,01E,E38000227,0.0,0.0,31.0,0.0,0.0,1.0,84.0,0.0,63.0,47.0,6274.0,1855.0
P81112,BEACON PRIMARY CARE,U45611,SKELMERSDALE PCN,02G,E38000200,1.0,0.0,81.0,2.0,4.0,2.0,191.0,0.0,127.0,92.0,13871.0,3067.0
P81113,PARK VIEW SURGERY,U50573,CARNFORTH AND MILNTHORPE PCN,01K,E38000228,0.0,0.0,40.0,2.0,10.0,2.0,88.0,0.0,62.0,55.0,5470.0,2364.0
P81115,BLOOMFIELD MEDICAL CENTRE,U64436,BLACKPOOL SOUTH CENTRAL PCN,00R,E38000015,1.0,0.0,58.0,1.0,10.0,5.0,59.0,13.0,49.0,23.0,14431.0,2563.0
P81117,CENTRAL PARK SURGERY,U05906,LEYLAND PCN,00X,E38000034,0.0,0.0,16.0,0.0,1.0,0.0,26.0,0.0,11.0,7.0,4700.0,1066.0
P81118,ILEX VIEW MEDICAL PRACTICE,U31504,ROSSENDALE WEST PCN,01A,E38000050,0.0,0.0,42.0,5.0,1.0,2.0,83.0,0.0,72.0,67.0,8534.0,1554.0
P81119,LANE ENDS SURGERY,U,Unallocated,01E,E38000227,0.0,0.0,36.0,0.0,0.0,2.0,69.0,1.0,52.0,24.0,9789.0,1381.0
P81123,PWE PENDLE VALLEY MILL,U,Unallocated,01A,E38000050,0.0,0.0,19.0,2.0,6.0,3.0,32.0,0.0,31.0,21.0,10815.0,1673.0
P81125,OAKENHURST MEDICAL PRACTICE,U,Unallocated,00Q,E38000014,0.0,0.0,61.0,0.0,9.0,0.0,70.0,0.0,42.0,32.0,8057.0,2054.0
P81127,GAB HEALTHCARE,U57096,CHORLEY TOGETHER PCN,00X,E38000034,0.0,0.0,33.0,4.0,3.0,9.0,43.0,1.0,49.0,39.0,7998.0,1696.0
P81128,KIRKHAM HEALTH CENTRE,U79546,KIRKHAM & WESHAM,02M,E38000226,0.0,0.0,33.0,0.0,0.0,2.0,64.0,0.0,50.0,26.0,7722.0,2198.0
P81129,ASH TREE HOUSE SURGERY,U79546,KIRKHAM & WESHAM,02M,E38000226,0.0,0.0,65.0,9.0,1.0,3.0,88.0,0.0,86.0,63.0,9227.0,2836.0
P81130,PADIHAM GROUP PRACTICE,U69695,BURNLEY WEST PCN,01A,E38000050,0.0,4.0,85.0,3.0,8.0,6.0,142.0,0.0,114.0,101.0,10687.0,3024.0
P81132,WATERFOOT MEDICAL PRACTICE,U81405,ROSSENDALE EAST PCN,01A,E38000050,1.0,0.0,57.0,2.0,2.0,3.0,52.0,0.0,49.0,35.0,7554.0,1790.0
P81133,THE VILLAGE PRACTICE,U82731,WYRE INTEGRATED NETWORK LTD PCN,02M,E38000226,0.0,0.0,36.0,3.0,1.0,3.0,108.0,0.0,78.0,69.0,6495.0,2537.0
P81136,DR A BISARYA,U45611,SKELMERSDALE PCN,02G,E38000200,0.0,0.0,14.0,0.0,3.0,0.0,20.0,0.0,17.0,17.0,2196.0,680.0
P81137,BURNLEY WOOD MEDICAL CENTRE,U31823,BURNLEY EAST PCN,01A,E38000050,5.0,0.0,70.0,17.0,2.0,1.0,47.0,1.0,41.0,36.0,5617.0,1361.0
P81138,BURSCOUGH FAMILY PRACTICE,U67183,NORTHERN PARISHES PCN,02G,E38000200,0.0,1.0,19.0,1.0,0.0,0.0,55.0,1.0,50.0,49.0,2589.0,804.0
P81140,DARWEN HEALTHLINK,U,Unallocated,00Q,E38000014,0.0,1.0,91.0,17.0,12.0,7.0,102.0,0.0,71.0,61.0,12284.0,2979.0
P81143,WHITTLE SURGERY,U57096,CHORLEY TOGETHER PCN,00X,E38000034,0.0,0.0,48.0,2.0,3.0,2.0,73.0,0.0,59.0,40.0,9240.0,2463.0
P81147,ARG HEALTHCARE,U96653,HYNDBURN CENTRAL PCN,01A,E38000050,0.0,1.0,42.0,7.0,5.0,2.0,46.0,2.0,32.0,25.0,4206.0,886.0
P81149,LOCKWOOD GP SURGERY,U82731,WYRE INTEGRATED NETWORK LTD PCN,02M,E38000226,0.0,0.0,43.0,1.0,5.0,3.0,109.0,0.0,83.0,45.0,6692.0,2643.0
P81150,PARCLIFFE MEDICAL CENTRE,U26788,LYTHAM ST ANNES PCN,02M,E38000226,0.0,3.0,96.0,3.0,14.0,5.0,235.0,1.0,187.0,124.0,8129.0,4016.0
P81154,GRANVILLE HOUSE MED CTRE,U01901,CHORLEY CENTRAL PCN,00X,E38000034,1.0,0.0,42.0,3.0,2.0,2.0,93.0,0.0,78.0,62.0,5760.0,2189.0
P81155,BROWNHILL SURGERY,U,Unallocated,00Q,E38000014,0.0,0.0,26.0,1.0,15.0,1.0,61.0,0.0,62.0,43.0,5064.0,1131.0
P81157,FERNBANK SURGERY,U26788,LYTHAM ST ANNES PCN,02M,E38000226,0.0,0.0,93.0,2.0,7.0,5.0,141.0,0.0,114.0,81.0,7821.0,3573.0
P81159,STONYHILL MEDICAL PRACTICE,U45809,BLACKPOOL SOUTH PCN,00R,E38000015,0.0,0.0,42.0,1.0,4.0,5.0,154.0,1.0,105.0,82.0,9132.0,2985.0
P81160,OSWALD MEDICAL CENTRE,U96653,HYNDBURN CENTRAL PCN,01A,E38000050,1.0,0.0,70.0,15.0,4.0,2.0,139.0,0.0,108.0,94.0,13961.0,2611.0
P81165,IGHTENHILL MEDICAL CENTRE,U69695,BURNLEY WEST PCN,01A,E38000050,0.0,0.0,9.0,2.0,2.0,1.0,8.0,1.0,7.0,6.0,2250.0,528.0
P81166,DR BELLO'S SURGERY,U09057,HYNDBURN RURAL PCN,01A,E38000050,0.0,1.0,30.0,15.0,5.0,0.0,28.0,1.0,15.0,13.0,2019.0,449.0
P81167,STEPPING STONE PRACTICE,U,Unallocated,00Q,E38000014,0.0,0.0,39.0,3.0,0.0,1.0,17.0,0.0,15.0,10.0,5336.0,670.0
P81169,FISHERGATE HILL SURGERY,U49070,PRESTON & SOUTH RIBBLE PCN,01E,E38000227,0.0,0.0,31.0,0.0,4.0,3.0,27.0,2.0,23.0,16.0,5779.0,989.0
P81170,NELSON MEDICAL PRACTICE,U,Unallocated,01A,E38000050,0.0,0.0,15.0,1.0,2.0,0.0,15.0,0.0,14.0,10.0,10256.0,860.0
P81171,THE EUXTON MEDICAL CENTRE,U01901,CHORLEY CENTRAL PCN,00X,E38000034,0.0,0.0,34.0,0.0,0.0,2.0,37.0,0.0,28.0,26.0,3518.0,1163.0
P81172,NEWTON DRIVE HEALTH CENTRE,U97645,BLACKPOOL CENTRAL PCN,00R,E38000015,0.0,0.0,43.0,1.0,2.0,1.0,81.0,1.0,59.0,54.0,10303.0,1956.0
P81179,LOSTOCK HALL MEDICAL CTR.,U34632,BRIDGEDALE SOUTH RIBBLE PCN,01E,E38000227,0.0,1.0,60.0,0.0,7.0,1.0,64.0,1.0,56.0,43.0,5438.0,1230.0
P81180,CLAYTON BROOK SURGERY,U05906,LEYLAND PCN,00X,E38000034,0.0,0.0,12.0,0.0,1.0,1.0,78.0,0.0,79.0,61.0,2784.0,642.0
P81181,KINGSFOLD MEDICAL CENTRE,U,Unallocated,00X,E38000034,3.0,0.0,87.0,31.0,10.0,0.0,65.0,0.0,48.0,40.0,4269.0,1186.0
P81182,RICHMOND MEDICAL CENTRE,U96653,HYNDBURN CENTRAL PCN,01A,E38000050,1.0,0.0,32.0,4.0,10.0,1.0,47.0,0.0,38.0,30.0,6147.0,738.0
P81184,RIBBLETON MEDICAL CENTRE,U92975,PRESTON NORTH & EAST PCN,01E,E38000227,0.0,0.0,28.0,1.0,0.0,5.0,62.0,0.0,57.0,44.0,8109.0,1180.0
P81185,RIVERSIDE MEDICAL CENTRE,U34632,BRIDGEDALE SOUTH RIBBLE PCN,01E,E38000227,0.0,0.0,41.0,1.0,4.0,0.0,84.0,1.0,78.0,57.0,8352.0,2283.0
P81186,MOSS SIDE MEDICAL CENTRE,U05906,LEYLAND PCN,00X,E38000034,0.0,1.0,20.0,1.0,3.0,1.0,88.0,1.0,76.0,48.0,3744.0,975.0
P81191,QUEENSWAY MEDICAL CENTRE,U82731,WYRE INTEGRATED NETWORK LTD PCN,02M,E38000226,0.0,0.0,75.0,1.0,3.0,2.0,143.0,0.0,127.0,88.0,7081.0,3018.0
P81196,ISSA MEDICAL CENTRE - PATEL,U92975,PRESTON NORTH & EAST PCN,01E,E38000227,0.0,1.0,79.0,6.0,7.0,17.0,199.0,0.0,147.0,128.0,32208.0,4340.0
P81197,ROSEGROVE SURGERY,U69695,BURNLEY WEST PCN,01A,E38000050,0.0,0.0,22.0,1.0,11.0,3.0,22.0,1.0,16.0,15.0,4082.0,922.0
P81201,ASHURST PRIMARY CARE,U45611,SKELMERSDALE PCN,02G,E38000200,0.0,0.0,15.0,1.0,2.0,1.0,17.0,0.0,16.0,10.0,5011.0,1000.0
P81208,EXCEL PRIMARY CARE,U45611,SKELMERSDALE PCN,02G,E38000200,0.0,0.0,95.0,2.0,15.0,5.0,123.0,2.0,93.0,39.0,15000.0,2991.0
P81212,HAZELVALLEY FAMILY PRACTICE,U31504,ROSSENDALE WEST PCN,01A,E38000050,0.0,3.0,35.0,5.0,0.0,1.0,41.0,0.0,38.0,37.0,5244.0,1074.0
P81213,ST. MARY'S HEALTH CENTRE,U,Unallocated,01E,E38000227,0.0,0.0,39.0,0.0,1.0,2.0,81.0,0.0,52.0,32.0,16910.0,2213.0
P81214,LIMEFIELD SURGERY,U,Unallocated,00Q,E38000014,0.0,0.0,14.0,0.0,0.0,0.0,26.0,0.0,16.0,16.0,4061.0,733.0
P81218,THE CLAYTON MEDICAL CTR.,U09057,HYNDBURN RURAL PCN,01A,E38000050,1.0,0.0,173.0,130.0,8.0,5.0,48.0,0.0,34.0,23.0,4950.0,1244.0
P81620,SLAIDBURN HEALTH CENTRE,U11269,RIBBLESDALE PCN,01A,E38000050,0.0,0.0,8.0,0.0,1.0,0.0,7.0,0.0,6.0,*,1102.0,379.0
P81622,SHIFA SURGERY,U,Unallocated,00Q,E38000014,0.0,0.0,27.0,1.0,1.0,2.0,38.0,1.0,37.0,36.0,10524.0,1015.0
P81633,SPRING-FENISCO HEALTHLINK,U,Unallocated,00Q,E38000014,3.0,1.0,14.0,0.0,0.0,0.0,17.0,0.0,13.0,13.0,3241.0,786.0
P81646,LATHOM HOUSE SURGERY,U67183,NORTHERN PARISHES PCN,02G,E38000200,0.0,0.0,24.0,0.0,1.0,1.0,68.0,0.0,49.0,34.0,2969.0,1167.0
P81647,GUTTERIDGE MEDICAL CENTRE,U,Unallocated,01E,E38000227,0.0,0.0,22.0,11.0,1.0,1.0,11.0,0.0,12.0,7.0,4110.0,375.0
P81655,THE VILLAGE SURGERIES CROSTON&ECCLESTON,U05906,LEYLAND PCN,00X,E38000034,0.0,0.0,51.0,4.0,4.0,1.0,79.0,0.0,60.0,58.0,8022.0,2591.0
P81664,THE PARK MEDICAL PRACTICE,U,Unallocated,01E,E38000227,0.0,0.0,42.0,0.0,2.0,2.0,153.0,0.0,140.0,109.0,15492.0,2730.0
P81668,FLEETWOOD SURGERY,U74229,FLEETWOOD PCN,02M,E38000226,0.0,0.0,33.0,1.0,2.0,1.0,39.0,1.0,33.0,20.0,4883.0,1375.0
P81674,STANLEY COURT SURGERY,U67183,NORTHERN PARISHES PCN,02G,E38000200,0.0,0.0,15.0,1.0,1.0,1.0,76.0,0.0,76.0,68.0,4286.0,1532.0
P81681,NORTH SHORE SURGERY,U,Unallocated,00R,E38000015,0.0,1.0,37.0,1.0,5.0,15.0,157.0,1.0,117.0,112.0,10653.0,3199.0
P81683,OLIVE MEDICAL CENTRE,U,Unallocated,00Q,E38000014,0.0,0.0,12.0,0.0,6.0,2.0,25.0,1.0,21.0,17.0,6885.0,675.0
P81685,DR ALI GUTTRIDGE MEDICAL CENTRE,U,Unallocated,01E,E38000227,0.0,0.0,2.0,0.0,2.0,0.0,16.0,0.0,13.0,10.0,3956.0,407.0
P81686,ROSSENDALE VALLEY MEDICAL PRACTICE,U31504,ROSSENDALE WEST PCN,01A,E38000050,0.0,0.0,2.0,0.0,0.0,1.0,9.0,0.0,9.0,8.0,2212.0,404.0
P81687,NEW LONGTON SURGERY,U34632,BRIDGEDALE SOUTH RIBBLE PCN,00X,E38000034,0.0,0.0,29.0,3.0,0.0,2.0,47.0,0.0,48.0,45.0,1428.0,685.0
P81692,BEECHES MEDICAL CENTRE,U49070,PRESTON & SOUTH RIBBLE PCN,00X,E38000034,0.0,0.0,6.0,0.0,2.0,0.0,10.0,0.0,8.0,7.0,1449.0,596.0
P81694,FAMILY PRACTICE,U,Unallocated,00Q,E38000014,0.0,0.0,5.0,0.0,1.0,2.0,7.0,0.0,7.0,*,4845.0,394.0
P81695,AUGHTON SURGERY,U21757,ORMSKIRK PCN,02G,E38000200,0.0,0.0,13.0,0.0,0.0,0.0,55.0,0.0,40.0,20.0,4955.0,1598.0
P81699,HIGHER HEYS SURGERY,U09057,HYNDBURN RURAL PCN,01A,E38000050,0.0,1.0,27.0,12.0,3.0,1.0,42.0,0.0,35.0,19.0,1992.0,494.0
P81701,DR DAWOUD'S SURGERY,U57096,CHORLEY TOGETHER PCN,00X,E38000034,0.0,0.0,12.0,0.0,3.0,3.0,36.0,0.0,39.0,33.0,2307.0,642.0
P81704,BLAKEWATER HEALTHCARE,U,Unallocated,00Q,E38000014,2.0,0.0,83.0,35.0,2.0,3.0,50.0,1.0,52.0,51.0,9329.0,1518.0
P81707,WILLIAM HOPWOOD STREET SURGERY,U,Unallocated,00Q,E38000014,0.0,0.0,16.0,2.0,2.0,3.0,17.0,0.0,19.0,15.0,4750.0,474.0
P81709,ROMAN ROAD HEALTH CENTRE,U,Unallocated,00Q,E38000014,0.0,0.0,19.0,0.0,1.0,2.0,31.0,0.0,18.0,17.0,5646.0,565.0
P81710,TARLETON GROUP PRACTICE,U67183,NORTHERN PARISHES PCN,02G,E38000200,0.0,0.0,27.0,0.0,1.0,1.0,70.0,0.0,65.0,52.0,7225.0,2863.0
P81711,DILL HALL SURGERY,U09057,HYNDBURN RURAL PCN,01A,E38000050,0.0,0.0,0.0,0.0,0.0,0.0,0.0,0.0,0.0,*,3.0,0.0
P81714,ABBEY DALE MEDICAL CENTRE,U45809,BLACKPOOL SOUTH PCN,00R,E38000015,1.0,0.0,3.0,0.0,0.0,3.0,54.0,0.0,49.0,36.0,4549.0,1181.0
P81721,HOLLINS GROVE SURGERY,U,Unallocated,00Q,E38000014,0.0,0.0,10.0,1.0,2.0,0.0,9.0,0.0,8.0,*,2244.0,318.0
P81724,PRINGLE STREET SURGERY,U,Unallocated,00Q,E38000014,1.0,0.0,5.0,1.0,1.0,1.0,6.0,0.0,5.0,5.0,2469.0,234.0
P81726,KING STREET MEDICAL CTR,U09057,HYNDBURN RURAL PCN,01A,E38000050,0.0,0.0,10.0,0.0,0.0,0.0,4.0,0.0,3.0,*,1629.0,290.0
P81730,GREAT HARWOOD MEDICAL GROUP,U09057,HYNDBURN RURAL PCN,01A,E38000050,0.0,1.0,57.0,1.0,3.0,3.0,68.0,0.0,62.0,46.0,7492.0,1876.0
P81731,DR JEHANGIR (SH),U,Unallocated,01A,E38000050,0.0,0.0,4.0,0.0,2.0,0.0,3.0,0.0,2.0,*,2259.0,331.0
P81732,HARAMBEE SURGERY,U21400,PENDLE EAST PCN,01A,E38000050,1.0,0.0,16.0,1.0,0.0,0.0,27.0,0.0,26.0,20.0,3545.0,1065.0
P81734,THE CORNERSTONE PRACTICE,U,Unallocated,00Q,E38000014,1.0,0.0,93.0,16.0,2.0,4.0,71.0,1.0,31.0,27.0,17166.0,2334.0
P81735,DR A HUSSAIN,U92975,PRESTON NORTH & EAST PCN,01E,E38000227,0.0,0.0,5.0,0.0,1.0,0.0,26.0,0.0,18.0,8.0,2925.0,293.0
P81736,WHITEFIELD HEALTHCARE,U,Unallocated,01A,E38000050,1.0,0.0,15.0,9.0,1.0,0.0,12.0,0.0,9.0,*,3619.0,428.0
P81740,ADLINGTON MEDICAL CENTRE,U10791,CHORLEY AND SOUTH RIBBLE NETWORK PCN,00X,E38000034,0.0,0.0,31.0,1.0,6.0,1.0,70.0,0.0,60.0,45.0,8982.0,2177.0
P81741,STATION SURGERY,U57096,CHORLEY TOGETHER PCN,00X,E38000034,1.0,0.0,5.0,2.0,0.0,0.0,7.0,0.0,7.0,*,2108.0,340.0
P81742,BEECHWOOD SURGERY,U82731,WYRE INTEGRATED NETWORK LTD PCN,02M,E38000226,0.0,0.0,17.0,0.0,3.0,0.0,37.0,0.0,18.0,13.0,1856.0,842.0
P81748,BRIARWOOD MEDICAL CENTRE,U,Unallocated,01E,E38000227,0.0,0.0,21.0,0.0,1.0,4.0,90.0,0.0,16.0,15.0,6352.0,1323.0
P81755,THE WEAVERS PRACTICE,U09057,HYNDBURN RURAL PCN,01A,E38000050,1.0,2.0,58.0,16.0,8.0,5.0,60.0,2.0,61.0,36.0,6732.0,1791.0
P81757,BARROWFORD SURGERY,U21400,PENDLE EAST PCN,01A,E38000050,2.0,1.0,61.0,52.0,6.0,0.0,21.0,0.0,16.0,16.0,2807.0,844.0
P81770,AVENHAM SURGERY,U92975,PRESTON NORTH & EAST PCN,01E,E38000227,0.0,0.0,25.0,4.0,4.0,2.0,5.0,0.0,5.0,*,7118.0,572.0
P81771,PRIMROSE BANK MEDICAL CENTRE,U,Unallocated,00Q,E38000014,0.0,0.0,30.0,5.0,2.0,4.0,56.0,1.0,31.0,29.0,7863.0,1389.0
P81780,RIVERSIDE FAMILY PRACTICE,U69695,BURNLEY WEST PCN,01A,E38000050,0.0,0.0,12.0,0.0,0.0,0.0,15.0,0.0,13.0,12.0,5256.0,424.0
P82001,THE DUNSTAN PARTNERSHIP,U79938,BREIGHTMET & LITTLE LEVER PCN,00T,E38000016,0.0,0.0,102.0,21.0,4.0,9.0,172.0,0.0,127.0,97.0,8087.0,2046.0
P82002,PIKES LANE 1,U,Unallocated,00T,E38000016,0.0,0.0,46.0,24.0,0.0,3.0,70.0,0.0,59.0,41.0,5894.0,1291.0
P82003,KILDONAN HOUSE,U,Unallocated,00T,E38000016,0.0,0.0,55.0,10.0,1.0,1.0,83.0,2.0,58.0,53.0,12026.0,2914.0
P82004,SWAN LANE MEDICAL CENTRE,U,Unallocated,00T,E38000016,0.0,0.0,55.0,22.0,12.0,4.0,111.0,1.0,103.0,100.0,8489.0,1210.0
P82005,STABLE FOLD SURGERY,U,Unallocated,00T,E38000016,0.0,0.0,95.0,39.0,2.0,1.0,58.0,2.0,37.0,15.0,5493.0,1678.0
P82006,"PIKE VIEW, DR MALHOTRA & PARTNERS",U,Unallocated,00T,E38000016,0.0,0.0,34.0,11.0,2.0,7.0,92.0,0.0,78.0,47.0,9049.0,2019.0
P82007,KEARSLEY MEDICAL CENTRE,U,Unallocated,00T,E38000016,0.0,0.0,51.0,2.0,21.0,7.0,127.0,0.0,104.0,64.0,10782.0,2490.0
P82008,STONEHILL MEDICAL CENTRE,U,Unallocated,00T,E38000016,0.0,1.0,69.0,43.0,4.0,7.0,83.0,0.0,67.0,41.0,12760.0,2077.0
P82009,ST HELENS ROAD PRACTICE,U,Unallocated,00T,E38000016,0.0,0.0,32.0,0.0,3.0,0.0,49.0,0.0,45.0,24.0,6486.0,1472.0
P82010,DALEFIELD SURGERY,U,Unallocated,00T,E38000016,0.0,0.0,31.0,5.0,5.0,2.0,31.0,0.0,20.0,14.0,6787.0,1156.0
P82011,TONGE FOLD HEALTH CENTRE,U79938,BREIGHTMET & LITTLE LEVER PCN,00T,E38000016,0.0,0.0,48.0,3.0,2.0,5.0,64.0,2.0,61.0,16.0,5508.0,1474.0
P82012,OCTAGON MEDICAL CENTRE,U,Unallocated,00T,E38000016,0.0,0.0,29.0,0.0,5.0,2.0,28.0,0.0,19.0,10.0,5254.0,977.0
P82013,THE BOLTON FAMILY PRACTICE,U,Unallocated,00T,E38000016,0.0,0.0,10.0,6.0,1.0,3.0,12.0,0.0,11.0,7.0,3463.0,508.0
P82014,SPRING HOUSE SURGERY,U,Unallocated,00T,E38000016,0.0,0.0,61.0,2.0,7.0,2.0,77.0,0.0,66.0,37.0,4822.0,1627.0
P82015,UNSWORTH GROUP PRACTICE,U,Unallocated,00T,E38000016,0.0,0.0,88.0,3.0,1.0,2.0,197.0,0.0,136.0,104.0,15691.0,4554.0
P82016,HARWOOD MEDICAL CENTRE,U79678,TURTON PCN,00T,E38000016,0.0,0.0,87.0,2.0,5.0,2.0,94.0,0.0,61.0,26.0,9241.0,2856.0
P82018,THE ALASTAIR ROSS MEDICAL PRACTICE,U79938,BREIGHTMET & LITTLE LEVER PCN,00T,E38000016,0.0,0.0,29.0,3.0,3.0,1.0,28.0,0.0,22.0,14.0,6500.0,1017.0
P82020,LITTLE LEVER HEALTH CENTRE 1,U79938,BREIGHTMET & LITTLE LEVER PCN,00T,E38000016,0.0,0.0,6.0,0.0,0.0,0.0,22.0,0.0,17.0,*,4033.0,771.0
P82021,THE OAKS FAMILY PRACTICE,U79678,TURTON PCN,00T,E38000016,1.0,1.0,37.0,2.0,3.0,3.0,99.0,1.0,68.0,25.0,5586.0,1366.0
P82022,DR RIZWAN AND DR AWAN,U,Unallocated,00T,E38000016,0.0,0.0,22.0,5.0,1.0,3.0,22.0,0.0,24.0,10.0,4881.0,701.0
P82023,MANDALAY MEDICAL CENTRE,U79678,TURTON PCN,00T,E38000016,0.0,0.0,49.0,1.0,18.0,1.0,81.0,2.0,60.0,23.0,6484.0,2100.0
P82025,BURNSIDE SURGERY,U,Unallocated,00T,E38000016,0.0,0.0,5.0,3.0,2.0,1.0,13.0,0.0,13.0,6.0,3612.0,803.0
P82029,HALLIWELL SURGERY 2,U,Unallocated,00T,E38000016,0.0,1.0,12.0,2.0,0.0,2.0,20.0,0.0,18.0,11.0,3050.0,540.0
P82030,DEANE MEDICAL CENTRE,U,Unallocated,00T,E38000016,0.0,0.0,6.0,0.0,0.0,0.0,64.0,0.0,55.0,47.0,3531.0,429.0
P82031,HEATON MEDICAL CENTRE,U,Unallocated,00T,E38000016,0.0,0.0,53.0,12.0,7.0,1.0,96.0,1.0,68.0,57.0,8545.0,2154.0
P82033,BRADFORD STREET SURGERY,U,Unallocated,00T,E38000016,0.0,0.0,8.0,0.0,1.0,4.0,56.0,0.0,58.0,53.0,1687.0,317.0
P82034,EDGWORTH MEDICAL CENTRE,U79678,TURTON PCN,00T,E38000016,0.0,0.0,21.0,1.0,4.0,1.0,28.0,0.0,26.0,14.0,3112.0,1014.0
P82036,LITTLE LEVER HEALTH CENTRE 2,U79938,BREIGHTMET & LITTLE LEVER PCN,00T,E38000016,0.0,0.0,10.0,1.0,2.0,0.0,20.0,0.0,17.0,17.0,2165.0,697.0
P82037,FIG TREE MEDICAL PRACTICE,U,Unallocated,00T,E38000016,0.0,0.0,16.0,0.0,6.0,2.0,28.0,0.0,22.0,16.0,4126.0,727.0
P82607,CROMPTON VIEW SURGERY,U79678,TURTON PCN,00T,E38000016,0.0,0.0,20.0,0.0,0.0,0.0,29.0,0.0,18.0,6.0,5016.0,1008.0
P82609,SHANTI MEDICAL CENTRE,U,Unallocated,00T,E38000016,0.0,0.0,9.0,0.0,0.0,0.0,6.0,0.0,5.0,*,5961.0,376.0
P82613,SPRING VIEW MEDICAL CENTRE,U79938,BREIGHTMET & LITTLE LEVER PCN,00T,E38000016,0.0,0.0,55.0,6.0,4.0,3.0,21.0,0.0,18.0,8.0,4201.0,1025.0
P82616,BEEHIVE SURGERY,U,Unallocated,00T,E38000016,0.0,0.0,1.0,0.0,0.0,1.0,9.0,0.0,9.0,8.0,3552.0,298.0
P82624,ORIENT HOUSE MEDICAL CENTRE,U,Unallocated,00T,E38000016,0.0,0.0,11.0,0.0,1.0,0.0,30.0,0.0,29.0,20.0,3189.0,361.0
P82625,CHARLOTTE STREET SURGERY,U,Unallocated,00T,E38000016,0.0,0.0,1.0,0.0,0.0,2.0,7.0,0.0,8.0,5.0,2160.0,189.0
P82626,HALLIWELL SURGERY 3,U,Unallocated,00T,E38000016,0.0,0.0,25.0,2.0,1.0,1.0,23.0,0.0,21.0,17.0,4580.0,604.0
P82627,CORNERSTONE SURGERY,U,Unallocated,00T,E38000016,0.0,0.0,9.0,0.0,3.0,1.0,23.0,0.0,21.0,6.0,3560.0,663.0
P82629,DR S NASEEF,U,Unallocated,00T,E38000016,0.0,0.0,9.0,0.0,0.0,0.0,9.0,0.0,9.0,*,1756.0,281.0
P82633,GREAT LEVER ONE,U,Unallocated,00T,E38000016,0.0,0.0,6.0,0.0,2.0,0.0,20.0,0.0,18.0,13.0,2184.0,329.0
P82634,WYRESDALE ROAD SURGERY,U,Unallocated,00T,E38000016,0.0,0.0,7.0,4.0,1.0,1.0,20.0,0.0,18.0,15.0,3399.0,579.0
P82640,AL FAL MEDICAL GROUP,U,Unallocated,00T,E38000016,0.0,0.0,11.0,0.0,1.0,0.0,16.0,0.0,1.0,*,4590.0,442.0
P82643,BROMLEY MEADOWS SURGERY,U79678,TURTON PCN,00T,E38000016,1.0,0.0,27.0,0.0,3.0,1.0,47.0,0.0,40.0,20.0,6115.0,1479.0
P82652,FARNWORTH FAMILY PRACTICE,U,Unallocated,00T,E38000016,0.0,0.0,13.0,0.0,4.0,0.0,18.0,0.0,15.0,14.0,3749.0,612.0
P82660,DEANE CLINIC 1,U,Unallocated,00T,E38000016,0.0,0.0,3.0,0.0,2.0,0.0,6.0,0.0,5.0,*,3255.0,343.0
P83001,FAIRFAX GROUP PRACTICE,U,Unallocated,00V,E38000024,0.0,0.0,12.0,0.0,0.0,3.0,109.0,0.0,72.0,27.0,11995.0,2275.0
P83004,THE UPLANDS MEDICAL PRACTICE,U,Unallocated,00V,E38000024,0.0,0.0,14.0,1.0,0.0,2.0,49.0,0.0,37.0,23.0,6595.0,1237.0
P83005,TOWNSIDE SURGERY,U,Unallocated,00V,E38000024,0.0,0.0,24.0,12.0,0.0,1.0,52.0,0.0,39.0,29.0,3454.0,1108.0
P83006,RAMSBOTTOM MEDICAL PRACTICE,U,Unallocated,00V,E38000024,0.0,0.0,2.0,0.0,0.0,6.0,58.0,0.0,46.0,37.0,6504.0,1540.0
P83007,RADCLIFFE MEDICAL PRACTICE,U,Unallocated,00V,E38000024,0.0,0.0,0.0,0.0,0.0,6.0,62.0,0.0,50.0,40.0,9678.0,1625.0
P83009,BLACKFORD HOUSE MEDICAL CENTRE,U,Unallocated,00V,E38000024,0.0,0.0,0.0,0.0,0.0,3.0,76.0,0.0,51.0,30.0,5580.0,1998.0
P83010,MONARCH MEDICAL CENTRE,U,Unallocated,00V,E38000024,0.0,0.0,5.0,0.0,0.0,0.0,18.0,0.0,13.0,*,3002.0,612.0
P83011,UNSWORTH MEDICAL CENTRE,U,Unallocated,00V,E38000024,1.0,0.0,2.0,1.0,0.0,3.0,75.0,0.0,64.0,23.0,5771.0,1635.0
P83012,TOWER FAMILY HEALTHCARE,U,Unallocated,00V,E38000024,0.0,0.0,102.0,61.0,0.0,22.0,579.0,5.0,517.0,298.0,38585.0,9670.0
P83015,RIBBLESDALE MEDICAL PRACTICE,U,Unallocated,00V,E38000024,0.0,0.0,25.0,1.0,0.0,4.0,50.0,0.0,41.0,40.0,5782.0,1657.0
P83017,WOODBANK SURGERY,U,Unallocated,00V,E38000024,0.0,0.0,7.0,0.0,0.0,1.0,62.0,0.0,51.0,46.0,5792.0,1218.0
P83021,PEEL GPS,U,Unallocated,00V,E38000024,0.0,0.0,27.0,1.0,1.0,0.0,60.0,0.0,34.0,28.0,8281.0,1574.0
P83024,KNOWSLEY MEDICAL CENTRE,U,Unallocated,00V,E38000024,0.0,0.0,11.0,0.0,0.0,1.0,42.0,0.0,33.0,23.0,3832.0,733.0
P83025,ST GABRIEL'S MEDICAL CENTRE,U,Unallocated,00V,E38000024,0.0,0.0,3.0,0.0,0.0,1.0,39.0,1.0,30.0,29.0,7634.0,1126.0
P83027,GREYLAND MEDICAL CENTRE,U,Unallocated,00V,E38000024,0.0,0.0,2.0,0.0,0.0,0.0,3.0,0.0,0.0,*,1394.0,419.0
P83603,RED BANK GROUP PRACTICE,U,Unallocated,00V,E38000024,0.0,0.0,17.0,1.0,0.0,3.0,158.0,0.0,130.0,110.0,6841.0,2251.0
P83605,WHITTAKER LANE MED CENTRE,U,Unallocated,00V,E38000024,1.0,0.0,13.0,10.0,3.0,4.0,88.0,0.0,47.0,32.0,6293.0,1208.0
P83608,THE ELMS MEDICAL CENTRE,U,Unallocated,00V,E38000024,0.0,0.0,4.0,0.0,0.0,3.0,64.0,0.0,48.0,30.0,5145.0,1224.0
P83609,THE BIRCHES MEDICAL CENTRE,U,Unallocated,00V,E38000024,0.0,0.0,4.0,2.0,0.0,2.0,34.0,0.0,30.0,10.0,3243.0,656.0
P83611,WALMERSLEY ROAD MEDICAL PRACTICE,U,Unallocated,00V,E38000024,0.0,0.0,0.0,0.0,0.0,0.0,18.0,0.0,14.0,10.0,4301.0,385.0
P83612,MILE LANE HEALTH CENTRE,U,Unallocated,00V,E38000024,0.0,0.0,14.0,0.0,0.0,0.0,83.0,0.0,42.0,21.0,4060.0,1365.0
P83620,GARDEN CITY MEDICAL CENTRE,U,Unallocated,00V,E38000024,0.0,0.0,23.0,0.0,0.0,0.0,58.0,1.0,44.0,31.0,3921.0,1493.0
P83621,HUNTLEY MOUNT MEDICAL CENTRE,U,Unallocated,00V,E38000024,0.0,0.0,1.0,0.0,1.0,0.0,16.0,0.0,16.0,15.0,2384.0,471.0
P83623,LONGFIELD MEDICAL PRACTICE,U,Unallocated,00V,E38000024,0.0,0.0,1.0,0.0,1.0,0.0,26.0,0.0,19.0,9.0,3949.0,834.0
P84004,FIVE OAKS FAMILY PRACTICE,U49529,CLAYTON BESWICK & OPENSHAW PCN,14L,E38000217,0.0,0.0,28.0,4.0,3.0,1.0,41.0,1.0,28.0,21.0,7500.0,1094.0
P84005,VALLANCE MEDICAL,U07506,ARDWICK AND LONGSIGHT PCN,14L,E38000217,0.0,0.0,100.0,0.0,0.0,1.0,9.0,0.0,7.0,*,15555.0,377.0
P84009,AILSA CRAIG MEDICAL CENTRE,U07506,ARDWICK AND LONGSIGHT PCN,14L,E38000217,0.0,0.0,14.0,0.0,0.0,2.0,32.0,0.0,25.0,18.0,10093.0,816.0
P84010,THE BORCHARDT MEDICAL CENTRE,U65853,WITHINGTON & FALLOWFIELD PCN,14L,E38000217,0.0,0.0,15.0,0.0,0.0,8.0,90.0,0.0,75.0,73.0,9106.0,1147.0
P84012,NORTHENDEN GROUP PRACTICE,U58188,NORTHENDEN & BROOKLANDS (WYTHENSHAWE) PCN,14L,E38000217,0.0,0.0,12.0,1.0,1.0,3.0,49.0,0.0,0.0,*,6683.0,1774.0
P84014,RK MEDICAL PRACTICE,U,Unallocated,14L,E38000217,2.0,0.0,18.0,0.0,1.0,2.0,48.0,0.0,37.0,31.0,4528.0,770.0
P84016,LEVENSHULME MEDICAL PRACTICE,U34667,GORTON AND LEVENSHULME PCN,14L,E38000217,0.0,0.0,26.0,0.0,1.0,0.0,28.0,0.0,25.0,16.0,8357.0,816.0
P84017,LADYBARN GROUP PRACTICE,U65853,WITHINGTON & FALLOWFIELD PCN,14L,E38000217,0.0,0.0,23.0,4.0,0.0,2.0,58.0,0.0,43.0,17.0,11128.0,1456.0
P84018,MAULDETH MEDICAL CENTRE,U65853,WITHINGTON & FALLOWFIELD PCN,14L,E38000217,0.0,0.0,0.0,0.0,0.0,0.0,12.0,0.0,9.0,7.0,3422.0,329.0
P84019,VALENTINE MEDICAL CENTRE,U85954,H-BLACKLEY HARPURHEY & CHARLESTOWN PCN,14L,E38000217,0.0,0.0,34.0,2.0,1.0,4.0,58.0,0.0,53.0,43.0,8908.0,1590.0
P84020,PEEL HALL MEDICAL CENTRE,U,Unallocated,14L,E38000217,0.0,0.0,14.0,0.0,0.0,1.0,54.0,1.0,45.0,12.0,8735.0,1107.0
P84021,THE MAPLES MEDICAL CENTRE,U,Unallocated,14L,E38000217,0.0,0.0,24.0,0.0,4.0,3.0,48.0,0.0,37.0,17.0,8042.0,1130.0
P84022,KINGSWAY MEDICAL PRACTICE,U78687,DIDSBURY CHORLTON PARK & BURNAGE PCN,14L,E38000217,0.0,2.0,23.0,3.0,4.0,2.0,40.0,0.0,34.0,31.0,5163.0,987.0
P84023,SURREY LODGE PRACTICE,U07506,ARDWICK AND LONGSIGHT PCN,14L,E38000217,0.0,0.0,19.0,0.0,3.0,2.0,32.0,0.0,27.0,14.0,8983.0,632.0
P84024,BOWLAND MEDICAL PRACTICE,U,Unallocated,14L,E38000217,0.0,0.0,23.0,0.0,2.0,4.0,42.0,0.0,32.0,14.0,6894.0,1171.0
P84025,ST GEORGE'S MEDICAL CENTRE,U,Unallocated,14L,E38000217,1.0,0.0,24.0,0.0,3.0,3.0,24.0,0.0,14.0,8.0,6592.0,970.0
P84026,DICKENSON ROAD MEDICAL CENTRE,U07506,ARDWICK AND LONGSIGHT PCN,14L,E38000217,2.0,0.0,349.0,74.0,0.0,3.0,21.0,0.0,18.0,9.0,8972.0,708.0
P84027,WEST POINT MEDICAL CENTRE,U34667,GORTON AND LEVENSHULME PCN,14L,E38000217,0.0,1.0,10.0,0.0,0.0,1.0,21.0,2.0,18.0,16.0,7444.0,828.0
P84028,GORTON MEDICAL CENTRE,U34667,GORTON AND LEVENSHULME PCN,14L,E38000217,0.0,0.0,39.0,1.0,3.0,3.0,51.0,0.0,34.0,20.0,9598.0,1124.0
P84029,BENCHILL MEDICAL PRACTICE,U,Unallocated,14L,E38000217,0.0,0.0,16.0,0.0,0.0,9.0,86.0,0.0,66.0,51.0,9178.0,1357.0
P84030,NEW COLLEGIATE MEDICAL CENTRE,U85748,CHEETHAM HILL & CRUMPSALL PCN,14L,E38000217,0.0,0.0,29.0,0.0,1.0,3.0,68.0,4.0,58.0,48.0,12239.0,1203.0
P84032,DRS HANIF & BANNURU,U49529,CLAYTON BESWICK & OPENSHAW PCN,14L,E38000217,0.0,0.0,3.0,0.0,0.0,1.0,22.0,0.0,15.0,11.0,5194.0,724.0
P84033,BEACON MEDICAL CENTRE,U85954,H-BLACKLEY HARPURHEY & CHARLESTOWN PCN,14L,E38000217,0.0,0.0,19.0,2.0,3.0,0.0,18.0,0.0,13.0,8.0,3893.0,602.0
P84034,BARLOW MEDICAL CENTRE,U78687,DIDSBURY CHORLTON PARK & BURNAGE PCN,14L,E38000217,0.0,0.0,19.0,0.0,0.0,1.0,114.0,0.0,70.0,66.0,13601.0,2517.0
P84035,BODEY MEDICAL CENTRE,U65853,WITHINGTON & FALLOWFIELD PCN,14L,E38000217,0.0,0.0,250.0,234.0,3.0,2.0,54.0,1.0,41.0,35.0,14697.0,1635.0
P84037,ARDWICK MEDICAL PRACTICE,U07506,ARDWICK AND LONGSIGHT PCN,14L,E38000217,0.0,0.0,6.0,0.0,2.0,5.0,30.0,0.0,31.0,11.0,5247.0,494.0
P84038,ASHVILLE SURGERY,U98408,WEST CENTRAL MANCHESTER PCN,14L,E38000217,0.0,0.0,18.0,0.0,3.0,0.0,62.0,0.0,51.0,43.0,12403.0,1256.0
P84039,THE RANGE MEDICAL CENTRE,U98408,WEST CENTRAL MANCHESTER PCN,14L,E38000217,0.0,0.0,14.0,2.0,1.0,0.0,51.0,0.0,38.0,22.0,13658.0,949.0
P84040,CONRAN MEDICAL CENTRE,U85954,H-BLACKLEY HARPURHEY & CHARLESTOWN PCN,14L,E38000217,0.0,0.0,21.0,1.0,7.0,2.0,45.0,0.0,44.0,32.0,6863.0,763.0
P84041,CORNERSTONE FAMILY PRACTICE,U49529,CLAYTON BESWICK & OPENSHAW PCN,14L,E38000217,0.0,0.0,25.0,10.0,0.0,0.0,26.0,1.0,14.0,14.0,6714.0,903.0
P84042,FLORENCE HOUSE MEDICAL PRACTICE,U49529,CLAYTON BESWICK & OPENSHAW PCN,14L,E38000217,0.0,0.0,29.0,0.0,1.0,1.0,51.0,0.0,38.0,35.0,9851.0,1150.0
P84043,CORNISHWAY GROUP PRACTICE,U,Unallocated,14L,E38000217,0.0,0.0,10.0,1.0,0.0,9.0,108.0,1.0,90.0,81.0,8642.0,1039.0
P84045,THE PARK MEDICAL CENTRE,U58188,NORTHENDEN & BROOKLANDS (WYTHENSHAWE) PCN,14L,E38000217,0.0,0.0,2.0,0.0,0.0,0.0,27.0,0.0,17.0,12.0,4896.0,737.0
P84046,CHEETHAM HILL MEDICAL CENTRE,U85748,CHEETHAM HILL & CRUMPSALL PCN,14L,E38000217,0.0,0.0,7.0,0.0,2.0,2.0,45.0,0.0,36.0,21.0,19259.0,1457.0
P84047,ALL SAINTS MEDICAL CENTRE,U,Unallocated,14L,E38000217,0.0,0.0,25.0,1.0,1.0,0.0,23.0,0.0,18.0,5.0,5060.0,886.0
P84048,TREGENNA GROUP PRACTICE,U,Unallocated,14L,E38000217,0.0,0.0,16.0,0.0,0.0,3.0,41.0,0.0,30.0,23.0,5801.0,1088.0
P84049,THE AVENUE MEDICAL CENTRE,U85954,H-BLACKLEY HARPURHEY & CHARLESTOWN PCN,14L,E38000217,2.0,0.0,59.0,13.0,2.0,3.0,62.0,0.0,45.0,38.0,9775.0,1770.0
P84050,MOUNT ROAD SURGERY,U34667,GORTON AND LEVENSHULME PCN,14L,E38000217,3.0,0.0,29.0,2.0,0.0,2.0,18.0,0.0,15.0,9.0,7280.0,637.0
P84051,EASTLANDS MEDICAL CENTRE,U49529,CLAYTON BESWICK & OPENSHAW PCN,14L,E38000217,0.0,0.0,17.0,0.0,4.0,1.0,29.0,0.0,17.0,6.0,4924.0,746.0
P84052,WEST GORTON MEDICAL PRACTICE,U34667,GORTON AND LEVENSHULME PCN,14L,E38000217,0.0,0.0,6.0,0.0,0.0,3.0,23.0,0.0,22.0,19.0,6912.0,781.0
P84053,ASHCROFT SURGERY,U34667,GORTON AND LEVENSHULME PCN,14L,E38000217,0.0,0.0,28.0,1.0,2.0,3.0,31.0,0.0,26.0,13.0,7035.0,777.0
P84054,WHITLEY ROAD MEDICAL CENTRE,U,Unallocated,14L,E38000217,0.0,0.0,41.0,0.0,0.0,3.0,27.0,0.0,23.0,9.0,5349.0,962.0
P84056,PRINCESS ROAD SURGERY,U98408,WEST CENTRAL MANCHESTER PCN,14L,E38000217,0.0,0.0,12.0,0.0,4.0,1.0,21.0,0.0,13.0,7.0,3780.0,506.0
P84059,LIME SQUARE MEDICAL CENTRE,U49529,CLAYTON BESWICK & OPENSHAW PCN,14L,E38000217,0.0,0.0,32.0,0.0,5.0,1.0,25.0,0.0,23.0,17.0,8141.0,921.0
P84061,BROOKLANDS MEDICAL PRACTICE,U58188,NORTHENDEN & BROOKLANDS (WYTHENSHAWE) PCN,14L,E38000217,0.0,0.0,19.0,0.0,0.0,3.0,27.0,0.0,20.0,12.0,5039.0,1063.0
P84064,NEW ISLINGTON MEDICAL CENTRE,U,Unallocated,14L,E38000217,0.0,0.0,14.0,3.0,0.0,0.0,15.0,0.0,14.0,9.0,12400.0,549.0
P84065,CHURCH VIEW MEDICAL CENTRE,U85954,H-BLACKLEY HARPURHEY & CHARLESTOWN PCN,14L,E38000217,0.0,0.0,4.0,0.0,0.0,2.0,20.0,0.0,22.0,19.0,3877.0,442.0
P84066,DAVID MEDICAL CENTRE,U78687,DIDSBURY CHORLTON PARK & BURNAGE PCN,14L,E38000217,0.0,0.0,43.0,0.0,7.0,1.0,38.0,0.0,17.0,16.0,6561.0,1010.0
P84067,HAZELDENE MEDICAL CENTRE,U,Unallocated,14L,E38000217,0.0,0.0,65.0,9.0,3.0,13.0,251.0,1.0,223.0,198.0,7301.0,1652.0
P84068,CHORLTON FAMILY PRACTICE,U98408,WEST CENTRAL MANCHESTER PCN,14L,E38000217,0.0,0.0,58.0,0.0,5.0,1.0,82.0,0.0,52.0,16.0,19292.0,2721.0
P84070,NEWTON HEATH MEDICAL CENTRE,U,Unallocated,14L,E38000217,0.0,0.0,33.0,0.0,2.0,2.0,23.0,0.0,19.0,11.0,7605.0,915.0
P84071,WILBRAHAM SURGERY,U98408,WEST CENTRAL MANCHESTER PCN,14L,E38000217,0.0,0.0,6.0,0.0,0.0,0.0,16.0,0.0,15.0,8.0,3853.0,692.0
P84072,THE ROBERT DARBISHIRE PRACTICE,U71839,BETTER HEALTH MCR PCN,14L,E38000217,0.0,0.0,15.0,0.0,2.0,3.0,32.0,1.0,13.0,8.0,33694.0,1029.0
P84074,WELLFIELD MEDICAL CENTRE,U85748,CHEETHAM HILL & CRUMPSALL PCN,14L,E38000217,0.0,0.0,16.0,0.0,1.0,0.0,25.0,0.0,19.0,19.0,10104.0,891.0
P84605,FERNCLOUGH SURGERY,U85954,H-BLACKLEY HARPURHEY & CHARLESTOWN PCN,14L,E38000217,0.0,0.0,15.0,11.0,0.0,1.0,14.0,1.0,11.0,6.0,1824.0,173.0
P84611,BRUNSWICK MEDICAL PRACTICE,U07506,ARDWICK AND LONGSIGHT PCN,14L,E38000217,0.0,0.0,107.0,0.0,0.0,0.0,30.0,0.0,24.0,20.0,6812.0,756.0
P84626,WILMSLOW ROAD SURGERY,U07506,ARDWICK AND LONGSIGHT PCN,14L,E38000217,0.0,0.0,241.0,0.0,1.0,0.0,14.0,1.0,10.0,*,5162.0,318.0
P84630,THE ARCH MEDICAL PRACTICE,U26379,HULME & CITY CENTRE SOUTH PCN,14L,E38000217,0.0,0.0,18.0,1.0,0.0,3.0,30.0,0.0,25.0,19.0,23866.0,805.0
P84635,THE WHITSWOOD PRACTICE,U71839,BETTER HEALTH MCR PCN,14L,E38000217,0.0,0.0,12.0,0.0,0.0,2.0,18.0,0.0,14.0,*,4818.0,369.0
P84637,DR KHAN'S PRACTICE,U49529,CLAYTON BESWICK & OPENSHAW PCN,14L,E38000217,0.0,0.0,6.0,0.0,3.0,1.0,19.0,0.0,20.0,20.0,2588.0,360.0
P84639,FALLOWFIELD MEDICAL CENTRE,U65853,WITHINGTON & FALLOWFIELD PCN,14L,E38000217,0.0,0.0,4.0,0.0,0.0,0.0,5.0,0.0,4.0,*,2730.0,257.0
P84644,PARKSIDE SURGERY,U07506,ARDWICK AND LONGSIGHT PCN,14L,E38000217,0.0,0.0,18.0,3.0,0.0,4.0,11.0,0.0,3.0,*,6771.0,417.0
P84645,PARK VIEW MEDICAL CENTRE,U85748,CHEETHAM HILL & CRUMPSALL PCN,14L,E38000217,0.0,0.0,9.0,0.0,0.0,0.0,28.0,0.0,23.0,18.0,5525.0,730.0
P84650,THE ALEXANDRA PRACTICE,U98408,WEST CENTRAL MANCHESTER PCN,14L,E38000217,1.0,0.0,13.0,0.0,0.0,1.0,63.0,0.0,34.0,26.0,5390.0,754.0
P84651,NORTHERN MOOR MEDICAL PRACTICE,U58188,NORTHENDEN & BROOKLANDS (WYTHENSHAWE) PCN,14L,E38000217,0.0,0.0,13.0,0.0,0.0,1.0,24.0,0.0,19.0,17.0,5495.0,592.0
P84663,THE NEVILLE FAMILY CENTRE,U85748,CHEETHAM HILL & CRUMPSALL PCN,14L,E38000217,0.0,0.0,10.0,0.0,0.0,1.0,18.0,1.0,15.0,14.0,5125.0,569.0
P84665,WITHINGTON MEDICAL PRACTICE,U65853,WITHINGTON & FALLOWFIELD PCN,14L,E38000217,0.0,0.0,11.0,2.0,2.0,0.0,6.0,0.0,6.0,*,4872.0,366.0
P84669,CORNBROOK MEDICAL PRACTICE,U26379,HULME & CITY CENTRE SOUTH PCN,14L,E38000217,0.0,0.0,7.0,0.0,1.0,3.0,18.0,1.0,16.0,11.0,17376.0,648.0
P84672,WOODLANDS MEDICAL PRACTICE,U58188,NORTHENDEN & BROOKLANDS (WYTHENSHAWE) PCN,14L,E38000217,0.0,1.0,47.0,34.0,1.0,1.0,51.0,0.0,42.0,36.0,3125.0,622.0
P84673,ANCOATS URBAN VILLAGE MEDICAL PRACTICE,U,Unallocated,14L,E38000217,0.0,0.0,31.0,0.0,0.0,1.0,23.0,0.0,17.0,8.0,13298.0,784.0
P84678,DIDSBURY MEDICAL CENTRE - DR WHITAKER,U78687,DIDSBURY CHORLTON PARK & BURNAGE PCN,14L,E38000217,0.0,0.0,15.0,0.0,0.0,2.0,76.0,1.0,69.0,58.0,14245.0,1475.0
P84679,WILLOWBANK SURGERY,U85954,H-BLACKLEY HARPURHEY & CHARLESTOWN PCN,14L,E38000217,0.0,0.0,20.0,17.0,0.0,0.0,4.0,0.0,3.0,*,2049.0,199.0
P84683,THE DOC'S SURGERY,U26379,HULME & CITY CENTRE SOUTH PCN,14L,E38000217,0.0,0.0,3.0,0.0,0.0,0.0,11.0,1.0,8.0,*,14267.0,456.0
P84684,CRUMPSALL MEDICAL PRACTICE,U85748,CHEETHAM HILL & CRUMPSALL PCN,14L,E38000217,0.0,0.0,16.0,5.0,2.0,2.0,17.0,0.0,17.0,15.0,5916.0,606.0
P84689,MANCHESTER INTEGRATIVE MEDICAL PRACTICE,U07506,ARDWICK AND LONGSIGHT PCN,14L,E38000217,0.0,0.0,15.0,1.0,0.0,2.0,27.0,0.0,18.0,9.0,13430.0,836.0
P84690,DAM HEAD MEDICAL CENTRE,U85954,H-BLACKLEY HARPURHEY & CHARLESTOWN PCN,14L,E38000217,0.0,0.0,3.0,0.0,0.0,2.0,15.0,0.0,17.0,13.0,2507.0,286.0
P85002,ST MARY'S MEDICAL CENTRE,U14327,OLDHAM CENTRAL PCN,00Y,E38000135,1.0,0.0,25.0,5.0,3.0,1.0,62.0,0.0,60.0,35.0,5829.0,1007.0
P85003,THE CHOWDHURY PRACTICE,U14327,OLDHAM CENTRAL PCN,00Y,E38000135,0.0,0.0,23.0,4.0,3.0,2.0,14.0,0.0,4.0,*,5657.0,350.0
P85004,CHADDERTON MEDICAL PRACTICE,U17156,MILLTOWN ALLIANCE PCN,00Y,E38000135,0.0,0.0,169.0,1.0,1.0,2.0,28.0,0.0,23.0,20.0,5519.0,864.0
P85005,LEESBROOK SURGERY,U75449,OLDHAM EAST PCN,00Y,E38000135,0.0,0.0,22.0,1.0,11.0,1.0,115.0,0.0,108.0,65.0,6998.0,2418.0
P85007,OLDHAM FAMILY PRACTICE,U14327,OLDHAM CENTRAL PCN,00Y,E38000135,0.0,0.0,16.0,1.0,4.0,0.0,14.0,0.0,10.0,6.0,3415.0,539.0
P85010,WOODLANDS MEDICAL PRACTICE,U17156,MILLTOWN ALLIANCE PCN,00Y,E38000135,0.0,0.0,67.0,0.0,28.0,3.0,121.0,0.0,98.0,93.0,11349.0,2773.0
P85011,CH MEDICAL PRACTICE,U17156,MILLTOWN ALLIANCE PCN,00Y,E38000135,0.0,0.0,61.0,4.0,18.0,2.0,131.0,0.0,91.0,84.0,10599.0,2052.0
P85012,OLDHAM MEDICAL SERVICES,U67660,OLDHAM SOUTH PCN,00Y,E38000135,0.0,0.0,27.0,2.0,1.0,1.0,14.0,0.0,12.0,9.0,5374.0,553.0
P85013,THE ROYTON & CROMPTON FAMILY PRACTICE,U41563,OLDHAM NORTH PCN,00Y,E38000135,1.0,3.0,356.0,210.0,17.0,8.0,252.0,6.0,214.0,118.0,16049.0,4942.0
P85014,HOPWOOD HOUSE MEDICAL PRACTICE,U14327,OLDHAM CENTRAL PCN,00Y,E38000135,0.0,0.0,26.0,0.0,2.0,1.0,60.0,0.0,51.0,35.0,5875.0,760.0
P85015,ALEXANDRA GROUP MED PRACT,U14327,OLDHAM CENTRAL PCN,00Y,E38000135,0.0,0.0,16.0,0.0,4.0,3.0,50.0,0.0,41.0,12.0,6348.0,870.0
P85016,SADDLEWORTH MEDICAL PRACTICE,U75449,OLDHAM EAST PCN,00Y,E38000135,3.0,0.0,36.0,1.0,11.0,2.0,140.0,0.0,97.0,49.0,10195.0,3778.0
P85017,OAK GABLES MEDICAL PRACTICE,U41563,OLDHAM NORTH PCN,00Y,E38000135,0.0,0.0,71.0,6.0,4.0,1.0,101.0,2.0,83.0,43.0,6472.0,2597.0
P85018,MD FAMILY PRACTICE,U17156,MILLTOWN ALLIANCE PCN,00Y,E38000135,0.0,0.0,94.0,20.0,14.0,2.0,25.0,0.0,27.0,26.0,3681.0,629.0
P85019,ROYTON MEDICAL CENTRE,U41563,OLDHAM NORTH PCN,00Y,E38000135,0.0,0.0,22.0,12.0,0.0,1.0,33.0,0.0,24.0,10.0,5885.0,1159.0
P85020,SPRINGFIELD HOUSE,U75449,OLDHAM EAST PCN,00Y,E38000135,0.0,0.0,19.0,0.0,6.0,0.0,96.0,0.0,70.0,56.0,5983.0,1324.0
P85021,GREENBANK MEDICAL PRACTICE,U14327,OLDHAM CENTRAL PCN,00Y,E38000135,2.0,0.0,33.0,3.0,10.0,2.0,47.0,0.0,36.0,30.0,8660.0,1009.0
P85022,LEES MEDICAL PRACTICE,U75449,OLDHAM EAST PCN,00Y,E38000135,1.0,0.0,20.0,5.0,3.0,1.0,37.0,0.0,32.0,24.0,4404.0,737.0
P85026,QUAYSIDE MEDICAL PRACTICE,U67660,OLDHAM SOUTH PCN,00Y,E38000135,1.0,0.0,78.0,1.0,0.0,3.0,105.0,0.0,82.0,13.0,12729.0,3099.0
P85601,JALAL PRACTICE,U14327,OLDHAM CENTRAL PCN,00Y,E38000135,0.0,0.0,9.0,1.0,0.0,1.0,22.0,0.0,18.0,17.0,2661.0,361.0
P85605,LITTLETOWN FAMILY MED PRACT,U17156,MILLTOWN ALLIANCE PCN,00Y,E38000135,1.0,7.0,68.0,14.0,12.0,2.0,30.0,0.0,30.0,13.0,6771.0,766.0
P85606,MOORSIDE MEDICAL PRACTICE,U75449,OLDHAM EAST PCN,00Y,E38000135,0.0,0.0,21.0,0.0,4.0,7.0,60.0,0.0,53.0,38.0,6187.0,930.0
P85608,PERKINS PRACTICE,U14327,OLDHAM CENTRAL PCN,00Y,E38000135,0.0,0.0,19.0,0.0,2.0,1.0,15.0,0.0,14.0,12.0,2063.0,388.0
P85610,MEDLOCK MEDICAL PRACTICE,U67660,OLDHAM SOUTH PCN,00Y,E38000135,0.0,0.0,27.0,1.0,2.0,2.0,46.0,0.0,42.0,22.0,6631.0,1000.0
P85612,WERNETH MEDICAL PRACTICE,U17156,MILLTOWN ALLIANCE PCN,00Y,E38000135,0.0,0.0,9.0,0.0,3.0,2.0,18.0,0.0,18.0,13.0,3759.0,284.0
P85614,VILLAGE MEDICAL PRACTICE,U41563,OLDHAM NORTH PCN,00Y,E38000135,0.0,0.0,26.0,1.0,3.0,2.0,32.0,0.0,27.0,18.0,4283.0,839.0
P85615,KAPUR FAMILY CARE,U17156,MILLTOWN ALLIANCE PCN,00Y,E38000135,0.0,0.0,32.0,1.0,13.0,1.0,45.0,0.0,38.0,19.0,11012.0,889.0
P85622,GLODWICK MEDICAL PRACTICE,U14327,OLDHAM CENTRAL PCN,00Y,E38000135,1.0,0.0,19.0,1.0,9.0,6.0,75.0,0.0,59.0,46.0,10121.0,773.0
P86001,MILNROW VILLAGE PRACTICE,U55161,PENNINES PCN,01D,E38000080,1.0,0.0,382.0,2.0,11.0,4.0,68.0,0.0,67.0,59.0,6668.0,1580.0
P86002,DR GWD BHIMA,U,Unallocated,01D,E38000080,0.0,0.0,11.0,0.0,2.0,1.0,15.0,0.0,16.0,11.0,1597.0,261.0
P86003,EDENFIELD ROAD SURGERY,U64487,ROCHDALE NORTH PCN,01D,E38000080,0.0,0.0,63.0,1.0,8.0,2.0,94.0,0.0,55.0,32.0,7944.0,2626.0
P86004,PETERLOO MEDICAL CENTRE,U16428,MIDDLETON PCN,01D,E38000080,0.0,0.0,45.0,2.0,13.0,1.0,89.0,0.0,63.0,56.0,7311.0,1757.0
P86005,YORKSHIRE ST SURGERY,U64487,ROCHDALE NORTH PCN,01D,E38000080,0.0,0.0,12.0,0.0,3.0,1.0,42.0,0.0,38.0,19.0,5219.0,1022.0
P86006,ASHWORTH STREET SURGERY,U64487,ROCHDALE NORTH PCN,01D,E38000080,0.0,1.0,108.0,17.0,11.0,4.0,121.0,0.0,100.0,97.0,14423.0,2636.0
P86007,WELLFIELD HEALTH CENTRE,U32831,CANALSIDE PCN,01D,E38000080,0.0,0.0,63.0,0.0,8.0,14.0,102.0,0.0,87.0,68.0,11673.0,2091.0
P86008,MARK STREET SURGERY,U64487,ROCHDALE NORTH PCN,01D,E38000080,0.0,0.0,26.0,0.0,10.0,6.0,58.0,3.0,46.0,36.0,8862.0,1517.0
P86009,CASTLETON HEALTH CENTRE,U32831,CANALSIDE PCN,01D,E38000080,0.0,0.0,161.0,0.0,3.0,3.0,140.0,1.0,101.0,54.0,8395.0,2099.0
P86010,THE JUNCTION SURGERY,U16428,MIDDLETON PCN,01D,E38000080,0.0,0.0,51.0,0.0,2.0,2.0,49.0,0.0,38.0,26.0,6919.0,1536.0
P86011,LONGFORD STREET MEDICAL CENTRE,U78443,HEYWOOD PCN,01D,E38000080,0.0,0.0,30.0,1.0,3.0,4.0,79.0,0.0,58.0,49.0,6518.0,1853.0
P86012,WOODSIDE MEDICAL CENTRE,U16428,MIDDLETON PCN,01D,E38000080,0.0,0.0,52.0,0.0,19.0,5.0,74.0,0.0,55.0,53.0,7693.0,1269.0
P86013,HEALEY SURGERY,U64487,ROCHDALE NORTH PCN,01D,E38000080,0.0,0.0,15.0,0.0,0.0,0.0,31.0,0.0,24.0,15.0,4937.0,1088.0
P86014,CROFT SHIFA HEALTH CENTRE,U,Unallocated,01D,E38000080,1.0,1.0,14.0,0.0,3.0,2.0,24.0,1.0,21.0,8.0,7143.0,671.0
P86015,ROCHDALE ROAD MEDICAL CENTRE,U16428,MIDDLETON PCN,01D,E38000080,0.0,0.0,16.0,0.0,4.0,0.0,26.0,0.0,23.0,12.0,5190.0,897.0
P86016,HEYWOOD HEALTH,U78443,HEYWOOD PCN,01D,E38000080,0.0,0.0,34.0,0.0,1.0,7.0,52.0,0.0,49.0,36.0,7123.0,1447.0
P86017,INSPIRE MEDICAL CENTRE,U64487,ROCHDALE NORTH PCN,01D,E38000080,0.0,0.0,4.0,0.0,1.0,2.0,19.0,0.0,18.0,14.0,4241.0,350.0
P86018,LITTLEBOROUGH GROUP PRACTICE,U55161,PENNINES PCN,01D,E38000080,0.0,0.0,34.0,0.0,9.0,2.0,141.0,0.0,116.0,96.0,6647.0,1954.0
P86019,DURNFORD MEDICAL CENTRE,U16428,MIDDLETON PCN,01D,E38000080,0.0,0.0,29.0,0.0,2.0,4.0,82.0,0.0,59.0,43.0,7822.0,2046.0
P86021,PENNINE SURGERY,U55161,PENNINES PCN,01D,E38000080,0.0,0.0,13.0,0.0,2.0,0.0,43.0,0.0,26.0,16.0,2883.0,875.0
P86022,STONEFIELD STREET SURGERY,U55161,PENNINES PCN,01D,E38000080,0.0,0.0,44.0,1.0,1.0,1.0,65.0,0.0,43.0,40.0,7013.0,1756.0
P86023,HOPWOOD MEDICAL CENTRE,U78443,HEYWOOD PCN,01D,E38000080,0.0,0.0,31.0,0.0,7.0,5.0,83.0,0.0,85.0,69.0,8218.0,1548.0
P86026,THE DAWES FAMILY PRACTICE,U64487,ROCHDALE NORTH PCN,01D,E38000080,0.0,0.0,25.0,0.0,16.0,0.0,54.0,0.0,28.0,26.0,6257.0,1313.0
P86602,HEADY HILL SURGERY,U78443,HEYWOOD PCN,01D,E38000080,0.0,0.0,28.0,0.0,2.0,2.0,17.0,0.0,10.0,9.0,2871.0,564.0
P86606,FAMILY PRACTICE,U,Unallocated,01D,E38000080,0.0,0.0,27.0,0.0,1.0,3.0,30.0,0.0,27.0,19.0,3765.0,588.0
P86608,THE VILLAGE MEDICAL CTR.,U55161,PENNINES PCN,01D,E38000080,0.0,0.0,13.0,0.0,0.0,3.0,40.0,0.0,35.0,33.0,3442.0,847.0
P86609,THE DALE MEDICAL PRACTICE,U,Unallocated,01D,E38000080,0.0,0.0,10.0,1.0,6.0,0.0,9.0,0.0,8.0,*,2236.0,237.0
P86614,DR A HAMID,U32831,CANALSIDE PCN,01D,E38000080,0.0,0.0,29.0,0.0,0.0,1.0,15.0,0.0,16.0,16.0,4283.0,333.0
P86619,DR MB GHAFOOR & PARTNERS,U,Unallocated,01D,E38000080,0.0,0.0,10.0,0.0,1.0,2.0,11.0,0.0,13.0,7.0,5977.0,522.0
P86620,WINDERMERE SURGERY,U16428,MIDDLETON PCN,01D,E38000080,0.0,0.0,9.0,0.0,0.0,1.0,11.0,0.0,7.0,5.0,2624.0,320.0
P86624,TRINITY MEDICAL CENTRE,U55161,PENNINES PCN,01D,E38000080,0.0,0.0,28.0,0.0,8.0,5.0,53.0,1.0,35.0,31.0,3322.0,963.0
P87002,THE POPLARS MEDICAL PRACTICE,U57786,SWINTON PCN,01G,E38000143,0.0,0.0,42.0,3.0,12.0,4.0,72.0,1.0,54.0,46.0,9295.0,2182.0
P87004,1/SALFORD MEDICAL PRACTICE,U60510,SALFORD SOUTH EAST PCN,01G,E38000143,0.0,0.0,11.0,0.0,1.0,1.0,15.0,0.0,12.0,11.0,14794.0,698.0
P87008,WALKDEN MEDICAL CENTRE,U69393,WALKDEN & LITTLE HULTON PCN,01G,E38000143,0.0,1.0,29.0,0.0,5.0,1.0,54.0,0.0,48.0,31.0,7287.0,1572.0
P87015,PENDLETON MEDICAL CENTRE,U60510,SALFORD SOUTH EAST PCN,01G,E38000143,0.0,0.0,25.0,2.0,5.0,0.0,19.0,0.0,19.0,15.0,8121.0,693.0
P87016,THE SIDES MEDICAL PRACTICE,U57786,SWINTON PCN,01G,E38000143,0.0,0.0,53.0,0.0,14.0,1.0,88.0,1.0,60.0,39.0,10989.0,3047.0
P87017,THE LIMES MEDICAL PRACTICE,U69393,WALKDEN & LITTLE HULTON PCN,01G,E38000143,1.0,0.0,82.0,1.0,0.0,2.0,37.0,1.0,26.0,20.0,3807.0,1041.0
P87019,SILVERDALE MEDICAL PRACTICE,U57786,SWINTON PCN,01G,E38000143,0.0,0.0,58.0,4.0,11.0,0.0,70.0,1.0,54.0,26.0,10294.0,2347.0
P87020,ST ANDREWS MEDICAL CENTRE,U00203,ECCLES & IRLAM PCN,01G,E38000143,2.0,0.0,22.0,2.0,13.0,4.0,62.0,0.0,40.0,19.0,13232.0,2470.0
P87022,MOCHA PARADE MEDICAL PRACTICE,U03153,BROUGHTON HEALTH ALLIANCE PCN,01G,E38000143,0.0,0.0,0.0,0.0,0.0,0.0,7.0,0.0,6.0,*,1788.0,394.0
P87024,3/SPRINGFIELD HOUSE MEDICAL PRACTICE,U00203,ECCLES & IRLAM PCN,01G,E38000143,0.0,1.0,30.0,0.0,0.0,4.0,36.0,0.0,25.0,15.0,10050.0,1464.0
P87025,THE LAKES MEDICAL PRACTICE,U57786,SWINTON PCN,01G,E38000143,0.0,0.0,47.0,0.0,4.0,2.0,36.0,0.0,27.0,19.0,8656.0,1473.0
P87026,NEWBURY GREEN MEDICAL PRACTICE,U03153,BROUGHTON HEALTH ALLIANCE PCN,01G,E38000143,0.0,0.0,27.0,0.0,14.0,3.0,61.0,0.0,43.0,32.0,15948.0,1653.0
P87027,LANGWORTHY MEDICAL PRACTICE,U60510,SALFORD SOUTH EAST PCN,01G,E38000143,0.0,0.0,38.0,2.0,9.0,3.0,41.0,0.0,36.0,31.0,17627.0,1281.0
P87028,THE GILL MEDICAL PRACTICE,U69393,WALKDEN & LITTLE HULTON PCN,01G,E38000143,0.0,0.0,31.0,0.0,7.0,2.0,45.0,0.0,35.0,32.0,8415.0,1531.0
P87032,ORIENT ROAD MEDICAL PRACTICE,U60510,SALFORD SOUTH EAST PCN,01G,E38000143,0.0,0.0,25.0,0.0,9.0,0.0,45.0,0.0,41.0,27.0,5391.0,1069.0
P87035,ORDSALL HEALTH SURGERY,U60510,SALFORD SOUTH EAST PCN,01G,E38000143,0.0,0.0,19.0,1.0,3.0,2.0,25.0,0.0,21.0,16.0,10675.0,827.0
P87040,SORREL BANK MEDICAL PRACTICE,U60510,SALFORD SOUTH EAST PCN,01G,E38000143,0.0,0.0,26.0,0.0,12.0,2.0,41.0,1.0,33.0,19.0,6939.0,1446.0
P87610,THE MOSSLANDS MEDICAL PRACTICE,U00203,ECCLES & IRLAM PCN,01G,E38000143,0.0,0.0,43.0,3.0,12.0,2.0,63.0,0.0,49.0,35.0,10471.0,2101.0
P87613,CLEGGS LANE MEDICAL PRACTICE/129,U69393,WALKDEN & LITTLE HULTON PCN,01G,E38000143,0.0,0.0,2.0,0.0,0.0,1.0,19.0,0.0,19.0,16.0,4560.0,569.0
P87620,1/MONTON MEDICAL PRACTICE,U00203,ECCLES & IRLAM PCN,01G,E38000143,0.0,0.0,36.0,0.0,2.0,0.0,32.0,0.0,26.0,21.0,8178.0,1296.0
P87624,ELLENBROOK MEDICAL CENTRE,U69393,WALKDEN & LITTLE HULTON PCN,01G,E38000143,0.0,0.0,19.0,0.0,2.0,1.0,26.0,0.0,19.0,14.0,4044.0,1076.0
P87625,DEARDEN AVENUE MEDICAL PRACTICE,U69393,WALKDEN & LITTLE HULTON PCN,01G,E38000143,0.0,1.0,6.0,0.0,3.0,0.0,5.0,0.0,4.0,*,2432.0,316.0
P87627,ORCHARD MEDICAL PRACTICE,U69393,WALKDEN & LITTLE HULTON PCN,01G,E38000143,0.0,0.0,7.0,0.0,0.0,0.0,12.0,0.0,9.0,7.0,2828.0,618.0
P87630,CHERRY MEDICAL PRACTICE,U69393,WALKDEN & LITTLE HULTON PCN,01G,E38000143,0.0,0.0,2.0,0.0,1.0,1.0,12.0,0.0,13.0,9.0,2969.0,367.0
P87634,CLARENDON SURGERY,U60510,SALFORD SOUTH EAST PCN,01G,E38000143,0.0,0.0,31.0,0.0,3.0,3.0,34.0,0.0,31.0,25.0,10398.0,1056.0
P87639,CORNERSTONE MEDICAL PRACTICE,U60510,SALFORD SOUTH EAST PCN,01G,E38000143,0.0,0.0,0.0,0.0,0.0,1.0,9.0,0.0,7.0,7.0,3781.0,328.0
P87648,REUT MEDICAL PRACTICE,U03153,BROUGHTON HEALTH ALLIANCE PCN,01G,E38000143,0.0,0.0,18.0,0.0,0.0,0.0,12.0,1.0,8.0,8.0,7946.0,389.0
P87649,CHAPEL GROUP MEDICAL CENTRE,U00203,ECCLES & IRLAM PCN,01G,E38000143,0.0,0.0,47.0,1.0,5.0,1.0,47.0,0.0,26.0,25.0,4991.0,1166.0
P87651,LIMEFIELD ROAD MEDICAL PRACTICE,U,Unallocated,01G,E38000143,0.0,0.0,1.0,0.0,1.0,0.0,6.0,0.0,5.0,*,4091.0,160.0
P87654,DR A CHAUDHRY & DR I JEET,U03153,BROUGHTON HEALTH ALLIANCE PCN,01G,E38000143,0.0,0.0,9.0,0.0,4.0,0.0,27.0,0.0,20.0,16.0,10092.0,1189.0
P87657,(IRLAM) SALFORD CARE CTRS MEDICAL PRACTI,U00203,ECCLES & IRLAM PCN,01G,E38000143,0.0,0.0,4.0,0.0,1.0,0.0,19.0,0.0,13.0,10.0,3698.0,714.0
P87658,THE WILLOWS MEDICAL PRACTICE,U60510,SALFORD SOUTH EAST PCN,01G,E38000143,0.0,0.0,6.0,0.0,2.0,2.0,15.0,0.0,16.0,16.0,3280.0,398.0
P87661,MANCHESTER ROAD EAST MEDICAL PRACTICE,U69393,WALKDEN & LITTLE HULTON PCN,01G,E38000143,0.0,0.0,1.0,0.0,0.0,0.0,5.0,0.0,5.0,*,2107.0,235.0
P88002,MARPLE BRIDGE SURGERY,U64597,STOCKPORT EAST AND SOUTH PCN,01W,E38000174,0.0,0.0,26.0,0.0,0.0,5.0,81.0,0.0,73.0,56.0,4479.0,1842.0
P88003,MANOR MEDICAL PRACTICE,U15435,HEATONS GROUP NETWORK PCN,01W,E38000174,0.0,0.0,23.0,2.0,1.0,3.0,110.0,0.0,75.0,55.0,8084.0,1820.0
P88005,FAMILY SURGERY,U99971,TAME VALLEY PCN,01W,E38000174,0.0,0.0,50.0,36.0,2.0,0.0,82.0,0.0,57.0,33.0,9545.0,1992.0
P88006,MARPLE COTTAGE SURGERY,U64597,STOCKPORT EAST AND SOUTH PCN,01W,E38000174,0.0,0.0,81.0,0.0,1.0,7.0,179.0,0.0,177.0,171.0,8724.0,2776.0
P88007,CHEADLE HULME MEDICAL GROUP,U,Unallocated,01W,E38000174,0.0,0.0,34.0,0.0,0.0,3.0,125.0,0.0,108.0,88.0,11610.0,3193.0
P88008,HEATON MERSEY MED.PRACT.,U15435,HEATONS GROUP NETWORK PCN,01W,E38000174,0.0,0.0,21.0,12.0,2.0,1.0,89.0,1.0,66.0,38.0,6773.0,1769.0
P88009,WOODLEY VILLAGE SURGERY,U99971,TAME VALLEY PCN,01W,E38000174,0.0,0.0,1.0,0.0,0.0,1.0,14.0,0.0,5.0,*,2418.0,631.0
P88011,HEATON NORRIS MEDICAL PRACTICE,U99971,TAME VALLEY PCN,01W,E38000174,0.0,0.0,47.0,0.0,1.0,1.0,76.0,0.0,63.0,38.0,8723.0,1911.0
P88012,BEECH HOUSE MEDICAL PRACT,U64597,STOCKPORT EAST AND SOUTH PCN,01W,E38000174,0.0,0.0,39.0,0.0,7.0,0.0,93.0,0.0,65.0,51.0,5868.0,2015.0
P88013,CARITAS GENERAL PRACTICE PARTNERSHIP,U14006,VICTORIA PCN,01W,E38000174,0.0,0.0,49.0,2.0,1.0,8.0,149.0,1.0,135.0,94.0,9818.0,2627.0
P88014,ADSHALL ROAD MEDICAL PRAC,U14006,VICTORIA PCN,01W,E38000174,0.0,0.0,19.0,0.0,0.0,0.0,41.0,0.0,31.0,15.0,3928.0,957.0
P88015,BRAMHALL HEALTH CENTRE,U,Unallocated,01W,E38000174,0.0,0.0,22.0,1.0,2.0,2.0,127.0,0.0,96.0,76.0,8908.0,3316.0
P88016,BRAMHALL & SHAW HEATH MEDICAL GROUP,U,Unallocated,01W,E38000174,0.0,0.0,73.0,1.0,8.0,1.0,127.0,1.0,113.0,72.0,11038.0,2601.0
P88017,CHADSFIELD MEDICAL PRACTICE,U64597,STOCKPORT EAST AND SOUTH PCN,01W,E38000174,0.0,0.0,31.0,0.0,1.0,5.0,104.0,2.0,94.0,78.0,4701.0,1883.0
P88018,PARK VIEW GROUP PRACTICE,U99971,TAME VALLEY PCN,01W,E38000174,0.0,1.0,21.0,1.0,9.0,2.0,63.0,1.0,47.0,43.0,8713.0,1570.0
P88019,ALVANLEY FAMILY PRACTICE,U99971,TAME VALLEY PCN,01W,E38000174,0.0,0.0,11.0,0.0,1.0,1.0,90.0,0.0,69.0,49.0,4343.0,1064.0
P88020,CHEADLE MEDICAL PRACTICE,U56857,CHEADLE NETWORK PCN,01W,E38000174,0.0,0.0,22.0,0.0,4.0,3.0,115.0,0.0,89.0,74.0,9443.0,2341.0
P88021,MARPLE MEDICAL PRACTICE,U64597,STOCKPORT EAST AND SOUTH PCN,01W,E38000174,0.0,0.0,24.0,1.0,1.0,3.0,86.0,1.0,59.0,47.0,5019.0,1842.0
P88023,HEALD GREEN HEALTH CENTRE 2,U56857,CHEADLE NETWORK PCN,01W,E38000174,0.0,0.0,15.0,0.0,1.0,1.0,91.0,0.0,55.0,28.0,6112.0,1435.0
P88024,GATLEY MEDICAL CENTRE,U56857,CHEADLE NETWORK PCN,01W,E38000174,0.0,3.0,44.0,23.0,9.0,1.0,99.0,0.0,61.0,49.0,8160.0,2177.0
P88025,HULME HALL MEDICAL GROUP,U,Unallocated,01W,E38000174,0.0,0.0,38.0,3.0,10.0,1.0,103.0,1.0,80.0,69.0,7915.0,2463.0
P88026,HEATON MOOR MEDICAL GROUP,U15435,HEATONS GROUP NETWORK PCN,01W,E38000174,0.0,2.0,106.0,25.0,2.0,15.0,388.0,0.0,344.0,172.0,46082.0,8661.0
P88031,BRACONDALE MEDICAL CENTRE,U14006,VICTORIA PCN,01W,E38000174,0.0,0.0,58.0,0.0,6.0,0.0,40.0,1.0,27.0,8.0,4879.0,972.0
P88041,THE VILLAGE SURGERY,U,Unallocated,01W,E38000174,0.0,0.0,13.0,0.0,9.0,0.0,84.0,1.0,61.0,52.0,6812.0,1823.0
P88042,FINNEY LANE SURGERY,U56857,CHEADLE NETWORK PCN,01W,E38000174,0.0,1.0,24.0,0.0,12.0,0.0,103.0,0.0,60.0,58.0,5543.0,1426.0
P88043,BRINNINGTON SURGERY,U99971,TAME VALLEY PCN,01W,E38000174,0.0,0.0,75.0,0.0,0.0,4.0,206.0,1.0,195.0,190.0,8272.0,1211.0
P88044,BREDBURY MEDICAL CENTRE,U99971,TAME VALLEY PCN,01W,E38000174,0.0,0.0,41.0,3.0,3.0,2.0,48.0,0.0,43.0,29.0,4903.0,999.0
P88606,SPRINGFIELD SURGERY,U64597,STOCKPORT EAST AND SOUTH PCN,01W,E38000174,0.0,0.0,17.0,0.0,4.0,0.0,78.0,0.0,60.0,58.0,4567.0,1141.0
P88615,VERNON PARK SURGERY,U99971,TAME VALLEY PCN,01W,E38000174,0.0,0.0,1.0,0.0,0.0,2.0,7.0,0.0,7.0,*,2929.0,519.0
P88623,HIGH LANE MEDICAL CENTRE,U64597,STOCKPORT EAST AND SOUTH PCN,01W,E38000174,0.0,0.0,46.0,0.0,0.0,1.0,51.0,1.0,46.0,37.0,5484.0,2089.0
P88625,ARCHWOOD MEDICAL PRACTICE,U64597,STOCKPORT EAST AND SOUTH PCN,01W,E38000174,0.0,0.0,31.0,0.0,3.0,3.0,91.0,0.0,75.0,51.0,5879.0,1839.0
P88632,STOCKPORT MEDICAL GROUP,U14006,VICTORIA PCN,01W,E38000174,0.0,0.0,20.0,0.0,1.0,1.0,131.0,0.0,85.0,45.0,16091.0,2090.0
P89002,THE BROOKE SURGERY,U02275,HYDE PCN,01Y,E38000263,0.0,0.0,50.0,1.0,5.0,8.0,163.0,3.0,150.0,88.0,17618.0,2649.0
P89003,ALBION MEDICAL PRACTICE,U38271,ASHTON PCN,01Y,E38000263,0.0,0.0,27.0,0.0,3.0,2.0,79.0,3.0,66.0,37.0,7827.0,2007.0
P89004,AWBURN HOUSE MEDICAL PRACTICE,U02275,HYDE PCN,01Y,E38000263,0.0,0.0,35.0,0.0,11.0,1.0,45.0,2.0,37.0,34.0,4547.0,1639.0
P89005,LOCKSIDE MEDICAL CENTRE,U01630,"STALYBRIDGE, DUKINFIELD & MOSSLEY PCN",01Y,E38000263,0.0,5.0,42.0,6.0,7.0,1.0,71.0,0.0,66.0,60.0,6955.0,1418.0
P89006,PENNINE MEDICAL CENTRE,U75449,OLDHAM EAST PCN,00Y,E38000135,4.0,7.0,83.0,1.0,14.0,4.0,79.0,0.0,61.0,45.0,8765.0,2557.0
P89007,STAVELEIGH MEDICAL CENTRE,U01630,"STALYBRIDGE, DUKINFIELD & MOSSLEY PCN",01Y,E38000263,0.0,0.0,20.0,8.0,7.0,1.0,121.0,1.0,104.0,95.0,6569.0,1578.0
P89008,ASHTON MEDICAL GROUP,U38271,ASHTON PCN,01Y,E38000263,0.0,0.0,63.0,1.0,4.0,6.0,112.0,6.0,87.0,37.0,13793.0,3155.0
P89010,MEDLOCK VALE MEDICAL PRACTICE,U53900,DENTON PCN,01Y,E38000263,0.0,0.0,6.0,0.0,1.0,2.0,43.0,0.0,29.0,15.0,5851.0,1741.0
P89011,GORDON STREET MEDICAL CENTRE,U38271,ASHTON PCN,01Y,E38000263,0.0,0.0,25.0,1.0,7.0,0.0,18.0,1.0,17.0,9.0,4552.0,603.0
P89012,CLARENDON MEDICAL CENTRE,U02275,HYDE PCN,01Y,E38000263,0.0,0.0,35.0,1.0,10.0,4.0,97.0,2.0,83.0,68.0,5400.0,1400.0
P89013,HATTERSLEY GROUP PRACTICE,U02275,HYDE PCN,01Y,E38000263,0.0,0.0,19.0,0.0,3.0,5.0,35.0,1.0,34.0,18.0,4334.0,697.0
P89014,HAUGHTON THORNLEY MEDICAL CENTRES,U02275,HYDE PCN,01Y,E38000263,0.0,0.0,58.0,2.0,16.0,6.0,128.0,3.0,105.0,64.0,10554.0,2153.0
P89015,MILLGATE HEALTHCARE PARTNERSHIP,U53900,DENTON PCN,01Y,E38000263,0.0,0.0,93.0,5.0,27.0,6.0,152.0,8.0,55.0,34.0,16670.0,4326.0
P89016,DONNEYBROOK MEDICAL CENTRE,U02275,HYDE PCN,01Y,E38000263,0.0,0.0,36.0,0.0,4.0,3.0,77.0,1.0,66.0,33.0,6280.0,1678.0
P89018,DENTON MEDICAL PRACTICE,U53900,DENTON PCN,01Y,E38000263,0.0,0.0,66.0,0.0,14.0,2.0,64.0,0.0,46.0,42.0,7069.0,1513.0
P89020,HT PRACTICE,U38271,ASHTON PCN,01Y,E38000263,0.0,0.0,10.0,0.0,2.0,5.0,53.0,4.0,50.0,12.0,6232.0,1278.0
P89021,DUKINFIELD MEDICAL PRACTICE,U02275,HYDE PCN,01Y,E38000263,0.0,0.0,26.0,0.0,0.0,6.0,129.0,4.0,126.0,61.0,9104.0,2138.0
P89022,KING STREET MEDICAL CENTRE,U01630,"STALYBRIDGE, DUKINFIELD & MOSSLEY PCN",01Y,E38000263,0.0,0.0,9.0,1.0,2.0,0.0,12.0,0.0,11.0,6.0,2739.0,537.0
P89023,ST. ANDREW'S HOUSE SURGERY,U01630,"STALYBRIDGE, DUKINFIELD & MOSSLEY PCN",01Y,E38000263,0.0,1.0,29.0,5.0,5.0,1.0,31.0,1.0,22.0,18.0,4775.0,1209.0
P89025,TOWN HALL SURGERY,U01630,"STALYBRIDGE, DUKINFIELD & MOSSLEY PCN",01Y,E38000263,0.0,0.0,7.0,0.0,2.0,1.0,15.0,2.0,11.0,10.0,2294.0,536.0
P89026,GROSVENOR MEDICAL CENTRE,U01630,"STALYBRIDGE, DUKINFIELD & MOSSLEY PCN",01Y,E38000263,0.0,0.0,35.0,0.0,12.0,2.0,44.0,2.0,44.0,32.0,5003.0,1249.0
P89029,MARKET STREET MEDICAL PRACTICE,U53900,DENTON PCN,01Y,E38000263,0.0,0.0,16.0,0.0,9.0,1.0,49.0,0.0,49.0,35.0,6645.0,1226.0
P89030,WEST END MEDICAL CENTRE,U38271,ASHTON PCN,01Y,E38000263,0.0,0.0,14.0,0.0,2.0,2.0,28.0,2.0,25.0,*,3154.0,758.0
P89602,THE SMITHY SURGERY,U02275,HYDE PCN,01Y,E38000263,0.0,0.0,9.0,0.0,2.0,1.0,22.0,0.0,22.0,11.0,2917.0,824.0
P89609,STAMFORD HOUSE,U38271,ASHTON PCN,01Y,E38000263,0.0,1.0,16.0,0.0,3.0,2.0,24.0,1.0,20.0,7.0,4296.0,761.0
P89612,MOSSLEY MEDICAL PRACTICE,U01630,"STALYBRIDGE, DUKINFIELD & MOSSLEY PCN",01Y,E38000263,0.0,1.0,10.0,0.0,1.0,0.0,9.0,0.0,9.0,9.0,1836.0,362.0
P89613,WATERLOO MEDICAL CENTRE,U38271,ASHTON PCN,01Y,E38000263,0.0,0.0,10.0,0.0,0.0,0.0,10.0,0.0,10.0,5.0,3203.0,557.0
P89618,PIKE MEDICAL PRACTICE,U01630,"STALYBRIDGE, DUKINFIELD & MOSSLEY PCN",01Y,E38000263,0.0,0.0,12.0,1.0,2.0,1.0,17.0,0.0,16.0,13.0,2761.0,475.0
P91003,PARK MEDICAL PRACTICE,U95344,ALTRINCHAM HEALTHCARE ALLIANCE PCN,02A,E38000187,0.0,1.0,4.0,0.0,1.0,0.0,59.0,0.0,46.0,34.0,6347.0,1490.0
P91004,ALTRINCHAM MEDICAL PRACTICE,U95344,ALTRINCHAM HEALTHCARE ALLIANCE PCN,02A,E38000187,0.0,0.0,12.0,2.0,6.0,0.0,66.0,0.0,52.0,33.0,7279.0,1232.0
P91006,URMSTON GROUP PRACTICE,U,Unallocated,02A,E38000187,0.0,1.0,40.0,1.0,7.0,2.0,134.0,0.0,107.0,65.0,10408.0,2822.0
P91007,TIMPERLEY HEALTH CENTRE (WESTWOOD),U42898,SOUTH TRAFFORD PCN,02A,E38000187,0.0,0.0,15.0,0.0,3.0,2.0,53.0,0.0,47.0,38.0,5092.0,1215.0
P91008,SHAY LANE MEDICAL CENTRE (KELMAN),U95344,ALTRINCHAM HEALTHCARE ALLIANCE PCN,02A,E38000187,0.0,0.0,31.0,1.0,12.0,0.0,62.0,0.0,33.0,17.0,4674.0,1526.0
P91009,DAVYHULME MEDICAL CENTRE,U,Unallocated,02A,E38000187,0.0,0.0,96.0,3.0,33.0,4.0,140.0,0.0,86.0,40.0,8042.0,2722.0
P91011,SHAY LANE MEDICAL CENTRE (PATEL),U42898,SOUTH TRAFFORD PCN,02A,E38000187,0.0,0.0,10.0,0.0,8.0,0.0,36.0,0.0,29.0,10.0,4128.0,1246.0
P91012,PRIMROSE SURGERY,U,Unallocated,02A,E38000187,0.0,1.0,37.0,3.0,1.0,0.0,91.0,0.0,25.0,*,5900.0,1688.0
P91013,BOUNDARY HOUSE MEDICAL CENTRE,U83990,SALE CENTRAL PCN,02A,E38000187,0.0,0.0,27.0,0.0,8.0,7.0,81.0,2.0,68.0,36.0,9276.0,1970.0
P91014,WASHWAY ROAD MEDICAL CENTRE,U83990,SALE CENTRAL PCN,02A,E38000187,0.0,0.0,64.0,0.0,19.0,6.0,167.0,0.0,131.0,115.0,13238.0,2910.0
P91016,WEST TIMPERLEY MEDICAL CENTRE,U95344,ALTRINCHAM HEALTHCARE ALLIANCE PCN,02A,E38000187,0.0,0.0,4.0,0.0,1.0,0.0,49.0,0.0,35.0,24.0,7876.0,1464.0
P91017,BODMIN ROAD HEALTH CENTRE,U83990,SALE CENTRAL PCN,02A,E38000187,0.0,0.0,24.0,2.0,17.0,1.0,60.0,0.0,50.0,25.0,7150.0,1668.0
P91018,DELAMERE MEDICAL PRACTICE,U66368,NORTH TRAFFORD PCN,02A,E38000187,0.0,0.0,52.0,1.0,6.0,5.0,70.0,0.0,56.0,30.0,12542.0,2176.0
P91019,PARTINGTON CENTRAL SURGERY,U,Unallocated,02A,E38000187,0.0,0.0,7.0,0.0,7.0,0.0,20.0,0.0,6.0,6.0,3313.0,549.0
P91020,LIMELIGHT HEALTH AND WELLBEING HUB,U66368,NORTH TRAFFORD PCN,02A,E38000187,1.0,0.0,96.0,50.0,20.0,1.0,71.0,0.0,49.0,30.0,8164.0,994.0
P91021,FIRSWAY HEALTH CENTRE,U83990,SALE CENTRAL PCN,02A,E38000187,0.0,0.0,58.0,1.0,21.0,4.0,137.0,0.0,108.0,90.0,12181.0,3023.0
P91026,PARTINGTON FAMILY PRACTICE,U,Unallocated,02A,E38000187,0.0,0.0,17.0,0.0,5.0,4.0,64.0,0.0,24.0,21.0,5762.0,975.0
P91029,FLIXTON ROAD MEDICAL CENTRE,U,Unallocated,02A,E38000187,1.0,0.0,57.0,4.0,17.0,3.0,116.0,0.0,75.0,53.0,9677.0,2138.0
P91035,CONWAY ROAD MEDICAL PRACTICE,U83990,SALE CENTRAL PCN,02A,E38000187,0.0,0.0,54.0,15.0,15.0,5.0,112.0,0.0,103.0,72.0,11474.0,2300.0
P91603,BARRINGTON MEDICAL CENTRE,U42898,SOUTH TRAFFORD PCN,02A,E38000187,0.0,0.0,30.0,0.0,16.0,0.0,46.0,0.0,36.0,22.0,6607.0,1143.0
P91604,ST JOHNS MEDICAL CENTRE,U95344,ALTRINCHAM HEALTHCARE ALLIANCE PCN,02A,E38000187,0.0,0.0,57.0,0.0,2.0,4.0,144.0,1.0,113.0,95.0,12806.0,3548.0
P91617,FAMILY SURGERY,U42898,SOUTH TRAFFORD PCN,02A,E38000187,0.0,0.0,0.0,0.0,0.0,0.0,21.0,0.0,14.0,7.0,1946.0,336.0
P91623,VILLAGE SURGERY,U42898,SOUTH TRAFFORD PCN,02A,E38000187,0.0,0.0,21.0,0.0,9.0,2.0,98.0,0.0,62.0,34.0,6082.0,1724.0
P91627,LOSTOCK MEDICAL CENTRE,U66368,NORTH TRAFFORD PCN,02A,E38000187,0.0,0.0,34.0,0.0,5.0,2.0,92.0,0.0,54.0,50.0,7394.0,1327.0
P91629,NORTH TRAFFORD GROUP PRACTICE,U66368,NORTH TRAFFORD PCN,02A,E38000187,0.0,0.0,25.0,0.0,9.0,5.0,53.0,0.0,45.0,25.0,13495.0,1672.0
P91631,RIDDINGS FAMILY HEALTH CENTRE,U42898,SOUTH TRAFFORD PCN,02A,E38000187,0.0,0.0,25.0,4.0,4.0,1.0,31.0,0.0,20.0,16.0,3080.0,658.0
P92001,MEDICENTRE,U69052,SWAN NETWORK WIGAN PCN,02H,E38000205,1.0,0.0,38.0,9.0,15.0,1.0,63.0,1.0,51.0,45.0,4274.0,1307.0
P92002,BRAITHWAITE RD SURGERY,U23418,LIGA WIGAN PCN,02H,E38000205,0.0,1.0,14.0,0.0,0.0,2.0,41.0,0.0,37.0,12.0,3833.0,1287.0
P92003,THE DICCONSON GROUP PRACTICE,U42152,WIGAN CENTRAL PCN,02H,E38000205,0.0,0.0,61.0,33.0,0.0,4.0,124.0,0.0,114.0,43.0,7774.0,1872.0
P92004,DR TUN & PARTNERS,U21926,HINDLEY PCN,02H,E38000205,1.0,0.0,21.0,0.0,1.0,0.0,80.0,0.0,24.0,11.0,5468.0,1668.0
P92005,ZAMAN,U69052,SWAN NETWORK WIGAN PCN,02H,E38000205,0.0,1.0,61.0,27.0,5.0,2.0,42.0,0.0,37.0,32.0,3326.0,987.0
P92006,DR AHMAD & PTNRS,U21926,HINDLEY PCN,02H,E38000205,0.0,0.0,29.0,0.0,10.0,0.0,68.0,1.0,23.0,15.0,4843.0,1297.0
P92007,OLD HENRY STREET MED CTR,U70230,LEIGH PCN,02H,E38000205,0.0,0.0,46.0,14.0,10.0,1.0,67.0,0.0,51.0,46.0,4814.0,1270.0
P92008,BRADSHAW MEDICAL CENTRE,U42152,WIGAN CENTRAL PCN,02H,E38000205,0.0,0.0,40.0,0.0,2.0,3.0,98.0,2.0,54.0,34.0,6727.0,1960.0
P92010,BEECH HILL MEDICAL PRACTICE,U96127,NORTH WIGAN PCN,02H,E38000205,0.0,0.0,208.0,23.0,22.0,2.0,141.0,0.0,118.0,80.0,8841.0,2617.0
P92011,SULLIVAN WAY SURGERY,U42152,WIGAN CENTRAL PCN,02H,E38000205,0.0,0.0,41.0,1.0,8.0,2.0,97.0,0.0,68.0,22.0,6421.0,1554.0
P92012,HIGH STREET SURGERY,U23418,LIGA WIGAN PCN,02H,E38000205,0.0,0.0,36.0,2.0,4.0,0.0,28.0,4.0,19.0,14.0,3523.0,980.0
P92014,STANDISH MEDICAL PRACTICE,U96127,NORTH WIGAN PCN,02H,E38000205,2.0,0.0,32.0,6.0,12.0,3.0,153.0,1.0,91.0,50.0,10178.0,2942.0
P92015,ASPULL SURGERY,U96127,NORTH WIGAN PCN,02H,E38000205,0.0,0.0,20.0,0.0,2.0,2.0,45.0,0.0,36.0,12.0,4609.0,1522.0
P92016,PENNYGATE MEDICAL CENTRE,U21926,HINDLEY PCN,02H,E38000205,0.0,0.0,66.0,4.0,29.0,9.0,158.0,0.0,125.0,95.0,15605.0,3724.0
P92017,SHEVINGTON SURGERY,U96127,NORTH WIGAN PCN,02H,E38000205,0.0,0.0,69.0,2.0,5.0,6.0,121.0,1.0,83.0,44.0,10133.0,3434.0
P92019,PEMBERTON SURGERY,U42152,WIGAN CENTRAL PCN,02H,E38000205,0.0,0.0,23.0,0.0,4.0,6.0,94.0,0.0,72.0,20.0,8762.0,1636.0
P92020,SIVAKUMAR & PARTNER,U30170,TABA WIGAN PCN,02H,E38000205,19.0,3.0,160.0,5.0,2.0,1.0,24.0,1.0,21.0,16.0,3905.0,1112.0
P92021,NEWTOWN MEDICAL PRACTICE,U42152,WIGAN CENTRAL PCN,02H,E38000205,0.0,0.0,29.0,0.0,6.0,0.0,52.0,0.0,32.0,14.0,4690.0,1385.0
P92023,BROOKMILL MEDICAL CENTRE,U70230,LEIGH PCN,02H,E38000205,0.0,0.0,49.0,1.0,1.0,1.0,78.0,0.0,60.0,21.0,6692.0,2000.0
P92024,KUMAR FAMILY PRACTICE,U69052,SWAN NETWORK WIGAN PCN,02H,E38000205,0.0,0.0,11.0,9.0,0.0,0.0,34.0,0.0,25.0,18.0,4334.0,888.0
P92026,LONGSHOOT MEDICAL PRACTICE,U42152,WIGAN CENTRAL PCN,02H,E38000205,0.0,1.0,60.0,6.0,7.0,2.0,66.0,0.0,47.0,21.0,5963.0,1346.0
P92028,ELLIOTT STREET SURGERY,U30170,TABA WIGAN PCN,02H,E38000205,1.0,0.0,179.0,1.0,1.0,0.0,40.0,0.0,32.0,28.0,3806.0,954.0
P92029,WESTLEIGH MEDICAL PRACTICE,U70230,LEIGH PCN,02H,E38000205,0.0,0.0,17.0,0.0,1.0,2.0,40.0,0.0,33.0,12.0,3730.0,695.0
P92030,DR SEABROOK,U42152,WIGAN CENTRAL PCN,02H,E38000205,0.0,1.0,18.0,0.0,1.0,1.0,21.0,0.0,16.0,7.0,3491.0,830.0
P92031,PLATT HOUSE SURGERY,U21926,HINDLEY PCN,02H,E38000205,0.0,0.0,44.0,0.0,21.0,1.0,68.0,0.0,61.0,58.0,3998.0,831.0
P92033,"THE SURGERY, TYLDESLEY",U30170,TABA WIGAN PCN,02H,E38000205,0.0,0.0,141.0,30.0,2.0,0.0,20.0,7.0,13.0,6.0,3811.0,975.0
P92034,BRYN CROSS SURGERY,U69052,SWAN NETWORK WIGAN PCN,02H,E38000205,0.0,1.0,49.0,19.0,13.0,0.0,47.0,0.0,34.0,18.0,4105.0,1376.0
P92038,SAXENA L,U69052,SWAN NETWORK WIGAN PCN,02H,E38000205,2.0,0.0,44.0,34.0,2.0,0.0,15.0,0.0,11.0,9.0,2631.0,586.0
P92041,SSP HEALTH LIMITED ASHTON MEDICAL CENTRE,U23418,LIGA WIGAN PCN,02H,E38000205,0.0,0.0,29.0,1.0,2.0,2.0,129.0,0.0,101.0,50.0,6738.0,1674.0
P92042,DR KK CHAN & PARTNERS,U30170,TABA WIGAN PCN,02H,E38000205,3.0,10.0,513.0,70.0,6.0,1.0,95.0,0.0,87.0,47.0,6944.0,2041.0
P92602,FOXLEIGH FAMILY SURGERY,U70230,LEIGH PCN,02H,E38000205,0.0,0.0,8.0,0.0,0.0,1.0,5.0,0.0,5.0,*,1910.0,433.0
P92605,BOOTHSTOWN MEDICAL CENTRE,U30170,TABA WIGAN PCN,02H,E38000205,3.0,0.0,676.0,6.0,2.0,0.0,34.0,0.0,20.0,16.0,6839.0,1179.0
P92607,GRASMERE SURGERY,U70230,LEIGH PCN,02H,E38000205,0.0,0.0,44.0,0.0,17.0,1.0,90.0,0.0,65.0,53.0,5961.0,1787.0
P92615,THE AVENUE SURGERY,U70230,LEIGH PCN,02H,E38000205,0.0,0.0,21.0,6.0,1.0,1.0,44.0,0.0,34.0,16.0,3934.0,961.0
P92620,INCE SURGERY,U21926,HINDLEY PCN,02H,E38000205,0.0,1.0,77.0,11.0,6.0,2.0,41.0,0.0,36.0,27.0,7232.0,1006.0
P92621,PREMIER HEALTH TEAM,U70230,LEIGH PCN,02H,E38000205,3.0,1.0,33.0,16.0,4.0,1.0,25.0,0.0,21.0,16.0,3599.0,802.0
P92626,MEADOWVIEW SURGERY,U30170,TABA WIGAN PCN,02H,E38000205,1.0,0.0,43.0,1.0,7.0,1.0,81.0,0.0,68.0,65.0,5319.0,1286.0
P92630,GOLBORNE SURGERY,U23418,LIGA WIGAN PCN,02H,E38000205,0.0,0.0,11.0,0.0,0.0,1.0,11.0,1.0,7.0,5.0,2451.0,530.0
P92633,BEE FOLD MEDICAL CENTRE,U30170,TABA WIGAN PCN,02H,E38000205,0.0,0.0,73.0,1.0,0.0,1.0,36.0,1.0,30.0,21.0,3111.0,545.0
P92634,MESNES VIEW SURGERY,U42152,WIGAN CENTRAL PCN,02H,E38000205,0.0,0.0,32.0,0.0,0.0,1.0,25.0,0.0,22.0,15.0,3812.0,915.0
P92635,DR VASANTH,U30170,TABA WIGAN PCN,02H,E38000205,0.0,0.0,182.0,3.0,0.0,0.0,3.0,0.0,3.0,*,1434.0,459.0
P92637,ASTLEY GENERAL PRACTICE,U30170,TABA WIGAN PCN,02H,E38000205,0.0,0.0,84.0,0.0,2.0,0.0,19.0,0.0,14.0,14.0,3680.0,553.0
P92639,FAMILY MEDICAL PRACTICE,U23418,LIGA WIGAN PCN,02H,E38000205,0.0,0.0,23.0,2.0,0.0,0.0,15.0,0.0,13.0,6.0,2524.0,555.0
P92642,MARUS BRIDGE PRACTICE,U69052,SWAN NETWORK WIGAN PCN,02H,E38000205,1.0,0.0,36.0,16.0,12.0,3.0,40.0,1.0,36.0,28.0,4339.0,1074.0
P92646,DR VARDHAN'S SURGERY,U30170,TABA WIGAN PCN,02H,E38000205,0.0,3.0,166.0,24.0,1.0,0.0,28.0,0.0,16.0,12.0,2812.0,772.0
P92647,SOUTH WIGAN MEDICAL PRACTICE,U69052,SWAN NETWORK WIGAN PCN,02H,E38000205,0.0,0.0,64.0,25.0,2.0,6.0,49.0,0.0,40.0,39.0,5061.0,1379.0
P92648,SLAG LANE MC,U23418,LIGA WIGAN PCN,02H,E38000205,0.0,0.0,26.0,4.0,1.0,1.0,44.0,3.0,41.0,35.0,4899.0,1052.0
P92651,LOWTON & PLATT BRIDGE SURGERY,U23418,LIGA WIGAN PCN,02H,E38000205,0.0,5.0,57.0,12.0,3.0,0.0,24.0,0.0,23.0,12.0,4694.0,977.0
Y00020,THE GRANTHAM PRACTICE,U65434,STOCKWELLBEING PCN,72Q,E38000244,0.0,0.0,7.0,0.0,1.0,1.0,28.0,0.0,22.0,7.0,8092.0,795.0
Y00026,THE OM SURGERY,U06437,BYRON PCN,52R,E38000243,0.0,0.0,14.0,0.0,5.0,1.0,15.0,0.0,12.0,12.0,2433.0,398.0
Y00033,PURFLEET CARE CENTRE,U28765,ASOP PCN,07G,E38000185,0.0,0.0,10.0,1.0,2.0,0.0,13.0,0.0,10.0,10.0,6618.0,457.0
Y00050,LILFORD & PENNINGTON PARK SURGERY,U70230,LEIGH PCN,02H,E38000205,0.0,0.0,17.0,0.0,1.0,1.0,38.0,0.0,27.0,21.0,5972.0,1022.0
Y00056,CAMBRIDGE ACCESS SURGERY,U71777,CAMBRIDGE CITY PCN,06H,E38000260,0.0,0.0,6.0,0.0,1.0,0.0,0.0,0.0,0.0,*,647.0,40.0
Y00057,ANGEL SURGERY,U50311,EDMONTON PCN,93C,E38000240,0.0,0.0,13.0,0.0,1.0,1.0,25.0,0.0,22.0,6.0,14421.0,1228.0
Y00060,THE ANCHOR CENTRE,U29575,COVENTRY NAVIGATION 1 PCN,B2M3M,E38000251,0.0,0.0,3.0,0.0,0.0,0.0,0.0,0.0,0.0,*,549.0,25.0
Y00078,WINSHILL,U57641,EAST STAFFORDSHIRE PCN,05D,E38000053,0.0,0.0,18.0,0.0,4.0,2.0,65.0,0.0,47.0,16.0,4667.0,899.0
Y00080,HARBOUR MEDICAL PRACTICE,U,Unallocated,97R,E38000235,0.0,1.0,60.0,0.0,0.0,2.0,72.0,1.0,45.0,37.0,5325.0,2118.0
Y00090,THE DOCTORS HOUSE,U,Unallocated,A3A8R,E38000255,0.0,0.0,29.0,23.0,0.0,8.0,39.0,0.0,38.0,28.0,7476.0,858.0
Y00137,WILLOWS HEALTH,U00147,WILLOWS HEALTH PCN,04C,E38000097,0.0,0.0,78.0,1.0,1.0,9.0,360.0,0.0,252.0,200.0,27782.0,4729.0
Y00140,TORCROSS MEDICAL CENTRE,U68252,SOWE VALLEY PCN,B2M3M,E38000251,0.0,0.0,1.0,0.0,0.0,1.0,8.0,0.0,9.0,9.0,1646.0,495.0
Y00155,GROVE SURGERY,U,Unallocated,A3A8R,E38000255,0.0,0.0,1.0,1.0,0.0,4.0,50.0,0.0,42.0,26.0,10051.0,751.0
Y00159,HALL GREEN HEALTH,U25587,COMMUNITY CARE HALL GREEN PCN,15E,E38000258,0.0,0.0,38.0,0.0,3.0,14.0,153.0,0.0,105.0,77.0,27365.0,4117.0
Y00184,DILSTON MEDICAL CENTRE,U45898,NEWCASTLE INNER WEST PCN,13T,E38000212,0.0,0.0,5.0,1.0,0.0,1.0,13.0,0.0,7.0,6.0,9279.0,375.0
Y00186,3D MEDICAL CENTRE,U,Unallocated,00T,E38000016,0.0,0.0,0.0,0.0,0.0,0.0,4.0,0.0,4.0,*,1556.0,102.0
Y00200,PORTOBELLO MEDICAL CENTRE,U14482,WEST-HILL HEALTH PCN,W2U3Z,E38000256,0.0,0.0,49.0,0.0,0.0,1.0,12.0,0.0,3.0,*,4021.0,404.0
Y00206,BURNLEY PRACTICE,U,Unallocated,W2U3Z,E38000256,0.0,0.0,13.0,0.0,1.0,2.0,19.0,0.0,16.0,12.0,9025.0,692.0
Y00228,AMBAR MEDICAL CENTRE,U86881,WALSALL SOUTH 1 PCN,D2P2L,E38000259,0.0,0.0,14.0,2.0,2.0,0.0,6.0,0.0,2.0,*,2328.0,155.0
Y00252,DR SJC CLAY'S PRACTICE,U33192,SOAR VALLEY PCN,04V,E38000201,0.0,0.0,4.0,0.0,0.0,0.0,30.0,0.0,26.0,23.0,2280.0,741.0
Y00265,CHAPEL MEDICAL CENTRE,U,Unallocated,D4U1Y,E38000252,0.0,1.0,64.0,3.0,16.0,0.0,20.0,0.0,12.0,10.0,15446.0,580.0
Y00278,DARLASTON HEALTH CENTRE,U,Unallocated,D2P2L,E38000259,1.0,0.0,69.0,46.0,0.0,0.0,8.0,0.0,7.0,*,3298.0,473.0
Y00286,THE RAVENSCAR SURGERY,U23714,REDCAR COASTAL PCN,16C,E38000247,0.0,0.0,3.0,0.0,1.0,0.0,34.0,0.0,32.0,32.0,2789.0,664.0
Y00293,HEDINGHAM MEDICAL CENTRE,U84465,COLNE VALLEY PCN,06Q,E38000106,0.0,0.0,40.0,8.0,7.0,3.0,71.0,0.0,67.0,60.0,7148.0,2281.0
Y00297,THE HOLLIES SURGERY,U10555,SWAFFHAM & DOWNHAM MARKET PCN,26A,E38000239,0.0,0.0,57.0,34.0,1.0,0.0,51.0,0.0,41.0,34.0,3900.0,1106.0
Y00312,"THE ROBINS SURGERY, HAROLD HILL HEALTH C",U55939,HAVERING NORTH PCN,A3A8R,E38000255,0.0,0.0,0.0,0.0,0.0,2.0,13.0,0.0,8.0,*,4071.0,497.0
Y00316,WOODLANDS MEDICAL PRACTICE,U33392,BARNET 2 PCN,93C,E38000240,0.0,0.0,2.0,0.0,0.0,0.0,25.0,0.0,21.0,18.0,5202.0,691.0
Y00344,LEICESTER CITY ASSIST PRACTICE,U,Unallocated,04C,E38000097,0.0,0.0,4.0,0.0,0.0,0.0,0.0,0.0,0.0,*,1506.0,20.0
Y00347,DR JACOBS SURGERY,U57096,CHORLEY TOGETHER PCN,00X,E38000034,1.0,0.0,48.0,12.0,1.0,2.0,58.0,0.0,56.0,51.0,4336.0,1163.0
Y00351,LANGLEY CORNER SURGERY,U52694,CRAWLEY CARE COLLABORATIVE PCN,70F,E38000265,0.0,0.0,33.0,10.0,6.0,3.0,113.0,0.0,93.0,93.0,10155.0,1840.0
Y00352,HESA MEDICAL CENTRE - Y00352,U,Unallocated,W2U3Z,E38000256,0.0,0.0,43.0,5.0,13.0,9.0,46.0,0.0,51.0,41.0,22041.0,1432.0
Y00399,DR PASQUALI,U19031,WELLINGBOROUGH & DISTRICT PCN,78H,E38000262,0.0,0.0,12.0,1.0,1.0,0.0,45.0,0.0,41.0,29.0,3111.0,953.0
Y00403,TROWBRIDGE PRACTICE,U58256,WELL STREET COMMON PCN,A3A8R,E38000255,0.0,1.0,1.0,0.0,0.0,0.0,10.0,2.0,7.0,7.0,7431.0,276.0
Y00411,DEARNE VALLEY GROUP PRACTICE,U16464,BARNSLEY PCN,02P,E38000006,0.0,0.0,818.0,9.0,24.0,2.0,95.0,1.0,46.0,32.0,9803.0,1868.0
Y00412,SOHO HEALTH CENTRE,U25240,PEOPLE'S HEALTH PARTNERSHIP PCN,15E,E38000258,0.0,0.0,6.0,0.0,2.0,0.0,20.0,0.0,16.0,*,4977.0,551.0
Y00437,THE ORCHARD SURGERY,U,Unallocated,D4U1Y,E38000252,0.0,0.0,59.0,0.0,14.0,1.0,18.0,0.0,14.0,11.0,9630.0,1011.0
Y00445,SALFORD PRIMARY CARE TOGETHER,U00203,ECCLES & IRLAM PCN,01G,E38000143,0.0,0.0,74.0,16.0,17.0,4.0,52.0,1.0,45.0,35.0,17377.0,1646.0
Y00446,MAGHULL PRACTICE,U,Unallocated,01T,E38000161,0.0,0.0,45.0,0.0,7.0,2.0,24.0,0.0,23.0,16.0,2435.0,731.0
Y00469,DR SIMS AND PARTNERS,U,Unallocated,99E,E38000007,0.0,0.0,73.0,7.0,21.0,4.0,66.0,0.0,47.0,40.0,9720.0,2196.0
Y00471,BROADWAY HEALTH CENTRE,U48923,SWB URBAN HEALTH PCN,15E,E38000258,0.0,0.0,2.0,0.0,0.0,1.0,16.0,0.0,16.0,12.0,7440.0,578.0
Y00475,GARSWOOD SURGERY,U94037,ST HELENS NORTH PCN,01X,E38000172,0.0,0.0,44.0,1.0,13.0,0.0,33.0,0.0,26.0,11.0,3976.0,1337.0
Y00486,BOTOLPH BRIDGE COMMUNITY HEALTH CENTRE,U13771,PETERBOROUGH PARTNERSHIPS PCN,06H,E38000260,0.0,0.0,17.0,1.0,2.0,1.0,11.0,0.0,4.0,*,6704.0,746.0
Y00492,SUMMERFIELD GROUP PRACTICE,U65968,SWB I3 PCN,15E,E38000258,0.0,0.0,7.0,3.0,1.0,1.0,5.0,1.0,4.0,*,8632.0,302.0
Y00507,ST. QUINTIN HEALTH CENTRE,U47608,NEOHEALTH PCN,W2U3Z,E38000256,0.0,0.0,7.0,0.0,0.0,1.0,18.0,0.0,17.0,9.0,3581.0,395.0
Y00560,WOOTTON VALE AND SHORTSTOWN SURGERY,U,Unallocated,M1J4Y,E38000249,0.0,0.0,42.0,8.0,1.0,3.0,74.0,0.0,48.0,44.0,16520.0,1885.0
Y00568,FOXHAYES PRACTICE,U76444,EXETER WEST PCN,15N,E38000230,0.0,0.0,2.0,0.0,1.0,1.0,62.0,0.0,41.0,38.0,4280.0,522.0
Y00612,GREEN CEDARS MEDICAL CENTRE,U58312,ENFIELD UNITY PCN,93C,E38000240,0.0,0.0,0.0,0.0,0.0,0.0,20.0,0.0,14.0,13.0,4075.0,533.0
Y00726,THE HIVE HEALTH CENTRE,U32831,CANALSIDE PCN,01D,E38000080,0.0,0.0,61.0,0.0,1.0,2.0,24.0,0.0,18.0,6.0,4828.0,845.0
Y00758,DR JO ARAYOMI'S PRACTICE,U,Unallocated,99E,E38000007,0.0,0.0,3.0,0.0,1.0,0.0,10.0,0.0,9.0,8.0,2194.0,319.0
Y00774,BRANDON MEDICAL PRACTICE,U89162,FOREST HEATH PCN,07K,E38000204,0.0,0.0,18.0,1.0,6.0,2.0,34.0,0.0,31.0,14.0,3817.0,1278.0
Y00902,THE WESTBOURNE GREEN SURGERY,U12548,REGENT HEALTH PCN,W2U3Z,E38000256,0.0,0.0,4.0,0.0,1.0,1.0,10.0,0.0,5.0,*,3094.0,273.0
Y00918,GRANVILLE MEDICAL CENTRE,U,Unallocated,A3A8R,E38000255,0.0,0.0,3.0,0.0,0.0,2.0,30.0,0.0,31.0,28.0,5728.0,904.0
Y00969,RAME GROUP PRACTICE,U,Unallocated,11N,E38000089,0.0,0.0,18.0,0.0,0.0,4.0,155.0,0.0,124.0,69.0,8248.0,3469.0
Y00996,MERIDIAN PRACTICE,U29575,COVENTRY NAVIGATION 1 PCN,B2M3M,E38000251,0.0,0.0,3.0,0.0,1.0,0.0,0.0,0.0,0.0,*,3945.0,31.0
Y00999,ODDFELLOWS HALL & ST CLEMENTS,U,Unallocated,07G,E38000185,0.0,0.0,20.0,1.0,7.0,0.0,21.0,0.0,17.0,12.0,10502.0,1020.0
Y01008,BAY MEDICAL GROUP,U27624,BAY PCN,01K,E38000228,0.0,0.0,115.0,42.0,6.0,29.0,761.0,2.0,632.0,521.0,41622.0,12467.0
Y01011,BARLBY SURGERY,U91471,INCLUSIVE HEALTH PCN,W2U3Z,E38000256,0.0,0.0,46.0,0.0,13.0,1.0,66.0,0.0,47.0,19.0,9653.0,958.0
Y01050,ROSMELLYN SURGERY,U76032,PENWITH PCN,11N,E38000089,0.0,0.0,37.0,3.0,0.0,1.0,107.0,0.0,90.0,43.0,5634.0,2000.0
Y01051,MORRAB SURGERY,U76032,PENWITH PCN,11N,E38000089,4.0,2.0,43.0,4.0,0.0,2.0,123.0,0.0,83.0,63.0,5831.0,2541.0
Y01057,HOMELESS HEALTH EXCHANGE,U22471,SMARTCARE CENTRAL PCN,15E,E38000258,0.0,0.0,4.0,0.0,1.0,0.0,0.0,0.0,0.0,*,1032.0,41.0
Y01066,HANLEY PRIMARY CARE CENTRE,U02795,NORTH 2 ISLINGTON PCN,93C,E38000240,0.0,0.0,11.0,0.0,5.0,2.0,28.0,0.0,22.0,8.0,7824.0,546.0
Y01068,AMAANAH MEDICAL PRACTICE,U76419,WASHWOOD HEATH PCN,15E,E38000258,0.0,0.0,13.0,0.0,6.0,0.0,15.0,0.0,12.0,5.0,4703.0,246.0
Y01090,SMS MEDICAL PRACTICE,U33065,HARNESS NORTH PCN,W2U3Z,E38000256,0.0,0.0,1.0,0.0,0.0,1.0,12.0,0.0,10.0,*,8114.0,599.0
Y01108,FAIRFIELD SURGERY,U29000,WARRINGTON CENTRAL EAST PCN,02E,E38000194,0.0,0.0,31.0,9.0,7.0,2.0,11.0,0.0,13.0,9.0,3388.0,564.0
Y01118,ECCLESHILL VILLAGE SURGERY,U78361,BRADFORD CITY 5 PCN,36J,E38000232,0.0,0.0,31.0,5.0,1.0,3.0,71.0,1.0,62.0,46.0,2902.0,581.0
Y01127,NEETSIDE SURGERY,U41591,COAST AND COUNTRY PCN,11N,E38000089,0.0,0.0,38.0,10.0,8.0,2.0,55.0,0.0,49.0,29.0,4666.0,1977.0
Y01132,CHARTFIELD SURGERY,U97650,PRIME WANDSWORTH PCN,36L,E38000245,0.0,0.0,21.0,4.0,5.0,0.0,57.0,0.0,49.0,42.0,10915.0,1636.0
Y01163,WEST COKER SURGERY,U,Unallocated,11X,E38000150,0.0,0.0,1.0,1.0,0.0,0.0,25.0,0.0,14.0,13.0,2762.0,1144.0
Y01206,GLEBE ROAD SURGERY,U32828,SHEEN & BARNES PCN,36L,E38000245,0.0,0.0,3.0,0.0,1.0,2.0,111.0,0.0,85.0,60.0,7459.0,2169.0
Y01221,SOMERSET FHP O,U53562,NORTH SOUTHALL PCN,W2U3Z,E38000256,0.0,0.0,14.0,0.0,0.0,1.0,8.0,1.0,6.0,*,2826.0,497.0
Y01280,SHIFA MEDICAL PRACTICE,U26744,BARKING & DAGENHAM NEW WEST PCN,A3A8R,E38000255,0.0,0.0,0.0,0.0,0.0,1.0,0.0,0.0,0.0,*,2221.0,161.0
Y01281,THE VILLAGE SURGERY,U46389,HAVANT AND WATERLOOVILLE PCN,D9Y0V,E38000253,0.0,0.0,4.0,0.0,0.0,0.0,68.0,0.0,58.0,17.0,3237.0,1465.0
Y01291,CHINGFORD MEDICAL PRACTICE,U47946,E4 NETWORK PCN,A3A8R,E38000255,0.0,0.0,11.0,1.0,1.0,5.0,87.0,0.0,68.0,49.0,8938.0,1522.0
Y01652,THE NEW SPRINGWELLS PRACTICE,U,Unallocated,71E,E38000238,0.0,1.0,44.0,2.0,5.0,6.0,80.0,0.0,72.0,51.0,4122.0,2006.0
Y01655,THE VALE PRACTICE,U12920,HARINGEY - NORTH WEST PCN,93C,E38000240,0.0,0.0,6.0,0.0,3.0,0.0,18.0,0.0,8.0,6.0,8985.0,829.0
Y01690,SCHOOL LANE PMS PRACTICE,U31420,BRECKLAND SURGERIES PCN,26A,E38000239,0.0,0.0,32.0,3.0,8.0,1.0,61.0,0.0,56.0,29.0,6779.0,763.0
Y01695,MP VICTORIA MILL,U,Unallocated,14L,E38000217,0.0,0.0,11.0,0.0,0.0,0.0,6.0,0.0,5.0,*,3839.0,260.0
Y01719,PRIME PRACTICE PARTNERSHIP,U86966,BARKING & DAGENHAM EAST PCN,A3A8R,E38000255,0.0,0.0,2.0,1.0,0.0,2.0,51.0,0.0,50.0,47.0,8472.0,564.0
Y01756,STOURSIDE MEDICAL PRACTICE,U55441,HALESOWEN PCN,D2P2L,E38000259,0.0,1.0,47.0,4.0,2.0,1.0,51.0,0.0,11.0,10.0,4801.0,1480.0
Y01794,RAVENSWOOD MEDICAL PRACTICE,U27258,EAST IPSWICH PCN,06L,E38000086,0.0,0.0,64.0,0.0,24.0,5.0,153.0,2.0,132.0,126.0,11831.0,3013.0
Y01795,THE OVAL PRACTICE,U55387,BARKING & DAGENHAM NORTH PCN,A3A8R,E38000255,0.0,0.0,8.0,0.0,2.0,1.0,15.0,0.0,15.0,15.0,8468.0,647.0
Y01812,HEARTWOOD MEDICAL PRACTICE,U90656,SWADLINCOTE PCN,15M,E38000261,0.0,0.0,50.0,14.0,16.0,5.0,131.0,1.0,109.0,104.0,9438.0,1906.0
Y01839,SINNOTT MEDICAL CENTRE,U92720,WALTHAM FOREST 8 PCN,A3A8R,E38000255,0.0,0.0,9.0,3.0,4.0,0.0,21.0,0.0,10.0,10.0,6784.0,682.0
Y01922,STENNACK SURGERY,U76032,PENWITH PCN,11N,E38000089,0.0,0.0,37.0,1.0,2.0,0.0,116.0,0.0,65.0,36.0,8353.0,3606.0
Y01929,TELDOC,U,Unallocated,M2L0M,E38000257,0.0,0.0,75.0,0.0,28.0,11.0,239.0,1.0,160.0,81.0,45496.0,6565.0
Y01948,OPEN DOOR,U16538,MERIDIAN HEALTH GROUP NEL PCN,03H,E38000119,0.0,0.0,7.0,1.0,1.0,3.0,3.0,0.0,4.0,*,2299.0,123.0
Y01964,BERRYCROFT COMMUNITY HEALTH CENTRE,U,Unallocated,14Y,E38000223,0.0,0.0,84.0,4.0,6.0,5.0,163.0,3.0,116.0,73.0,26197.0,2756.0
Y02002,ONE MEDICARE LLP-THE LIGHT,U96282,LSMP AND THE LIGHT PCN,15F,E38000225,0.0,0.0,17.0,2.0,3.0,0.0,6.0,1.0,5.0,*,21980.0,347.0
Y02045,VERNOVA HEALTHCARE CIC,U,Unallocated,27D,E38000233,0.0,0.0,0.0,0.0,0.0,0.0,0.0,0.0,0.0,*,5.0,0.0
Y02117,ST ANN'S ROAD SURGERY,U36584,HARINGEY - N15/SOUTH EAST PCN,93C,E38000240,0.0,0.0,7.0,0.0,0.0,3.0,48.0,1.0,35.0,15.0,12561.0,1260.0
Y02177,THE PRACTICE NORTHUMBERLAND AVENUE,U17794,SOUTHEND VICTORIA PCN,99G,E38000168,0.0,0.0,14.0,2.0,4.0,4.0,54.0,0.0,44.0,35.0,6156.0,712.0
Y02212,DUDLEY WOOD SURGERY,U06610,DUDLEY AND NETHERTON PCN,D2P2L,E38000259,0.0,0.0,14.0,0.0,0.0,0.0,15.0,0.0,8.0,6.0,2174.0,475.0
Y02274,RIVINGTON WAY SURGERY,U21926,HINDLEY PCN,02H,E38000205,0.0,0.0,19.0,1.0,1.0,0.0,6.0,0.0,6.0,*,3546.0,272.0
Y02319,BOLTON GENERAL PRACTICE,U,Unallocated,00T,E38000016,0.0,0.0,9.0,1.0,4.0,3.0,6.0,0.0,7.0,*,7452.0,231.0
Y02321,POPLAR STREET SURGERY,U30170,TABA WIGAN PCN,02H,E38000205,0.0,0.0,274.0,27.0,2.0,0.0,46.0,0.0,38.0,13.0,4931.0,745.0
Y02322,LEIGH FAMILY PRACTICE,U70230,LEIGH PCN,02H,E38000205,0.0,1.0,60.0,7.0,5.0,2.0,64.0,0.0,48.0,47.0,8645.0,1131.0
Y02325,CHARLESTOWN MD,U85954,H-BLACKLEY HARPURHEY & CHARLESTOWN PCN,14L,E38000217,0.0,0.0,11.0,0.0,3.0,0.0,19.0,0.0,14.0,11.0,4932.0,333.0
Y02332,KINGSWAY & BRAMINGHAM SURGERY,U27128,PHOENIX SUNRISERS PCN,M1J4Y,E38000249,0.0,0.0,33.0,5.0,8.0,2.0,91.0,0.0,27.0,26.0,15961.0,1683.0
Y02342,FEATHERSTONE ROAD HEALTH CENTRE,U79587,SOUTH SOUTHALL PCN,W2U3Z,E38000256,0.0,0.0,19.0,0.0,0.0,2.0,10.0,0.0,8.0,5.0,9244.0,524.0
Y02354,SANDY LANE SURGERY,U16318,RUGELEY & GREAT HAYWOOD PCN,04Y,E38000028,1.0,0.0,36.0,1.0,12.0,2.0,144.0,0.0,93.0,79.0,7008.0,1955.0
Y02378,BRYN STREET SURGERY,U23418,LIGA WIGAN PCN,02H,E38000205,0.0,0.0,33.0,1.0,1.0,2.0,30.0,0.0,25.0,20.0,5166.0,1197.0
Y02423,GRAFTON MEDICAL PARTNERS,U78272,GRAFTON MEDICAL PARTNERS PCN,36L,E38000245,1.0,1.0,63.0,2.0,12.0,7.0,168.0,0.0,125.0,117.0,41479.0,3573.0
Y02463,THE TOWN CENTRE PRACTICE,U59591,OASIS PCN,M1J4Y,E38000249,0.0,0.0,8.0,1.0,0.0,3.0,4.0,0.0,5.0,*,12588.0,406.0
Y02466,BUCKSHAW VILLAGE HEALTH CENTRE,U10791,CHORLEY AND SOUTH RIBBLE NETWORK PCN,00X,E38000034,0.0,0.0,20.0,1.0,2.0,6.0,99.0,1.0,90.0,78.0,11478.0,972.0
Y02469,HERON GP PRACTICE,U77315,LEICESTER CENTRAL PCN,04C,E38000097,0.0,0.0,24.0,0.0,6.0,0.0,28.0,0.0,19.0,15.0,9132.0,702.0
Y02476,BROAD STREET HEALTH CENTRE,U03989,READING HOLYBROOK PCN,15A,E38000221,0.0,0.0,9.0,0.0,3.0,3.0,15.0,0.0,13.0,6.0,14591.0,563.0
Y02494,SHAKESPEARE MEDICAL PRACTICE,U31228,"BURMANTOFTS, HAREHILLS & RICHMOND HILL PCN",15F,E38000225,0.0,0.0,2.0,0.0,1.0,0.0,3.0,0.0,3.0,*,8655.0,199.0
Y02510,MARSHALLS CROSS MEDICAL CENTRE,U67149,ST HELENS CENTRAL PCN,01X,E38000172,3.0,0.0,42.0,13.0,5.0,3.0,106.0,0.0,63.0,47.0,5861.0,985.0
Y02517,NEWQUAY HEALTH CENTRE,U49001,WATERGATE PCN,11N,E38000089,0.0,0.0,77.0,2.0,30.0,5.0,125.0,0.0,119.0,24.0,14238.0,3237.0
Y02519,GLOUCESTER HEALTH ACCESS CENTRE,U,Unallocated,11M,E38000062,0.0,0.0,17.0,2.0,3.0,2.0,11.0,1.0,10.0,8.0,9420.0,667.0
Y02520,SIMPSON MEDICAL PRACTICE,U,Unallocated,14L,E38000217,0.0,0.0,18.0,1.0,1.0,0.0,8.0,0.0,6.0,5.0,5063.0,312.0
Y02521,WILLOW BANK SURGERY,U35724,MEIR PCN,05W,E38000175,12.0,11.0,113.0,14.0,3.0,3.0,136.0,0.0,121.0,96.0,8794.0,1193.0
Y02567,HODGE HILL FAMILY PRACTICE,U72309,SHARD END AND KITTS GREEN PCN,15E,E38000258,0.0,0.0,6.0,0.0,0.0,1.0,14.0,0.0,14.0,10.0,5598.0,387.0
Y02571,POPLAR PRIMARY CARE CENTRE,U69625,"MOSELEY, BILLESLEY & YARDLEY WOOD PCN",15E,E38000258,0.0,0.0,22.0,2.0,2.0,4.0,61.0,0.0,41.0,31.0,7725.0,912.0
Y02575,OMNES HEALTHCARE LTD,U86966,BARKING & DAGENHAM EAST PCN,A3A8R,E38000255,0.0,0.0,17.0,2.0,3.0,4.0,87.0,0.0,70.0,50.0,21440.0,1061.0
Y02578,BROADMEAD MEDICAL CENTRE,U84178,BRISDOC PCN,15C,E38000222,0.0,0.0,1.0,0.0,0.0,1.0,3.0,0.0,3.0,*,12018.0,259.0
Y02586,ASHTON GP SERVICE,U38271,ASHTON PCN,01Y,E38000263,0.0,0.0,14.0,1.0,4.0,1.0,25.0,2.0,23.0,15.0,4886.0,299.0
Y02589,HAMMERSMITH & FULHAM CENTRES FOR HEALTH,U,Unallocated,W2U3Z,E38000256,0.0,0.0,16.0,2.0,2.0,2.0,18.0,0.0,20.0,10.0,9764.0,531.0
Y02594,ESSINGTON MEDICAL CENTRE,U88414,CANNOCK VILLAGES PCN,04Y,E38000028,0.0,0.0,7.0,0.0,2.0,0.0,34.0,0.0,23.0,13.0,2368.0,606.0
Y02605,ACCRINGTON VICTORIA GP PRACTICE,U96653,HYNDBURN CENTRAL PCN,01A,E38000050,0.0,1.0,31.0,8.0,3.0,0.0,19.0,0.0,11.0,10.0,3595.0,547.0
Y02606,FAIRMORE MEDICAL PRACTICE,U31504,ROSSENDALE WEST PCN,01A,E38000050,1.0,2.0,43.0,14.0,5.0,1.0,14.0,0.0,11.0,6.0,5696.0,542.0
Y02611,NORTH CHELMSFORD NHS HCC,U48176,CHELMER PCN,06Q,E38000106,0.0,0.0,22.0,1.0,3.0,5.0,93.0,0.0,89.0,87.0,17027.0,1348.0
Y02622,BLACKFRIARS,U03153,BROUGHTON HEALTH ALLIANCE PCN,01G,E38000143,0.0,0.0,2.0,0.0,1.0,0.0,3.0,0.0,2.0,*,15891.0,219.0
Y02625,CARE HOMES MEDICAL PRACTICE,U03153,BROUGHTON HEALTH ALLIANCE PCN,01G,E38000143,1.0,0.0,77.0,42.0,34.0,10.0,705.0,0.0,638.0,509.0,100.0,1056.0
Y02626,THE KEYS FAMILY PRACTICE,U01577,WALSALL WEST 2 PCN,D2P2L,E38000259,0.0,0.0,16.0,0.0,0.0,0.0,16.0,0.0,9.0,*,3976.0,610.0
Y02627,HARDEN BLAKENALL,U65132,WALSALL NORTH PCN,D2P2L,E38000259,0.0,0.0,14.0,0.0,1.0,8.0,191.0,0.0,149.0,137.0,10629.0,1398.0
Y02633,BOW MEDICAL PRACTICE,U40951,MID DEVON HEALTHCARE PCN,15N,E38000230,0.0,0.0,17.0,0.0,0.0,0.0,28.0,1.0,13.0,*,4404.0,1530.0
Y02636,PENNFIELDS MEDICAL CENTRE,U70326,WOLVERHAMPTON UNITY WEST PCN,D2P2L,E38000259,0.0,0.0,14.0,0.0,3.0,4.0,99.0,0.0,85.0,52.0,6175.0,534.0
Y02646,TURNER ROAD SURGERY,U31390,CREFFIELD MEDICAL GROUP PCN,06T,E38000117,0.0,0.0,18.0,7.0,0.0,1.0,20.0,0.0,19.0,19.0,9943.0,592.0
Y02653,HIGH OAK SURGERY,U66146,BRIERLEY HILL PCN,D2P2L,E38000259,0.0,0.0,64.0,1.0,2.0,0.0,19.0,0.0,6.0,6.0,3775.0,613.0
Y02657,BENTHAM ROAD HEALTH CENTRE,U,Unallocated,00Q,E38000014,0.0,0.0,45.0,0.0,2.0,2.0,28.0,0.0,12.0,10.0,7394.0,1053.0
Y02663,DROYLSDEN MEDICAL PRACTICE,U53900,DENTON PCN,01Y,E38000263,0.0,0.0,8.0,2.0,3.0,1.0,28.0,0.0,24.0,17.0,3867.0,524.0
Y02669,CASTLE HEALTH CENTRE,U98994,SCARBOROUGH CORE PCN,42D,E38000241,0.0,0.0,17.0,3.0,3.0,0.0,7.0,0.0,4.0,*,4562.0,615.0
Y02671,THE PRACTICE HEART OF HOUNSLOW,U24740,HOUNSLOW HEALTH PCN,W2U3Z,E38000256,0.0,0.0,22.0,0.0,2.0,4.0,32.0,0.0,32.0,21.0,17105.0,1145.0
Y02672,THE PRACTICE FELTHAM,U,Unallocated,W2U3Z,E38000256,0.0,0.0,21.0,0.0,0.0,2.0,12.0,0.0,12.0,10.0,13064.0,829.0
Y02674,CAMDEN HEALTH IMPROVEMENT PRACTICE,U83457,CENTRAL CAMDEN PCN,93C,E38000240,0.0,0.0,2.0,0.0,0.0,0.0,1.0,0.0,1.0,*,473.0,35.0
Y02676,BRIGHTON STATION HEALTH CENTRE,U22426,DEAN'S AND CENTRAL BRIGHTON PCN,09D,E38000021,0.0,0.0,5.0,1.0,0.0,0.0,5.0,0.0,3.0,*,8943.0,320.0
Y02684,QUAYSIDE MEDICAL CENTRE,U16538,MERIDIAN HEALTH GROUP NEL PCN,03H,E38000119,0.0,0.0,20.0,3.0,7.0,4.0,7.0,0.0,9.0,*,3371.0,319.0
Y02686,BOWLING GREEN STREET SURGERY,U77315,LEICESTER CENTRAL PCN,04C,E38000097,0.0,0.0,32.0,20.0,2.0,0.0,5.0,0.0,5.0,*,8858.0,241.0
Y02692,THE WEMBLEY PRACTICE,U,Unallocated,W2U3Z,E38000256,0.0,0.0,8.0,0.0,0.0,2.0,21.0,0.0,22.0,20.0,14988.0,594.0
Y02701,GREAT BRIDGE HEALTH CENTRE,U32116,SWB YOUR HEALTH PARTNERSHIP PCN,D2P2L,E38000259,0.0,0.0,17.0,0.0,2.0,1.0,21.0,3.0,17.0,14.0,7559.0,653.0
Y02707,ST LUKE'S HEALTH CENTRE,U17794,SOUTHEND VICTORIA PCN,99G,E38000168,0.0,0.0,22.0,5.0,3.0,1.0,82.0,0.0,78.0,76.0,6171.0,906.0
Y02713,GUIDE BRIDGE MEDICAL PRACTICE,U53900,DENTON PCN,01Y,E38000263,0.0,0.0,16.0,0.0,8.0,1.0,26.0,0.0,16.0,14.0,3941.0,533.0
Y02718,BIRTLE VIEW MEDICAL PRACTICE,U78443,HEYWOOD PCN,01D,E38000080,0.0,0.0,13.0,0.0,2.0,1.0,25.0,0.0,25.0,20.0,4056.0,664.0
Y02720,THE KINGSWAY PRACTICE,U32831,CANALSIDE PCN,01D,E38000080,0.0,0.0,23.0,1.0,1.0,4.0,10.0,0.0,13.0,6.0,4407.0,292.0
Y02721,KIRKHOLT MEDICAL PRACTICE,U32831,CANALSIDE PCN,01D,E38000080,0.0,0.0,19.0,1.0,7.0,0.0,29.0,0.0,24.0,21.0,4802.0,353.0
Y02736,SHOWELL PARK HEALTH CENTRE,U60098,WOLVERHAMPTON NORTH NETWORK PCN,D2P2L,E38000259,0.0,0.0,16.0,0.0,2.0,0.0,14.0,0.0,12.0,11.0,6736.0,411.0
Y02747,HAXBY GROUP HULL,U,Unallocated,03F,E38000085,0.0,0.0,55.0,1.0,4.0,2.0,64.0,6.0,36.0,33.0,17314.0,1421.0
Y02751,NORWICH PRACTICES HEALTH CENTRE,U,Unallocated,26A,E38000239,0.0,0.0,22.0,8.0,2.0,1.0,154.0,2.0,89.0,78.0,10181.0,982.0
Y02753,HILL TOP SURGERY,U67660,OLDHAM SOUTH PCN,00Y,E38000135,0.0,0.0,22.0,1.0,1.0,1.0,19.0,0.0,18.0,11.0,5749.0,566.0
Y02755,ROCK HEALTHCARE LIMITED,U,Unallocated,00V,E38000024,0.0,0.0,16.0,0.0,0.0,1.0,14.0,3.0,8.0,5.0,8916.0,560.0
Y02757,BILSTON URBAN VILLAGE MEDICAL CENTRE,U26715,WOLVERHAMPTON SOUTH EAST PCN,D2P2L,E38000259,0.0,0.0,40.0,2.0,8.0,7.0,88.0,0.0,73.0,70.0,12434.0,1063.0
Y02767,THE HEIGHT GENERAL PRACTICE,U60510,SALFORD SOUTH EAST PCN,01G,E38000143,0.0,0.0,11.0,0.0,4.0,1.0,17.0,0.0,11.0,8.0,6257.0,519.0
Y02769,ST NEOTS HEALTH CENTRE,U20640,ST NEOTS PCN,06H,E38000260,0.0,0.0,29.0,7.0,6.0,1.0,16.0,0.0,12.0,10.0,7384.0,800.0
Y02787,THE OAK TREE MEDICAL PRACTICE,U,Unallocated,03K,E38000122,0.0,0.0,9.0,1.0,0.0,4.0,9.0,0.0,6.0,*,6682.0,330.0
Y02790,BOLTON MEDICAL CENTRE,U,Unallocated,00T,E38000016,0.0,0.0,10.0,0.0,6.0,1.0,11.0,0.0,12.0,6.0,7198.0,450.0
Y02794,OAKLEAF,U76419,WASHWOOD HEATH PCN,15E,E38000258,0.0,0.0,13.0,0.0,7.0,0.0,20.0,0.0,14.0,5.0,11930.0,480.0
Y02795,MIDDLETON HEALTH CENTRE,U32831,CANALSIDE PCN,01D,E38000080,0.0,0.0,36.0,0.0,7.0,1.0,23.0,0.0,20.0,9.0,4899.0,449.0
Y02807,THURROCK HEALTH CENTRE,U,Unallocated,07G,E38000185,0.0,0.0,24.0,1.0,2.0,2.0,16.0,1.0,16.0,8.0,12479.0,532.0
Y02811,CATOR MEDICAL CENTRE,U,Unallocated,72Q,E38000244,0.0,0.0,5.0,0.0,1.0,2.0,62.0,0.0,26.0,6.0,10502.0,1154.0
Y02827,JOHN STREET MEDICAL PRACTICE,U14327,OLDHAM CENTRAL PCN,00Y,E38000135,0.0,0.0,12.0,0.0,0.0,2.0,17.0,0.0,19.0,15.0,4687.0,270.0
Y02842,HALF PENNY STEPS HEALTH CENTRE,U91471,INCLUSIVE HEALTH PCN,W2U3Z,E38000256,0.0,0.0,48.0,0.0,2.0,1.0,12.0,0.0,11.0,8.0,8444.0,618.0
Y02847,PARLIAMENT STREET MEDICAL CENTRE,U47242,NOTTINGHAM CITY EAST PCN,52R,E38000243,0.0,0.0,21.0,2.0,1.0,5.0,6.0,0.0,9.0,6.0,10571.0,348.0
Y02849,CITY HEALTH CENTRE,U,Unallocated,14L,E38000217,0.0,0.0,2.0,0.0,0.0,0.0,2.0,0.0,2.0,*,14901.0,235.0
Y02867,MIDDLEPORT MEDICAL CENTRE,U,Unallocated,05W,E38000175,0.0,0.0,16.0,1.0,4.0,5.0,91.0,0.0,65.0,61.0,4245.0,537.0
Y02875,LINDLEY HOUSE HEALTH CENTRE,U14327,OLDHAM CENTRAL PCN,00Y,E38000135,0.0,0.0,113.0,23.0,0.0,1.0,8.0,0.0,8.0,5.0,4578.0,300.0
Y02885,MARSH GREEN MEDICAL PRACTICE,U42152,WIGAN CENTRAL PCN,02H,E38000205,0.0,0.0,12.0,0.0,0.0,1.0,11.0,0.0,9.0,5.0,4073.0,274.0
Y02886,LEIGH SPORTS VILLAGE,U70230,LEIGH PCN,02H,E38000205,4.0,0.0,129.0,11.0,1.0,0.0,9.0,0.0,8.0,*,4063.0,540.0
Y02890,HAWTHORN MC,U34667,GORTON AND LEVENSHULME PCN,14L,E38000217,0.0,0.0,19.0,0.0,1.0,1.0,10.0,0.0,9.0,7.0,6161.0,305.0
Y02893,IRIDIUM MEDICAL PRACTICE,U46437,BORDESLEY EAST PCN,15E,E38000258,0.0,1.0,57.0,0.0,6.0,3.0,155.0,0.0,98.0,75.0,19913.0,2518.0
Y02900,BROOKLANDS HEALTH CENTRE,U86378,ONEMK PCN,M1J4Y,E38000249,0.0,0.0,16.0,3.0,4.0,2.0,13.0,0.0,7.0,5.0,21187.0,940.0
Y02906,CANBERRA OLD OAK SURGERY,U,Unallocated,W2U3Z,E38000256,0.0,0.0,24.0,8.0,3.0,4.0,17.0,0.0,16.0,8.0,8781.0,595.0
Y02928,THE PRACTICE ALBERT ROAD,U56681,DOCKLANDS PCN,A3A8R,E38000255,0.0,0.0,12.0,0.0,2.0,0.0,22.0,0.0,14.0,7.0,23061.0,853.0
Y02933,HOLLINWOOD MEDICAL PRACTICE,U67660,OLDHAM SOUTH PCN,00Y,E38000135,4.0,0.0,42.0,4.0,3.0,2.0,35.0,0.0,34.0,18.0,7964.0,871.0
Y02936,MILLBROOK MEDICAL PRACTICE,U01630,"STALYBRIDGE, DUKINFIELD & MOSSLEY PCN",01Y,E38000263,0.0,0.0,8.0,0.0,1.0,0.0,16.0,1.0,14.0,5.0,3150.0,347.0
Y02946,JUNCTION HEALTH CENTRE,U73458,WANDSWORTH PCN,36L,E38000245,0.0,2.0,4.0,2.0,0.0,0.0,5.0,0.0,4.0,*,8067.0,193.0
Y02960,NEW BANK HEALTH,U07506,ARDWICK AND LONGSIGHT PCN,14L,E38000217,0.0,1.0,36.0,16.0,3.0,1.0,6.0,0.0,5.0,5.0,6148.0,256.0
Y02973,KINGS PARK SURGERY,U55939,HAVERING NORTH PCN,A3A8R,E38000255,0.0,0.0,6.0,0.0,1.0,1.0,8.0,0.0,8.0,*,8406.0,621.0
Y02974,AT MEDICS,U11690,RIVERVIEW HEALTH PCN,72Q,E38000244,0.0,0.0,9.0,0.0,2.0,2.0,6.0,0.0,5.0,5.0,11894.0,506.0
Y02986,CRICKLEWOOD HEALTH CENTRE,U30079,BARNET 6 PCN,93C,E38000240,0.0,0.0,18.0,17.0,0.0,0.0,4.0,0.0,3.0,*,4965.0,229.0
Y02987,AT MEDICS - THE LOXFORD PRACTICE,U,Unallocated,A3A8R,E38000255,0.0,0.0,20.0,0.0,2.0,11.0,101.0,0.0,81.0,68.0,31400.0,1504.0
Y03023,ST ANDREWS HEALTH CENTRE,U08803,BROMLEY BY BOW AND STEPNEY HEALTH CIC PCN,A3A8R,E38000255,0.0,1.0,70.0,3.0,16.0,5.0,56.0,0.0,54.0,48.0,31333.0,1457.0
Y03035,QUEENSWOOD MEDICAL PRACTICE,U27139,HARINGEY - SOUTH WEST PCN,93C,E38000240,0.0,0.0,29.0,0.0,5.0,5.0,102.0,0.0,76.0,60.0,18240.0,3060.0
Y03049,SPRING HILL PRACTICE,U89154,SPRINGFIELD PARK PCN,A3A8R,E38000255,0.0,1.0,27.0,3.0,2.0,3.0,54.0,1.0,47.0,44.0,16704.0,1078.0
Y03052,DR SALAKO AND PARTNERS,U,Unallocated,99E,E38000007,0.0,0.0,117.0,52.0,18.0,7.0,89.0,0.0,85.0,83.0,12638.0,2191.0
Y03063,HETHERINGTON AT THE PAVILION,U36779,BRIXTON AND CLAPHAM PARK PCN,72Q,E38000244,0.0,0.0,8.0,0.0,2.0,0.0,23.0,0.0,10.0,8.0,7230.0,605.0
Y03079,BOLTON COMMUNITY PRACTICE,U,Unallocated,00T,E38000016,0.0,0.0,48.0,1.0,15.0,4.0,125.0,1.0,110.0,28.0,13555.0,2592.0
Y03103,MEDICUS SELECT CARE,U58312,ENFIELD UNITY PCN,93C,E38000240,0.0,0.0,2.0,0.0,0.0,1.0,0.0,0.0,0.0,*,273.0,14.0
Y03124,GRANGE FARM MEDICAL CENTRE,U78528,ASPIRE PCN,52R,E38000243,0.0,0.0,20.0,2.0,1.0,1.0,63.0,0.0,42.0,32.0,4616.0,855.0
Y03135,BRIDGE HOUSE MEDICAL PRACTICE,U36584,HARINGEY - N15/SOUTH EAST PCN,93C,E38000240,0.0,0.0,22.0,1.0,7.0,2.0,34.0,0.0,28.0,26.0,8225.0,868.0
Y03222,ST JOHN'S SURGERY,U13032,FENS & BRECKS PCN,26A,E38000239,1.0,0.0,48.0,2.0,0.0,2.0,53.0,0.0,46.0,45.0,5069.0,1762.0
Y03366,OLIVE FAMILY PRACTICE,U,Unallocated,00T,E38000016,0.0,0.0,19.0,0.0,0.0,2.0,37.0,0.0,31.0,20.0,5221.0,425.0
Y03402,EVERGREEN PRIMARY CARE CENTRE,U80019,ENFIELD CARE NETWORK PCN,93C,E38000240,0.0,0.0,22.0,0.0,2.0,2.0,50.0,0.0,38.0,9.0,16810.0,1676.0
Y03441,"HEALTH AND WELLBEING CENTRE, EARLS COURT",U62614,K AND C SOUTH PCN,W2U3Z,E38000256,0.0,0.0,28.0,1.0,2.0,0.0,12.0,0.0,10.0,6.0,9140.0,445.0
Y03595,BEECHCROFT AND OLD PALACE,U00000,WEST NORWICH PCN,26A,E38000239,0.0,0.0,40.0,3.0,9.0,2.0,56.0,1.0,49.0,45.0,5354.0,1501.0
Y03597,HAMD MEDICAL PRACTICE,U76419,WASHWOOD HEATH PCN,15E,E38000258,0.0,0.0,6.0,1.0,1.0,0.0,14.0,0.0,10.0,6.0,7550.0,410.0
Y03602,GREY GABLE SURGERY,U21359,SOUTH WORCS VALE OF EVESHAM HEALTH PCN,18C,E38000236,0.0,0.0,25.0,3.0,0.0,2.0,52.0,0.0,42.0,31.0,4464.0,1730.0
Y03663,HENDON WAY SURGERY,U84655,BARNET 1D PCN,93C,E38000240,0.0,0.0,1.0,1.0,0.0,2.0,20.0,0.0,2.0,*,8563.0,825.0
Y03664,DR AZIM & PARTNERS,U39686,BARNET 5 PCN,93C,E38000240,0.0,0.0,4.0,0.0,0.0,1.0,40.0,0.0,29.0,21.0,7266.0,916.0
Y03755,GREENWICH PENINSULA,U46593,GREENWICH WEST PCN,72Q,E38000244,0.0,0.0,3.0,0.0,1.0,16.0,347.0,1.0,269.0,263.0,12757.0,1233.0
Y04225,EALING COMMUNITY PRT - CARE HOME SERVICE,U95154,THE EALING NETWORK PCN,W2U3Z,E38000256,0.0,0.0,57.0,0.0,2.0,22.0,529.0,0.0,244.0,244.0,189.0,984.0
Y04266,CROSLAND MOOR SURGERY,U69575,VIADUCT CARE PCN,X2C4Y,E38000254,1.0,0.0,79.0,45.0,2.0,2.0,34.0,0.0,12.0,10.0,3171.0,748.0
Y04273,LIBERTY BRIDGE ROAD PRACTICE,U,Unallocated,A3A8R,E38000255,0.0,0.0,2.0,0.0,0.0,0.0,14.0,0.0,12.0,9.0,19876.0,558.0
Y04662,CRANBROOK MEDICAL PRACTICE,U32372,OUTER EXETER PCN,15N,E38000230,0.0,0.0,5.0,1.0,1.0,0.0,4.0,0.0,1.0,*,6033.0,304.0
Y04664,THE WILLASTON SURGERY,U14878,NESTON & WILLASTON PCN,27D,E38000233,0.0,0.0,18.0,0.0,3.0,0.0,16.0,0.0,10.0,5.0,3057.0,1284.0
Y04809,LAKESIDE SURGERY,U16464,BARNSLEY PCN,02P,E38000006,0.0,0.0,7.0,0.0,2.0,1.0,7.0,3.0,4.0,*,2346.0,304.0
Y04882,CHAUCER SURGERY,U11614,WARWICKSHIRE RURAL PCN,B2M3M,E38000251,0.0,0.0,7.0,0.0,2.0,1.0,40.0,1.0,29.0,14.0,2832.0,612.0
Y04884,SATIS HOUSE,U11614,WARWICKSHIRE RURAL PCN,B2M3M,E38000251,0.0,0.0,1.0,0.0,1.0,0.0,30.0,0.0,13.0,8.0,2488.0,775.0
Y04925,CHAPELFORD PRIMARY CARE CENTRE,U,Unallocated,02E,E38000194,0.0,0.0,26.0,2.0,4.0,6.0,49.0,1.0,35.0,30.0,7516.0,728.0
Y04957,ST AUSTELL HEALTH GROUP,U69901,ST AUSTELL HEALTHCARE PCN,11N,E38000089,0.0,0.0,207.0,62.0,11.0,13.0,370.0,0.0,287.0,165.0,25061.0,7854.0
Y04965,ALLIANCE TEACHING PRACTICES,U30256,SKYWARD PCN,B2M3M,E38000251,1.0,0.0,32.0,1.0,12.0,4.0,34.0,2.0,25.0,18.0,20339.0,1324.0
Y04969,CAMP HILL GP LED HEALTH CENTRE,U11614,WARWICKSHIRE RURAL PCN,B2M3M,E38000251,0.0,0.0,10.0,0.0,0.0,2.0,48.0,0.0,37.0,14.0,4433.0,396.0
Y04977,CRESWELL AND LANGWITH MEDICAL CENTRE,U05048,NORTH HARDWICK AND BOLSOVER PCN,15M,E38000261,0.0,0.0,26.0,1.0,3.0,4.0,67.0,0.0,60.0,55.0,4472.0,1081.0
Y04995,ROYAL PRIMARY CARE CHESTERFIELD,U53637,NORTH DERBYSHIRE PCN,15M,E38000261,0.0,0.0,76.0,3.0,25.0,5.0,103.0,0.0,83.0,61.0,15177.0,3670.0
Y05023,SILVER END SURGERY,U,Unallocated,06Q,E38000106,0.0,0.0,25.0,6.0,1.0,2.0,67.0,0.0,62.0,49.0,4096.0,935.0
Y05080,FIRST CHOICE MEDICAL CARE,U10339,HARROW COLLABORATIVE PCN,W2U3Z,E38000256,0.0,0.0,4.0,2.0,2.0,0.0,2.0,0.0,2.0,*,2753.0,301.0
Y05212,WEST CHELTENHAM MEDICAL,U63565,TWNS PCN,11M,E38000062,0.0,0.0,10.0,6.0,1.0,4.0,16.0,0.0,17.0,13.0,5529.0,535.0
Y05248,BRIERLEY MEDICAL CENTRE,U16464,BARNSLEY PCN,02P,E38000006,0.0,0.0,10.0,0.0,2.0,1.0,50.0,0.0,42.0,40.0,2785.0,580.0
Y05286,LISTER HOUSE CHELLASTON,U06438,PCCO PCN,15M,E38000261,0.0,0.0,42.0,12.0,11.0,6.0,147.0,0.0,128.0,103.0,15334.0,1922.0
Y05291,TOFTWOOD MEDICAL CENTRE,U,Unallocated,26A,E38000239,0.0,0.0,0.0,0.0,0.0,0.0,0.0,0.0,0.0,*,32.0,13.0
Y05317,COUNTRY PARK PRACTICE,U74798,CROYDON GP SUPER NETWORK PCN,36L,E38000245,0.0,0.0,2.0,0.0,2.0,3.0,42.0,1.0,34.0,12.0,6252.0,1011.0
Y05318,DENMARK ROAD SURGERY,U74798,CROYDON GP SUPER NETWORK PCN,36L,E38000245,0.0,0.0,10.0,0.0,6.0,0.0,40.0,2.0,27.0,18.0,4745.0,851.0
Y05330,"WELBOURNE MED PRAC, WELBOURNE H C",U83168,HARINGEY - WELBOURNE PCN,93C,E38000240,0.0,0.0,1.0,0.0,0.0,0.0,7.0,0.0,7.0,6.0,4399.0,159.0
Y05346,WESTWOOD PRIMARY CARE CENTRE,U05001,LARWOOD & BAWTRY PCN,02Q,E38000008,0.0,0.0,15.0,1.0,0.0,3.0,19.0,0.0,19.0,19.0,3199.0,402.0
Y05349,CLOVER CITY PRACTICE,U31169,SEVEN HILLS PCN,03N,E38000146,0.0,0.0,2.0,1.0,0.0,0.0,3.0,0.0,3.0,*,5693.0,150.0
Y05363,BHF HIGHGATE SURGERY,U16464,BARNSLEY PCN,02P,E38000006,0.0,0.0,13.0,0.0,3.0,3.0,46.0,1.0,35.0,32.0,2738.0,498.0
Y05364,BHF LUNDWOOD SURGERY,U16464,BARNSLEY PCN,02P,E38000006,0.0,0.0,17.0,2.0,5.0,3.0,23.0,0.0,17.0,13.0,3308.0,403.0
Y05369,BALDERTON SURGERY,U65095,NEWARK PCN,52R,E38000243,0.0,0.0,25.0,3.0,9.0,2.0,49.0,0.0,31.0,24.0,5699.0,1178.0
Y05412,SOUTH WIGSTON ASYLUM SERVICE,U,Unallocated,03W,E38000051,0.0,0.0,0.0,0.0,0.0,0.0,0.0,0.0,0.0,*,3.0,0.0
Y05622,SOUTHGLADE MEDICAL PRACTICE,U63129,BULWELL AND TOP VALLEY PCN,52R,E38000243,0.0,0.0,14.0,5.0,1.0,2.0,28.0,0.0,24.0,22.0,5166.0,408.0
Y05690,KIRKBY COMMUNITY PRIMARY CARE CENTRE (3),U53963,ASHFIELD SOUTH PCN,52R,E38000243,0.0,0.0,30.0,0.0,3.0,1.0,94.0,1.0,84.0,52.0,6319.0,896.0
Y05733,PARKFIELDS SURGERY,U47223,DERBY CITY SOUTH PCN,15M,E38000261,0.0,0.0,21.0,3.0,12.0,5.0,32.0,0.0,31.0,28.0,5137.0,974.0
Y05750,DAVID LEWIS MEDICAL PRACTICE,U31094,"CHAW (CHELFORD, HANDFORTH, ALDERLEY EDGE, WILMSLOW) PCN",27D,E38000233,0.0,0.0,0.0,0.0,0.0,0.0,1.0,0.0,1.0,*,123.0,2.0
Y05826,THE HILL GP PRACTICE,U54948,"BALSALL HEATH, SPARKHILL & MOSELEY PCN",15E,E38000258,0.0,0.0,2.0,0.0,0.0,0.0,10.0,0.0,9.0,6.0,6302.0,247.0
Y06007,WELLSBOURNE HEALTHCARE CIC,U29677,EAST & CENTRAL BRIGHTON PCN,09D,E38000021,0.0,0.0,32.0,1.0,13.0,5.0,39.0,0.0,38.0,29.0,7490.0,1083.0
Y06113,QHS GP CARE HOME SERVICE,U06180,NORTH SOUTHWARK PCN,72Q,E38000244,0.0,0.0,11.0,0.0,2.0,8.0,297.0,0.0,252.0,227.0,29.0,426.0
Y06218,BROWNSOVER MEDICAL CENTRE,U62213,RUGBY PCN,B2M3M,E38000251,1.0,0.0,38.0,0.0,0.0,1.0,31.0,1.0,26.0,15.0,8805.0,968.0
Y06275,NELSON MEDICAL CENTRE,U72706,GREAT YARMOUTH & NORTHERN VILLAGES PCN,26A,E38000239,0.0,0.0,25.0,1.0,3.0,1.0,43.0,0.0,44.0,42.0,5449.0,858.0
Y06345,BROMLEAG CARE PRACTICE,U87524,ORPINGTON PCN,72Q,E38000244,0.0,0.0,20.0,1.0,8.0,10.0,820.0,1.0,648.0,639.0,79.0,1381.0
Y06356,BILBOROUGH MEDICAL CENTRE,U78528,ASPIRE PCN,52R,E38000243,0.0,0.0,35.0,1.0,2.0,2.0,103.0,0.0,73.0,64.0,7920.0,1371.0
Y06378,HEATH STREET HEALTH CENTRE,U54554,PIONEERS INTEGRATED PARTNERSHIP PCN,15E,E38000258,0.0,0.0,4.0,0.0,0.0,1.0,75.0,0.0,63.0,63.0,6030.0,331.0
Y06443,WHYBURN MEDICAL PRACTICE,U06437,BYRON PCN,52R,E38000243,0.0,0.0,52.0,6.0,0.0,5.0,123.0,1.0,94.0,75.0,10346.0,2438.0
Y06545,SEL SPECIAL ALLOCATION PRACTICE,U58020,SEVENFIELDS PCN,72Q,E38000244,0.0,0.0,0.0,0.0,0.0,0.0,1.0,0.0,0.0,*,197.0,11.0
Y06592,SPECIAL ALLOCATION SCHEME (NEL),U,Unallocated,A3A8R,E38000255,0.0,0.0,0.0,0.0,0.0,0.0,0.0,0.0,0.0,*,205.0,11.0
Y06659,NOOK SURGERY,U,Unallocated,X2C4Y,E38000254,0.0,0.0,19.0,2.0,2.0,3.0,34.0,0.0,30.0,23.0,2706.0,598.0
Y06792,BROAD OAK MEDICAL PRACTICE,U78528,ASPIRE PCN,52R,E38000243,0.0,0.0,16.0,0.0,1.0,3.0,28.0,0.0,27.0,8.0,7135.0,663.0
Y06810,WHITEHOUSE HEALTH CENTRE,U86378,ONEMK PCN,M1J4Y,E38000249,0.0,0.0,24.0,2.0,2.0,6.0,24.0,0.0,20.0,14.0,14893.0,1183.0
Y07014,SHAKESPEARE ROAD MEDICAL PRACTICE,U15814,SHAKESPEARE ROAD MEDICAL PRACTICE PCN,D9Y0V,E38000253,0.0,0.0,34.0,2.0,3.0,3.0,98.0,0.0,70.0,56.0,12379.0,1841.0
Y07020,ONE CARE LAMBETH,U39721,"HILLS, BROOKS & DALES GROUP PCN",72Q,E38000244,0.0,0.0,3.0,0.0,2.0,2.0,44.0,0.0,19.0,14.0,111.0,136.0
Y07025,PARK MEDICAL CENTRE,U81217,BRETTON PARK & HAMPTON PCN,06H,E38000260,0.0,0.0,33.0,7.0,4.0,6.0,70.0,1.0,69.0,59.0,6822.0,1218.0
Y07057,BRETTON MEDICAL PRACTICE,U81217,BRETTON PARK & HAMPTON PCN,06H,E38000260,0.0,0.0,48.0,7.0,14.0,1.0,70.0,0.0,64.0,57.0,10117.0,1949.0
Y07059,NENE VALLEY AND HODGSON MEDICAL PRACTICE,U85953,PETERBOROUGH & EAST PCN,06H,E38000260,0.0,0.0,91.0,14.0,9.0,11.0,123.0,0.0,83.0,67.0,16005.0,3230.0
Y07060,THOMAS WALKER WESTGATE HEALTHCARE,U85953,PETERBOROUGH & EAST PCN,06H,E38000260,0.0,0.0,66.0,9.0,9.0,6.0,135.0,2.0,110.0,97.0,20633.0,3371.0
Y07275,BROUGHTON HOUSE GP SURGERY,U63540,BATLEY BIRSTALL PCN,X2C4Y,E38000254,0.0,0.0,28.0,2.0,5.0,2.0,5.0,0.0,6.0,*,2343.0,510.0
Y07697,WIGAN BOROUGH SPECIALIST SERVICES,U,Unallocated,02H,E38000205,0.0,0.0,1.0,0.0,0.0,2.0,48.0,1.0,16.0,13.0,73.0,64.0
Y08411,ONE CARE LEWISHAM,U53896,NORTH LEWISHAM PCN,72Q,E38000244,0.0,0.0,4.0,0.0,1.0,8.0,138.0,0.0,11.0,10.0,37.0,276.0
