"ACH_DATE","ORG_TYPE","ORG_CODE","ONS_CODE","AREA_NAME","DEMENTIA_REGISTER_65_PLUS","DEMENTIA_ESTIMATE_65_PLUS","DIAG_RATE_65_PLUS","DIAG_RATE_65_PLUS_LL","DIAG_RATE_65_PLUS_UL","PAT_LIST_65_PLUS","Prevalence_65_PLUS_percent","Prevalence_65_PLUS_percent_LCI","Prevalence_65_PLUS_percent_UCI","ASS_Received_GP_Mem_Clinic","ASS_Received_GP","MemoryClinicPercent","MemoryClinicPercent_LCI","MemoryClinicPercent_UCI","DEM_REGISTER_WITH_ANTIPSYMEDS_ALL_AGES","DEMENTIA_REGISTER_ALL_AGES","AP_Percent","AP_Percent_LCI","AP_Percent_UCI","DIAG_Received_Care_Plan","CarePlansPercent","CarePlansPercent_LCI","CarePlansPercent_UCI"
2023-04-30,"ICB","QKK","E54000030","NHS SOUTH EAST LONDON INTEGRATED CARE BOARD",10250,14894.6,68.8,61.8,74.7,239252,4.3,4.2,4.4,53,565,9.4,7.2,12.1,885,10635,8.3,7.8,8.9,7848,73.8,72.9,74.6
2023-04-30,"ICB","QKS","E54000032","NHS KENT AND MEDWAY INTEGRATED CARE BOARD",14474,24739.1,58.5,52.6,63.5,384662,3.8,3.7,3.8,28,476,5.9,4.1,8.4,1268,14966,8.5,8,8.9,10652,71.2,70.4,71.9
2023-04-30,"ICB","QM7","E54000025","NHS HERTFORDSHIRE AND WEST ESSEX INTEGRATED CARE BOARD",11535,18350.5,62.9,56.6,68.2,272661,4.2,4.2,4.3,33,467,7.1,5.1,9.8,1104,11864,9.3,8.8,9.8,8339,70.3,69.5,71.1
2023-04-30,"ICB","QMF","E54000029","NHS NORTH EAST LONDON INTEGRATED CARE BOARD",7786,13081.7,59.5,53.3,64.7,219403,3.5,3.5,3.6,39,594,6.6,4.8,8.8,736,8149,9,8.4,9.7,6246,76.6,75.7,77.6
2023-04-30,"ICB","QMJ","E54000028","NHS NORTH CENTRAL LONDON INTEGRATED CARE BOARD",7437,11221.3,66.3,59.5,72,180736,4.1,4,4.2,18,191,9.4,6,14.4,558,7669,7.3,6.7,7.9,5689,74.2,73.2,75.1
2023-04-30,"ICB","QMM","E54000022","NHS NORFOLK AND WAVENEY INTEGRATED CARE BOARD",10332,17513.7,59,53.1,64,264649,3.9,3.8,4,29,424,6.8,4.8,9.7,1265,10665,11.9,11.3,12.5,6869,64.4,63.5,65.3
2023-04-30,"ICB","QNC","E54000010","NHS STAFFORDSHIRE AND STOKE-ON-TRENT INTEGRATED CARE BOARD",10902,15526.9,70.2,63.1,76.3,244412,4.5,4.4,4.5,65,635,10.2,8.1,12.8,986,11211,8.8,8.3,9.3,8174,72.9,72.1,73.7
2023-04-30,"ICB","QNQ","E54000034","NHS FRIMLEY INTEGRATED CARE BOARD",5670,8589,66,59.3,71.8,131554,4.3,4.2,4.4,21,202,10.4,6.9,15.4,472,5807,8.1,7.5,8.9,4203,72.4,71.2,73.5
2023-04-30,"ICB","QNX","E54000053","NHS SUSSEX INTEGRATED CARE BOARD",17049,27194.9,62.7,56.5,68.1,400163,4.3,4.2,4.3,75,719,10.4,8.4,12.9,1439,17500,8.2,7.8,8.6,12327,70.4,69.8,71.1
2023-04-30,"ICB","QOC","E54000011","NHS SHROPSHIRE, TELFORD AND WREKIN INTEGRATED CARE BOARD",4411,7572.8,58.2,52.2,63.4,118425,3.7,3.6,3.8,11,103,10.7,6.1,18.1,385,4541,8.5,7.7,9.3,3209,70.7,69.3,72
2023-04-30,"ICB","QOP","E54000057","NHS GREATER MANCHESTER INTEGRATED CARE BOARD",20679,29519.1,70.1,63,76,483823,4.3,4.2,4.3,75,1162,6.5,5.2,8,1620,21480,7.5,7.2,7.9,16083,74.9,74.3,75.4
2023-04-30,"ICB","QOQ","E54000051","NHS HUMBER AND NORTH YORKSHIRE INTEGRATED CARE BOARD",14686,25078.7,58.6,52.7,63.6,395072,3.7,3.7,3.8,159,1323,12,10.4,13.9,1099,15251,7.2,6.8,7.6,10888,71.4,70.7,72.1
2023-04-30,"ICB","QOX","E54000040","NHS BATH AND NORTH EAST SOMERSET, SWINDON AND WILTSHIRE INTEGRATED CARE BOARD",7544,13077.9,57.7,51.9,62.7,200341,3.8,3.7,3.8,14,447,3.1,1.9,5.2,523,7736,6.8,6.2,7.3,5537,71.6,70.6,72.6
2023-04-30,"ICB","QPM","E54000059","NHS NORTHAMPTONSHIRE INTEGRATED CARE BOARD",5393,8654.3,62.3,55.9,67.8,140783,3.8,3.7,3.9,17,300,5.7,3.6,8.9,599,5588,10.7,9.9,11.6,3893,69.7,68.4,70.9
2023-04-30,"ICB","QR1","E54000043","NHS GLOUCESTERSHIRE INTEGRATED CARE BOARD",6094,9606.3,63.4,57,69,147108,4.1,4,4.2,25,388,6.4,4.4,9.3,583,6282,9.3,8.6,10,4525,72,70.9,73.1
2023-04-30,"ICB","QRL","E54000042","NHS HAMPSHIRE AND ISLE OF WIGHT INTEGRATED CARE BOARD",16310,26533.7,61.5,55.4,66.7,400179,4.1,4,4.1,32,724,4.4,3.1,6.2,1851,16766,11,10.6,11.5,10575,63.1,62.3,63.8
2023-04-30,"ICB","QSL","E54000038","NHS SOMERSET INTEGRATED CARE BOARD",5198,9672.6,53.7,48.3,58.5,147471,3.5,3.4,3.6,6,78,7.7,3.6,15.8,455,5340,8.5,7.8,9.3,3543,66.3,65.1,67.6
2023-04-30,"ICB","QUA","E54000062","NHS BLACK COUNTRY INTEGRATED CARE BOARD",8808,13972.3,63,56.7,68.4,214814,4.1,4,4.2,36,695,5.2,3.8,7.1,1010,9176,11,10.4,11.7,5004,54.5,53.5,55.6
2023-04-30,"ICB","QVV","E54000041","NHS DORSET INTEGRATED CARE BOARD",7797,14099.5,55.3,49.8,60.1,205079,3.8,3.7,3.9,23,619,3.7,2.5,5.5,716,8040,8.9,8.3,9.5,5386,67,66,68
2023-04-30,"ICB","QRV","E54000027","NHS NORTH WEST LONDON INTEGRATED CARE BOARD",11865,18690.6,63.5,56.9,69,307957,3.9,3.8,3.9,52,791,6.6,5,8.5,1006,12453,8.1,7.6,8.6,9494,76.2,75.5,77
2023-04-30,"ICB","QT1","E54000060","NHS NOTTINGHAM AND NOTTINGHAMSHIRE INTEGRATED CARE BOARD",9861,14160.7,69.6,62.6,75.6,222940,4.4,4.3,4.5,26,413,6.3,4.3,9.1,1024,10470,9.8,9.2,10.4,7235,69.1,68.2,70
2023-04-30,"ICB","QT6","E54000036","NHS CORNWALL AND THE ISLES OF SCILLY INTEGRATED CARE BOARD",5369,9432.6,56.9,51.1,61.9,149056,3.6,3.5,3.7,19,210,9,5.9,13.7,452,5485,8.2,7.5,9,3564,65,63.7,66.2
2023-04-30,"ICB","QU9","E54000044","NHS BUCKINGHAMSHIRE, OXFORDSHIRE AND BERKSHIRE WEST INTEGRATED CARE BOARD",13460,22362,60.2,54.2,65.3,339248,4,3.9,4,43,367,11.7,8.8,15.4,1144,13808,8.3,7.8,8.8,9499,68.8,68,69.6
2023-04-30,"ICB","QUE","E54000056","NHS CAMBRIDGESHIRE AND PETERBOROUGH INTEGRATED CARE BOARD",6047,10809.4,55.9,50.2,60.8,167954,3.6,3.5,3.7,14,278,5,3,8.3,601,6307,9.5,8.8,10.3,4375,69.4,68.2,70.5
2023-04-30,"ICB","QUY","E54000039","NHS BRISTOL, NORTH SOMERSET AND SOUTH GLOUCESTERSHIRE INTEGRATED CARE BOARD",7691,11566.8,66.5,59.8,72.2,175210,4.4,4.3,4.5,3,106,2.8,1,8,635,7941,8,7.4,8.6,5690,71.7,70.7,72.6
2023-04-30,"ICB","QWE","E54000031","NHS SOUTH WEST LONDON INTEGRATED CARE BOARD",9829,13954.5,70.4,63.3,76.5,221112,4.4,4.4,4.5,30,310,9.7,6.9,13.5,936,10183,9.2,8.6,9.8,7664,75.3,74.4,76.1
2023-04-30,"ICB","QWO","E54000054","NHS WEST YORKSHIRE INTEGRATED CARE BOARD",18140,26714,67.9,61.1,73.7,428242,4.2,4.2,4.3,151,1325,11.4,9.8,13.2,1783,18869,9.4,9,9.9,13681,72.5,71.9,73.1
2023-04-30,"ICB","QWU","E54000018","NHS COVENTRY AND WARWICKSHIRE INTEGRATED CARE BOARD",6828,12056.5,56.6,50.9,61.5,185379,3.7,3.6,3.8,26,385,6.8,4.6,9.7,753,7071,10.6,10,11.4,5203,73.6,72.5,74.6
2023-04-30,"ICB","QXU","E54000052","NHS SURREY HEARTLANDS INTEGRATED CARE BOARD",9538,14611.5,65.3,58.8,70.9,210037,4.5,4.5,4.6,22,174,12.6,8.5,18.4,894,9729,9.2,8.6,9.8,7111,73.1,72.2,74
2023-04-30,"ICB","QYG","E54000008","NHS CHESHIRE AND MERSEYSIDE INTEGRATED CARE BOARD",21803,33435.9,65.2,58.7,70.8,533004,4.1,4,4.1,105,939,11.2,9.3,13.4,2410,22550,10.7,10.3,11.1,16262,72.1,71.5,72.7
2023-04-30,"NHS_REGION","Y56","E40000003","LONDON",47167,71842.7,65.7,59,71.2,1168460,4,4,4.1,192,2451,7.8,6.8,9,4121,49089,8.4,8.2,8.6,36941,75.3,74.9,75.6
2023-04-30,"NHS_REGION","Y58","E40000006","SOUTH WEST",50925,87796.6,58,52.3,62.9,1332898,3.8,3.8,3.9,134,2353,5.7,4.8,6.7,4385,52330,8.4,8.1,8.6,35800,68.4,68,68.8
2023-04-30,"NHS_REGION","Y59","E40000005","SOUTH EAST",76501,124030.3,61.7,55.6,66.8,1865843,4.1,4.1,4.1,221,2662,8.3,7.3,9.4,7068,78576,9,8.8,9.2,54367,69.2,68.9,69.5
2023-04-30,"NHS_REGION","Y60","E40000011","MIDLANDS",86657,138114.4,62.7,56.5,68.1,2163989,4,4,4,342,4662,7.3,6.6,8.1,9051,90616,10,9.8,10.2,62484,69,68.7,69.3
2023-04-30,"NHS_REGION","Y61","E40000007","EAST OF ENGLAND",53633,88069.9,60.9,54.8,66,1346190,4,4,4,243,2428,10,8.9,11.3,5724,55507,10.3,10.1,10.6,38548,69.4,69.1,69.8
2023-04-30,"NHS_REGION","Y62","E40000010","NORTH WEST",58145,85868.6,67.7,60.9,73.5,1382673,4.2,4.2,4.2,231,2849,8.1,7.2,9.2,5236,60242,8.7,8.5,8.9,43906,72.9,72.5,73.2
2023-04-30,"SUB_ICB_LOC","01W","E38000174","NHS GREATER MANCHESTER ICB - 01W",2815,4113.2,68.4,61.3,74.7,62250,4.5,4.4,4.7,5,78,6.4,2.8,14.1,209,2905,7.2,6.3,8.2,2244,77.2,75.7,78.7
2023-04-30,"SUB_ICB_LOC","01X","E38000172","NHS CHESHIRE AND MERSEYSIDE ICB - 01X",1770,2528.6,70,62.3,76.7,40916,4.3,4.1,4.5,14,98,14.3,8.7,22.6,138,1846,7.5,6.4,8.8,1292,70,67.9,72
2023-04-30,"NHS_REGION","Y63","E40000012","NORTH EAST AND YORKSHIRE",71210,107375.2,66.3,59.7,71.9,1721450,4.1,4.1,4.2,530,4665,11.4,10.5,12.3,5934,74158,8,7.8,8.2,53220,71.8,71.4,72.1
2023-04-30,"SUB_ICB_LOC","00L","E38000130","NHS NORTH EAST AND NORTH CUMBRIA ICB - 00L",3335,5310.7,62.8,56.2,68.5,86541,3.9,3.7,4,8,224,3.6,1.8,6.9,214,3444,6.2,5.5,7.1,2409,69.9,68.4,71.5
2023-04-30,"SUB_ICB_LOC","00N","E38000163","NHS NORTH EAST AND NORTH CUMBRIA ICB - 00N",1383,2005.4,69,61.2,75.8,32452,4.3,4,4.5,14,81,17.3,10.6,26.9,119,1428,8.3,7,9.9,1027,71.9,69.5,74.2
2023-04-30,"SUB_ICB_LOC","00P","E38000176","NHS NORTH EAST AND NORTH CUMBRIA ICB - 00P",2223,3527,63,56.2,68.9,57693,3.9,3.7,4,18,116,15.5,10,23.2,219,2306,9.5,8.4,10.8,1669,72.4,70.5,74.2
2023-04-30,"SUB_ICB_LOC","00Q","E38000014","NHS LANCASHIRE AND SOUTH CUMBRIA ICB - 00Q",1081,1580,68.4,60.3,75.5,26621,4.1,3.8,4.3,4,70,5.7,2.2,13.8,98,1127,8.7,7.2,10.5,801,71.1,68.4,73.6
2023-04-30,"SUB_ICB_LOC","00R","E38000015","NHS LANCASHIRE AND SOUTH CUMBRIA ICB - 00R",1451,2147.1,67.6,59.9,74.2,34251,4.2,4,4.5,3,62,4.8,1.7,13.3,121,1519,8,6.7,9.4,1006,66.2,63.8,68.6
2023-04-30,"SUB_ICB_LOC","00T","E38000016","NHS GREATER MANCHESTER ICB - 00T",2244,3216.5,69.8,62.2,76.4,53277,4.2,4,4.4,9,224,4,2.1,7.5,185,2334,7.9,6.9,9.1,1854,79.4,77.7,81
2023-04-30,"SUB_ICB_LOC","00V","E38000024","NHS GREATER MANCHESTER ICB - 00V",1802,2341.6,77,68.6,84.3,37492,4.8,4.6,5,0,20,0,0,16.1,198,1853,10.7,9.4,12.2,1364,73.6,71.6,75.6
2023-04-30,"SUB_ICB_LOC","00X","E38000034","NHS LANCASHIRE AND SOUTH CUMBRIA ICB - 00X",1596,2391.1,66.7,59.3,73.2,39319,4.1,3.9,4.3,3,80,3.8,1.3,10.5,99,1651,6,5,7.2,1283,77.7,75.6,79.7
2023-04-30,"SUB_ICB_LOC","00Y","E38000135","NHS GREATER MANCHESTER ICB - 00Y",1752,2471,70.9,63,77.8,40848,4.3,4.1,4.5,13,162,8,4.7,13.2,143,1828,7.8,6.7,9.1,1380,75.5,73.5,77.4
2023-04-30,"SUB_ICB_LOC","01A","E38000050","NHS LANCASHIRE AND SOUTH CUMBRIA ICB - 01A",2960,4326.8,68.4,61.1,74.8,71745,4.1,4,4.3,17,295,5.8,3.6,9,234,3069,7.6,6.7,8.6,2279,74.3,72.7,75.8
2023-04-30,"SUB_ICB_LOC","01D","E38000080","NHS GREATER MANCHESTER ICB - 01D",1651,2307.1,71.6,63.5,78.4,39340,4.2,4,4.4,6,88,6.8,3.2,14.1,133,1748,7.6,6.5,8.9,1308,74.8,72.7,76.8
2023-04-30,"SUB_ICB_LOC","01E","E38000227","NHS LANCASHIRE AND SOUTH CUMBRIA ICB - 01E",1671,2292.1,72.9,64.8,79.9,36428,4.6,4.4,4.8,4,61,6.6,2.6,15.7,155,1729,9,7.7,10.4,1366,79,77,80.9
2023-04-30,"SUB_ICB_LOC","01F","E38000068","NHS CHESHIRE AND MERSEYSIDE ICB - 01F",936,1399,66.9,58.7,74,24874,3.8,3.5,4,9,51,17.6,9.6,30.3,85,983,8.6,7,10.6,687,69.9,66.9,72.7
2023-04-30,"SUB_ICB_LOC","01G","E38000143","NHS GREATER MANCHESTER ICB - 01G",1729,2331.9,74.1,65.9,81.3,38634,4.5,4.3,4.7,13,70,18.6,11.2,29.2,136,1794,7.6,6.4,8.9,1296,72.2,70.1,74.3
2023-04-30,"SUB_ICB_LOC","01H","E38000215","NHS NORTH EAST AND NORTH CUMBRIA ICB - 01H",2794,4948.8,56.5,50.5,61.6,78937,3.5,3.4,3.7,21,97,21.6,14.6,30.8,271,2898,9.4,8.3,10.5,2096,72.3,70.7,73.9
2023-04-30,"SUB_ICB_LOC","01J","E38000091","NHS CHESHIRE AND MERSEYSIDE ICB - 01J",968,1641.4,59,51.8,65.2,28471,3.4,3.2,3.6,11,71,15.5,8.9,25.7,106,1015,10.4,8.7,12.5,641,63.2,60.1,66.1
2023-04-30,"SUB_ICB_LOC","01T","E38000161","NHS CHESHIRE AND MERSEYSIDE ICB - 01T",1183,1990,59.4,52.7,65.5,31622,3.7,3.5,4,5,98,5.1,2.2,11.4,94,1208,7.8,6.4,9.4,862,71.4,68.7,73.8
2023-04-30,"SUB_ICB_LOC","01V","E38000170","NHS CHESHIRE AND MERSEYSIDE ICB - 01V",1683,2345.8,71.7,64,78.6,33800,5,4.8,5.2,14,85,16.5,10.1,25.8,187,1730,10.8,9.4,12.4,1211,70,67.8,72.1
2023-04-30,"SUB_ICB_LOC","01K","E38000228","NHS LANCASHIRE AND SOUTH CUMBRIA ICB - 01K",3615,5150.2,70.2,62.9,76.5,80044,4.5,4.4,4.7,11,80,13.8,7.9,23,287,3728,7.7,6.9,8.6,2508,67.3,65.8,68.8
2023-04-30,"SUB_ICB_LOC","01Y","E38000263","NHS GREATER MANCHESTER ICB - 01Y",1608,2286.6,70.3,62.4,77.2,38409,4.2,4,4.4,3,57,5.3,1.8,14.4,163,1684,9.7,8.4,11.2,1261,74.9,72.8,76.9
2023-04-30,"SUB_ICB_LOC","02A","E38000187","NHS GREATER MANCHESTER ICB - 02A",1749,2821.7,62,55.2,67.9,42978,4.1,3.9,4.3,4,63,6.3,2.5,15.2,100,1806,5.5,4.6,6.7,1272,70.4,68.3,72.5
2023-04-30,"SUB_ICB_LOC","02E","E38000194","NHS CHESHIRE AND MERSEYSIDE ICB - 02E",1888,2643.4,71.4,63.6,78.3,42291,4.5,4.3,4.7,20,118,16.9,11.2,24.7,240,1937,12.4,11,13.9,1314,67.8,65.7,69.9
2023-04-30,"SUB_ICB_LOC","02G","E38000200","NHS LANCASHIRE AND SOUTH CUMBRIA ICB - 02G",1122,1634.9,68.6,60.7,75.6,25766,4.4,4.1,4.6,2,27,7.4,2.1,23.4,84,1153,7.3,5.9,8.9,811,70.3,67.6,72.9
2023-04-30,"SUB_ICB_LOC","02H","E38000205","NHS GREATER MANCHESTER ICB - 02H",2721,3917.7,69.5,62,75.9,65414,4.2,4,4.3,12,126,9.5,5.5,15.9,149,2803,5.3,4.5,6.2,2014,71.9,70.2,73.5
2023-04-30,"SUB_ICB_LOC","02M","E38000226","NHS LANCASHIRE AND SOUTH CUMBRIA ICB - 02M",2167,3391.3,63.9,57.1,69.9,51672,4.2,4,4.4,7,73,9.6,4.7,18.5,128,2236,5.7,4.8,6.8,1507,67.4,65.4,69.3
2023-04-30,"SUB_ICB_LOC","02P","E38000006","NHS SOUTH YORKSHIRE ICB - 02P",2131,3014.5,70.7,62.9,77.4,50277,4.2,4.1,4.4,7,54,13,6.4,24.4,96,2275,4.2,3.5,5.1,1538,67.6,65.7,69.5
2023-04-30,"SUB_ICB_LOC","02Q","E38000008","NHS NOTTINGHAM AND NOTTINGHAMSHIRE ICB - 02Q",1195,1662.3,71.9,63.6,79.2,26943,4.4,4.2,4.7,9,68,13.2,7.1,23.3,124,1261,9.8,8.3,11.6,826,65.5,62.8,68.1
2023-04-30,"SUB_ICB_LOC","02T","E38000025","NHS WEST YORKSHIRE ICB - 02T",1617,2386,67.8,60.1,74.4,39827,4.1,3.9,4.3,7,141,5,2.4,9.9,130,1687,7.7,6.5,9.1,1117,66.2,63.9,68.4
2023-04-30,"SUB_ICB_LOC","02X","E38000044","NHS SOUTH YORKSHIRE ICB - 02X",2578,3680,70.1,62.6,76.5,59886,4.3,4.1,4.5,15,198,7.6,4.6,12.1,208,2736,7.6,6.7,8.7,1833,67,65.2,68.7
2023-04-30,"SUB_ICB_LOC","02Y","E38000052","NHS HUMBER AND NORTH YORKSHIRE ICB - 02Y",3065,5342.5,57.4,51.4,62.6,83390,3.7,3.5,3.8,16,168,9.5,5.9,14.9,203,3148,6.4,5.6,7.4,2122,67.4,65.8,69
2023-04-30,"SUB_ICB_LOC","03F","E38000085","NHS HUMBER AND NORTH YORKSHIRE ICB - 03F",1972,2830.4,69.7,61.9,76.3,48160,4.1,3.9,4.3,13,174,7.5,4.4,12.4,231,2076,11.1,9.8,12.6,1325,63.8,61.7,65.9
2023-04-30,"SUB_ICB_LOC","03H","E38000119","NHS HUMBER AND NORTH YORKSHIRE ICB - 03H",1438,2242.4,64.1,56.9,70.4,35518,4,3.8,4.3,79,410,19.3,15.7,23.4,139,1521,9.1,7.8,10.7,1145,75.3,73,77.4
2023-04-30,"SUB_ICB_LOC","03K","E38000122","NHS HUMBER AND NORTH YORKSHIRE ICB - 03K",1314,2472.1,53.2,47.1,58.4,39834,3.3,3.1,3.5,5,146,3.4,1.5,7.8,116,1440,8.1,6.8,9.6,907,63,60.5,65.4
2023-04-30,"SUB_ICB_LOC","03L","E38000141","NHS SOUTH YORKSHIRE ICB - 03L",2517,3170.8,79.4,70.9,86.7,51173,4.9,4.7,5.1,27,165,16.4,11.5,22.8,187,2625,7.1,6.2,8.2,2046,77.9,76.3,79.5
2023-04-30,"SUB_ICB_LOC","03N","E38000146","NHS SOUTH YORKSHIRE ICB - 03N",4362,6094.6,71.6,64.2,77.9,93841,4.6,4.5,4.8,18,197,9.1,5.9,14,439,4547,9.7,8.8,10.5,3284,72.2,70.9,73.5
2023-04-30,"SUB_ICB_LOC","99G","E38000168","NHS MID AND SOUTH ESSEX ICB - 99G",1893,2416.6,78.3,69.9,85.8,35925,5.3,5,5.5,5,37,13.5,5.9,28,174,1979,8.8,7.6,10.1,1517,76.7,74.7,78.5
2023-04-30,"SUB_ICB_LOC","A3A8R","E38000255","NHS NORTH EAST LONDON ICB - A3A8R",7786,13081.7,59.5,53.3,64.7,219403,3.5,3.5,3.6,39,594,6.6,4.8,8.8,736,8149,9,8.4,9.7,6246,76.6,75.7,77.6
2023-04-30,"SUB_ICB_LOC","D2P2L","E38000259","NHS BLACK COUNTRY ICB - D2P2L",8808,13972.3,63,56.7,68.4,214814,4.1,4,4.2,36,695,5.2,3.8,7.1,1010,9176,11,10.4,11.7,5004,54.5,53.5,55.6
2023-04-30,"SUB_ICB_LOC","03Q","E38000188","NHS HUMBER AND NORTH YORKSHIRE ICB - 03Q",2634,4968.4,53,47.4,57.8,76495,3.4,3.3,3.6,13,143,9.1,5.4,14.9,132,2691,4.9,4.2,5.8,2133,79.3,77.7,80.8
2023-04-30,"SUB_ICB_LOC","03R","E38000190","NHS WEST YORKSHIRE ICB - 03R",2707,4318.8,62.7,55.9,68.4,71406,3.8,3.7,3.9,21,227,9.3,6.1,13.7,308,2838,10.9,9.8,12.1,2062,72.7,71,74.3
2023-04-30,"SUB_ICB_LOC","03W","E38000051","NHS LEICESTER, LEICESTERSHIRE AND RUTLAND ICB - 03W",3093,5240.6,59,52.8,64.3,79794,3.9,3.7,4,2,170,1.2,0.3,4.2,294,3199,9.2,8.2,10.2,2301,71.9,70.3,73.5
2023-04-30,"SUB_ICB_LOC","04C","E38000097","NHS LEICESTER, LEICESTERSHIRE AND RUTLAND ICB - 04C",2268,2759.2,82.2,73.2,89.9,46645,4.9,4.7,5.1,7,239,2.9,1.4,5.9,330,2504,13.2,11.9,14.6,1769,70.6,68.8,72.4
2023-04-30,"SUB_ICB_LOC","04V","E38000201","NHS LEICESTER, LEICESTERSHIRE AND RUTLAND ICB - 04V",3039,5086.9,59.7,53.4,65.2,81652,3.7,3.6,3.9,7,171,4.1,2,8.2,271,3160,8.6,7.6,9.6,2170,68.7,67,70.3
2023-04-30,"SUB_ICB_LOC","04Y","E38000028","NHS STAFFORDSHIRE AND STOKE-ON-TRENT ICB - 04Y",1299,1773,73.3,64.9,80.6,28339,4.6,4.3,4.8,16,50,32,20.8,45.8,157,1338,11.7,10.1,13.6,965,72.1,69.7,74.5
2023-04-30,"SUB_ICB_LOC","05D","E38000053","NHS STAFFORDSHIRE AND STOKE-ON-TRENT ICB - 05D",1111,1862,59.7,52.8,65.7,29216,3.8,3.6,4,3,57,5.3,1.8,14.4,68,1151,5.9,4.7,7.4,863,75,72.4,77.4
2023-04-30,"SUB_ICB_LOC","05G","E38000126","NHS STAFFORDSHIRE AND STOKE-ON-TRENT ICB - 05G",2278,3255.8,70,62.5,76.5,50557,4.5,4.3,4.7,8,179,4.5,2.3,8.6,276,2314,11.9,10.7,13.3,1628,70.4,68.5,72.2
2023-04-30,"SUB_ICB_LOC","05Q","E38000153","NHS STAFFORDSHIRE AND STOKE-ON-TRENT ICB - 05Q",2034,3052.4,66.6,59.4,72.9,48306,4.2,4,4.4,11,70,15.7,9,26,131,2097,6.2,5.3,7.4,1582,75.4,73.6,77.2
2023-04-30,"SUB_ICB_LOC","05V","E38000173","NHS STAFFORDSHIRE AND STOKE-ON-TRENT ICB - 05V",1390,2288.8,60.7,54,66.7,35443,3.9,3.7,4.1,18,61,29.5,19.6,41.9,81,1419,5.7,4.6,7,1028,72.4,70.1,74.7
2023-04-30,"SUB_ICB_LOC","05W","E38000175","NHS STAFFORDSHIRE AND STOKE-ON-TRENT ICB - 05W",2790,3294.9,84.7,75.7,92.4,52551,5.3,5.1,5.5,9,218,4.1,2.2,7.7,273,2892,9.4,8.4,10.6,2108,72.9,71.2,74.5
2023-04-30,"SUB_ICB_LOC","06H","E38000260","NHS CAMBRIDGESHIRE AND PETERBOROUGH ICB - 06H",6047,10809.4,55.9,50.2,60.8,167954,3.6,3.5,3.7,14,278,5,3,8.3,601,6307,9.5,8.8,10.3,4375,69.4,68.2,70.5
2023-04-30,"SUB_ICB_LOC","06K","E38000049","NHS HERTFORDSHIRE AND WEST ESSEX ICB - 06K",4377,7215.5,60.7,54.5,66,106857,4.1,4,4.2,8,271,3,1.5,5.7,357,4498,7.9,7.2,8.8,3128,69.5,68.2,70.9
2023-04-30,"SUB_ICB_LOC","06L","E38000086","NHS SUFFOLK AND NORTH EAST ESSEX ICB - 06L",3572,6159.8,58,52,63.2,93528,3.8,3.7,3.9,68,180,37.8,31,45,325,3672,8.9,8,9.8,2693,73.3,71.9,74.7
2023-04-30,"SUB_ICB_LOC","06N","E38000079","NHS HERTFORDSHIRE AND WEST ESSEX ICB - 06N",4448,7259.2,61.3,55,66.8,107856,4.1,4,4.2,21,102,20.6,13.9,29.4,517,4575,11.3,10.4,12.3,3404,74.4,73.1,75.6
2023-04-30,"SUB_ICB_LOC","06Q","E38000106","NHS MID AND SOUTH ESSEX ICB - 06Q",2957,5337.2,55.4,49.6,60.4,82526,3.6,3.5,3.7,5,135,3.7,1.6,8.4,309,3060,10.1,9.1,11.2,2058,67.3,65.6,68.9
2023-04-30,"SUB_ICB_LOC","07G","E38000185","NHS MID AND SOUTH ESSEX ICB - 07G",1020,1550,65.8,58.1,72.7,25372,4,3.8,4.3,10,68,14.7,8.2,25,117,1061,11,9.3,13.1,833,78.5,75.9,80.9
2023-04-30,"SUB_ICB_LOC","09D","E38000021","NHS SUSSEX ICB - 09D",1881,2802.7,67.1,59.8,73.4,43754,4.3,4.1,4.5,11,72,15.3,8.8,25.3,125,1945,6.4,5.4,7.6,1430,73.5,71.5,75.4
2023-04-30,"SUB_ICB_LOC","11J","E38000045","NHS DORSET ICB - 11J",7797,14099.5,55.3,49.8,60.1,205079,3.8,3.7,3.9,23,619,3.7,2.5,5.5,716,8040,8.9,8.3,9.5,5386,67,66,68
2023-04-30,"SUB_ICB_LOC","06T","E38000117","NHS SUFFOLK AND NORTH EAST ESSEX ICB - 06T",3478,5357.5,64.9,58.2,70.7,81191,4.3,4.1,4.4,16,148,10.8,6.8,16.8,540,3622,14.9,13.8,16.1,2688,74.2,72.8,75.6
2023-04-30,"SUB_ICB_LOC","07H","E38000197","NHS HERTFORDSHIRE AND WEST ESSEX ICB - 07H",2710,3875.8,69.9,62.6,76.3,57948,4.7,4.5,4.9,4,94,4.3,1.7,10.4,230,2791,8.2,7.3,9.3,1807,64.7,63,66.5
2023-04-30,"SUB_ICB_LOC","07K","E38000204","NHS SUFFOLK AND NORTH EAST ESSEX ICB - 07K",2269,4174.5,54.4,48.6,59.4,64094,3.5,3.4,3.7,11,69,15.9,9.1,26.3,270,2312,11.7,10.4,13.1,1636,70.8,68.9,72.6
2023-04-30,"SUB_ICB_LOC","10Q","E38000136","NHS BUCKINGHAMSHIRE, OXFORDSHIRE AND BERKSHIRE WEST ICB - 10Q",5649,9189.9,61.5,55.2,66.8,138746,4.1,4,4.2,17,116,14.7,9.4,22.2,493,5792,8.5,7.8,9.3,4089,70.6,69.4,71.8
2023-04-30,"SUB_ICB_LOC","10R","E38000137","NHS HAMPSHIRE AND ISLE OF WIGHT ICB - 10R",1421,2165.1,65.6,58.3,72.1,34079,4.2,4,4.4,1,137,0.7,0.1,4,148,1467,10.1,8.7,11.7,794,54.1,51.6,56.7
2023-04-30,"SUB_ICB_LOC","11M","E38000062","NHS GLOUCESTERSHIRE ICB - 11M",6094,9606.3,63.4,57,69,147108,4.1,4,4.2,25,388,6.4,4.4,9.3,583,6282,9.3,8.6,10,4525,72,70.9,73.1
2023-04-30,"SUB_ICB_LOC","11N","E38000089","NHS CORNWALL AND THE ISLES OF SCILLY ICB - 11N",5369,9432.6,56.9,51.1,61.9,149056,3.6,3.5,3.7,19,210,9,5.9,13.7,452,5485,8.2,7.5,9,3564,65,63.7,66.2
2023-04-30,"SUB_ICB_LOC","11X","E38000150","NHS SOMERSET ICB - 11X",5198,9672.6,53.7,48.3,58.5,147471,3.5,3.4,3.6,6,78,7.7,3.6,15.8,455,5340,8.5,7.8,9.3,3543,66.3,65.1,67.6
2023-04-30,"SUB_ICB_LOC","12F","E38000208","NHS CHESHIRE AND MERSEYSIDE ICB - 12F",3001,4730.7,63.4,56.8,69.2,73986,4.1,3.9,4.2,2,52,3.8,1.1,13,406,3113,13,11.9,14.3,2277,73.1,71.6,74.7
2023-04-30,"SUB_ICB_LOC","13T","E38000212","NHS NORTH EAST AND NORTH CUMBRIA ICB - 13T",3972,5448.1,72.9,65.3,79.4,85704,4.6,4.5,4.8,3,205,1.5,0.5,4.2,338,4129,8.2,7.4,9.1,2973,72,70.6,73.4
2023-04-30,"SUB_ICB_LOC","14L","E38000217","NHS GREATER MANCHESTER ICB - 14L",2608,3711.8,70.3,62.5,76.8,65181,4,3.9,4.2,10,274,3.6,2,6.6,204,2725,7.5,6.6,8.5,2090,76.7,75.1,78.2
2023-04-30,"SUB_ICB_LOC","14Y","E38000223","NHS BUCKINGHAMSHIRE, OXFORDSHIRE AND BERKSHIRE WEST ICB - 14Y",4149,7334.6,56.6,50.8,61.6,109633,3.8,3.7,3.9,7,160,4.4,2.1,8.8,312,4242,7.4,6.6,8.2,2866,67.6,66.1,69
2023-04-30,"SUB_ICB_LOC","15A","E38000221","NHS BUCKINGHAMSHIRE, OXFORDSHIRE AND BERKSHIRE WEST ICB - 15A",3662,5837.5,62.7,56.2,68.4,90869,4,3.9,4.2,19,91,20.9,13.8,30.3,339,3774,9,8.1,9.9,2544,67.4,65.9,68.9
2023-04-30,"SUB_ICB_LOC","15C","E38000222","NHS BRISTOL, NORTH SOMERSET AND SOUTH GLOUCESTERSHIRE ICB - 15C",7691,11566.8,66.5,59.8,72.2,175210,4.4,4.3,4.5,3,106,2.8,1,8,635,7941,8,7.4,8.6,5690,71.7,70.7,72.6
2023-04-30,"SUB_ICB_LOC","15E","E38000258","NHS BIRMINGHAM AND SOLIHULL ICB - 15E",8449,14231,59.4,53.4,64.5,217463,3.9,3.8,4,34,433,7.9,5.7,10.8,986,8799,11.2,10.6,11.9,6452,73.3,72.4,74.2
2023-04-30,"SUB_ICB_LOC","15F","E38000225","NHS WEST YORKSHIRE ICB - 15F",5973,8691.6,68.7,61.7,74.7,136029,4.4,4.3,4.5,62,348,17.8,14.2,22.2,332,6149,5.4,4.9,6,4504,73.2,72.1,74.3
2023-04-30,"SUB_ICB_LOC","15M","E38000261","NHS DERBY AND DERBYSHIRE ICB - 15M",9524,14364.4,66.3,59.6,72,229025,4.2,4.1,4.2,39,275,14.2,10.6,18.8,977,10256,9.5,9,10.1,6849,66.8,65.9,67.7
2023-04-30,"SUB_ICB_LOC","15N","E38000230","NHS DEVON ICB - 15N",11232,20341,55.2,49.7,59.9,308633,3.6,3.6,3.7,44,505,8.7,6.6,11.5,1021,11506,8.9,8.4,9.4,7555,65.7,64.8,66.5
2023-04-30,"SUB_ICB_LOC","99F","E38000030","NHS MID AND SOUTH ESSEX ICB - 99F",1972,2952.7,66.8,59.7,73.2,44100,4.5,4.3,4.7,10,49,20.4,11.5,33.6,148,2023,7.3,6.3,8.5,1419,70.1,68.1,72.1
2023-04-30,"SUB_ICB_LOC","16C","E38000247","NHS NORTH EAST AND NORTH CUMBRIA ICB - 16C",5928,8367.6,70.8,63.5,77.1,136841,4.3,4.2,4.4,48,349,13.8,10.5,17.8,408,6172,6.6,6,7.3,4472,72.5,71.3,73.6
2023-04-30,"SUB_ICB_LOC","18C","E38000236","NHS HEREFORDSHIRE AND WORCESTERSHIRE ICB - 18C",6560,12422.3,52.8,47.4,57.4,192551,3.4,3.3,3.5,9,299,3,1.6,5.6,713,6737,10.6,9.9,11.3,5009,74.4,73.3,75.4
2023-04-30,"SUB_ICB_LOC","26A","E38000239","NHS NORFOLK AND WAVENEY ICB - 26A",10332,17513.7,59,53.1,64,264649,3.9,3.8,4,29,424,6.8,4.8,9.7,1265,10665,11.9,11.3,12.5,6869,64.4,63.5,65.3
2023-04-30,"SUB_ICB_LOC","27D","E38000233","NHS CHESHIRE AND MERSEYSIDE ICB - 27D",7400,11255.7,65.7,59.1,71.4,173410,4.3,4.2,4.4,13,208,6.3,3.7,10.4,719,7596,9.5,8.8,10.1,5703,75.1,74.1,76
2023-04-30,"SUB_ICB_LOC","36J","E38000232","NHS WEST YORKSHIRE ICB - 36J",4747,6476.8,73.3,65.7,79.7,102989,4.6,4.5,4.7,34,272,12.5,9.1,17,736,4957,14.8,13.9,15.9,3651,73.7,72.4,74.9
2023-04-30,"SUB_ICB_LOC","36L","E38000245","NHS SOUTH WEST LONDON ICB - 36L",9829,13954.5,70.4,63.3,76.5,221112,4.4,4.4,4.5,30,310,9.7,6.9,13.5,936,10183,9.2,8.6,9.8,7664,75.3,74.4,76.1
2023-04-30,"SUB_ICB_LOC","42D","E38000241","NHS HUMBER AND NORTH YORKSHIRE ICB - 42D",4263,7222.8,59,53,64.2,111675,3.8,3.7,3.9,33,282,11.7,8.5,16,278,4375,6.4,5.7,7.1,3256,74.4,73.1,75.7
2023-04-30,"SUB_ICB_LOC","52R","E38000243","NHS NOTTINGHAM AND NOTTINGHAMSHIRE ICB - 52R",8666,12498.5,69.3,62.3,75.3,195997,4.4,4.3,4.5,17,345,4.9,3.1,7.7,900,9209,9.8,9.2,10.4,6409,69.6,68.6,70.5
2023-04-30,"SUB_ICB_LOC","70F","E38000248","NHS SUSSEX ICB - 70F",9055,14501.1,62.4,56.3,67.8,210492,4.3,4.2,4.4,19,311,6.1,3.9,9.3,648,9266,7,6.5,7.5,6407,69.1,68.2,70.1
2023-04-30,"SUB_ICB_LOC","71E","E38000238","NHS LINCOLNSHIRE ICB - 71E",7521,12066.4,62.3,55.9,67.8,190106,4,3.9,4,63,544,11.6,9.2,14.5,723,7904,9.1,8.5,9.8,5216,66,64.9,67
2023-04-30,"SUB_ICB_LOC","72Q","E38000244","NHS SOUTH EAST LONDON ICB - 72Q",10250,14894.6,68.8,61.8,74.7,239252,4.3,4.2,4.4,53,565,9.4,7.2,12.1,885,10635,8.3,7.8,8.9,7848,73.8,72.9,74.6
2023-04-30,"SUB_ICB_LOC","78H","E38000262","NHS NORTHAMPTONSHIRE ICB - 78H",5393,8654.3,62.3,55.9,67.8,140783,3.8,3.7,3.9,17,300,5.7,3.6,8.9,599,5588,10.7,9.9,11.6,3893,69.7,68.4,70.9
2023-04-30,"SUB_ICB_LOC","84H","E38000234","NHS NORTH EAST AND NORTH CUMBRIA ICB - 84H",5120,7127.3,71.8,64.3,78.2,118231,4.3,4.2,4.4,39,202,19.3,14.5,25.3,407,5366,7.6,6.9,8.3,3754,70,68.7,71.2
2023-04-30,"SUB_ICB_LOC","91Q","E38000237","NHS KENT AND MEDWAY ICB - 91Q",14474,24739.1,58.5,52.6,63.5,384662,3.8,3.7,3.8,28,476,5.9,4.1,8.4,1268,14966,8.5,8,8.9,10652,71.2,70.4,71.9
2023-04-30,"SUB_ICB_LOC","92A","E38000246","NHS SURREY HEARTLANDS ICB - 92A",9538,14611.5,65.3,58.8,70.9,210037,4.5,4.5,4.6,22,174,12.6,8.5,18.4,894,9729,9.2,8.6,9.8,7111,73.1,72.2,74
2023-04-30,"SUB_ICB_LOC","92G","E38000231","NHS BATH AND NORTH EAST SOMERSET, SWINDON AND WILTSHIRE ICB - 92G",7544,13077.9,57.7,51.9,62.7,200341,3.8,3.7,3.8,14,447,3.1,1.9,5.2,523,7736,6.8,6.2,7.3,5537,71.6,70.6,72.6
2023-04-30,"SUB_ICB_LOC","93C","E38000240","NHS NORTH CENTRAL LONDON ICB - 93C",7437,11221.3,66.3,59.5,72,180736,4.1,4,4.2,18,191,9.4,6,14.4,558,7669,7.3,6.7,7.9,5689,74.2,73.2,75.1
2023-04-30,"SUB_ICB_LOC","97R","E38000235","NHS SUSSEX ICB - 97R",6113,9891,61.8,55.6,67.2,145917,4.2,4.1,4.3,45,336,13.4,10.2,17.5,666,6289,10.6,9.9,11.4,4490,71.4,70.3,72.5
2023-04-30,"SUB_ICB_LOC","99A","E38000101","NHS CHESHIRE AND MERSEYSIDE ICB - 99A",2974,4901.5,60.7,54.1,66.2,83634,3.6,3.4,3.7,17,158,10.8,6.8,16.6,435,3122,13.9,12.8,15.2,2275,72.9,71.3,74.4
2023-04-30,"SUB_ICB_LOC","99E","E38000007","NHS MID AND SOUTH ESSEX ICB - 99E",1883,3405.7,55.3,49.3,60.5,51238,3.7,3.5,3.8,8,163,4.9,2.5,9.4,211,1959,10.8,9.5,12.2,1295,66.1,64,68.2
2023-04-30,"SUB_ICB_LOC","99C","E38000127","NHS NORTH EAST AND NORTH CUMBRIA ICB - 99C",2041,2887.7,70.7,63,77.4,46560,4.4,4.2,4.6,2,129,1.6,0.4,5.5,146,2112,6.9,5.9,8.1,1550,73.4,71.5,75.2
2023-04-30,"SUB_ICB_LOC","B2M3M","E38000251","NHS COVENTRY AND WARWICKSHIRE ICB - B2M3M",6828,12056.5,56.6,50.9,61.5,185379,3.7,3.6,3.8,26,385,6.8,4.6,9.7,753,7071,10.6,10,11.4,5203,73.6,72.5,74.6
2023-04-30,"SUB_ICB_LOC","D4U1Y","E38000252","NHS FRIMLEY ICB - D4U1Y",5670,8589,66,59.3,71.8,131554,4.3,4.2,4.4,21,202,10.4,6.9,15.4,472,5807,8.1,7.5,8.9,4203,72.4,71.2,73.5
2023-04-30,"SUB_ICB_LOC","D9Y0V","E38000253","NHS HAMPSHIRE AND ISLE OF WIGHT ICB - D9Y0V",14889,24368.5,61.1,55,66.3,366100,4.1,4,4.1,31,587,5.3,3.7,7.4,1703,15299,11.1,10.6,11.6,9781,63.9,63.2,64.7
2023-04-30,"SUB_ICB_LOC","M1J4Y","E38000249","NHS BEDFORDSHIRE, LUTON AND MILTON KEYNES ICB - M1J4Y",6675,10042.4,66.5,59.6,72.3,162952,4.1,4,4.2,34,410,8.3,6,11.4,660,6983,9.5,8.8,10.2,4826,69.1,68,70.2
2023-04-30,"SUB_ICB_LOC","M2L0M","E38000257","NHS SHROPSHIRE, TELFORD AND WREKIN ICB - M2L0M",4411,7572.8,58.2,52.2,63.4,118425,3.7,3.6,3.8,11,103,10.7,6.1,18.1,385,4541,8.5,7.7,9.3,3209,70.7,69.3,72
2023-04-30,"SUB_ICB_LOC","W2U3Z","E38000256","NHS NORTH WEST LONDON ICB - W2U3Z",11865,18690.6,63.5,56.9,69,307957,3.9,3.8,3.9,52,791,6.6,5,8.5,1006,12453,8.1,7.6,8.6,9494,76.2,75.5,77
2023-04-30,"SUB_ICB_LOC","X2C4Y","E38000254","NHS WEST YORKSHIRE ICB - X2C4Y",3096,4840.8,64,57.2,69.8,77991,4,3.8,4.1,27,337,8,5.6,11.4,277,3238,8.6,7.6,9.6,2347,72.5,70.9,74
2023-04-30,"COUNTRY","ENG","E92000001","ENGLAND",444238,703097.7,63.2,57,68.5,10981503,4,4,4.1,1893,22070,8.6,8.2,9,41519,460518,9,8.9,9.1,325266,70.6,70.5,70.8
2023-04-30,"ICB","QE1","E54000048","NHS LANCASHIRE AND SOUTH CUMBRIA INTEGRATED CARE BOARD",15663,22913.5,68.4,61.5,74.2,365846,4.3,4.2,4.3,51,748,6.8,5.2,8.9,1206,16212,7.4,7,7.9,11561,71.3,70.6,72
2023-04-30,"ICB","QF7","E54000061","NHS SOUTH YORKSHIRE INTEGRATED CARE BOARD",11588,15959.9,72.6,65.2,78.8,255177,4.5,4.5,4.6,67,614,10.9,8.7,13.6,930,12183,7.6,7.2,8.1,8701,71.4,70.6,72.2
2023-04-30,"ICB","QGH","E54000019","NHS HEREFORDSHIRE AND WORCESTERSHIRE INTEGRATED CARE BOARD",6560,12422.3,52.8,47.4,57.4,192551,3.4,3.3,3.5,9,299,3,1.6,5.6,713,6737,10.6,9.9,11.3,5009,74.4,73.3,75.4
2023-04-30,"ICB","QH8","E54000026","NHS MID AND SOUTH ESSEX INTEGRATED CARE BOARD",9725,15662.2,62.1,55.9,67.4,239161,4.1,4,4.1,38,452,8.4,6.2,11.3,959,10082,9.5,9,10.1,7122,70.6,69.7,71.5
2023-04-30,"ICB","QHG","E54000024","NHS BEDFORDSHIRE, LUTON AND MILTON KEYNES INTEGRATED CARE BOARD",6675,10042.4,66.5,59.6,72.3,162952,4.1,4,4.2,34,410,8.3,6,11.4,660,6983,9.5,8.8,10.2,4826,69.1,68,70.2
2023-04-30,"ICB","QHL","E54000055","NHS BIRMINGHAM AND SOLIHULL INTEGRATED CARE BOARD",8449,14231,59.4,53.4,64.5,217463,3.9,3.8,4,34,433,7.9,5.7,10.8,986,8799,11.2,10.6,11.9,6452,73.3,72.4,74.2
2023-04-30,"ICB","QHM","E54000050","NHS NORTH EAST AND NORTH CUMBRIA INTEGRATED CARE BOARD",26796,39622.7,67.6,60.8,73.3,642959,4.2,4.1,4.2,153,1403,10.9,9.4,12.6,2122,27855,7.6,7.3,7.9,19950,71.6,71.1,72.1
2023-04-30,"ICB","QJ2","E54000058","NHS DERBY AND DERBYSHIRE INTEGRATED CARE BOARD",9524,14364.4,66.3,59.6,72,229025,4.2,4.1,4.2,39,275,14.2,10.6,18.8,977,10256,9.5,9,10.1,6849,66.8,65.9,67.7
2023-04-30,"ICB","QJG","E54000023","NHS SUFFOLK AND NORTH EAST ESSEX INTEGRATED CARE BOARD",9319,15691.8,59.4,53.4,64.5,238813,3.9,3.8,4,95,397,23.9,20,28.4,1135,9606,11.8,11.2,12.5,7017,73,72.2,73.9
2023-04-30,"ICB","QJK","E54000037","NHS DEVON INTEGRATED CARE BOARD",11232,20341,55.2,49.7,59.9,308633,3.6,3.6,3.7,44,505,8.7,6.6,11.5,1021,11506,8.9,8.4,9.4,7555,65.7,64.8,66.5
2023-04-30,"ICB","QJM","E54000013","NHS LINCOLNSHIRE INTEGRATED CARE BOARD",7521,12066.4,62.3,55.9,67.8,190106,4,3.9,4,63,544,11.6,9.2,14.5,723,7904,9.1,8.5,9.8,5216,66,64.9,67
2023-04-30,"ICB","QK1","E54000015","NHS LEICESTER, LEICESTERSHIRE AND RUTLAND INTEGRATED CARE BOARD",8400,13086.8,64.2,57.7,69.7,208091,4,4,4.1,16,580,2.8,1.7,4.4,895,8863,10.1,9.5,10.7,6240,70.4,69.4,71.3
2023-05-31,"COUNTRY","ENG","E92000001","ENGLAND",445216,705655,63.1,56.9,68.4,11011303,4,4,4.1,4666,45664,10.2,9.9,10.5,41267,461340,8.9,8.9,9,312078,67.6,67.5,67.8
2023-05-31,"ICB","QE1","E54000048","NHS LANCASHIRE AND SOUTH CUMBRIA INTEGRATED CARE BOARD",15708,22975.4,68.4,61.5,74.2,366539,4.3,4.2,4.4,122,1535,7.9,6.7,9.4,1208,16255,7.4,7,7.8,11113,68.4,67.6,69.1
2023-05-31,"ICB","QF7","E54000061","NHS SOUTH YORKSHIRE INTEGRATED CARE BOARD",11586,15995.8,72.4,65.1,78.7,255530,4.5,4.5,4.6,152,1405,10.8,9.3,12.6,927,12122,7.6,7.2,8.1,8283,68.3,67.5,69.2
2023-05-31,"ICB","QGH","E54000019","NHS HEREFORDSHIRE AND WORCESTERSHIRE INTEGRATED CARE BOARD",6565,12469.4,52.6,47.3,57.2,192861,3.4,3.3,3.5,30,619,4.8,3.4,6.8,745,6748,11,10.3,11.8,4792,71,69.9,72.1
2023-05-31,"ICB","QH8","E54000026","NHS MID AND SOUTH ESSEX INTEGRATED CARE BOARD",9791,15696.4,62.4,56.1,67.7,239522,4.1,4,4.2,122,907,13.5,11.4,15.8,953,10148,9.4,8.8,10,6893,67.9,67,68.8
2023-05-31,"ICB","QHG","E54000024","NHS BEDFORDSHIRE, LUTON AND MILTON KEYNES INTEGRATED CARE BOARD",6676,10076.1,66.3,59.4,72,163371,4.1,4,4.2,95,853,11.1,9.2,13.4,657,6982,9.4,8.7,10.1,4618,66.1,65,67.2
2023-05-31,"ICB","QHL","E54000055","NHS BIRMINGHAM AND SOLIHULL INTEGRATED CARE BOARD",8427,14254.4,59.1,53.2,64.2,217797,3.9,3.8,4,85,932,9.1,7.4,11.1,948,8770,10.8,10.2,11.5,6190,70.6,69.6,71.5
2023-05-31,"ICB","QHM","E54000050","NHS NORTH EAST AND NORTH CUMBRIA INTEGRATED CARE BOARD",26842,39748.1,67.5,60.7,73.3,644296,4.2,4.1,4.2,354,2937,12.1,10.9,13.3,2056,27896,7.4,7.1,7.7,19174,68.7,68.2,69.3
2023-05-31,"ICB","QJ2","E54000058","NHS DERBY AND DERBYSHIRE INTEGRATED CARE BOARD",9579,14419.4,66.4,59.7,72.2,229504,4.2,4.1,4.3,142,620,22.9,19.8,26.4,984,10283,9.6,9,10.2,6643,64.6,63.7,65.5
2023-05-31,"ICB","QJG","E54000023","NHS SUFFOLK AND NORTH EAST ESSEX INTEGRATED CARE BOARD",9321,15736.5,59.2,53.3,64.3,239205,3.9,3.8,4,226,861,26.2,23.4,29.3,1142,9609,11.9,11.3,12.5,6738,70.1,69.2,71
2023-05-31,"ICB","QJK","E54000037","NHS DEVON INTEGRATED CARE BOARD",11353,20399.6,55.7,50.1,60.4,309236,3.7,3.6,3.7,139,971,14.3,12.3,16.7,1031,11630,8.9,8.4,9.4,7316,62.9,62,63.8
2023-05-31,"ICB","QJM","E54000013","NHS LINCOLNSHIRE INTEGRATED CARE BOARD",7563,12106.5,62.5,56.1,67.9,190487,4,3.9,4.1,138,1090,12.7,10.8,14.8,705,7930,8.9,8.3,9.5,5045,63.6,62.6,64.7
2023-05-31,"ICB","QK1","E54000015","NHS LEICESTER, LEICESTERSHIRE AND RUTLAND INTEGRATED CARE BOARD",8250,13137.5,62.8,56.5,68.2,208615,4,3.9,4,47,1087,4.3,3.3,5.7,847,8695,9.7,9.1,10.4,5865,67.5,66.5,68.4
2023-05-31,"ICB","QKK","E54000030","NHS SOUTH EAST LONDON INTEGRATED CARE BOARD",10202,14927.5,68.3,61.3,74.2,239837,4.3,4.2,4.3,111,1098,10.1,8.5,12,875,10588,8.3,7.8,8.8,7474,70.6,69.7,71.4
2023-05-31,"ICB","QKS","E54000032","NHS KENT AND MEDWAY INTEGRATED CARE BOARD",14490,24815.6,58.4,52.6,63.4,385362,3.8,3.7,3.8,85,930,9.1,7.5,11.2,1270,14985,8.5,8,8.9,10152,67.7,67,68.5
2023-05-31,"ICB","QM7","E54000025","NHS HERTFORDSHIRE AND WEST ESSEX INTEGRATED CARE BOARD",11565,18393.9,62.9,56.6,68.3,273260,4.2,4.2,4.3,93,1007,9.2,7.6,11.2,1100,11895,9.2,8.7,9.8,8016,67.4,66.5,68.2
2023-05-31,"ICB","QNQ","E54000034","NHS FRIMLEY INTEGRATED CARE BOARD",5705,8615.8,66.2,59.4,72,131918,4.3,4.2,4.4,48,409,11.7,9,15.2,481,5839,8.2,7.6,9,4043,69.2,68,70.4
2023-05-31,"ICB","QNX","E54000064","NHS SUSSEX ICB",17082,27264.7,62.7,56.5,68,400852,4.3,4.2,4.3,212,1564,13.6,11.9,15.3,1451,17529,8.3,7.9,8.7,11951,68.2,67.5,68.9
2023-05-31,"ICB","QR1","E54000043","NHS GLOUCESTERSHIRE INTEGRATED CARE BOARD",6116,9630.4,63.5,57.1,69.1,147326,4.2,4.1,4.3,57,812,7,5.5,9,588,6302,9.3,8.6,10.1,4318,68.5,67.4,69.7
2023-05-31,"ICB","QMF","E54000029","NHS NORTH EAST LONDON INTEGRATED CARE BOARD",7826,13122.6,59.6,53.4,64.9,220211,3.6,3.5,3.6,77,1252,6.2,4.9,7.6,726,8189,8.9,8.3,9.5,5947,72.6,71.6,73.6
2023-05-31,"ICB","QMJ","E54000028","NHS NORTH CENTRAL LONDON INTEGRATED CARE BOARD",7754,11536.3,67.2,60.3,73.1,185463,4.2,4.1,4.3,41,425,9.6,7.2,12.8,588,7994,7.4,6.8,7.9,5648,70.7,69.6,71.6
2023-05-31,"ICB","QMM","E54000022","NHS NORFOLK AND WAVENEY INTEGRATED CARE BOARD",10352,17559.4,59,53.1,64,265082,3.9,3.8,4,106,836,12.7,10.6,15.1,1235,10692,11.6,11,12.2,6566,61.4,60.5,62.3
2023-05-31,"ICB","QNC","E54000010","NHS STAFFORDSHIRE AND STOKE-ON-TRENT INTEGRATED CARE BOARD",11066,15571.9,71.1,63.9,77.2,244809,4.5,4.4,4.6,128,1411,9.1,7.7,10.7,1001,11388,8.8,8.3,9.3,7907,69.4,68.6,70.3
2023-05-31,"ICB","QOC","E54000011","NHS SHROPSHIRE, TELFORD AND WREKIN INTEGRATED CARE BOARD",4426,7590.7,58.3,52.3,63.4,118619,3.7,3.6,3.8,28,221,12.7,8.9,17.7,379,4559,8.3,7.5,9.2,3092,67.8,66.5,69.2
2023-05-31,"ICB","QOP","E54000057","NHS GREATER MANCHESTER INTEGRATED CARE BOARD",20833,29607.3,70.4,63.2,76.4,484938,4.3,4.2,4.4,199,2585,7.7,6.7,8.8,1581,21629,7.3,7,7.7,15487,71.6,71,72.2
2023-05-31,"ICB","QOQ","E54000051","NHS HUMBER AND NORTH YORKSHIRE INTEGRATED CARE BOARD",14479,25164.5,57.5,51.7,62.4,395859,3.7,3.6,3.7,227,2095,10.8,9.6,12.2,1047,15035,7,6.6,7.4,10291,68.4,67.7,69.2
2023-05-31,"ICB","QOX","E54000040","NHS BATH AND NORTH EAST SOMERSET, SWINDON AND WILTSHIRE INTEGRATED CARE BOARD",7556,13120.3,57.6,51.8,62.6,200861,3.8,3.7,3.8,52,922,5.6,4.3,7.3,523,7750,6.7,6.2,7.3,5299,68.4,67.3,69.4
2023-05-31,"ICB","QPM","E54000059","NHS NORTHAMPTONSHIRE INTEGRATED CARE BOARD",5414,8682.5,62.4,55.9,67.9,141050,3.8,3.7,3.9,36,720,5,3.6,6.8,603,5609,10.8,10,11.6,3712,66.2,64.9,67.4
2023-05-31,"ICB","QRL","E54000042","NHS HAMPSHIRE AND ISLE OF WIGHT INTEGRATED CARE BOARD",16147,26610.6,60.7,54.7,65.8,400974,4,4,4.1,82,1460,5.6,4.5,6.9,1813,16591,10.9,10.5,11.4,10007,60.3,59.6,61.1
2023-05-31,"ICB","QRV","E54000027","NHS NORTH WEST LONDON INTEGRATED CARE BOARD",11864,18755.6,63.3,56.7,68.7,308902,3.8,3.8,3.9,154,1756,8.8,7.5,10.2,979,12447,7.9,7.4,8.4,8956,72,71.2,72.7
2023-05-31,"ICB","QSL","E54000038","NHS SOMERSET INTEGRATED CARE BOARD",5234,9704.2,53.9,48.4,58.7,147732,3.5,3.4,3.6,21,184,11.4,7.6,16.8,446,5380,8.3,7.6,9.1,3464,64.4,63.1,65.7
2023-05-31,"ICB","QT1","E54000060","NHS NOTTINGHAM AND NOTTINGHAMSHIRE INTEGRATED CARE BOARD",9880,14196.7,69.6,62.5,75.6,223317,4.4,4.3,4.5,66,922,7.2,5.7,9,1005,10481,9.6,9,10.2,6982,66.6,65.7,67.5
2023-05-31,"ICB","QT6","E54000036","NHS CORNWALL AND THE ISLES OF SCILLY INTEGRATED CARE BOARD",5387,9456.6,57,51.1,61.9,149216,3.6,3.5,3.7,59,432,13.7,10.7,17.2,457,5508,8.3,7.6,9.1,3339,60.6,59.3,61.9
2023-05-31,"ICB","QU9","E54000044","NHS BUCKINGHAMSHIRE, OXFORDSHIRE AND BERKSHIRE WEST INTEGRATED CARE BOARD",13513,22435,60.2,54.2,65.4,340058,4,3.9,4,110,767,14.3,12,17,1148,13856,8.3,7.8,8.8,9100,65.7,64.9,66.5
2023-05-31,"ICB","QUA","E54000062","NHS BLACK COUNTRY INTEGRATED CARE BOARD",8825,14059.4,62.8,56.5,68.2,216065,4.1,4,4.2,88,1426,6.2,5,7.5,1019,9194,11.1,10.5,11.7,4773,51.9,50.9,52.9
2023-05-31,"SUB_ICB_LOC","01D","E38000080","NHS GREATER MANCHESTER ICB - 01D",1658,2310.7,71.8,63.6,78.7,39430,4.2,4,4.4,16,233,6.9,4.3,10.9,129,1754,7.4,6.2,8.7,1257,71.7,69.5,73.7
2023-05-31,"SUB_ICB_LOC","01F","E38000068","NHS CHESHIRE AND MERSEYSIDE ICB - 01F",942,1400.7,67.3,59,74.4,24908,3.8,3.6,4,18,109,16.5,10.7,24.6,90,987,9.1,7.5,11.1,687,69.6,66.7,72.4
2023-05-31,"SUB_ICB_LOC","01G","E38000143","NHS GREATER MANCHESTER ICB - 01G",1748,2338.7,74.7,66.4,81.9,38714,4.5,4.3,4.7,35,153,22.9,16.9,30.1,131,1813,7.2,6.1,8.5,1274,70.3,68.1,72.3
2023-05-31,"ICB","QUE","E54000056","NHS CAMBRIDGESHIRE AND PETERBOROUGH INTEGRATED CARE BOARD",6011,10850.7,55.4,49.7,60.2,168411,3.6,3.5,3.7,45,555,8.1,6.1,10.7,598,6267,9.5,8.8,10.3,4203,67.1,65.9,68.2
2023-05-31,"ICB","QUY","E54000039","NHS BRISTOL, NORTH SOMERSET AND SOUTH GLOUCESTERSHIRE INTEGRATED CARE BOARD",7758,11603.9,66.9,60.2,72.7,175545,4.4,4.3,4.5,9,262,3.4,1.8,6.4,631,8006,7.9,7.3,8.5,5517,68.9,67.9,69.9
2023-05-31,"ICB","QVV","E54000041","NHS DORSET INTEGRATED CARE BOARD",7782,14124.5,55.1,49.6,59.8,205386,3.8,3.7,3.9,51,1258,4.1,3.1,5.3,698,8017,8.7,8.1,9.3,5174,64.5,63.5,65.6
2023-05-31,"ICB","QWE","E54000031","NHS SOUTH WEST LONDON INTEGRATED CARE BOARD",9871,13991.3,70.6,63.4,76.6,221666,4.5,4.4,4.5,67,633,10.6,8.4,13.2,928,10221,9.1,8.5,9.7,7271,71.1,70.3,72
2023-05-31,"ICB","QWO","E54000054","NHS WEST YORKSHIRE INTEGRATED CARE BOARD",18110,26939.9,67.2,60.5,73,431286,4.2,4.1,4.3,409,2726,15,13.7,16.4,1759,18834,9.3,8.9,9.8,13212,70.1,69.5,70.8
2023-05-31,"ICB","QWU","E54000018","NHS COVENTRY AND WARWICKSHIRE INTEGRATED CARE BOARD",6845,12100.7,56.6,50.8,61.5,185752,3.7,3.6,3.8,50,730,6.8,5.2,8.9,765,7089,10.8,10.1,11.5,5002,70.6,69.5,71.6
2023-05-31,"ICB","QXU","E54000063","NHS SURREY HEARTLANDS ICB",9573,14656.4,65.3,58.9,71,210393,4.6,4.5,4.6,44,400,11,8.3,14.4,901,9765,9.2,8.7,9.8,6872,70.4,69.5,71.3
2023-05-31,"ICB","QYG","E54000008","NHS CHESHIRE AND MERSEYSIDE INTEGRATED CARE BOARD",21889,33551.2,65.2,58.7,70.7,534190,4.1,4,4.2,259,2049,12.6,11.3,14.1,2469,22633,10.9,10.5,11.3,15633,69.1,68.5,69.7
2023-05-31,"NHS_REGION","Y56","E40000003","LONDON",47517,72333.2,65.7,59,71.3,1176079,4,4,4.1,450,5164,8.7,8,9.5,4096,49439,8.3,8,8.5,35296,71.4,71,71.8
2023-05-31,"NHS_REGION","Y58","E40000006","SOUTH WEST",51186,88039.4,58.1,52.4,63,1335302,3.8,3.8,3.9,388,4841,8,7.3,8.8,4374,52593,8.3,8.1,8.6,34427,65.5,65.1,65.9
2023-05-31,"NHS_REGION","Y59","E40000005","SOUTH EAST",76510,124398.1,61.5,55.5,66.7,1869557,4.1,4.1,4.1,581,5530,10.5,9.7,11.3,7064,78565,9,8.8,9.2,52125,66.3,66,66.7
2023-05-31,"NHS_REGION","Y60","E40000011","MIDLANDS",86840,138589,62.7,56.5,67.9,2168876,4,4,4,838,9778,8.6,8,9.1,9001,90746,9.9,9.7,10.1,60003,66.1,65.8,66.4
2023-05-31,"NHS_REGION","Y61","E40000007","EAST OF ENGLAND",53716,88313,60.8,54.8,65.9,1348851,4,3.9,4,687,5019,13.7,12.8,14.7,5685,55593,10.2,10,10.5,37034,66.6,66.2,67
2023-05-31,"NHS_REGION","Y62","E40000010","NORTH WEST",58430,86133.9,67.8,61,73.6,1385667,4.2,4.2,4.3,580,6169,9.4,8.7,10.2,5258,60517,8.7,8.5,8.9,42233,69.8,69.4,70.2
2023-05-31,"NHS_REGION","Y63","E40000012","NORTH EAST AND YORKSHIRE",71017,107848.3,65.8,59.3,71.3,1726971,4.1,4.1,4.1,1142,9163,12.5,11.8,13.2,5789,73887,7.8,7.6,8,50960,69,68.6,69.3
2023-05-31,"SUB_ICB_LOC","00L","E38000130","NHS NORTH EAST AND NORTH CUMBRIA ICB - 00L",3372,5329.8,63.3,56.5,69,86791,3.9,3.8,4,34,468,7.3,5.2,10,210,3480,6,5.3,6.9,2339,67.2,65.6,68.8
2023-05-31,"SUB_ICB_LOC","00N","E38000163","NHS NORTH EAST AND NORTH CUMBRIA ICB - 00N",1368,2011.2,68,60.3,74.7,32498,4.2,4,4.4,29,155,18.7,13.4,25.6,110,1415,7.8,6.5,9.3,967,68.3,65.9,70.7
2023-05-31,"SUB_ICB_LOC","00T","E38000016","NHS GREATER MANCHESTER ICB - 00T",2265,3228,70.2,62.5,76.8,53401,4.2,4.1,4.4,21,486,4.3,2.8,6.5,176,2356,7.5,6.5,8.6,1783,75.7,73.9,77.4
2023-05-31,"SUB_ICB_LOC","00V","E38000024","NHS GREATER MANCHESTER ICB - 00V",1793,2350.4,76.3,67.9,83.5,37590,4.8,4.6,5,0,43,0,0,8.2,201,1843,10.9,9.6,12.4,1339,72.7,70.6,74.6
2023-05-31,"SUB_ICB_LOC","00Y","E38000135","NHS GREATER MANCHESTER ICB - 00Y",1752,2480.5,70.6,62.8,77.5,40926,4.3,4.1,4.5,27,416,6.5,4.5,9.3,145,1830,7.9,6.8,9.3,1319,72.1,70,74.1
2023-05-31,"SUB_ICB_LOC","00P","E38000176","NHS NORTH EAST AND NORTH CUMBRIA ICB - 00P",2205,3537.4,62.3,55.5,68.2,57829,3.8,3.7,4,33,213,15.5,11.2,21,219,2287,9.6,8.4,10.9,1590,69.5,67.6,71.4
2023-05-31,"SUB_ICB_LOC","00Q","E38000014","NHS LANCASHIRE AND SOUTH CUMBRIA ICB - 00Q",1076,1584.9,67.9,59.9,74.9,26673,4,3.8,4.3,7,161,4.3,2.1,8.7,96,1122,8.6,7.1,10.3,761,67.8,65,70.5
2023-05-31,"SUB_ICB_LOC","00R","E38000015","NHS LANCASHIRE AND SOUTH CUMBRIA ICB - 00R",1457,2152.4,67.7,60.1,74.3,34309,4.2,4,4.5,8,132,6.1,3.1,11.5,124,1523,8.1,6.9,9.6,921,60.5,58,62.9
2023-05-31,"SUB_ICB_LOC","00X","E38000034","NHS LANCASHIRE AND SOUTH CUMBRIA ICB - 00X",1601,2405,66.6,59.1,73.1,39416,4.1,3.9,4.3,7,179,3.9,1.9,7.9,106,1650,6.4,5.3,7.7,1228,74.4,72.3,76.5
2023-05-31,"SUB_ICB_LOC","01A","E38000050","NHS LANCASHIRE AND SOUTH CUMBRIA ICB - 01A",2994,4339.1,69,61.6,75.4,71855,4.2,4,4.3,40,527,7.6,5.6,10.2,233,3105,7.5,6.6,8.5,2224,71.6,70,73.2
2023-05-31,"SUB_ICB_LOC","01E","E38000227","NHS LANCASHIRE AND SOUTH CUMBRIA ICB - 01E",1659,2296.4,72.2,64.3,79.2,36547,4.5,4.3,4.8,10,148,6.8,3.7,12,149,1716,8.7,7.4,10.1,1307,76.2,74.1,78.1
2023-05-31,"SUB_ICB_LOC","01H","E38000215","NHS NORTH EAST AND NORTH CUMBRIA ICB - 01H",2784,4963.9,56.1,50.2,61.2,79051,3.5,3.4,3.7,37,159,23.3,17.4,30.4,267,2884,9.3,8.3,10.4,2016,69.9,68.2,71.5
2023-05-31,"SUB_ICB_LOC","01J","E38000091","NHS CHESHIRE AND MERSEYSIDE ICB - 01J",966,1645.3,58.7,51.6,64.9,28539,3.4,3.2,3.6,36,177,20.3,15.1,26.9,110,1013,10.9,9.1,12.9,587,57.9,54.9,61
2023-05-31,"SUB_ICB_LOC","01K","E38000228","NHS LANCASHIRE AND SOUTH CUMBRIA ICB - 01K",3626,5157.9,70.3,63,76.6,80131,4.5,4.4,4.7,28,171,16.4,11.6,22.6,286,3739,7.6,6.8,8.5,2437,65.2,63.6,66.7
2023-05-31,"SUB_ICB_LOC","01T","E38000161","NHS CHESHIRE AND MERSEYSIDE ICB - 01T",1184,1996.4,59.3,52.5,65.2,31696,3.7,3.5,3.9,12,184,6.5,3.8,11.1,96,1212,7.9,6.5,9.6,805,66.4,63.7,69
2023-05-31,"SUB_ICB_LOC","01V","E38000170","NHS CHESHIRE AND MERSEYSIDE ICB - 01V",1692,2349.1,72,64.3,78.9,33844,5,4.8,5.2,33,208,15.9,11.5,21.4,184,1738,10.6,9.2,12.1,1142,65.7,63.4,67.9
2023-05-31,"SUB_ICB_LOC","01W","E38000174","NHS GREATER MANCHESTER ICB - 01W",2823,4127.5,68.4,61.2,74.6,62383,4.5,4.4,4.7,16,151,10.6,6.6,16.5,208,2914,7.1,6.3,8.1,2186,75,73.4,76.6
2023-05-31,"SUB_ICB_LOC","01X","E38000172","NHS CHESHIRE AND MERSEYSIDE ICB - 01X",1781,2538.4,70.2,62.5,76.9,40998,4.3,4.2,4.5,31,189,16.4,11.8,22.3,147,1856,7.9,6.8,9.2,1236,66.6,64.4,68.7
2023-05-31,"SUB_ICB_LOC","01Y","E38000263","NHS GREATER MANCHESTER ICB - 01Y",1642,2292,71.6,63.6,78.6,38448,4.3,4.1,4.5,16,123,13,8.2,20.1,153,1717,8.9,7.7,10.4,1207,70.3,68.1,72.4
2023-05-31,"SUB_ICB_LOC","02A","E38000187","NHS GREATER MANCHESTER ICB - 02A",1793,2832.5,63.3,56.5,69.3,43096,4.2,4,4.4,21,142,14.8,9.9,21.6,95,1846,5.1,4.2,6.3,1184,64.1,61.9,66.3
2023-05-31,"SUB_ICB_LOC","02E","E38000194","NHS CHESHIRE AND MERSEYSIDE ICB - 02E",1925,2657.4,72.4,64.6,79.4,42406,4.5,4.3,4.7,43,262,16.4,12.4,21.4,241,1976,12.2,10.8,13.7,1298,65.7,63.6,67.7
2023-05-31,"SUB_ICB_LOC","78H","E38000262","NHS NORTHAMPTONSHIRE ICB - 78H",5414,8682.5,62.4,55.9,67.9,141050,3.8,3.7,3.9,36,720,5,3.6,6.8,603,5609,10.8,10,11.6,3712,66.2,64.9,67.4
2023-05-31,"SUB_ICB_LOC","91Q","E38000237","NHS KENT AND MEDWAY ICB - 91Q",14490,24815.6,58.4,52.6,63.4,385362,3.8,3.7,3.8,85,930,9.1,7.5,11.2,1270,14985,8.5,8,8.9,10152,67.7,67,68.5
2023-05-31,"SUB_ICB_LOC","92A","E38000264","NHS SURREY HEARTLANDS ICB - 92A",9573,14656.4,65.3,58.9,71,210393,4.6,4.5,4.6,44,400,11,8.3,14.4,901,9765,9.2,8.7,9.8,6872,70.4,69.5,71.3
2023-05-31,"SUB_ICB_LOC","93C","E38000240","NHS NORTH CENTRAL LONDON ICB - 93C",7754,11536.3,67.2,60.3,73.1,185463,4.2,4.1,4.3,41,425,9.6,7.2,12.8,588,7994,7.4,6.8,7.9,5648,70.7,69.6,71.6
2023-05-31,"SUB_ICB_LOC","02G","E38000200","NHS LANCASHIRE AND SOUTH CUMBRIA ICB - 02G",1123,1639.6,68.5,60.6,75.4,25836,4.3,4.1,4.6,4,74,5.4,2.1,13.1,87,1155,7.5,6.1,9.2,772,66.8,64.1,69.5
2023-05-31,"SUB_ICB_LOC","02H","E38000205","NHS GREATER MANCHESTER ICB - 02H",2752,3927.1,70.1,62.5,76.6,65582,4.2,4,4.4,29,331,8.8,6.2,12.3,146,2835,5.1,4.4,6,1938,68.4,66.6,70
2023-05-31,"SUB_ICB_LOC","02M","E38000226","NHS LANCASHIRE AND SOUTH CUMBRIA ICB - 02M",2172,3400,63.9,57.1,69.9,51772,4.2,4,4.4,18,143,12.6,8.1,19,127,2245,5.7,4.8,6.7,1463,65.2,63.2,67.1
2023-05-31,"SUB_ICB_LOC","02P","E38000006","NHS SOUTH YORKSHIRE ICB - 02P",2115,3026.8,69.9,62.2,76.5,50384,4.2,4,4.4,26,122,21.3,15,29.4,94,2200,4.3,3.5,5.2,1451,66,63.9,67.9
2023-05-31,"SUB_ICB_LOC","02Q","E38000008","NHS NOTTINGHAM AND NOTTINGHAMSHIRE ICB - 02Q",1215,1670.1,72.7,64.4,80.1,27006,4.5,4.3,4.8,25,135,18.5,12.9,25.9,131,1278,10.3,8.7,12,825,64.6,61.9,67.1
2023-05-31,"SUB_ICB_LOC","02T","E38000025","NHS WEST YORKSHIRE ICB - 02T",1620,2556.8,63.4,56.2,69.5,42115,3.8,3.7,4,23,317,7.3,4.9,10.7,130,1690,7.7,6.5,9.1,1089,64.4,62.1,66.7
2023-05-31,"SUB_ICB_LOC","02X","E38000044","NHS SOUTH YORKSHIRE ICB - 02X",2586,3688.9,70.1,62.5,76.5,60003,4.3,4.2,4.5,29,546,5.3,3.7,7.5,204,2743,7.4,6.5,8.5,1778,64.8,63,66.6
2023-05-31,"SUB_ICB_LOC","02Y","E38000052","NHS HUMBER AND NORTH YORKSHIRE ICB - 02Y",3080,5355.6,57.5,51.5,62.8,83543,3.7,3.6,3.8,51,401,12.7,9.8,16.3,203,3163,6.4,5.6,7.3,2022,63.9,62.2,65.6
2023-05-31,"SUB_ICB_LOC","03F","E38000085","NHS HUMBER AND NORTH YORKSHIRE ICB - 03F",1909,2841,67.2,59.7,73.6,48241,4,3.8,4.1,23,269,8.6,5.8,12.5,213,2014,10.6,9.3,12,1261,62.6,60.5,64.7
2023-05-31,"SUB_ICB_LOC","03H","E38000119","NHS HUMBER AND NORTH YORKSHIRE ICB - 03H",1305,2250.5,58,51.4,63.8,35598,3.7,3.5,3.9,36,177,20.3,15.1,26.9,121,1380,8.8,7.4,10.4,976,70.7,68.3,73.1
2023-05-31,"SUB_ICB_LOC","03K","E38000122","NHS HUMBER AND NORTH YORKSHIRE ICB - 03K",1311,2478.8,52.9,46.9,58.2,39874,3.3,3.1,3.5,22,383,5.7,3.8,8.5,119,1437,8.3,7,9.8,812,56.5,53.9,59
2023-05-31,"SUB_ICB_LOC","03L","E38000141","NHS SOUTH YORKSHIRE ICB - 03L",2536,3176.6,79.8,71.3,87.2,51220,5,4.8,5.1,54,352,15.3,12,19.5,192,2646,7.3,6.3,8.3,1924,72.7,71,74.4
2023-05-31,"SUB_ICB_LOC","03N","E38000146","NHS SOUTH YORKSHIRE ICB - 03N",4349,6103.5,71.3,63.9,77.5,93923,4.6,4.5,4.8,43,385,11.2,8.4,14.7,437,4533,9.6,8.8,10.5,3130,69,67.7,70.4
2023-05-31,"SUB_ICB_LOC","03Q","E38000188","NHS HUMBER AND NORTH YORKSHIRE ICB - 03Q",2635,4989.4,52.8,47.2,57.6,76630,3.4,3.3,3.6,27,317,8.5,5.9,12.1,130,2692,4.8,4.1,5.7,2085,77.5,75.8,79
2023-05-31,"SUB_ICB_LOC","03R","E38000190","NHS WEST YORKSHIRE ICB - 03R",2724,4333.1,62.9,56.1,68.7,71601,3.8,3.7,3.9,73,485,15.1,12.1,18.5,309,2858,10.8,9.7,12,2001,70,68.3,71.7
2023-05-31,"SUB_ICB_LOC","03W","E38000051","NHS LEICESTER, LEICESTERSHIRE AND RUTLAND ICB - 03W",3114,5260.6,59.2,53,64.5,79986,3.9,3.8,4,15,339,4.4,2.7,7.2,291,3219,9,8.1,10.1,2243,69.7,68.1,71.2
2023-05-31,"SUB_ICB_LOC","04C","E38000097","NHS LEICESTER, LEICESTERSHIRE AND RUTLAND ICB - 04C",2049,2771.6,73.9,65.7,80.9,46826,4.4,4.2,4.6,6,412,1.5,0.7,3.1,280,2267,12.4,11.1,13.8,1520,67,65.1,69
2023-05-31,"SUB_ICB_LOC","06Q","E38000106","NHS MID AND SOUTH ESSEX ICB - 06Q",2984,5354.2,55.7,49.9,60.8,82686,3.6,3.5,3.7,30,274,10.9,7.8,15.2,314,3085,10.2,9.2,11.3,1945,63,61.3,64.7
2023-05-31,"SUB_ICB_LOC","07G","E38000185","NHS MID AND SOUTH ESSEX ICB - 07G",1015,1554.4,65.3,57.6,72.1,25413,4,3.8,4.2,18,137,13.1,8.5,19.8,113,1056,10.7,9,12.7,814,77.1,74.5,79.5
2023-05-31,"SUB_ICB_LOC","09D","E38000021","NHS SUSSEX ICB - 09D",1905,2808.7,67.8,60.5,74.3,43838,4.3,4.2,4.5,26,148,17.6,12.3,24.5,125,1969,6.3,5.4,7.5,1400,71.1,69.1,73.1
2023-05-31,"SUB_ICB_LOC","04V","E38000201","NHS LEICESTER, LEICESTERSHIRE AND RUTLAND ICB - 04V",3087,5105.3,60.5,54.1,65.9,81803,3.8,3.6,3.9,26,336,7.7,5.3,11.1,276,3209,8.6,7.7,9.6,2102,65.5,63.8,67.1
2023-05-31,"SUB_ICB_LOC","04Y","E38000028","NHS STAFFORDSHIRE AND STOKE-ON-TRENT ICB - 04Y",1293,1774.9,72.8,64.6,80.1,28365,4.6,4.3,4.8,27,90,30,21.5,40.1,156,1334,11.7,10.1,13.5,919,68.9,66.4,71.3
2023-05-31,"SUB_ICB_LOC","05D","E38000053","NHS STAFFORDSHIRE AND STOKE-ON-TRENT ICB - 05D",1113,1864.4,59.7,52.8,65.8,29228,3.8,3.6,4,18,153,11.8,7.6,17.8,79,1155,6.8,5.5,8.4,843,73,70.4,75.5
2023-05-31,"SUB_ICB_LOC","05G","E38000126","NHS STAFFORDSHIRE AND STOKE-ON-TRENT ICB - 05G",2406,3404.2,70.7,63.2,77.2,52818,4.6,4.4,4.7,17,402,4.2,2.7,6.7,286,2452,11.7,10.5,13,1610,65.7,63.8,67.5
2023-05-31,"SUB_ICB_LOC","05Q","E38000153","NHS STAFFORDSHIRE AND STOKE-ON-TRENT ICB - 05Q",2048,3063.2,66.9,59.6,73.1,48411,4.2,4.1,4.4,27,131,20.6,14.6,28.3,128,2110,6.1,5.1,7.2,1504,71.3,69.3,73.2
2023-05-31,"SUB_ICB_LOC","05V","E38000173","NHS STAFFORDSHIRE AND STOKE-ON-TRENT ICB - 05V",1393,2297,60.6,53.9,66.6,35517,3.9,3.7,4.1,25,124,20.2,14,28.1,79,1423,5.6,4.5,6.9,984,69.1,66.7,71.5
2023-05-31,"SUB_ICB_LOC","05W","E38000175","NHS STAFFORDSHIRE AND STOKE-ON-TRENT ICB - 05W",2813,3168.1,88.8,79.4,96.9,50470,5.6,5.4,5.8,14,511,2.7,1.6,4.5,273,2914,9.4,8.4,10.5,2047,70.2,68.6,71.9
2023-05-31,"SUB_ICB_LOC","06H","E38000260","NHS CAMBRIDGESHIRE AND PETERBOROUGH ICB - 06H",6011,10850.7,55.4,49.7,60.2,168411,3.6,3.5,3.7,45,555,8.1,6.1,10.7,598,6267,9.5,8.8,10.3,4203,67.1,65.9,68.2
2023-05-31,"SUB_ICB_LOC","06K","E38000049","NHS HERTFORDSHIRE AND WEST ESSEX ICB - 06K",4384,7227.1,60.7,54.5,66,107097,4.1,4,4.2,20,538,3.7,2.4,5.7,353,4508,7.8,7.1,8.7,3014,66.9,65.5,68.2
2023-05-31,"SUB_ICB_LOC","06L","E38000086","NHS SUFFOLK AND NORTH EAST ESSEX ICB - 06L",3551,6181,57.5,51.5,62.6,93740,3.8,3.7,3.9,148,369,40.1,35.2,45.2,325,3649,8.9,8,9.9,2608,71.5,70,72.9
2023-05-31,"SUB_ICB_LOC","06N","E38000079","NHS HERTFORDSHIRE AND WEST ESSEX ICB - 06N",4463,7282.1,61.3,55,66.7,108126,4.1,4,4.2,63,228,27.6,22.2,33.8,525,4590,11.4,10.5,12.4,3263,71.1,69.8,72.4
2023-05-31,"SUB_ICB_LOC","06T","E38000117","NHS SUFFOLK AND NORTH EAST ESSEX ICB - 06T",3488,5370.6,64.9,58.2,70.8,81251,4.3,4.2,4.4,37,333,11.1,8.2,14.9,545,3637,15,13.9,16.2,2556,70.3,68.8,71.7
2023-05-31,"SUB_ICB_LOC","07H","E38000197","NHS HERTFORDSHIRE AND WEST ESSEX ICB - 07H",2718,3884.7,70,62.6,76.3,58037,4.7,4.5,4.9,10,241,4.1,2.3,7.5,222,2797,7.9,7,9,1739,62.2,60.4,64
2023-05-31,"SUB_ICB_LOC","07K","E38000204","NHS SUFFOLK AND NORTH EAST ESSEX ICB - 07K",2282,4185,54.5,48.7,59.7,64214,3.6,3.4,3.7,41,159,25.8,19.6,33.1,272,2323,11.7,10.5,13.1,1574,67.8,65.8,69.6
2023-05-31,"SUB_ICB_LOC","10Q","E38000136","NHS BUCKINGHAMSHIRE, OXFORDSHIRE AND BERKSHIRE WEST ICB - 10Q",5712,9227.6,61.9,55.6,67.3,139138,4.1,4,4.2,40,243,16.5,12.3,21.6,499,5855,8.5,7.8,9.3,3925,67,65.8,68.2
2023-05-31,"SUB_ICB_LOC","10R","E38000137","NHS HAMPSHIRE AND ISLE OF WIGHT ICB - 10R",1420,2172.7,65.4,58,71.7,34135,4.2,4,4.4,2,256,0.8,0.2,2.8,151,1467,10.3,8.8,12,759,51.7,49.2,54.3
2023-05-31,"SUB_ICB_LOC","11J","E38000045","NHS DORSET ICB - 11J",7782,14124.5,55.1,49.6,59.8,205386,3.8,3.7,3.9,51,1258,4.1,3.1,5.3,698,8017,8.7,8.1,9.3,5174,64.5,63.5,65.6
2023-05-31,"SUB_ICB_LOC","11M","E38000062","NHS GLOUCESTERSHIRE ICB - 11M",6116,9630.4,63.5,57.1,69.1,147326,4.2,4.1,4.3,57,812,7,5.5,9,588,6302,9.3,8.6,10.1,4318,68.5,67.4,69.7
2023-05-31,"SUB_ICB_LOC","72Q","E38000244","NHS SOUTH EAST LONDON ICB - 72Q",10202,14927.5,68.3,61.3,74.2,239837,4.3,4.2,4.3,111,1098,10.1,8.5,12,875,10588,8.3,7.8,8.8,7474,70.6,69.7,71.4
2023-05-31,"SUB_ICB_LOC","11N","E38000089","NHS CORNWALL AND THE ISLES OF SCILLY ICB - 11N",5387,9456.6,57,51.1,61.9,149216,3.6,3.5,3.7,59,432,13.7,10.7,17.2,457,5508,8.3,7.6,9.1,3339,60.6,59.3,61.9
2023-05-31,"SUB_ICB_LOC","11X","E38000150","NHS SOMERSET ICB - 11X",5234,9704.2,53.9,48.4,58.7,147732,3.5,3.4,3.6,21,184,11.4,7.6,16.8,446,5380,8.3,7.6,9.1,3464,64.4,63.1,65.7
2023-05-31,"SUB_ICB_LOC","12F","E38000208","NHS CHESHIRE AND MERSEYSIDE ICB - 12F",3018,4744.1,63.6,56.9,69.3,74099,4.1,3.9,4.2,14,125,11.2,6.8,17.9,412,3132,13.2,12,14.4,2231,71.2,69.6,72.8
2023-05-31,"SUB_ICB_LOC","13T","E38000212","NHS NORTH EAST AND NORTH CUMBRIA ICB - 13T",3974,5463.1,72.7,65.2,79.3,85841,4.6,4.5,4.8,11,464,2.4,1.3,4.2,327,4128,7.9,7.1,8.8,2821,68.3,66.9,69.7
2023-05-31,"SUB_ICB_LOC","14L","E38000217","NHS GREATER MANCHESTER ICB - 14L",2607,3719.9,70.1,62.3,76.6,65368,4,3.8,4.1,18,507,3.6,2.3,5.5,197,2721,7.2,6.3,8.3,2000,73.5,71.8,75.1
2023-05-31,"SUB_ICB_LOC","14Y","E38000223","NHS BUCKINGHAMSHIRE, OXFORDSHIRE AND BERKSHIRE WEST ICB - 14Y",4138,7359.3,56.2,50.5,61.3,109859,3.8,3.7,3.9,25,333,7.5,5.1,10.8,314,4229,7.4,6.7,8.3,2735,64.7,63.2,66.1
2023-05-31,"SUB_ICB_LOC","15A","E38000221","NHS BUCKINGHAMSHIRE, OXFORDSHIRE AND BERKSHIRE WEST ICB - 15A",3663,5848.1,62.6,56.1,68.3,91061,4,3.9,4.2,45,191,23.6,18.1,30.1,335,3772,8.9,8,9.8,2440,64.7,63.1,66.2
2023-05-31,"SUB_ICB_LOC","15C","E38000222","NHS BRISTOL, NORTH SOMERSET AND SOUTH GLOUCESTERSHIRE ICB - 15C",7758,11603.9,66.9,60.2,72.7,175545,4.4,4.3,4.5,9,262,3.4,1.8,6.4,631,8006,7.9,7.3,8.5,5517,68.9,67.9,69.9
2023-05-31,"SUB_ICB_LOC","15E","E38000258","NHS BIRMINGHAM AND SOLIHULL ICB - 15E",8427,14254.4,59.1,53.2,64.2,217797,3.9,3.8,4,85,932,9.1,7.4,11.1,948,8770,10.8,10.2,11.5,6190,70.6,69.6,71.5
2023-05-31,"SUB_ICB_LOC","15F","E38000225","NHS WEST YORKSHIRE ICB - 15F",5935,8707.2,68.2,61.2,74.1,136263,4.4,4.2,4.5,155,647,24,20.8,27.4,328,6111,5.4,4.8,6,4332,70.9,69.7,72
2023-05-31,"SUB_ICB_LOC","15M","E38000261","NHS DERBY AND DERBYSHIRE ICB - 15M",9579,14419.4,66.4,59.7,72.2,229504,4.2,4.1,4.3,142,620,22.9,19.8,26.4,984,10283,9.6,9,10.2,6643,64.6,63.7,65.5
2023-05-31,"SUB_ICB_LOC","15N","E38000230","NHS DEVON ICB - 15N",11353,20399.6,55.7,50.1,60.4,309236,3.7,3.6,3.7,139,971,14.3,12.3,16.7,1031,11630,8.9,8.4,9.4,7316,62.9,62,63.8
2023-05-31,"SUB_ICB_LOC","16C","E38000247","NHS NORTH EAST AND NORTH CUMBRIA ICB - 16C",5972,8398.1,71.1,63.7,77.4,137160,4.4,4.2,4.5,118,751,15.7,13.3,18.5,381,6220,6.1,5.6,6.7,4268,68.6,67.5,69.8
2023-05-31,"SUB_ICB_LOC","18C","E38000236","NHS HEREFORDSHIRE AND WORCESTERSHIRE ICB - 18C",6565,12469.4,52.6,47.3,57.2,192861,3.4,3.3,3.5,30,619,4.8,3.4,6.8,745,6748,11,10.3,11.8,4792,71,69.9,72.1
2023-05-31,"SUB_ICB_LOC","26A","E38000239","NHS NORFOLK AND WAVENEY ICB - 26A",10352,17559.4,59,53.1,64,265082,3.9,3.8,4,106,836,12.7,10.6,15.1,1235,10692,11.6,11,12.2,6566,61.4,60.5,62.3
2023-05-31,"SUB_ICB_LOC","27D","E38000233","NHS CHESHIRE AND MERSEYSIDE ICB - 27D",7401,11298.3,65.5,58.9,71.2,173841,4.3,4.2,4.4,35,438,8,5.8,10.9,745,7594,9.8,9.2,10.5,5461,71.9,70.9,72.9
2023-05-31,"SUB_ICB_LOC","36J","E38000232","NHS WEST YORKSHIRE ICB - 36J",4730,6487.8,72.9,65.3,79.3,103161,4.6,4.5,4.7,96,576,16.7,13.8,19.9,716,4931,14.5,13.6,15.5,3498,70.9,69.7,72.2
2023-05-31,"SUB_ICB_LOC","36L","E38000245","NHS SOUTH WEST LONDON ICB - 36L",9871,13991.3,70.6,63.4,76.6,221666,4.5,4.4,4.5,67,633,10.6,8.4,13.2,928,10221,9.1,8.5,9.7,7271,71.1,70.3,72
2023-05-31,"SUB_ICB_LOC","70F","E38000265","NHS SUSSEX ICB - 70F",9060,14539.9,62.3,56.1,67.6,210863,4.3,4.2,4.4,47,687,6.8,5.2,9,655,9275,7.1,6.6,7.6,6257,67.5,66.5,68.4
2023-05-31,"SUB_ICB_LOC","71E","E38000238","NHS LINCOLNSHIRE ICB - 71E",7563,12106.5,62.5,56.1,67.9,190487,4,3.9,4.1,138,1090,12.7,10.8,14.8,705,7930,8.9,8.3,9.5,5045,63.6,62.6,64.7
2023-05-31,"SUB_ICB_LOC","42D","E38000241","NHS HUMBER AND NORTH YORKSHIRE ICB - 42D",4239,7249.2,58.5,52.5,63.7,111973,3.8,3.7,3.9,68,548,12.4,9.9,15.4,261,4349,6,5.3,6.7,3135,72.1,70.7,73.4
2023-05-31,"SUB_ICB_LOC","52R","E38000243","NHS NOTTINGHAM AND NOTTINGHAMSHIRE ICB - 52R",8665,12526.6,69.2,62.1,75.1,196311,4.4,4.3,4.5,41,787,5.2,3.9,7,874,9203,9.5,8.9,10.1,6157,66.9,65.9,67.9
2023-05-31,"SUB_ICB_LOC","84H","E38000234","NHS NORTH EAST AND NORTH CUMBRIA ICB - 84H",5133,7149.1,71.8,64.3,78.1,118473,4.3,4.2,4.5,83,437,19,15.6,22.9,390,5372,7.3,6.6,8,3655,68,66.8,69.3
2023-05-31,"SUB_ICB_LOC","92G","E38000231","NHS BATH AND NORTH EAST SOMERSET, SWINDON AND WILTSHIRE ICB - 92G",7556,13120.3,57.6,51.8,62.6,200861,3.8,3.7,3.8,52,922,5.6,4.3,7.3,523,7750,6.7,6.2,7.3,5299,68.4,67.3,69.4
2023-05-31,"SUB_ICB_LOC","97R","E38000235","NHS SUSSEX ICB - 97R",6117,9916.1,61.7,55.5,67.1,146151,4.2,4.1,4.3,139,729,19.1,16.4,22.1,671,6285,10.7,9.9,11.5,4294,68.3,67.2,69.5
2023-05-31,"SUB_ICB_LOC","99A","E38000101","NHS CHESHIRE AND MERSEYSIDE ICB - 99A",2980,4921.4,60.6,54,66.1,83859,3.6,3.4,3.7,37,357,10.4,7.6,14,444,3125,14.2,13,15.5,2186,70,68.3,71.5
2023-05-31,"SUB_ICB_LOC","99C","E38000127","NHS NORTH EAST AND NORTH CUMBRIA ICB - 99C",2034,2895.5,70.2,62.6,76.8,46653,4.4,4.2,4.5,9,290,3.1,1.6,5.8,152,2110,7.2,6.2,8.4,1518,71.9,70,73.8
2023-05-31,"SUB_ICB_LOC","99E","E38000007","NHS MID AND SOUTH ESSEX ICB - 99E",1890,3404.7,55.5,49.5,60.8,51289,3.7,3.5,3.9,25,289,8.7,5.9,12.5,206,1969,10.5,9.2,11.9,1262,64.1,61.9,66.2
2023-05-31,"SUB_ICB_LOC","99F","E38000030","NHS MID AND SOUTH ESSEX ICB - 99F",1996,2962.1,67.4,60.1,73.7,44148,4.5,4.3,4.7,26,102,25.5,18,34.7,144,2046,7,6,8.2,1376,67.3,65.2,69.3
2023-05-31,"SUB_ICB_LOC","99G","E38000168","NHS MID AND SOUTH ESSEX ICB - 99G",1906,2421,78.7,70.3,86.2,35986,5.3,5.1,5.5,23,105,21.9,15.1,30.7,176,1992,8.8,7.7,10.2,1496,75.1,73.2,76.9
2023-05-31,"SUB_ICB_LOC","A3A8R","E38000255","NHS NORTH EAST LONDON ICB - A3A8R",7826,13122.6,59.6,53.4,64.9,220211,3.6,3.5,3.6,77,1252,6.2,4.9,7.6,726,8189,8.9,8.3,9.5,5947,72.6,71.6,73.6
2023-05-31,"SUB_ICB_LOC","B2M3M","E38000251","NHS COVENTRY AND WARWICKSHIRE ICB - B2M3M",6845,12100.7,56.6,50.8,61.5,185752,3.7,3.6,3.8,50,730,6.8,5.2,8.9,765,7089,10.8,10.1,11.5,5002,70.6,69.5,71.6
2023-05-31,"SUB_ICB_LOC","D2P2L","E38000259","NHS BLACK COUNTRY ICB - D2P2L",8825,14059.4,62.8,56.5,68.2,216065,4.1,4,4.2,88,1426,6.2,5,7.5,1019,9194,11.1,10.5,11.7,4773,51.9,50.9,52.9
2023-05-31,"SUB_ICB_LOC","D4U1Y","E38000252","NHS FRIMLEY ICB - D4U1Y",5705,8615.8,66.2,59.4,72,131918,4.3,4.2,4.4,48,409,11.7,9,15.2,481,5839,8.2,7.6,9,4043,69.2,68,70.4
2023-05-31,"SUB_ICB_LOC","D9Y0V","E38000253","NHS HAMPSHIRE AND ISLE OF WIGHT ICB - D9Y0V",14727,24437.9,60.3,54.3,65.4,366839,4,4,4.1,80,1204,6.6,5.4,8.2,1662,15124,11,10.5,11.5,9248,61.1,60.4,61.9
2023-05-31,"SUB_ICB_LOC","M1J4Y","E38000249","NHS BEDFORDSHIRE, LUTON AND MILTON KEYNES ICB - M1J4Y",6676,10076.1,66.3,59.4,72,163371,4.1,4,4.2,95,853,11.1,9.2,13.4,657,6982,9.4,8.7,10.1,4618,66.1,65,67.2
2023-05-31,"SUB_ICB_LOC","M2L0M","E38000257","NHS SHROPSHIRE, TELFORD AND WREKIN ICB - M2L0M",4426,7590.7,58.3,52.3,63.4,118619,3.7,3.6,3.8,28,221,12.7,8.9,17.7,379,4559,8.3,7.5,9.2,3092,67.8,66.5,69.2
2023-05-31,"SUB_ICB_LOC","W2U3Z","E38000256","NHS NORTH WEST LONDON ICB - W2U3Z",11864,18755.6,63.3,56.7,68.7,308902,3.8,3.8,3.9,154,1756,8.8,7.5,10.2,979,12447,7.9,7.4,8.4,8956,72,71.2,72.7
2023-05-31,"SUB_ICB_LOC","X2C4Y","E38000254","NHS WEST YORKSHIRE ICB - X2C4Y",3101,4855.1,63.9,57.1,69.7,78146,4,3.8,4.1,62,701,8.8,7,11.2,276,3244,8.5,7.6,9.5,2292,70.7,69.1,72.2
2023-06-30,"COUNTRY","ENG","E92000001","ENGLAND",449492,707980.8,63.5,57.3,68.8,11037630,4.1,4.1,4.1,8232,74184,11.1,10.9,11.3,42033,465516,9,8.9,9.1,303234,65.1,65,65.3
2023-06-30,"ICB","QF7","E54000061","NHS SOUTH YORKSHIRE INTEGRATED CARE BOARD",11718,16023.8,73.1,65.7,79.5,255781,4.6,4.5,4.7,259,2400,10.8,9.6,12.1,942,12251,7.7,7.2,8.2,8040,65.6,64.8,66.5
2023-06-30,"ICB","QJK","E54000037","NHS DEVON INTEGRATED CARE BOARD",11440,20447.5,55.9,50.3,60.7,309667,3.7,3.6,3.8,220,1465,15,13.3,16.9,1047,11721,8.9,8.4,9.5,7164,61.1,60.2,62
2023-06-30,"ICB","QJM","E54000013","NHS LINCOLNSHIRE INTEGRATED CARE BOARD",7705,12145.6,63.4,57,69,190835,4,4,4.1,224,1703,13.2,11.6,14.8,724,8073,9,8.4,9.6,4965,61.5,60.4,62.6
2023-06-30,"ICB","QK1","E54000015","NHS LEICESTER, LEICESTERSHIRE AND RUTLAND INTEGRATED CARE BOARD",8495,13296.9,63.9,57.4,69.4,211192,4,3.9,4.1,82,1748,4.7,3.8,5.8,878,8919,9.8,9.2,10.5,5791,64.9,63.9,65.9
2023-06-30,"ICB","QKK","E54000030","NHS SOUTH EAST LONDON INTEGRATED CARE BOARD",10268,14937.1,68.7,61.7,74.7,240019,4.3,4.2,4.4,187,1764,10.6,9.2,12.1,893,10656,8.4,7.9,8.9,7198,67.5,66.7,68.4
2023-06-30,"ICB","QKS","E54000032","NHS KENT AND MEDWAY INTEGRATED CARE BOARD",14582,24885.1,58.6,52.7,63.6,385982,3.8,3.7,3.8,150,1484,10.1,8.7,11.7,1278,15077,8.5,8,8.9,9823,65.2,64.4,65.9
2023-06-30,"ICB","QM7","E54000025","NHS HERTFORDSHIRE AND WEST ESSEX INTEGRATED CARE BOARD",11665,18459.5,63.2,56.9,68.6,274015,4.3,4.2,4.3,177,1692,10.5,9.1,12,1114,12004,9.3,8.8,9.8,7804,65,64.2,65.9
2023-06-30,"ICB","QMF","E54000029","NHS NORTH EAST LONDON INTEGRATED CARE BOARD",7930,13212.9,60,53.7,65.3,221888,3.6,3.5,3.7,139,2090,6.7,5.7,7.8,758,8303,9.1,8.5,9.8,5792,69.8,68.8,70.7
2023-06-30,"ICB","QMJ","E54000028","NHS NORTH CENTRAL LONDON INTEGRATED CARE BOARD",8091,11936.3,67.8,60.8,73.7,191452,4.2,4.1,4.3,78,707,11,8.9,13.6,662,8344,7.9,7.4,8.5,5590,67,66,68
2023-06-30,"ICB","QMM","E54000022","NHS NORFOLK AND WAVENEY INTEGRATED CARE BOARD",10426,17591.4,59.3,53.4,64.4,265338,3.9,3.9,4,192,1363,14.1,12.3,16,1275,10765,11.8,11.2,12.5,6472,60.1,59.2,61
2023-06-30,"ICB","QNC","E54000010","NHS STAFFORDSHIRE AND STOKE-ON-TRENT INTEGRATED CARE BOARD",11116,15607.9,71.2,64,77.3,245124,4.5,4.5,4.6,214,2219,9.6,8.5,10.9,983,11425,8.6,8.1,9.1,7601,66.5,65.7,67.4
2023-06-30,"ICB","QNQ","E54000034","NHS FRIMLEY INTEGRATED CARE BOARD",5888,8646.1,68.1,61.2,74,132322,4.4,4.3,4.6,95,680,14,11.6,16.8,486,6029,8.1,7.4,8.8,4001,66.4,65.2,67.5
2023-06-30,"ICB","QNX","E54000064","NHS SUSSEX ICB",17191,27339.1,62.9,56.7,68.2,401546,4.3,4.2,4.3,383,2599,14.7,13.4,16.2,1498,17634,8.5,8.1,8.9,11601,65.8,65.1,66.5
2023-06-30,"ICB","QOC","E54000011","NHS SHROPSHIRE, TELFORD AND WREKIN INTEGRATED CARE BOARD",4479,7616.7,58.8,52.7,64,118828,3.8,3.7,3.9,50,385,13,10,16.7,390,4604,8.5,7.7,9.3,3019,65.6,64.2,66.9
2023-06-30,"ICB","QOP","E54000057","NHS GREATER MANCHESTER INTEGRATED CARE BOARD",21031,29678.1,70.9,63.6,76.9,485491,4.3,4.3,4.4,382,4381,8.7,7.9,9.6,1599,21835,7.3,7,7.7,15058,69,68.3,69.6
2023-06-30,"ICB","QOQ","E54000051","NHS HUMBER AND NORTH YORKSHIRE INTEGRATED CARE BOARD",14627,25228.2,58,52.2,62.9,396511,3.7,3.6,3.7,442,3366,13.1,12,14.3,1063,15189,7,6.6,7.4,9813,64.6,63.8,65.4
2023-06-30,"ICB","QOX","E54000040","NHS BATH AND NORTH EAST SOMERSET, SWINDON AND WILTSHIRE INTEGRATED CARE BOARD",7595,13155.5,57.7,51.9,62.7,201230,3.8,3.7,3.9,97,1505,6.4,5.3,7.8,516,7789,6.6,6.1,7.2,5137,66,64.9,67
2023-06-30,"ICB","QPM","E54000059","NHS NORTHAMPTONSHIRE INTEGRATED CARE BOARD",5494,8708.3,63.1,56.6,68.7,141379,3.9,3.8,4,78,1187,6.6,5.3,8.1,611,5684,10.7,10,11.6,3545,62.4,61.1,63.6
2023-06-30,"ICB","QR1","E54000043","NHS GLOUCESTERSHIRE INTEGRATED CARE BOARD",6160,9656.7,63.8,57.4,69.3,147607,4.2,4.1,4.3,90,1293,7,5.7,8.5,588,6349,9.3,8.6,10,4167,65.6,64.5,66.8
2023-06-30,"ICB","QSL","E54000038","NHS SOMERSET INTEGRATED CARE BOARD",5316,9727.2,54.7,49.1,59.5,147908,3.6,3.5,3.7,39,301,13,9.6,17.2,443,5463,8.1,7.4,8.9,3431,62.8,61.5,64.1
2023-06-30,"ICB","QWO","E54000054","NHS WEST YORKSHIRE INTEGRATED CARE BOARD",18246,27012.1,67.5,60.7,73.3,431923,4.2,4.2,4.3,691,4458,15.5,14.5,16.6,1770,18981,9.3,8.9,9.7,12797,67.4,66.7,68.1
2023-06-30,"ICB","QXU","E54000063","NHS SURREY HEARTLANDS ICB",9665,14694.5,65.8,59.3,71.4,210767,4.6,4.5,4.7,69,647,10.7,8.5,13.3,923,9858,9.4,8.8,10,6700,68,67,68.9
2023-06-30,"NHS_REGION","Y56","E40000003","LONDON",48166,72921.2,66.1,59.4,71.8,1185213,4.1,4,4.1,823,8487,9.7,9.1,10.3,4260,50103,8.5,8.3,8.7,34086,68,67.6,68.4
2023-06-30,"ICB","QE1","E54000048","NHS LANCASHIRE AND SOUTH CUMBRIA INTEGRATED CARE BOARD",15836,23052.1,68.7,61.8,74.6,367157,4.3,4.2,4.4,215,2528,8.5,7.5,9.7,1216,16379,7.4,7,7.8,10682,65.2,64.5,65.9
2023-06-30,"ICB","QGH","E54000019","NHS HEREFORDSHIRE AND WORCESTERSHIRE INTEGRATED CARE BOARD",6628,12497.9,53,47.7,57.6,193117,3.4,3.4,3.5,53,960,5.5,4.2,7.2,751,6811,11,10.3,11.8,4738,69.6,68.5,70.6
2023-06-30,"ICB","QH8","E54000026","NHS MID AND SOUTH ESSEX INTEGRATED CARE BOARD",9951,15740.8,63.2,56.9,68.6,239945,4.1,4.1,4.2,211,1419,14.9,13.1,16.8,946,10304,9.2,8.6,9.8,6836,66.3,65.4,67.2
2023-06-30,"ICB","QHG","E54000024","NHS BEDFORDSHIRE, LUTON AND MILTON KEYNES INTEGRATED CARE BOARD",6745,10109.3,66.7,59.8,72.5,163683,4.1,4,4.2,161,1400,11.5,9.9,13.3,680,7052,9.6,9,10.4,4451,63.1,62,64.2
2023-06-30,"ICB","QHL","E54000055","NHS BIRMINGHAM AND SOLIHULL INTEGRATED CARE BOARD",8448,14278.3,59.2,53.2,64.2,218145,3.9,3.8,4,127,1406,9,7.6,10.6,979,8793,11.1,10.5,11.8,5967,67.9,66.9,68.8
2023-06-30,"ICB","QHM","E54000050","NHS NORTH EAST AND NORTH CUMBRIA INTEGRATED CARE BOARD",26934,39728.7,67.8,61,73.6,643544,4.2,4.1,4.2,602,4767,12.6,11.7,13.6,2101,27976,7.5,7.2,7.8,18581,66.4,65.9,67
2023-06-30,"ICB","QJ2","E54000058","NHS DERBY AND DERBYSHIRE INTEGRATED CARE BOARD",9698,14462.9,67.1,60.3,72.9,229864,4.2,4.1,4.3,289,1016,28.4,25.8,31.3,990,10364,9.6,9,10.1,6535,63.1,62.1,64
2023-06-30,"ICB","QJG","E54000023","NHS SUFFOLK AND NORTH EAST ESSEX INTEGRATED CARE BOARD",9383,15778.8,59.5,53.5,64.6,239569,3.9,3.8,4,373,1458,25.6,23.4,27.9,1160,9676,12,11.4,12.7,6564,67.8,66.9,68.8
2023-06-30,"NHS_REGION","Y58","E40000006","SOUTH WEST",51565,88274.7,58.4,52.7,63.3,1337455,3.9,3.8,3.9,648,7704,8.4,7.8,9.1,4403,52975,8.3,8.1,8.5,33489,63.2,62.8,63.6
2023-06-30,"NHS_REGION","Y59","E40000005","SOUTH EAST",77179,124759.3,61.9,55.7,67,1873079,4.1,4.1,4.1,1025,8940,11.5,10.8,12.1,7234,79216,9.1,8.9,9.3,50764,64.1,63.7,64.4
2023-06-30,"NHS_REGION","Y60","E40000011","MIDLANDS",87878,139104.3,63.2,56.9,68.5,2175034,4,4,4.1,1478,15422,9.6,9.1,10.1,9148,91677,10,9.8,10.2,58485,63.8,63.5,64.1
2023-06-30,"ICB","QUA","E54000062","NHS BLACK COUNTRY INTEGRATED CARE BOARD",8931,14118.1,63.3,56.9,68.7,216873,4.1,4,4.2,151,2284,6.6,5.7,7.7,1034,9298,11.1,10.5,11.8,4674,50.3,49.3,51.3
2023-06-30,"ICB","QVV","E54000041","NHS DORSET INTEGRATED CARE BOARD",7812,14168.3,55.1,49.6,59.9,205734,3.8,3.7,3.9,83,2025,4.1,3.3,5.1,697,8043,8.7,8.1,9.3,5105,63.5,62.4,64.5
2023-06-30,"ICB","QRL","E54000042","NHS HAMPSHIRE AND ISLE OF WIGHT INTEGRATED CARE BOARD",16257,26678.5,60.9,54.8,66.1,401596,4,4,4.1,144,2339,6.2,5.3,7.2,1876,16696,11.2,10.8,11.7,9814,58.8,58,59.5
2023-06-30,"ICB","QRV","E54000027","NHS NORTH WEST LONDON INTEGRATED CARE BOARD",11952,18810.3,63.5,57,69,309825,3.9,3.8,3.9,291,2854,10.2,9.1,11.4,1005,12528,8,7.6,8.5,8563,68.4,67.5,69.2
2023-06-30,"ICB","QT1","E54000060","NHS NOTTINGHAM AND NOTTINGHAMSHIRE INTEGRATED CARE BOARD",9993,14232.9,70.2,63.1,76.3,223613,4.5,4.4,4.6,103,1403,7.3,6.1,8.8,1022,10575,9.7,9.1,10.2,6869,65,64,65.9
2023-06-30,"ICB","QT6","E54000036","NHS CORNWALL AND THE ISLES OF SCILLY INTEGRATED CARE BOARD",5439,9486,57.3,51.5,62.4,149433,3.6,3.5,3.7,98,678,14.5,12,17.3,491,5563,8.8,8.1,9.6,3178,57.1,55.8,58.4
2023-06-30,"ICB","QU9","E54000044","NHS BUCKINGHAMSHIRE, OXFORDSHIRE AND BERKSHIRE WEST INTEGRATED CARE BOARD",13596,22515.9,60.4,54.4,65.5,340866,4,3.9,4.1,184,1191,15.4,13.5,17.6,1173,13922,8.4,8,8.9,8825,63.4,62.6,64.2
2023-06-30,"ICB","QUE","E54000056","NHS CAMBRIDGESHIRE AND PETERBOROUGH INTEGRATED CARE BOARD",6074,10874.9,55.9,50.2,60.7,168763,3.6,3.5,3.7,91,896,10.2,8.3,12.3,591,6327,9.3,8.6,10.1,4101,64.8,63.6,66
2023-06-30,"ICB","QUY","E54000039","NHS BRISTOL, NORTH SOMERSET AND SOUTH GLOUCESTERSHIRE INTEGRATED CARE BOARD",7803,11633.4,67.1,60.3,72.9,175876,4.4,4.3,4.5,21,437,4.8,3.2,7.2,621,8047,7.7,7.2,8.3,5307,66,64.9,67
2023-06-30,"ICB","QWE","E54000031","NHS SOUTH WEST LONDON INTEGRATED CARE BOARD",9925,14024.6,70.8,63.5,76.9,222029,4.5,4.4,4.6,128,1072,11.9,10.1,14,942,10272,9.2,8.6,9.7,6943,67.6,66.7,68.5
2023-06-30,"ICB","QWU","E54000018","NHS COVENTRY AND WARWICKSHIRE INTEGRATED CARE BOARD",6891,12138.8,56.8,51,61.7,186064,3.7,3.6,3.8,107,1111,9.6,8,11.5,786,7131,11,10.3,11.8,4781,67,65.9,68.1
2023-06-30,"ICB","QYG","E54000008","NHS CHESHIRE AND MERSEYSIDE INTEGRATED CARE BOARD",22068,33643.9,65.6,59,71.2,535129,4.1,4.1,4.2,462,3503,13.2,12.1,14.3,2531,22806,11.1,10.7,11.5,15211,66.7,66.1,67.3
2023-06-30,"NHS_REGION","Y61","E40000007","EAST OF ENGLAND",54244,88554.7,61.3,55.2,66.4,1351313,4,4,4,1205,8228,14.6,13.9,15.4,5766,56128,10.3,10,10.5,36228,64.5,64.1,64.9
2023-06-30,"NHS_REGION","Y62","E40000010","NORTH WEST",58935,86374.1,68.2,61.4,74,1387777,4.2,4.2,4.3,1059,10412,10.2,9.6,10.8,5346,61020,8.8,8.5,9,40951,67.1,66.7,67.5
2023-06-30,"NHS_REGION","Y63","E40000012","NORTH EAST AND YORKSHIRE",71525,107992.7,66.2,59.6,71.8,1727759,4.1,4.1,4.2,1994,14991,13.3,12.8,13.9,5876,74397,7.9,7.7,8.1,49231,66.2,65.8,66.5
2023-06-30,"SUB_ICB_LOC","00L","E38000130","NHS NORTH EAST AND NORTH CUMBRIA ICB - 00L",3415,5343.9,63.9,57.1,69.7,86911,3.9,3.8,4.1,56,711,7.9,6.1,10.1,215,3514,6.1,5.4,7,2271,64.6,63,66.2
2023-06-30,"SUB_ICB_LOC","00N","E38000163","NHS NORTH EAST AND NORTH CUMBRIA ICB - 00N",1384,2012.6,68.8,61,75.6,32562,4.3,4,4.5,47,260,18.1,13.9,23.2,108,1434,7.5,6.3,9,945,65.9,63.4,68.3
2023-06-30,"SUB_ICB_LOC","00P","E38000176","NHS NORTH EAST AND NORTH CUMBRIA ICB - 00P",2209,3544.1,62.3,55.6,68.1,57902,3.8,3.7,4,50,340,14.7,11.3,18.9,242,2293,10.6,9.4,11.9,1531,66.8,64.8,68.7
2023-06-30,"SUB_ICB_LOC","02E","E38000194","NHS CHESHIRE AND MERSEYSIDE ICB - 02E",1938,2669.1,72.6,64.7,79.5,42496,4.6,4.4,4.8,71,377,18.8,15.2,23.1,248,1987,12.5,11.1,14,1249,62.9,60.7,65
2023-06-30,"SUB_ICB_LOC","00Q","E38000014","NHS LANCASHIRE AND SOUTH CUMBRIA ICB - 00Q",1083,1588.3,68.2,60.1,75.2,26714,4.1,3.8,4.3,15,274,5.5,3.3,8.8,102,1130,9,7.5,10.8,719,63.6,60.8,66.4
2023-06-30,"SUB_ICB_LOC","00R","E38000015","NHS LANCASHIRE AND SOUTH CUMBRIA ICB - 00R",1471,2158.5,68.1,60.5,74.8,34355,4.3,4.1,4.5,16,212,7.5,4.7,11.9,127,1537,8.3,7,9.7,864,56.2,53.7,58.7
2023-06-30,"SUB_ICB_LOC","00T","E38000016","NHS GREATER MANCHESTER ICB - 00T",2284,3237.3,70.6,62.9,77.3,53466,4.3,4.1,4.4,45,799,5.6,4.2,7.5,173,2374,7.3,6.3,8.4,1710,72,70.2,73.8
2023-06-30,"SUB_ICB_LOC","00V","E38000024","NHS GREATER MANCHESTER ICB - 00V",1804,2357.1,76.5,68.1,83.9,37600,4.8,4.6,5,3,77,3.9,1.3,10.8,193,1854,10.4,9.1,11.9,1338,72.2,70.1,74.2
2023-06-30,"SUB_ICB_LOC","00X","E38000034","NHS LANCASHIRE AND SOUTH CUMBRIA ICB - 00X",1619,2410.8,67.2,59.6,73.7,39495,4.1,3.9,4.3,10,302,3.3,1.8,6,100,1664,6,5,7.3,1191,71.6,69.4,73.7
2023-06-30,"SUB_ICB_LOC","00Y","E38000135","NHS GREATER MANCHESTER ICB - 00Y",1768,2489.2,71,63.1,77.8,40967,4.3,4.1,4.5,49,794,6.2,4.7,8.1,145,1849,7.8,6.7,9.2,1291,69.8,67.7,71.9
2023-06-30,"SUB_ICB_LOC","01A","E38000050","NHS LANCASHIRE AND SOUTH CUMBRIA ICB - 01A",3020,4361.7,69.2,61.8,75.6,72012,4.2,4,4.3,61,824,7.4,5.8,9.4,230,3130,7.3,6.5,8.3,2125,67.9,66.2,69.5
2023-06-30,"SUB_ICB_LOC","01D","E38000080","NHS GREATER MANCHESTER ICB - 01D",1686,2318.2,72.7,64.6,79.8,39510,4.3,4.1,4.5,39,373,10.5,7.7,14,140,1781,7.9,6.7,9.2,1226,68.8,66.6,70.9
2023-06-30,"SUB_ICB_LOC","01E","E38000227","NHS LANCASHIRE AND SOUTH CUMBRIA ICB - 01E",1650,2301.4,71.7,63.8,78.6,36609,4.5,4.3,4.7,14,266,5.3,3.2,8.6,149,1708,8.7,7.5,10.2,1245,72.9,70.7,74.9
2023-06-30,"SUB_ICB_LOC","01F","E38000068","NHS CHESHIRE AND MERSEYSIDE ICB - 01F",945,1404.3,67.3,59,74.4,24926,3.8,3.6,4,26,175,14.9,10.3,20.9,92,990,9.3,7.6,11.3,671,67.8,64.8,70.6
2023-06-30,"SUB_ICB_LOC","01G","E38000143","NHS GREATER MANCHESTER ICB - 01G",1776,2345.3,75.7,67.3,83,38758,4.6,4.4,4.8,52,234,22.2,17.4,28,132,1841,7.2,6.1,8.4,1241,67.4,65.2,69.5
2023-06-30,"SUB_ICB_LOC","01H","E38000215","NHS NORTH EAST AND NORTH CUMBRIA ICB - 01H",2801,4977.5,56.3,50.3,61.4,79224,3.5,3.4,3.7,70,250,28,22.8,33.9,268,2902,9.2,8.2,10.3,1946,67.1,65.3,68.7
2023-06-30,"SUB_ICB_LOC","01J","E38000091","NHS CHESHIRE AND MERSEYSIDE ICB - 01J",966,1648.9,58.6,51.5,64.8,28605,3.4,3.2,3.6,60,293,20.5,16.3,25.5,112,1013,11.1,9.3,13.1,579,57.2,54.1,60.2
2023-06-30,"SUB_ICB_LOC","01K","E38000228","NHS LANCASHIRE AND SOUTH CUMBRIA ICB - 01K",3651,5172.2,70.6,63.2,76.9,80246,4.5,4.4,4.7,46,291,15.8,12.1,20.4,287,3765,7.6,6.8,8.5,2385,63.3,61.8,64.9
2023-06-30,"SUB_ICB_LOC","01T","E38000161","NHS CHESHIRE AND MERSEYSIDE ICB - 01T",1192,1998.7,59.6,52.8,65.7,31760,3.8,3.5,4,28,296,9.5,6.6,13.3,99,1220,8.1,6.7,9.8,791,64.8,62.1,67.5
2023-06-30,"SUB_ICB_LOC","01V","E38000170","NHS CHESHIRE AND MERSEYSIDE ICB - 01V",1682,2360.3,71.3,63.5,78,33942,5,4.7,5.2,71,474,15,12,18.5,181,1729,10.5,9.1,12,1045,60.4,58.1,62.7
2023-06-30,"SUB_ICB_LOC","01W","E38000174","NHS GREATER MANCHESTER ICB - 01W",2843,4131.2,68.8,61.6,75.1,62401,4.6,4.4,4.7,24,247,9.7,6.6,14.1,201,2934,6.9,6,7.8,2117,72.2,70.5,73.7
2023-06-30,"SUB_ICB_LOC","01X","E38000172","NHS CHESHIRE AND MERSEYSIDE ICB - 01X",1791,2545,70.4,62.7,77.1,41043,4.4,4.2,4.6,56,312,17.9,14.1,22.6,147,1867,7.9,6.7,9.2,1199,64.2,62,66.4
2023-06-30,"SUB_ICB_LOC","01Y","E38000263","NHS GREATER MANCHESTER ICB - 01Y",1666,2302,72.4,64.2,79.4,38526,4.3,4.1,4.5,37,197,18.8,13.9,24.8,161,1745,9.2,8,10.7,1199,68.7,66.5,70.8
2023-06-30,"SUB_ICB_LOC","02A","E38000187","NHS GREATER MANCHESTER ICB - 02A",1818,2834.6,64.1,57.2,70.2,43111,4.2,4,4.4,42,218,19.3,14.6,25,94,1871,5,4.1,6.1,1146,61.3,59,63.4
2023-06-30,"SUB_ICB_LOC","02G","E38000200","NHS LANCASHIRE AND SOUTH CUMBRIA ICB - 02G",1131,1643.7,68.8,60.9,75.7,25864,4.4,4.1,4.6,10,129,7.8,4.3,13.7,85,1163,7.3,5.9,8.9,746,64.1,61.3,66.8
2023-06-30,"SUB_ICB_LOC","02H","E38000205","NHS GREATER MANCHESTER ICB - 02H",2763,3933.9,70.2,62.7,76.7,65643,4.2,4.1,4.4,54,631,8.6,6.6,11,154,2846,5.4,4.6,6.3,1834,64.4,62.7,66.2
2023-06-30,"SUB_ICB_LOC","02M","E38000226","NHS LANCASHIRE AND SOUTH CUMBRIA ICB - 02M",2211,3415.3,64.7,57.8,70.8,51862,4.3,4.1,4.4,43,230,18.7,14.2,24.2,136,2282,6,5.1,7,1407,61.7,59.6,63.6
2023-06-30,"SUB_ICB_LOC","02P","E38000006","NHS SOUTH YORKSHIRE ICB - 02P",2149,3034.4,70.8,63.1,77.5,50415,4.3,4.1,4.4,40,194,20.6,15.5,26.9,98,2235,4.4,3.6,5.3,1404,62.8,60.8,64.8
2023-06-30,"SUB_ICB_LOC","02Q","E38000008","NHS NOTTINGHAM AND NOTTINGHAMSHIRE ICB - 02Q",1232,1680.3,73.3,65,80.7,27074,4.6,4.3,4.8,36,192,18.8,13.9,24.9,136,1296,10.5,8.9,12.3,846,65.3,62.6,67.8
2023-06-30,"SUB_ICB_LOC","02T","E38000025","NHS WEST YORKSHIRE ICB - 02T",1625,2558.9,63.5,56.4,69.7,42164,3.9,3.7,4,35,525,6.7,4.8,9.1,131,1698,7.7,6.5,9.1,1060,62.4,60.1,64.7
2023-06-30,"SUB_ICB_LOC","02X","E38000044","NHS SOUTH YORKSHIRE ICB - 02X",2605,3695.3,70.5,62.9,77,60078,4.3,4.2,4.5,51,1032,4.9,3.8,6.4,205,2764,7.4,6.5,8.5,1700,61.5,59.7,63.3
2023-06-30,"SUB_ICB_LOC","02Y","E38000052","NHS HUMBER AND NORTH YORKSHIRE ICB - 02Y",3117,5371,58,51.9,63.3,83717,3.7,3.6,3.9,99,656,15.1,12.6,18,207,3202,6.5,5.7,7.4,1979,61.8,60.1,63.5
2023-06-30,"SUB_ICB_LOC","03F","E38000085","NHS HUMBER AND NORTH YORKSHIRE ICB - 03F",1941,2850.9,68.1,60.6,74.5,48312,4,3.8,4.2,48,424,11.3,8.6,14.7,226,2044,11.1,9.8,12.5,1251,61.2,59.1,63.3
2023-06-30,"SUB_ICB_LOC","03H","E38000119","NHS HUMBER AND NORTH YORKSHIRE ICB - 03H",1317,2252.3,58.5,51.9,64.2,35612,3.7,3.5,3.9,66,295,22.4,18,27.5,123,1393,8.8,7.5,10.4,849,60.9,58.4,63.5
2023-06-30,"SUB_ICB_LOC","03K","E38000122","NHS HUMBER AND NORTH YORKSHIRE ICB - 03K",1347,2483.9,54.2,48.1,59.6,39935,3.4,3.2,3.6,55,579,9.5,7.4,12.2,118,1475,8,6.7,9.5,741,50.2,47.7,52.8
2023-06-30,"SUB_ICB_LOC","03L","E38000141","NHS SOUTH YORKSHIRE ICB - 03L",2571,3181.7,80.8,72.2,88.3,51278,5,4.8,5.2,96,550,17.5,14.5,20.8,192,2676,7.2,6.3,8.2,1885,70.4,68.7,72.1
2023-06-30,"SUB_ICB_LOC","03N","E38000146","NHS SOUTH YORKSHIRE ICB - 03N",4393,6112.4,71.9,64.5,78.2,94010,4.7,4.5,4.8,72,624,11.5,9.3,14.3,447,4576,9.8,8.9,10.7,3051,66.7,65.3,68
2023-06-30,"SUB_ICB_LOC","03Q","E38000188","NHS HUMBER AND NORTH YORKSHIRE ICB - 03Q",2630,5001.3,52.6,47,57.5,76782,3.4,3.3,3.6,46,499,9.2,7,12.1,127,2688,4.7,4,5.6,1981,73.7,72,75.3
2023-06-30,"SUB_ICB_LOC","03R","E38000190","NHS WEST YORKSHIRE ICB - 03R",2711,4343.9,62.4,55.7,68.2,71648,3.8,3.6,3.9,121,845,14.3,12.1,16.8,312,2849,11,9.9,12.2,1940,68.1,66.4,69.8
2023-06-30,"SUB_ICB_LOC","03W","E38000051","NHS LEICESTER, LEICESTERSHIRE AND RUTLAND ICB - 03W",3144,5277.4,59.6,53.4,65,80108,3.9,3.8,4.1,22,552,4,2.6,6,294,3247,9.1,8.1,10.1,2183,67.2,65.6,68.8
2023-06-30,"SUB_ICB_LOC","04C","E38000097","NHS LEICESTER, LEICESTERSHIRE AND RUTLAND ICB - 04C",2174,2901.3,74.9,66.6,82,49202,4.4,4.2,4.6,10,683,1.5,0.8,2.7,293,2381,12.3,11,13.7,1575,66.1,64.2,68
2023-06-30,"SUB_ICB_LOC","06Q","E38000106","NHS MID AND SOUTH ESSEX ICB - 06Q",3076,5373.8,57.2,51.2,62.5,82882,3.7,3.6,3.8,49,424,11.6,8.9,15,324,3175,10.2,9.2,11.3,1933,60.9,59.2,62.6
2023-06-30,"SUB_ICB_LOC","07G","E38000185","NHS MID AND SOUTH ESSEX ICB - 07G",1043,1556.4,67,59.1,73.9,25454,4.1,3.9,4.3,25,216,11.6,8,16.5,114,1082,10.5,8.8,12.5,770,71.2,68.4,73.8
2023-06-30,"SUB_ICB_LOC","09D","E38000021","NHS SUSSEX ICB - 09D",1928,2815.7,68.5,61,74.9,43926,4.4,4.2,4.6,47,247,19,14.6,24.4,125,1994,6.3,5.3,7.4,1386,69.5,67.5,71.5
2023-06-30,"SUB_ICB_LOC","04V","E38000201","NHS LEICESTER, LEICESTERSHIRE AND RUTLAND ICB - 04V",3177,5118.2,62.1,55.5,67.7,81882,3.9,3.7,4,50,513,9.7,7.5,12.6,291,3291,8.8,7.9,9.9,2033,61.8,60.1,63.4
2023-06-30,"SUB_ICB_LOC","04Y","E38000028","NHS STAFFORDSHIRE AND STOKE-ON-TRENT ICB - 04Y",1306,1778,73.5,65.1,80.8,28391,4.6,4.4,4.8,44,164,26.8,20.6,34.1,149,1348,11.1,9.5,12.8,903,67,64.4,69.4
2023-06-30,"SUB_ICB_LOC","05D","E38000053","NHS STAFFORDSHIRE AND STOKE-ON-TRENT ICB - 05D",1134,1870.5,60.6,53.7,66.8,29291,3.9,3.7,4.1,27,216,12.5,8.7,17.6,76,1174,6.5,5.2,8,842,71.7,69.1,74.2
2023-06-30,"SUB_ICB_LOC","05G","E38000126","NHS STAFFORDSHIRE AND STOKE-ON-TRENT ICB - 05G",2427,3413,71.1,63.5,77.6,52903,4.6,4.4,4.8,29,643,4.5,3.2,6.4,289,2474,11.7,10.5,13,1550,62.7,60.7,64.5
2023-06-30,"SUB_ICB_LOC","05Q","E38000153","NHS STAFFORDSHIRE AND STOKE-ON-TRENT ICB - 05Q",2080,3068.9,67.8,60.5,74.1,48450,4.3,4.1,4.5,44,210,21,16,27,130,2139,6.1,5.1,7.2,1450,67.8,65.8,69.7
2023-06-30,"SUB_ICB_LOC","05V","E38000173","NHS STAFFORDSHIRE AND STOKE-ON-TRENT ICB - 05V",1385,2299.5,60.2,53.5,66.2,35567,3.9,3.7,4.1,38,173,22,16.4,28.7,80,1415,5.7,4.6,7,928,65.6,63.1,68
2023-06-30,"SUB_ICB_LOC","05W","E38000175","NHS STAFFORDSHIRE AND STOKE-ON-TRENT ICB - 05W",2784,3178,87.6,78.2,95.6,50522,5.5,5.3,5.7,32,813,3.9,2.8,5.5,259,2875,9,8,10.1,1928,67.1,65.3,68.8
2023-06-30,"SUB_ICB_LOC","06H","E38000260","NHS CAMBRIDGESHIRE AND PETERBOROUGH ICB - 06H",6074,10874.9,55.9,50.2,60.7,168763,3.6,3.5,3.7,91,896,10.2,8.3,12.3,591,6327,9.3,8.6,10.1,4101,64.8,63.6,66
2023-06-30,"SUB_ICB_LOC","06K","E38000049","NHS HERTFORDSHIRE AND WEST ESSEX ICB - 06K",4440,7241.4,61.3,55.1,66.8,107237,4.1,4,4.3,38,859,4.4,3.2,6,348,4568,7.6,6.9,8.4,2951,64.6,63.2,66
2023-06-30,"SUB_ICB_LOC","06L","E38000086","NHS SUFFOLK AND NORTH EAST ESSEX ICB - 06L",3562,6197.5,57.5,51.5,62.6,93883,3.8,3.7,3.9,244,630,38.7,35,42.6,321,3659,8.8,7.9,9.7,2558,69.9,68.4,71.4
2023-06-30,"SUB_ICB_LOC","06N","E38000079","NHS HERTFORDSHIRE AND WEST ESSEX ICB - 06N",4506,7325.3,61.5,55.2,66.9,108669,4.1,4,4.3,124,370,33.5,28.9,38.5,534,4639,11.5,10.6,12.5,3198,68.9,67.6,70.3
2023-06-30,"SUB_ICB_LOC","06T","E38000117","NHS SUFFOLK AND NORTH EAST ESSEX ICB - 06T",3521,5386.1,65.4,58.6,71.2,81388,4.3,4.2,4.5,61,577,10.6,8.3,13.3,571,3676,15.5,14.4,16.7,2484,67.6,66,69.1
2023-06-30,"SUB_ICB_LOC","07H","E38000197","NHS HERTFORDSHIRE AND WEST ESSEX ICB - 07H",2719,3892.8,69.8,62.6,76.3,58109,4.7,4.5,4.9,15,463,3.2,2,5.3,232,2797,8.3,7.3,9.4,1655,59.2,57.3,61
2023-06-30,"SUB_ICB_LOC","07K","E38000204","NHS SUFFOLK AND NORTH EAST ESSEX ICB - 07K",2300,4195.2,54.8,49,59.9,64298,3.6,3.4,3.7,68,251,27.1,22,32.9,268,2341,11.4,10.2,12.8,1522,65,63.1,66.9
2023-06-30,"SUB_ICB_LOC","10Q","E38000136","NHS BUCKINGHAMSHIRE, OXFORDSHIRE AND BERKSHIRE WEST ICB - 10Q",5733,9267.2,61.9,55.6,67.2,139488,4.1,4,4.2,59,369,16,12.6,20.1,526,5875,9,8.2,9.7,3801,64.7,63.5,65.9
2023-06-30,"SUB_ICB_LOC","10R","E38000137","NHS HAMPSHIRE AND ISLE OF WIGHT ICB - 10R",1414,2174.8,65,57.7,71.4,34168,4.1,3.9,4.4,5,403,1.2,0.5,2.9,149,1460,10.2,8.8,11.9,705,48.3,45.7,50.9
2023-06-30,"SUB_ICB_LOC","11J","E38000045","NHS DORSET ICB - 11J",7812,14168.3,55.1,49.6,59.9,205734,3.8,3.7,3.9,83,2025,4.1,3.3,5.1,697,8043,8.7,8.1,9.3,5105,63.5,62.4,64.5
2023-06-30,"SUB_ICB_LOC","11M","E38000062","NHS GLOUCESTERSHIRE ICB - 11M",6160,9656.7,63.8,57.4,69.3,147607,4.2,4.1,4.3,90,1293,7,5.7,8.5,588,6349,9.3,8.6,10,4167,65.6,64.5,66.8
2023-06-30,"SUB_ICB_LOC","72Q","E38000244","NHS SOUTH EAST LONDON ICB - 72Q",10268,14937.1,68.7,61.7,74.7,240019,4.3,4.2,4.4,187,1764,10.6,9.2,12.1,893,10656,8.4,7.9,8.9,7198,67.5,66.7,68.4
2023-06-30,"SUB_ICB_LOC","11N","E38000089","NHS CORNWALL AND THE ISLES OF SCILLY ICB - 11N",5439,9486,57.3,51.5,62.4,149433,3.6,3.5,3.7,98,678,14.5,12,17.3,491,5563,8.8,8.1,9.6,3178,57.1,55.8,58.4
2023-06-30,"SUB_ICB_LOC","11X","E38000150","NHS SOMERSET ICB - 11X",5316,9727.2,54.7,49.1,59.5,147908,3.6,3.5,3.7,39,301,13,9.6,17.2,443,5463,8.1,7.4,8.9,3431,62.8,61.5,64.1
2023-06-30,"SUB_ICB_LOC","12F","E38000208","NHS CHESHIRE AND MERSEYSIDE ICB - 12F",3050,4752.2,64.2,57.4,70,74215,4.1,4,4.3,29,216,13.4,9.5,18.6,419,3162,13.3,12.1,14.5,2243,70.9,69.3,72.5
2023-06-30,"SUB_ICB_LOC","13T","E38000212","NHS NORTH EAST AND NORTH CUMBRIA ICB - 13T",3957,5468.6,72.4,64.9,78.8,85956,4.6,4.5,4.7,25,822,3,2.1,4.5,339,4111,8.2,7.4,9.1,2665,64.8,63.4,66.3
2023-06-30,"SUB_ICB_LOC","14L","E38000217","NHS GREATER MANCHESTER ICB - 14L",2623,3729.2,70.3,62.6,77,65509,4,3.9,4.2,37,811,4.6,3.3,6.2,206,2740,7.5,6.6,8.6,1956,71.4,69.7,73
2023-06-30,"SUB_ICB_LOC","14Y","E38000223","NHS BUCKINGHAMSHIRE, OXFORDSHIRE AND BERKSHIRE WEST ICB - 14Y",4163,7380.3,56.4,50.6,61.4,110051,3.8,3.7,3.9,43,512,8.4,6.3,11.1,323,4252,7.6,6.8,8.4,2642,62.1,60.7,63.6
2023-06-30,"SUB_ICB_LOC","15A","E38000221","NHS BUCKINGHAMSHIRE, OXFORDSHIRE AND BERKSHIRE WEST ICB - 15A",3700,5868.4,63,56.5,68.7,91327,4.1,3.9,4.2,82,310,26.5,21.9,31.6,324,3795,8.5,7.7,9.5,2382,62.8,61.2,64.3
2023-06-30,"SUB_ICB_LOC","15C","E38000222","NHS BRISTOL, NORTH SOMERSET AND SOUTH GLOUCESTERSHIRE ICB - 15C",7803,11633.4,67.1,60.3,72.9,175876,4.4,4.3,4.5,21,437,4.8,3.2,7.2,621,8047,7.7,7.2,8.3,5307,66,64.9,67
2023-06-30,"SUB_ICB_LOC","15E","E38000258","NHS BIRMINGHAM AND SOLIHULL ICB - 15E",8448,14278.3,59.2,53.2,64.2,218145,3.9,3.8,4,127,1406,9,7.6,10.6,979,8793,11.1,10.5,11.8,5967,67.9,66.9,68.8
2023-06-30,"SUB_ICB_LOC","15F","E38000225","NHS WEST YORKSHIRE ICB - 15F",6002,8731.8,68.7,61.7,74.8,136460,4.4,4.3,4.5,261,1036,25.2,22.6,27.9,335,6177,5.4,4.9,6,4214,68.2,67,69.4
2023-06-30,"SUB_ICB_LOC","15M","E38000261","NHS DERBY AND DERBYSHIRE ICB - 15M",9698,14462.9,67.1,60.3,72.9,229864,4.2,4.1,4.3,289,1016,28.4,25.8,31.3,990,10364,9.6,9,10.1,6535,63.1,62.1,64
2023-06-30,"SUB_ICB_LOC","15N","E38000230","NHS DEVON ICB - 15N",11440,20447.5,55.9,50.3,60.7,309667,3.7,3.6,3.8,220,1465,15,13.3,16.9,1047,11721,8.9,8.4,9.5,7164,61.1,60.2,62
2023-06-30,"SUB_ICB_LOC","16C","E38000247","NHS NORTH EAST AND NORTH CUMBRIA ICB - 16C",5969,8310.4,71.8,64.4,78.1,135587,4.4,4.3,4.5,214,1214,17.6,15.6,19.9,390,6209,6.3,5.7,6.9,4172,67.2,66,68.3
2023-06-30,"SUB_ICB_LOC","18C","E38000236","NHS HEREFORDSHIRE AND WORCESTERSHIRE ICB - 18C",6628,12497.9,53,47.7,57.6,193117,3.4,3.4,3.5,53,960,5.5,4.2,7.2,751,6811,11,10.3,11.8,4738,69.6,68.5,70.6
2023-06-30,"SUB_ICB_LOC","26A","E38000239","NHS NORFOLK AND WAVENEY ICB - 26A",10426,17591.4,59.3,53.4,64.4,265338,3.9,3.9,4,192,1363,14.1,12.3,16,1275,10765,11.8,11.2,12.5,6472,60.1,59.2,61
2023-06-30,"SUB_ICB_LOC","27D","E38000233","NHS CHESHIRE AND MERSEYSIDE ICB - 27D",7479,11333.4,66,59.3,71.7,174127,4.3,4.2,4.4,62,742,8.4,6.6,10.6,766,7670,10,9.3,10.7,5301,69.1,68.1,70.1
2023-06-30,"SUB_ICB_LOC","36J","E38000232","NHS WEST YORKSHIRE ICB - 36J",4789,6505,73.6,66,80.1,103345,4.6,4.5,4.8,163,906,18,15.6,20.6,713,4987,14.3,13.4,15.3,3384,67.9,66.5,69.1
2023-06-30,"SUB_ICB_LOC","36L","E38000245","NHS SOUTH WEST LONDON ICB - 36L",9925,14024.6,70.8,63.5,76.9,222029,4.5,4.4,4.6,128,1072,11.9,10.1,14,942,10272,9.2,8.6,9.7,6943,67.6,66.7,68.5
2023-06-30,"SUB_ICB_LOC","70F","E38000265","NHS SUSSEX ICB - 70F",9101,14573.3,62.4,56.3,67.8,211151,4.3,4.2,4.4,82,1187,6.9,5.6,8.5,700,9310,7.5,7,8.1,6065,65.1,64.2,66.1
2023-06-30,"SUB_ICB_LOC","71E","E38000238","NHS LINCOLNSHIRE ICB - 71E",7705,12145.6,63.4,57,69,190835,4,4,4.1,224,1703,13.2,11.6,14.8,724,8073,9,8.4,9.6,4965,61.5,60.4,62.6
2023-06-30,"SUB_ICB_LOC","42D","E38000241","NHS HUMBER AND NORTH YORKSHIRE ICB - 42D",4275,7268.7,58.8,52.8,64,112153,3.8,3.7,3.9,128,913,14,11.9,16.4,262,4387,6,5.3,6.7,3012,68.7,67.3,70
2023-06-30,"SUB_ICB_LOC","52R","E38000243","NHS NOTTINGHAM AND NOTTINGHAMSHIRE ICB - 52R",8761,12552.6,69.8,62.7,75.8,196539,4.5,4.4,4.5,67,1211,5.5,4.4,7,886,9279,9.5,9,10.2,6023,64.9,63.9,65.9
2023-06-30,"SUB_ICB_LOC","78H","E38000262","NHS NORTHAMPTONSHIRE ICB - 78H",5494,8708.3,63.1,56.6,68.7,141379,3.9,3.8,4,78,1187,6.6,5.3,8.1,611,5684,10.7,10,11.6,3545,62.4,61.1,63.6
2023-06-30,"SUB_ICB_LOC","84H","E38000234","NHS NORTH EAST AND NORTH CUMBRIA ICB - 84H",5163,7167.8,72,64.5,78.4,118658,4.4,4.2,4.5,127,695,18.3,15.6,21.3,389,5404,7.2,6.5,7.9,3593,66.5,65.2,67.7
2023-06-30,"SUB_ICB_LOC","91Q","E38000237","NHS KENT AND MEDWAY ICB - 91Q",14582,24885.1,58.6,52.7,63.6,385982,3.8,3.7,3.8,150,1484,10.1,8.7,11.7,1278,15077,8.5,8,8.9,9823,65.2,64.4,65.9
2023-06-30,"SUB_ICB_LOC","92A","E38000264","NHS SURREY HEARTLANDS ICB - 92A",9665,14694.5,65.8,59.3,71.4,210767,4.6,4.5,4.7,69,647,10.7,8.5,13.3,923,9858,9.4,8.8,10,6700,68,67,68.9
2023-06-30,"SUB_ICB_LOC","92G","E38000231","NHS BATH AND NORTH EAST SOMERSET, SWINDON AND WILTSHIRE ICB - 92G",7595,13155.5,57.7,51.9,62.7,201230,3.8,3.7,3.9,97,1505,6.4,5.3,7.8,516,7789,6.6,6.1,7.2,5137,66,64.9,67
2023-06-30,"SUB_ICB_LOC","93C","E38000240","NHS NORTH CENTRAL LONDON ICB - 93C",8091,11936.3,67.8,60.8,73.7,191452,4.2,4.1,4.3,78,707,11,8.9,13.6,662,8344,7.9,7.4,8.5,5590,67,66,68
2023-06-30,"SUB_ICB_LOC","97R","E38000235","NHS SUSSEX ICB - 97R",6162,9950.2,61.9,55.7,67.4,146469,4.2,4.1,4.3,254,1165,21.8,19.5,24.3,673,6330,10.6,9.9,11.4,4150,65.6,64.4,66.7
2023-06-30,"SUB_ICB_LOC","99A","E38000101","NHS CHESHIRE AND MERSEYSIDE ICB - 99A",3025,4931.9,61.3,54.7,67,84015,3.6,3.5,3.7,59,618,9.5,7.5,12.1,467,3168,14.7,13.5,16,2133,67.3,65.7,68.9
2023-06-30,"SUB_ICB_LOC","99C","E38000127","NHS NORTH EAST AND NORTH CUMBRIA ICB - 99C",2036,2903.9,70.1,62.5,76.7,46744,4.4,4.2,4.5,13,475,2.7,1.6,4.6,150,2109,7.1,6.1,8.3,1458,69.1,67.1,71.1
2023-06-30,"SUB_ICB_LOC","99E","E38000007","NHS MID AND SOUTH ESSEX ICB - 99E",1897,3414.2,55.6,49.5,60.8,51379,3.7,3.5,3.9,51,458,11.1,8.6,14.3,205,1980,10.4,9.1,11.8,1238,62.5,60.4,64.6
2023-06-30,"SUB_ICB_LOC","99F","E38000030","NHS MID AND SOUTH ESSEX ICB - 99F",2006,2970.8,67.5,60.3,73.9,44180,4.5,4.4,4.7,47,166,28.3,22,35.6,137,2052,6.7,5.7,7.8,1405,68.5,66.4,70.4
2023-06-30,"SUB_ICB_LOC","99G","E38000168","NHS MID AND SOUTH ESSEX ICB - 99G",1929,2425.6,79.5,71,87.1,36050,5.4,5.1,5.6,39,155,25.2,19,32.5,166,2015,8.2,7.1,9.5,1490,73.9,72,75.8
2023-06-30,"SUB_ICB_LOC","A3A8R","E38000255","NHS NORTH EAST LONDON ICB - A3A8R",7930,13212.9,60,53.7,65.3,221888,3.6,3.5,3.7,139,2090,6.7,5.7,7.8,758,8303,9.1,8.5,9.8,5792,69.8,68.8,70.7
2023-06-30,"SUB_ICB_LOC","B2M3M","E38000251","NHS COVENTRY AND WARWICKSHIRE ICB - B2M3M",6891,12138.8,56.8,51,61.7,186064,3.7,3.6,3.8,107,1111,9.6,8,11.5,786,7131,11,10.3,11.8,4781,67,65.9,68.1
2023-06-30,"SUB_ICB_LOC","D2P2L","E38000259","NHS BLACK COUNTRY ICB - D2P2L",8931,14118.1,63.3,56.9,68.7,216873,4.1,4,4.2,151,2284,6.6,5.7,7.7,1034,9298,11.1,10.5,11.8,4674,50.3,49.3,51.3
2023-06-30,"SUB_ICB_LOC","D4U1Y","E38000252","NHS FRIMLEY ICB - D4U1Y",5888,8646.1,68.1,61.2,74,132322,4.4,4.3,4.6,95,680,14,11.6,16.8,486,6029,8.1,7.4,8.8,4001,66.4,65.2,67.5
2023-06-30,"SUB_ICB_LOC","D9Y0V","E38000253","NHS HAMPSHIRE AND ISLE OF WIGHT ICB - D9Y0V",14843,24503.7,60.6,54.6,65.7,367428,4,4,4.1,139,1936,7.2,6.1,8.4,1727,15236,11.3,10.8,11.8,9109,59.8,59,60.6
2023-06-30,"SUB_ICB_LOC","M1J4Y","E38000249","NHS BEDFORDSHIRE, LUTON AND MILTON KEYNES ICB - M1J4Y",6745,10109.3,66.7,59.8,72.5,163683,4.1,4,4.2,161,1400,11.5,9.9,13.3,680,7052,9.6,9,10.4,4451,63.1,62,64.2
2023-06-30,"SUB_ICB_LOC","M2L0M","E38000257","NHS SHROPSHIRE, TELFORD AND WREKIN ICB - M2L0M",4479,7616.7,58.8,52.7,64,118828,3.8,3.7,3.9,50,385,13,10,16.7,390,4604,8.5,7.7,9.3,3019,65.6,64.2,66.9
2023-06-30,"SUB_ICB_LOC","W2U3Z","E38000256","NHS NORTH WEST LONDON ICB - W2U3Z",11952,18810.3,63.5,57,69,309825,3.9,3.8,3.9,291,2854,10.2,9.1,11.4,1005,12528,8,7.6,8.5,8563,68.4,67.5,69.2
2023-06-30,"SUB_ICB_LOC","X2C4Y","E38000254","NHS WEST YORKSHIRE ICB - X2C4Y",3119,4872.4,64,57.2,69.8,78306,4,3.8,4.1,111,1146,9.7,8.1,11.5,279,3270,8.5,7.6,9.5,2199,67.2,65.6,68.8
2023-07-31,"ICB","QE1","E54000048","NHS LANCASHIRE AND SOUTH CUMBRIA INTEGRATED CARE BOARD",15922,23135.5,68.8,61.9,74.6,367865,4.3,4.3,4.4,321,3478,9.2,8.3,10.2,1230,16469,7.5,7.1,7.9,10474,63.6,62.9,64.3
2023-07-31,"ICB","QF7","E54000061","NHS SOUTH YORKSHIRE INTEGRATED CARE BOARD",11822,16076.4,73.5,66.1,79.9,256210,4.6,4.5,4.7,386,3285,11.8,10.7,12.9,921,12361,7.5,7,7.9,7904,63.9,63.1,64.8
2023-07-31,"ICB","QGH","E54000019","NHS HEREFORDSHIRE AND WORCESTERSHIRE INTEGRATED CARE BOARD",6702,12552.4,53.4,48,58,193478,3.5,3.4,3.5,79,1278,6.2,5,7.6,752,6880,10.9,10.2,11.7,4645,67.5,66.4,68.6
2023-07-31,"ICB","QH8","E54000026","NHS MID AND SOUTH ESSEX INTEGRATED CARE BOARD",10055,15800.9,63.6,57.2,69.2,240353,4.2,4.1,4.3,301,1953,15.4,13.9,17.1,977,10408,9.4,8.8,10,6842,65.7,64.8,66.6
2023-07-31,"ICB","QHG","E54000024","NHS BEDFORDSHIRE, LUTON AND MILTON KEYNES INTEGRATED CARE BOARD",6809,10146.2,67.1,60.2,73,164120,4.1,4.1,4.2,242,1854,13.1,11.6,14.7,679,7110,9.5,8.9,10.3,4374,61.5,60.4,62.6
2023-07-31,"ICB","QHL","E54000055","NHS BIRMINGHAM AND SOLIHULL INTEGRATED CARE BOARD",8516,14307.3,59.5,53.5,64.7,218510,3.9,3.8,4,187,1925,9.7,8.5,11.1,995,8865,11.2,10.6,11.9,5836,65.8,64.8,66.8
2023-07-31,"ICB","QHM","E54000050","NHS NORTH EAST AND NORTH CUMBRIA INTEGRATED CARE BOARD",27263,39975.8,68.2,61.3,74,646631,4.2,4.2,4.3,869,6567,13.2,12.4,14.1,2112,28303,7.5,7.2,7.8,18262,64.5,64,65.1
2023-07-31,"ICB","QVV","E54000041","NHS DORSET INTEGRATED CARE BOARD",7883,14207.6,55.5,49.9,60.3,206050,3.8,3.7,3.9,112,2724,4.1,3.4,4.9,714,8108,8.8,8.2,9.4,5005,61.7,60.7,62.8
2023-07-31,"ICB","QWE","E54000031","NHS SOUTH WEST LONDON INTEGRATED CARE BOARD",9964,14059.2,70.9,63.7,77,222596,4.5,4.4,4.6,177,1478,12,10.4,13.7,954,10317,9.2,8.7,9.8,6721,65.1,64.2,66.1
2023-07-31,"ICB","QWO","E54000054","NHS WEST YORKSHIRE INTEGRATED CARE BOARD",18438,27121.2,68,61.1,73.8,432800,4.3,4.2,4.3,1009,6045,16.7,15.8,17.7,1802,19167,9.4,9,9.8,12556,65.5,64.8,66.2
2023-07-31,"ICB","QWU","E54000018","NHS COVENTRY AND WARWICKSHIRE INTEGRATED CARE BOARD",6941,12189.8,56.9,51.1,61.9,186494,3.7,3.6,3.8,147,1501,9.8,8.4,11.4,809,7185,11.3,10.5,12,4560,63.5,62.3,64.6
2023-07-31,"ICB","QXU","E54000063","NHS SURREY HEARTLANDS ICB",9725,14742.4,66,59.4,71.6,211109,4.6,4.5,4.7,88,879,10,8.2,12.2,926,9917,9.3,8.8,9.9,6513,65.7,64.7,66.6
2023-07-31,"ICB","QYG","E54000008","NHS CHESHIRE AND MERSEYSIDE INTEGRATED CARE BOARD",22205,33754.4,65.8,59.2,71.4,536213,4.1,4.1,4.2,696,4927,14.1,13.2,15.1,2527,22938,11,10.6,11.4,15009,65.4,64.8,66
2023-07-31,"NHS_REGION","Y58","E40000006","SOUTH WEST",51992,88582.2,58.7,52.9,63.6,1339753,3.9,3.8,3.9,971,10529,9.2,8.7,9.8,4466,53397,8.4,8.1,8.6,32548,61,60.5,61.4
2023-07-31,"NHS_REGION","Y59","E40000005","SOUTH EAST",77724,125211.7,62.1,56,67.3,1876804,4.1,4.1,4.2,1421,12192,11.7,11.1,12.2,7316,79750,9.2,9,9.4,49519,62.1,61.8,62.4
2023-07-31,"NHS_REGION","Y61","E40000007","EAST OF ENGLAND",54884,88913.7,61.7,55.6,66.9,1354203,4.1,4,4.1,1758,11277,15.6,14.9,16.3,5861,56752,10.3,10.1,10.6,35628,62.8,62.4,63.2
2023-07-31,"NHS_REGION","Y62","E40000010","NORTH WEST",59427,86677.5,68.6,61.7,74.4,1390526,4.3,4.2,4.3,1554,14510,10.7,10.2,11.2,5363,61517,8.7,8.5,8.9,40202,65.4,65,65.7
2023-07-31,"NHS_REGION","Y63","E40000012","NORTH EAST AND YORKSHIRE",72268,108492.8,66.6,60,72.2,1732947,4.2,4.1,4.2,2890,20488,14.1,13.6,14.6,5881,75141,7.8,7.6,8,48287,64.3,63.9,64.6
2023-07-31,"SUB_ICB_LOC","00L","E38000130","NHS NORTH EAST AND NORTH CUMBRIA ICB - 00L",3428,5358.4,64,57.2,69.8,87075,3.9,3.8,4.1,83,946,8.8,7.1,10.7,219,3525,6.2,5.5,7.1,2252,63.9,62.3,65.5
2023-07-31,"SUB_ICB_LOC","00N","E38000163","NHS NORTH EAST AND NORTH CUMBRIA ICB - 00N",1400,2017.2,69.4,61.6,76.2,32626,4.3,4.1,4.5,64,361,17.7,14.1,22,110,1449,7.6,6.3,9.1,916,63.2,60.7,65.7
2023-07-31,"SUB_ICB_LOC","00P","E38000176","NHS NORTH EAST AND NORTH CUMBRIA ICB - 00P",2236,3556,62.9,56.1,68.7,58005,3.9,3.7,4,68,446,15.2,12.2,18.9,245,2317,10.6,9.4,11.9,1475,63.7,61.7,65.6
2023-07-31,"SUB_ICB_LOC","00Q","E38000014","NHS LANCASHIRE AND SOUTH CUMBRIA ICB - 00Q",1086,1594.3,68.1,60.2,75.1,26779,4.1,3.8,4.3,27,381,7.1,4.9,10.1,100,1134,8.8,7.3,10.6,711,62.7,59.8,65.5
2023-07-31,"SUB_ICB_LOC","00R","E38000015","NHS LANCASHIRE AND SOUTH CUMBRIA ICB - 00R",1478,2163.4,68.3,60.7,74.9,34431,4.3,4.1,4.5,23,269,8.6,5.8,12.5,131,1543,8.5,7.2,10,793,51.4,48.9,53.9
2023-07-31,"ICB","QJ2","E54000058","NHS DERBY AND DERBYSHIRE INTEGRATED CARE BOARD",9826,14511.7,67.7,60.8,73.5,230242,4.3,4.2,4.4,433,1376,31.5,29.1,34,1014,10472,9.7,9.1,10.3,6461,61.7,60.8,62.6
2023-07-31,"ICB","QJG","E54000023","NHS SUFFOLK AND NORTH EAST ESSEX INTEGRATED CARE BOARD",9503,15844,60,54,65.2,240018,4,3.9,4,533,1995,26.7,24.8,28.7,1180,9798,12,11.4,12.7,6391,65.2,64.3,66.2
2023-07-31,"ICB","QJK","E54000037","NHS DEVON INTEGRATED CARE BOARD",11569,20524.9,56.4,50.8,61.2,310168,3.7,3.7,3.8,330,2086,15.8,14.3,17.4,1068,11848,9,8.5,9.5,7064,59.6,58.7,60.5
2023-07-31,"ICB","QJM","E54000013","NHS LINCOLNSHIRE INTEGRATED CARE BOARD",7796,12188.7,64,57.4,69.5,191122,4.1,4,4.2,330,2283,14.5,13.1,16,712,8148,8.7,8.1,9.4,4887,60,58.9,61
2023-07-31,"ICB","QK1","E54000015","NHS LEICESTER, LEICESTERSHIRE AND RUTLAND INTEGRATED CARE BOARD",8628,13426.3,64.3,57.7,69.9,213102,4,4,4.1,117,2358,5,4.2,5.9,895,9060,9.9,9.3,10.5,5645,62.3,61.3,63.3
2023-07-31,"ICB","QKK","E54000030","NHS SOUTH EAST LONDON INTEGRATED CARE BOARD",10350,14986.2,69.1,62,75.1,240663,4.3,4.2,4.4,283,2474,11.4,10.2,12.8,895,10736,8.3,7.8,8.9,7000,65.2,64.3,66.1
2023-07-31,"ICB","QKS","E54000032","NHS KENT AND MEDWAY INTEGRATED CARE BOARD",14713,24987.4,58.9,53,63.9,386725,3.8,3.7,3.9,222,2009,11.1,9.8,12.5,1320,15211,8.7,8.2,9.1,9711,63.8,63.1,64.6
2023-07-31,"ICB","QM7","E54000025","NHS HERTFORDSHIRE AND WEST ESSEX INTEGRATED CARE BOARD",11799,18535.9,63.7,57.4,69.1,274669,4.3,4.2,4.4,258,2338,11,9.8,12.4,1125,12137,9.3,8.8,9.8,7621,62.8,61.9,63.6
2023-07-31,"ICB","QMF","E54000029","NHS NORTH EAST LONDON INTEGRATED CARE BOARD",7978,13253.5,60.2,53.9,65.4,222495,3.6,3.5,3.7,227,2822,8,7.1,9.1,774,8354,9.3,8.7,9.9,5622,67.3,66.3,68.3
2023-07-31,"ICB","QMJ","E54000028","NHS NORTH CENTRAL LONDON INTEGRATED CARE BOARD",8243,12140.1,67.9,60.9,73.8,194247,4.2,4.2,4.3,112,1023,10.9,9.2,13,676,8496,8,7.4,8.6,5451,64.2,63.1,65.2
2023-07-31,"ICB","QMM","E54000022","NHS NORFOLK AND WAVENEY INTEGRATED CARE BOARD",10544,17663.1,59.7,53.7,64.8,265872,4,3.9,4,288,1877,15.3,13.8,17,1297,10876,11.9,11.3,12.5,6383,58.7,57.8,59.6
2023-07-31,"ICB","QNC","E54000010","NHS STAFFORDSHIRE AND STOKE-ON-TRENT INTEGRATED CARE BOARD",11220,15672.4,71.6,64.4,77.7,245527,4.6,4.5,4.7,311,3082,10.1,9.1,11.2,960,11536,8.3,7.8,8.8,7477,64.8,63.9,65.7
2023-07-31,"ICB","QNQ","E54000034","NHS FRIMLEY INTEGRATED CARE BOARD",5819,8671.3,67.1,60.3,73,132557,4.4,4.3,4.5,123,902,13.6,11.6,16,476,5952,8,7.3,8.7,3843,64.6,63.3,65.8
2023-07-31,"ICB","QNX","E54000064","NHS SUSSEX ICB",17318,27440.7,63.1,56.9,68.5,402268,4.3,4.2,4.4,506,3567,14.2,13.1,15.4,1497,17757,8.4,8,8.8,11427,64.4,63.6,65.1
2023-07-31,"ICB","QOC","E54000011","NHS SHROPSHIRE, TELFORD AND WREKIN INTEGRATED CARE BOARD",4513,7650.3,59,52.9,64.2,119115,3.8,3.7,3.9,73,506,14.4,11.6,17.8,389,4642,8.4,7.6,9.2,2936,63.2,61.9,64.6
2023-07-31,"NHS_REGION","Y56","E40000003","LONDON",48595,73370.2,66.2,59.5,71.8,1191724,4.1,4,4.1,1196,11629,10.3,9.7,10.8,4321,50539,8.5,8.3,8.8,33108,65.5,65.1,65.9
2023-07-31,"NHS_REGION","Y60","E40000011","MIDLANDS",88821,139853.1,63.5,57.2,68.8,2182824,4.1,4,4.1,2163,21147,10.2,9.8,10.6,9223,92583,10,9.8,10.2,57188,61.8,61.5,62.1
2023-07-31,"SUB_ICB_LOC","09D","E38000021","NHS SUSSEX ICB - 09D",1932,2822.9,68.4,61,74.9,44035,4.4,4.2,4.6,63,330,19.1,15.2,23.7,126,1996,6.3,5.3,7.5,1336,66.9,64.8,69
2023-07-31,"ICB","QOP","E54000057","NHS GREATER MANCHESTER INTEGRATED CARE BOARD",21300,29787.7,71.5,64.3,77.6,486448,4.4,4.3,4.4,537,6105,8.8,8.1,9.5,1606,22110,7.3,6.9,7.6,14719,66.6,65.9,67.2
2023-07-31,"ICB","QOQ","E54000051","NHS HUMBER AND NORTH YORKSHIRE INTEGRATED CARE BOARD",14745,25319.4,58.2,52.4,63.2,397306,3.7,3.7,3.8,626,4591,13.6,12.7,14.7,1046,15310,6.8,6.4,7.2,9565,62.5,61.7,63.2
2023-07-31,"ICB","QOX","E54000040","NHS BATH AND NORTH EAST SOMERSET, SWINDON AND WILTSHIRE INTEGRATED CARE BOARD",7655,13202.2,58,52.1,63,201631,3.8,3.7,3.9,150,2049,7.3,6.3,8.5,550,7846,7,6.5,7.6,4997,63.7,62.6,64.7
2023-07-31,"ICB","QPM","E54000059","NHS NORTHAMPTONSHIRE INTEGRATED CARE BOARD",5559,8744.8,63.6,57,69.2,141694,3.9,3.8,4,113,1652,6.8,5.7,8.2,608,5748,10.6,9.8,11.4,3449,60,58.7,61.3
2023-07-31,"ICB","QR1","E54000043","NHS GLOUCESTERSHIRE INTEGRATED CARE BOARD",6206,9695.7,64,57.5,69.6,147928,4.2,4.1,4.3,129,1707,7.6,6.4,8.9,592,6395,9.3,8.6,10,4012,62.7,61.5,63.9
2023-07-31,"ICB","QRL","E54000042","NHS HAMPSHIRE AND ISLE OF WIGHT INTEGRATED CARE BOARD",16361,26763.8,61.1,55.1,66.3,402380,4.1,4,4.1,198,3186,6.2,5.4,7.1,1904,16799,11.3,10.9,11.8,9417,56.1,55.3,56.8
2023-07-31,"ICB","QRV","E54000027","NHS NORTH WEST LONDON INTEGRATED CARE BOARD",12060,18931.1,63.7,57.1,69.2,311723,3.9,3.8,3.9,397,3832,10.4,9.4,11.4,1022,12636,8.1,7.6,8.6,8314,65.8,65,66.6
2023-07-31,"ICB","QSL","E54000038","NHS SOMERSET INTEGRATED CARE BOARD",5345,9755.6,54.8,49.2,59.6,148120,3.6,3.5,3.7,51,422,12.1,9.3,15.5,448,5493,8.2,7.5,8.9,3316,60.4,59.1,61.7
2023-07-31,"ICB","QT1","E54000060","NHS NOTTINGHAM AND NOTTINGHAMSHIRE INTEGRATED CARE BOARD",10065,14287.2,70.4,63.3,76.5,223979,4.5,4.4,4.6,157,1989,7.9,6.8,9.2,1031,10623,9.7,9.2,10.3,6700,63.1,62.1,64
2023-07-31,"ICB","QT6","E54000036","NHS CORNWALL AND THE ISLES OF SCILLY INTEGRATED CARE BOARD",5501,9523.9,57.8,51.8,62.8,149703,3.7,3.6,3.8,152,940,16.2,14,18.7,480,5626,8.5,7.8,9.3,2969,52.8,51.5,54.1
2023-07-31,"ICB","QU9","E54000044","NHS BUCKINGHAMSHIRE, OXFORDSHIRE AND BERKSHIRE WEST INTEGRATED CARE BOARD",13788,22606.2,61,54.9,66.2,341765,4,4,4.1,284,1649,17.2,15.5,19.1,1193,14114,8.5,8,8.9,8608,61,60.2,61.8
2023-07-31,"ICB","QUA","E54000062","NHS BLACK COUNTRY INTEGRATED CARE BOARD",9055,14322.1,63.2,56.9,68.6,219561,4.1,4,4.2,216,3197,6.8,5.9,7.7,1058,9424,11.2,10.6,11.9,4592,48.7,47.7,49.7
2023-07-31,"ICB","QUE","E54000056","NHS CAMBRIDGESHIRE AND PETERBOROUGH INTEGRATED CARE BOARD",6174,10923.5,56.5,50.8,61.5,169171,3.6,3.6,3.7,136,1260,10.8,9.2,12.6,603,6423,9.4,8.7,10.1,4017,62.5,61.4,63.7
2023-07-31,"ICB","QUY","E54000039","NHS BRISTOL, NORTH SOMERSET AND SOUTH GLOUCESTERSHIRE INTEGRATED CARE BOARD",7833,11672.3,67.1,60.4,72.9,176153,4.4,4.4,4.5,47,601,7.8,5.9,10.2,614,8081,7.6,7,8.2,5185,64.2,63.1,65.2
2023-07-31,"COUNTRY","ENG","E92000001","ENGLAND",453711,711101.2,63.8,57.5,69.1,11068781,4.1,4.1,4.1,11953,101772,11.7,11.5,11.9,42431,469679,9,9,9.1,296480,63.1,63,63.3
2023-07-31,"SUB_ICB_LOC","00T","E38000016","NHS GREATER MANCHESTER ICB - 00T",2304,3249.7,70.9,63.2,77.6,53569,4.3,4.1,4.5,70,1100,6.4,5.1,8,176,2392,7.4,6.4,8.5,1698,71,69.1,72.8
2023-07-31,"SUB_ICB_LOC","00V","E38000024","NHS GREATER MANCHESTER ICB - 00V",1815,2367.8,76.7,68.3,84,37672,4.8,4.6,5,4,111,3.6,1.4,8.9,192,1864,10.3,9,11.8,1331,71.4,69.3,73.4
2023-07-31,"SUB_ICB_LOC","00X","E38000034","NHS LANCASHIRE AND SOUTH CUMBRIA ICB - 00X",1630,2423.6,67.3,59.8,73.7,39571,4.1,3.9,4.3,17,403,4.2,2.7,6.7,93,1674,5.6,4.6,6.8,1182,70.6,68.4,72.7
2023-07-31,"SUB_ICB_LOC","00Y","E38000135","NHS GREATER MANCHESTER ICB - 00Y",1793,2493.9,71.9,63.9,78.8,40960,4.4,4.2,4.6,67,1114,6,4.8,7.6,141,1874,7.5,6.4,8.8,1254,66.9,64.8,69
2023-07-31,"SUB_ICB_LOC","01A","E38000050","NHS LANCASHIRE AND SOUTH CUMBRIA ICB - 01A",2995,4369.3,68.5,61.2,74.8,72136,4.2,4,4.3,88,1165,7.6,6.2,9.2,230,3101,7.4,6.5,8.4,2080,67.1,65.4,68.7
2023-07-31,"SUB_ICB_LOC","01D","E38000080","NHS GREATER MANCHESTER ICB - 01D",1711,2323,73.7,65.3,80.8,39572,4.3,4.1,4.5,46,514,8.9,6.8,11.7,144,1805,8,6.8,9.3,1189,65.9,63.7,68
2023-07-31,"SUB_ICB_LOC","01E","E38000227","NHS LANCASHIRE AND SOUTH CUMBRIA ICB - 01E",1665,2308.6,72.1,64.1,79,36682,4.5,4.3,4.8,16,356,4.5,2.8,7.2,153,1727,8.9,7.6,10.3,1189,68.8,66.6,71
2023-07-31,"SUB_ICB_LOC","01F","E38000068","NHS CHESHIRE AND MERSEYSIDE ICB - 01F",950,1407.9,67.5,59.3,74.6,24981,3.8,3.6,4,40,229,17.5,13.1,22.9,86,993,8.7,7.1,10.6,667,67.2,64.2,70
2023-07-31,"SUB_ICB_LOC","01G","E38000143","NHS GREATER MANCHESTER ICB - 01G",1806,2352.2,76.8,68.3,84.2,38837,4.7,4.4,4.9,71,314,22.6,18.3,27.6,133,1871,7.1,6,8.4,1222,65.3,63.1,67.4
2023-07-31,"SUB_ICB_LOC","01H","E38000215","NHS NORTH EAST AND NORTH CUMBRIA ICB - 01H",2841,4998.2,56.8,50.8,62.1,79392,3.6,3.5,3.7,112,374,29.9,25.5,34.8,267,2940,9.1,8.1,10.2,1906,64.8,63.1,66.5
2023-07-31,"SUB_ICB_LOC","01J","E38000091","NHS CHESHIRE AND MERSEYSIDE ICB - 01J",987,1654,59.7,52.5,65.9,28693,3.4,3.2,3.7,85,409,20.8,17.1,25,109,1035,10.5,8.8,12.5,583,56.3,53.3,59.3
2023-07-31,"SUB_ICB_LOC","01K","E38000228","NHS LANCASHIRE AND SOUTH CUMBRIA ICB - 01K",3681,5191.3,70.9,63.5,77.2,80406,4.6,4.4,4.7,63,409,15.4,12.2,19.2,299,3797,7.9,7.1,8.8,2391,63,61.4,64.5
2023-07-31,"SUB_ICB_LOC","01T","E38000161","NHS CHESHIRE AND MERSEYSIDE ICB - 01T",1201,2006.1,59.9,53.1,65.9,31806,3.8,3.6,4,45,441,10.2,7.7,13.4,100,1230,8.1,6.7,9.8,790,64.2,61.5,66.9
2023-07-31,"SUB_ICB_LOC","01V","E38000170","NHS CHESHIRE AND MERSEYSIDE ICB - 01V",1692,2366.7,71.5,63.8,78.4,33989,5,4.8,5.2,117,664,17.6,14.9,20.7,192,1737,11.1,9.7,12.6,1081,62.2,59.9,64.5
2023-07-31,"SUB_ICB_LOC","01W","E38000174","NHS GREATER MANCHESTER ICB - 01W",2907,4148,70.1,62.8,76.4,62517,4.6,4.5,4.8,37,335,11,8.1,14.9,201,3003,6.7,5.9,7.6,2097,69.8,68.2,71.4
2023-07-31,"SUB_ICB_LOC","01X","E38000172","NHS CHESHIRE AND MERSEYSIDE ICB - 01X",1778,2553.8,69.6,61.9,76.3,41111,4.3,4.1,4.5,73,421,17.3,14,21.2,143,1853,7.7,6.6,9,1139,61.5,59.2,63.7
2023-07-31,"SUB_ICB_LOC","01Y","E38000263","NHS GREATER MANCHESTER ICB - 01Y",1678,2310.4,72.6,64.5,79.8,38578,4.3,4.2,4.6,51,267,19.1,14.8,24.2,158,1758,9,7.7,10.4,1146,65.2,62.9,67.4
2023-07-31,"SUB_ICB_LOC","02A","E38000187","NHS GREATER MANCHESTER ICB - 02A",1849,2850.9,64.9,57.9,71,43234,4.3,4.1,4.5,66,306,21.6,17.3,26.5,95,1902,5,4.1,6.1,1085,57,54.8,59.3
2023-07-31,"SUB_ICB_LOC","02E","E38000194","NHS CHESHIRE AND MERSEYSIDE ICB - 02E",1964,2684.3,73.2,65.2,80.1,42598,4.6,4.4,4.8,104,518,20.1,16.9,23.7,258,2013,12.8,11.4,14.3,1196,59.4,57.3,61.5
2023-07-31,"SUB_ICB_LOC","02G","E38000200","NHS LANCASHIRE AND SOUTH CUMBRIA ICB - 02G",1135,1647.5,68.9,61,75.9,25857,4.4,4.1,4.6,18,175,10.3,6.6,15.7,84,1167,7.2,5.9,8.8,710,60.8,58,63.6
2023-07-31,"SUB_ICB_LOC","02H","E38000205","NHS GREATER MANCHESTER ICB - 02H",2776,3951.2,70.3,62.7,76.8,65775,4.2,4.1,4.4,73,964,7.6,6.1,9.4,151,2860,5.3,4.5,6.2,1768,61.8,60,63.6
2023-07-31,"SUB_ICB_LOC","02M","E38000226","NHS LANCASHIRE AND SOUTH CUMBRIA ICB - 02M",2252,3437.4,65.5,58.5,71.6,52003,4.3,4.2,4.5,69,320,21.6,17.4,26.4,140,2326,6,5.1,7.1,1418,61,59,62.9
2023-07-31,"SUB_ICB_LOC","02P","E38000006","NHS SOUTH YORKSHIRE ICB - 02P",2190,3045.6,71.9,64.1,78.7,50507,4.3,4.2,4.5,57,277,20.6,16.2,25.7,95,2276,4.2,3.4,5.1,1430,62.8,60.8,64.8
2023-07-31,"SUB_ICB_LOC","02Q","E38000008","NHS NOTTINGHAM AND NOTTINGHAMSHIRE ICB - 02Q",1248,1690.1,73.8,65.4,81.2,27125,4.6,4.4,4.9,49,262,18.7,14.4,23.9,141,1309,10.8,9.2,12.6,845,64.6,61.9,67.1
2023-07-31,"SUB_ICB_LOC","02T","E38000025","NHS WEST YORKSHIRE ICB - 02T",1632,2565.9,63.6,56.5,69.7,42233,3.9,3.7,4.1,53,698,7.6,5.9,9.8,131,1702,7.7,6.5,9.1,1062,62.4,60.1,64.7
2023-07-31,"SUB_ICB_LOC","02X","E38000044","NHS SOUTH YORKSHIRE ICB - 02X",2601,3705.9,70.2,62.6,76.7,60193,4.3,4.2,4.5,88,1384,6.4,5.2,7.8,202,2759,7.3,6.4,8.4,1629,59,57.2,60.9
2023-07-31,"SUB_ICB_LOC","02Y","E38000052","NHS HUMBER AND NORTH YORKSHIRE ICB - 02Y",3126,5390.8,58,51.9,63.2,83874,3.7,3.6,3.9,137,882,15.5,13.3,18.1,209,3212,6.5,5.7,7.4,1929,60.1,58.4,61.7
2023-07-31,"SUB_ICB_LOC","03F","E38000085","NHS HUMBER AND NORTH YORKSHIRE ICB - 03F",1970,2859.9,68.9,61.3,75.4,48397,4.1,3.9,4.3,72,601,12,9.6,14.8,223,2077,10.7,9.5,12.1,1246,60,57.9,62.1
2023-07-31,"SUB_ICB_LOC","03H","E38000119","NHS HUMBER AND NORTH YORKSHIRE ICB - 03H",1339,2259.3,59.3,52.6,65.1,35701,3.8,3.6,4,87,421,20.7,17.1,24.8,122,1415,8.6,7.3,10.2,882,62.3,59.8,64.8
2023-07-31,"SUB_ICB_LOC","03K","E38000122","NHS HUMBER AND NORTH YORKSHIRE ICB - 03K",1371,2493.7,55,48.8,60.4,40004,3.4,3.3,3.6,83,765,10.8,8.8,13.3,118,1498,7.9,6.6,9.4,696,46.5,43.9,49
2023-07-31,"SUB_ICB_LOC","03L","E38000141","NHS SOUTH YORKSHIRE ICB - 03L",2593,3195.6,81.1,72.5,88.7,51368,5,4.9,5.2,138,764,18.1,15.5,20.9,190,2701,7,6.1,8.1,1867,69.1,67.4,70.8
2023-07-31,"SUB_ICB_LOC","03N","E38000146","NHS SOUTH YORKSHIRE ICB - 03N",4438,6129.3,72.4,65,78.8,94142,4.7,4.6,4.9,103,860,12,10,14.3,434,4625,9.4,8.6,10.3,2978,64.4,63,65.8
2023-07-31,"SUB_ICB_LOC","03Q","E38000188","NHS HUMBER AND NORTH YORKSHIRE ICB - 03Q",2637,5020.6,52.5,47,57.4,76882,3.4,3.3,3.6,59,675,8.7,6.8,11.1,122,2695,4.5,3.8,5.4,1843,68.4,66.6,70.1
2023-07-31,"SUB_ICB_LOC","03R","E38000190","NHS WEST YORKSHIRE ICB - 03R",2736,4362.3,62.7,55.9,68.5,71790,3.8,3.7,4,178,1137,15.7,13.7,17.9,319,2871,11.1,10,12.3,1952,68,66.3,69.7
2023-07-31,"SUB_ICB_LOC","03W","E38000051","NHS LEICESTER, LEICESTERSHIRE AND RUTLAND ICB - 03W",3153,5294.3,59.6,53.4,65,80256,3.9,3.8,4.1,28,722,3.9,2.7,5.5,298,3258,9.1,8.2,10.2,2121,65.1,63.4,66.7
2023-07-31,"SUB_ICB_LOC","04C","E38000097","NHS LEICESTER, LEICESTERSHIRE AND RUTLAND ICB - 04C",2225,2990.9,74.4,66.2,81.4,50766,4.4,4.2,4.6,14,945,1.5,0.9,2.5,295,2435,12.1,10.9,13.5,1545,63.4,61.5,65.3
2023-07-31,"SUB_ICB_LOC","04V","E38000201","NHS LEICESTER, LEICESTERSHIRE AND RUTLAND ICB - 04V",3250,5141,63.2,56.6,69,82080,4,3.8,4.1,75,691,10.9,8.7,13.4,302,3367,9,8.1,10,1979,58.8,57.1,60.4
2023-07-31,"SUB_ICB_LOC","04Y","E38000028","NHS STAFFORDSHIRE AND STOKE-ON-TRENT ICB - 04Y",1306,1786.3,73.1,64.8,80.4,28468,4.6,4.4,4.8,63,236,26.7,21.5,32.7,150,1346,11.1,9.6,12.9,870,64.6,62,67.1
2023-07-31,"SUB_ICB_LOC","05D","E38000053","NHS STAFFORDSHIRE AND STOKE-ON-TRENT ICB - 05D",1146,1878.7,61,54,67.1,29347,3.9,3.7,4.1,42,307,13.7,10.3,18,70,1188,5.9,4.7,7.4,791,66.6,63.9,69.2
2023-07-31,"SUB_ICB_LOC","05G","E38000126","NHS STAFFORDSHIRE AND STOKE-ON-TRENT ICB - 05G",2477,3423.3,72.4,64.7,79,52960,4.7,4.5,4.9,43,846,5.1,3.8,6.8,290,2525,11.5,10.3,12.8,1580,62.6,60.7,64.4
2023-07-31,"SUB_ICB_LOC","05Q","E38000153","NHS STAFFORDSHIRE AND STOKE-ON-TRENT ICB - 05Q",2103,3086.1,68.1,60.8,74.6,48525,4.3,4.2,4.5,67,311,21.5,17.3,26.4,125,2166,5.8,4.9,6.8,1456,67.2,65.2,69.2
2023-07-31,"SUB_ICB_LOC","05V","E38000173","NHS STAFFORDSHIRE AND STOKE-ON-TRENT ICB - 05V",1397,2312.9,60.4,53.7,66.3,35643,3.9,3.7,4.1,49,228,21.5,16.7,27.3,74,1427,5.2,4.2,6.5,916,64.2,61.7,66.6
2023-07-31,"SUB_ICB_LOC","05W","E38000175","NHS STAFFORDSHIRE AND STOKE-ON-TRENT ICB - 05W",2791,3185.2,87.6,78.4,95.6,50584,5.5,5.3,5.7,47,1154,4.1,3.1,5.4,251,2884,8.7,7.7,9.8,1864,64.6,62.9,66.4
2023-07-31,"SUB_ICB_LOC","06H","E38000260","NHS CAMBRIDGESHIRE AND PETERBOROUGH ICB - 06H",6174,10923.5,56.5,50.8,61.5,169171,3.6,3.6,3.7,136,1260,10.8,9.2,12.6,603,6423,9.4,8.7,10.1,4017,62.5,61.4,63.7
2023-07-31,"SUB_ICB_LOC","06K","E38000049","NHS HERTFORDSHIRE AND WEST ESSEX ICB - 06K",4489,7267.1,61.8,55.5,67.2,107488,4.2,4.1,4.3,55,1168,4.7,3.6,6.1,364,4615,7.9,7.1,8.7,2943,63.8,62.4,65.1
2023-07-31,"SUB_ICB_LOC","06L","E38000086","NHS SUFFOLK AND NORTH EAST ESSEX ICB - 06L",3589,6224.9,57.7,51.7,62.8,94058,3.8,3.7,3.9,343,871,39.4,36.2,42.7,328,3687,8.9,8,9.9,2502,67.9,66.3,69.3
2023-07-31,"SUB_ICB_LOC","06N","E38000079","NHS HERTFORDSHIRE AND WEST ESSEX ICB - 06N",4555,7354.3,61.9,55.7,67.4,108874,4.2,4.1,4.3,178,539,33,29.2,37.1,532,4688,11.3,10.5,12.3,3104,66.2,64.8,67.6
2023-07-31,"SUB_ICB_LOC","06Q","E38000106","NHS MID AND SOUTH ESSEX ICB - 06Q",3131,5398.1,58,51.9,63.3,83061,3.8,3.6,3.9,70,599,11.7,9.4,14.5,329,3228,10.2,9.2,11.3,1959,60.7,59,62.4
2023-07-31,"SUB_ICB_LOC","06T","E38000117","NHS SUFFOLK AND NORTH EAST ESSEX ICB - 06T",3577,5405.6,66.2,59.3,72.1,81514,4.4,4.2,4.5,89,787,11.3,9.3,13.7,580,3733,15.5,14.4,16.7,2426,65,63.4,66.5
2023-07-31,"SUB_ICB_LOC","07G","E38000185","NHS MID AND SOUTH ESSEX ICB - 07G",1054,1566.6,67.3,59.5,74.3,25510,4.1,3.9,4.4,35,286,12.2,8.9,16.5,119,1090,10.9,9.2,12.9,749,68.7,65.9,71.4
2023-07-31,"SUB_ICB_LOC","07H","E38000197","NHS HERTFORDSHIRE AND WEST ESSEX ICB - 07H",2755,3914.5,70.4,63,76.8,58307,4.7,4.6,4.9,25,631,4,2.7,5.8,229,2834,8.1,7.1,9.1,1574,55.5,53.7,57.4
2023-07-31,"SUB_ICB_LOC","07K","E38000204","NHS SUFFOLK AND NORTH EAST ESSEX ICB - 07K",2337,4213.5,55.5,49.5,60.6,64446,3.6,3.5,3.8,101,337,30,25.3,35.1,272,2378,11.4,10.2,12.8,1463,61.5,59.5,63.5
2023-07-31,"SUB_ICB_LOC","10Q","E38000136","NHS BUCKINGHAMSHIRE, OXFORDSHIRE AND BERKSHIRE WEST ICB - 10Q",5802,9307,62.3,56,67.7,139898,4.1,4,4.3,87,528,16.5,13.6,19.9,527,5942,8.9,8.2,9.6,3697,62.2,61,63.4
2023-07-31,"SUB_ICB_LOC","10R","E38000137","NHS HAMPSHIRE AND ISLE OF WIGHT ICB - 10R",1405,2183.6,64.3,57.2,70.7,34228,4.1,3.9,4.3,10,533,1.9,1,3.4,145,1451,10,8.6,11.6,640,44.1,41.6,46.7
2023-07-31,"SUB_ICB_LOC","11J","E38000045","NHS DORSET ICB - 11J",7883,14207.6,55.5,49.9,60.3,206050,3.8,3.7,3.9,112,2724,4.1,3.4,4.9,714,8108,8.8,8.2,9.4,5005,61.7,60.7,62.8
2023-07-31,"SUB_ICB_LOC","11M","E38000062","NHS GLOUCESTERSHIRE ICB - 11M",6206,9695.7,64,57.5,69.6,147928,4.2,4.1,4.3,129,1707,7.6,6.4,8.9,592,6395,9.3,8.6,10,4012,62.7,61.5,63.9
2023-07-31,"SUB_ICB_LOC","11N","E38000089","NHS CORNWALL AND THE ISLES OF SCILLY ICB - 11N",5501,9523.9,57.8,51.8,62.8,149703,3.7,3.6,3.8,152,940,16.2,14,18.7,480,5626,8.5,7.8,9.3,2969,52.8,51.5,54.1
2023-07-31,"SUB_ICB_LOC","11X","E38000150","NHS SOMERSET ICB - 11X",5345,9755.6,54.8,49.2,59.6,148120,3.6,3.5,3.7,51,422,12.1,9.3,15.5,448,5493,8.2,7.5,8.9,3316,60.4,59.1,61.7
2023-07-31,"SUB_ICB_LOC","12F","E38000208","NHS CHESHIRE AND MERSEYSIDE ICB - 12F",3071,4764.2,64.5,57.7,70.3,74345,4.1,4,4.3,46,303,15.2,11.6,19.7,416,3182,13.1,11.9,14.3,2231,70.1,68.5,71.7
2023-07-31,"SUB_ICB_LOC","13T","E38000212","NHS NORTH EAST AND NORTH CUMBRIA ICB - 13T",4012,5482,73.2,65.6,79.7,86071,4.7,4.5,4.8,38,1143,3.3,2.4,4.5,332,4169,8,7.2,8.8,2593,62.2,60.7,63.7
2023-07-31,"SUB_ICB_LOC","14L","E38000217","NHS GREATER MANCHESTER ICB - 14L",2661,3740.6,71.1,63.3,77.8,65734,4,3.9,4.2,52,1080,4.8,3.7,6.3,215,2781,7.7,6.8,8.8,1929,69.4,67.6,71
2023-07-31,"SUB_ICB_LOC","14Y","E38000223","NHS BUCKINGHAMSHIRE, OXFORDSHIRE AND BERKSHIRE WEST ICB - 14Y",4229,7407.9,57.1,51.3,62.1,110304,3.8,3.7,3.9,79,678,11.7,9.5,14.3,333,4319,7.7,7,8.5,2561,59.3,57.8,60.8
2023-07-31,"SUB_ICB_LOC","15A","E38000221","NHS BUCKINGHAMSHIRE, OXFORDSHIRE AND BERKSHIRE WEST ICB - 15A",3757,5891.3,63.8,57.1,69.5,91563,4.1,4,4.2,118,443,26.6,22.7,30.9,333,3853,8.6,7.8,9.6,2350,61,59.4,62.5
2023-07-31,"SUB_ICB_LOC","15C","E38000222","NHS BRISTOL, NORTH SOMERSET AND SOUTH GLOUCESTERSHIRE ICB - 15C",7833,11672.3,67.1,60.4,72.9,176153,4.4,4.4,4.5,47,601,7.8,5.9,10.2,614,8081,7.6,7,8.2,5185,64.2,63.1,65.2
2023-07-31,"SUB_ICB_LOC","15E","E38000258","NHS BIRMINGHAM AND SOLIHULL ICB - 15E",8516,14307.3,59.5,53.5,64.7,218510,3.9,3.8,4,187,1925,9.7,8.5,11.1,995,8865,11.2,10.6,11.9,5836,65.8,64.8,66.8
2023-07-31,"SUB_ICB_LOC","15F","E38000225","NHS WEST YORKSHIRE ICB - 15F",6054,8767.5,69.1,62,75.1,136725,4.4,4.3,4.5,400,1453,27.5,25.3,29.9,332,6230,5.3,4.8,5.9,4037,64.8,63.6,66
2023-07-31,"SUB_ICB_LOC","15M","E38000261","NHS DERBY AND DERBYSHIRE ICB - 15M",9826,14511.7,67.7,60.8,73.5,230242,4.3,4.2,4.4,433,1376,31.5,29.1,34,1014,10472,9.7,9.1,10.3,6461,61.7,60.8,62.6
2023-07-31,"SUB_ICB_LOC","15N","E38000230","NHS DEVON ICB - 15N",11569,20524.9,56.4,50.8,61.2,310168,3.7,3.7,3.8,330,2086,15.8,14.3,17.4,1068,11848,9,8.5,9.5,7064,59.6,58.7,60.5
2023-07-31,"SUB_ICB_LOC","16C","E38000247","NHS NORTH EAST AND NORTH CUMBRIA ICB - 16C",6098,8457.4,72.1,64.7,78.4,137748,4.4,4.3,4.5,295,1656,17.8,16,19.7,401,6343,6.3,5.7,6.9,4166,65.7,64.5,66.8
2023-07-31,"SUB_ICB_LOC","18C","E38000236","NHS HEREFORDSHIRE AND WORCESTERSHIRE ICB - 18C",6702,12552.4,53.4,48,58,193478,3.5,3.4,3.5,79,1278,6.2,5,7.6,752,6880,10.9,10.2,11.7,4645,67.5,66.4,68.6
2023-07-31,"SUB_ICB_LOC","26A","E38000239","NHS NORFOLK AND WAVENEY ICB - 26A",10544,17663.1,59.7,53.7,64.8,265872,4,3.9,4,288,1877,15.3,13.8,17,1297,10876,11.9,11.3,12.5,6383,58.7,57.8,59.6
2023-07-31,"SUB_ICB_LOC","27D","E38000233","NHS CHESHIRE AND MERSEYSIDE ICB - 27D",7517,11369.9,66.1,59.4,71.9,174483,4.3,4.2,4.4,96,1047,9.2,7.6,11.1,767,7708,10,9.3,10.6,5220,67.7,66.7,68.8
2023-07-31,"SUB_ICB_LOC","36J","E38000232","NHS WEST YORKSHIRE ICB - 36J",4871,6537.2,74.5,66.8,81.1,103616,4.7,4.6,4.8,225,1259,17.9,15.9,20.1,739,5069,14.6,13.6,15.6,3383,66.7,65.4,68
2023-07-31,"SUB_ICB_LOC","36L","E38000245","NHS SOUTH WEST LONDON ICB - 36L",9964,14059.2,70.9,63.7,77,222596,4.5,4.4,4.6,177,1478,12,10.4,13.7,954,10317,9.2,8.7,9.8,6721,65.1,64.2,66.1
2023-07-31,"SUB_ICB_LOC","42D","E38000241","NHS HUMBER AND NORTH YORKSHIRE ICB - 42D",4302,7295.2,59,52.9,64.2,112448,3.8,3.7,3.9,188,1247,15.1,13.2,17.2,252,4413,5.7,5.1,6.4,2969,67.3,65.9,68.6
2023-07-31,"SUB_ICB_LOC","52R","E38000243","NHS NOTTINGHAM AND NOTTINGHAMSHIRE ICB - 52R",8817,12597.2,70,62.9,76,196854,4.5,4.4,4.6,108,1727,6.3,5.2,7.5,890,9314,9.6,9,10.2,5855,62.9,61.9,63.8
2023-07-31,"SUB_ICB_LOC","70F","E38000265","NHS SUSSEX ICB - 70F",9203,14622.7,62.9,56.7,68.3,211479,4.4,4.3,4.4,117,1657,7.1,5.9,8.4,685,9412,7.3,6.8,7.8,5962,63.3,62.4,64.3
2023-07-31,"SUB_ICB_LOC","71E","E38000238","NHS LINCOLNSHIRE ICB - 71E",7796,12188.7,64,57.4,69.5,191122,4.1,4,4.2,330,2283,14.5,13.1,16,712,8148,8.7,8.1,9.4,4887,60,58.9,61
2023-07-31,"SUB_ICB_LOC","72Q","E38000244","NHS SOUTH EAST LONDON ICB - 72Q",10350,14986.2,69.1,62,75.1,240663,4.3,4.2,4.4,283,2474,11.4,10.2,12.8,895,10736,8.3,7.8,8.9,7000,65.2,64.3,66.1
2023-07-31,"SUB_ICB_LOC","78H","E38000262","NHS NORTHAMPTONSHIRE ICB - 78H",5559,8744.8,63.6,57,69.2,141694,3.9,3.8,4,113,1652,6.8,5.7,8.2,608,5748,10.6,9.8,11.4,3449,60,58.7,61.3
2023-07-31,"SUB_ICB_LOC","97R","E38000235","NHS SUSSEX ICB - 97R",6183,9995.2,61.9,55.6,67.2,146754,4.2,4.1,4.3,326,1580,20.6,18.7,22.7,686,6349,10.8,10.1,11.6,4129,65,63.9,66.2
2023-07-31,"SUB_ICB_LOC","84H","E38000234","NHS NORTH EAST AND NORTH CUMBRIA ICB - 84H",5177,7191.2,72,64.4,78.4,118878,4.4,4.2,4.5,185,965,19.2,16.8,21.8,398,5420,7.3,6.7,8.1,3531,65.1,63.9,66.4
2023-07-31,"SUB_ICB_LOC","91Q","E38000237","NHS KENT AND MEDWAY ICB - 91Q",14713,24987.4,58.9,53,63.9,386725,3.8,3.7,3.9,222,2009,11.1,9.8,12.5,1320,15211,8.7,8.2,9.1,9711,63.8,63.1,64.6
2023-07-31,"SUB_ICB_LOC","92A","E38000264","NHS SURREY HEARTLANDS ICB - 92A",9725,14742.4,66,59.4,71.6,211109,4.6,4.5,4.7,88,879,10,8.2,12.2,926,9917,9.3,8.8,9.9,6513,65.7,64.7,66.6
2023-07-31,"SUB_ICB_LOC","92G","E38000231","NHS BATH AND NORTH EAST SOMERSET, SWINDON AND WILTSHIRE ICB - 92G",7655,13202.2,58,52.1,63,201631,3.8,3.7,3.9,150,2049,7.3,6.3,8.5,550,7846,7,6.5,7.6,4997,63.7,62.6,64.7
2023-07-31,"SUB_ICB_LOC","93C","E38000240","NHS NORTH CENTRAL LONDON ICB - 93C",8243,12140.1,67.9,60.9,73.8,194247,4.2,4.2,4.3,112,1023,10.9,9.2,13,676,8496,8,7.4,8.6,5451,64.2,63.1,65.2
2023-07-31,"SUB_ICB_LOC","99A","E38000101","NHS CHESHIRE AND MERSEYSIDE ICB - 99A",3045,4947.5,61.5,54.8,67.2,84207,3.6,3.5,3.7,90,895,10.1,8.3,12.2,456,3187,14.3,13.1,15.6,2102,66,64.3,67.6
2023-07-31,"SUB_ICB_LOC","99C","E38000127","NHS NORTH EAST AND NORTH CUMBRIA ICB - 99C",2071,2915.3,71,63.3,77.7,46836,4.4,4.2,4.6,24,676,3.6,2.4,5.2,140,2140,6.5,5.6,7.7,1423,66.5,64.5,68.5
2023-07-31,"SUB_ICB_LOC","99E","E38000007","NHS MID AND SOUTH ESSEX ICB - 99E",1901,3422.7,55.5,49.6,60.8,51458,3.7,3.5,3.9,71,620,11.5,9.2,14.2,204,1986,10.3,9,11.7,1221,61.5,59.3,63.6
2023-07-31,"SUB_ICB_LOC","99F","E38000030","NHS MID AND SOUTH ESSEX ICB - 99F",2021,2981.6,67.8,60.6,74.2,44221,4.6,4.4,4.8,67,224,29.9,24.3,36.2,152,2068,7.4,6.3,8.6,1403,67.8,65.8,69.8
2023-07-31,"SUB_ICB_LOC","99G","E38000168","NHS MID AND SOUTH ESSEX ICB - 99G",1948,2431.9,80.1,71.5,87.6,36103,5.4,5.2,5.6,58,224,25.9,20.6,32,173,2036,8.5,7.4,9.8,1510,74.2,72.2,76
2023-07-31,"SUB_ICB_LOC","A3A8R","E38000255","NHS NORTH EAST LONDON ICB - A3A8R",7978,13253.5,60.2,53.9,65.4,222495,3.6,3.5,3.7,227,2822,8,7.1,9.1,774,8354,9.3,8.7,9.9,5622,67.3,66.3,68.3
2023-07-31,"SUB_ICB_LOC","B2M3M","E38000251","NHS COVENTRY AND WARWICKSHIRE ICB - B2M3M",6941,12189.8,56.9,51.1,61.9,186494,3.7,3.6,3.8,147,1501,9.8,8.4,11.4,809,7185,11.3,10.5,12,4560,63.5,62.3,64.6
2023-07-31,"SUB_ICB_LOC","D2P2L","E38000259","NHS BLACK COUNTRY ICB - D2P2L",9055,14322.1,63.2,56.9,68.6,219561,4.1,4,4.2,216,3197,6.8,5.9,7.7,1058,9424,11.2,10.6,11.9,4592,48.7,47.7,49.7
2023-07-31,"SUB_ICB_LOC","D4U1Y","E38000252","NHS FRIMLEY ICB - D4U1Y",5819,8671.3,67.1,60.3,73,132557,4.4,4.3,4.5,123,902,13.6,11.6,16,476,5952,8,7.3,8.7,3843,64.6,63.3,65.8
2023-07-31,"SUB_ICB_LOC","D9Y0V","E38000253","NHS HAMPSHIRE AND ISLE OF WIGHT ICB - D9Y0V",14956,24580.2,60.8,54.8,66,368152,4.1,4,4.1,188,2653,7.1,6.2,8.1,1759,15348,11.5,11,12,8777,57.2,56.4,58
2023-07-31,"SUB_ICB_LOC","M1J4Y","E38000249","NHS BEDFORDSHIRE, LUTON AND MILTON KEYNES ICB - M1J4Y",6809,10146.2,67.1,60.2,73,164120,4.1,4.1,4.2,242,1854,13.1,11.6,14.7,679,7110,9.5,8.9,10.3,4374,61.5,60.4,62.6
2023-07-31,"SUB_ICB_LOC","M2L0M","E38000257","NHS SHROPSHIRE, TELFORD AND WREKIN ICB - M2L0M",4513,7650.3,59,52.9,64.2,119115,3.8,3.7,3.9,73,506,14.4,11.6,17.8,389,4642,8.4,7.6,9.2,2936,63.2,61.9,64.6
2023-07-31,"SUB_ICB_LOC","W2U3Z","E38000256","NHS NORTH WEST LONDON ICB - W2U3Z",12060,18931.1,63.7,57.1,69.2,311723,3.9,3.8,3.9,397,3832,10.4,9.4,11.4,1022,12636,8.1,7.6,8.6,8314,65.8,65,66.6
2023-07-31,"SUB_ICB_LOC","X2C4Y","E38000254","NHS WEST YORKSHIRE ICB - X2C4Y",3145,4888.3,64.3,57.5,70.2,78436,4,3.9,4.1,153,1498,10.2,8.8,11.9,281,3295,8.5,7.6,9.5,2122,64.4,62.7,66
2023-08-31,"COUNTRY","ENG","E92000001","ENGLAND",457032,713160.9,64.1,57.7,69.5,11093253,4.1,4.1,4.1,15605,128796,12.1,11.9,12.3,42602,473086,9,8.9,9.1,291289,61.6,61.4,61.7
2023-08-31,"ICB","QE1","E54000048","NHS LANCASHIRE AND SOUTH CUMBRIA INTEGRATED CARE BOARD",16002,23193.9,69,62,74.9,368555,4.3,4.3,4.4,435,4426,9.8,9,10.7,1234,16545,7.5,7.1,7.9,10352,62.6,61.8,63.3
2023-08-31,"ICB","QF7","E54000061","NHS SOUTH YORKSHIRE INTEGRATED CARE BOARD",11867,16090.9,73.7,66.3,80.1,256453,4.6,4.5,4.7,500,4206,11.9,10.9,12.9,948,12405,7.6,7.2,8.1,7609,61.3,60.5,62.2
2023-08-31,"ICB","QGH","E54000019","NHS HEREFORDSHIRE AND WORCESTERSHIRE INTEGRATED CARE BOARD",6793,12585.5,54,48.5,58.7,193724,3.5,3.4,3.6,99,1597,6.2,5.1,7.5,765,6976,11,10.3,11.7,4600,65.9,64.8,67
2023-08-31,"ICB","QH8","E54000026","NHS MID AND SOUTH ESSEX INTEGRATED CARE BOARD",10131,15850.9,63.9,57.5,69.4,240765,4.2,4.1,4.3,401,2413,16.6,15.2,18.2,969,10487,9.2,8.7,9.8,6839,65.2,64.3,66.1
2023-08-31,"ICB","QHG","E54000024","NHS BEDFORDSHIRE, LUTON AND MILTON KEYNES INTEGRATED CARE BOARD",6843,10179.5,67.2,60.3,73.1,164492,4.2,4.1,4.3,298,2316,12.9,11.6,14.3,666,7146,9.3,8.7,10,4344,60.8,59.7,61.9
2023-08-31,"ICB","QHL","E54000055","NHS BIRMINGHAM AND SOLIHULL INTEGRATED CARE BOARD",8582,14339.8,59.8,53.8,65,218971,3.9,3.8,4,254,2422,10.5,9.3,11.8,1003,8935,11.2,10.6,11.9,5710,63.9,62.9,64.9
2023-08-31,"ICB","QHM","E54000050","NHS NORTH EAST AND NORTH CUMBRIA INTEGRATED CARE BOARD",27372,40071.6,68.3,61.4,74.1,647805,4.2,4.2,4.3,1120,8224,13.6,12.9,14.4,2101,28418,7.4,7.1,7.7,17907,63,62.4,63.6
2023-08-31,"ICB","QJ2","E54000058","NHS DERBY AND DERBYSHIRE INTEGRATED CARE BOARD",9899,14549.4,68,61.1,73.9,230597,4.3,4.2,4.4,570,1754,32.5,30.3,34.7,992,10550,9.4,8.9,10,6338,60.1,59.1,61
2023-08-31,"ICB","QJG","E54000023","NHS SUFFOLK AND NORTH EAST ESSEX INTEGRATED CARE BOARD",9543,15894.7,60,54.1,65.2,240414,4,3.9,4,675,2457,27.5,25.7,29.3,1203,9844,12.2,11.6,12.9,6250,63.5,62.5,64.4
2023-08-31,"ICB","QJK","E54000037","NHS DEVON INTEGRATED CARE BOARD",11668,20572.7,56.7,51.1,61.6,310587,3.8,3.7,3.8,439,2663,16.5,15.1,17.9,1057,11951,8.8,8.3,9.4,7031,58.8,57.9,59.7
2023-08-31,"ICB","QJM","E54000013","NHS LINCOLNSHIRE INTEGRATED CARE BOARD",7876,12218.9,64.5,57.9,70,191414,4.1,4,4.2,440,2818,15.6,14.3,17,717,8231,8.7,8.1,9.3,4803,58.4,57.3,59.4
2023-08-31,"ICB","QK1","E54000015","NHS LEICESTER, LEICESTERSHIRE AND RUTLAND INTEGRATED CARE BOARD",8734,13457.8,64.9,58.3,70.5,213552,4.1,4,4.2,149,3043,4.9,4.2,5.7,906,9164,9.9,9.3,10.5,5565,60.7,59.7,61.7
2023-08-31,"ICB","QKK","E54000030","NHS SOUTH EAST LONDON INTEGRATED CARE BOARD",10446,15027.9,69.5,62.3,75.5,241410,4.3,4.2,4.4,377,3361,11.2,10.2,12.3,887,10834,8.2,7.7,8.7,6812,62.9,62,63.8
2023-08-31,"ICB","QKS","E54000032","NHS KENT AND MEDWAY INTEGRATED CARE BOARD",14794,25051.4,59.1,53.1,64.1,387311,3.8,3.8,3.9,312,2496,12.5,11.3,13.9,1300,15297,8.5,8.1,9,9523,62.3,61.5,63
2023-08-31,"ICB","QM7","E54000025","NHS HERTFORDSHIRE AND WEST ESSEX INTEGRATED CARE BOARD",11921,18577.9,64.2,57.8,69.6,275245,4.3,4.3,4.4,340,2880,11.8,10.7,13,1126,12260,9.2,8.7,9.7,7456,60.8,59.9,61.7
2023-08-31,"ICB","QNX","E54000064","NHS SUSSEX ICB",17464,27528.2,63.4,57.2,68.9,403025,4.3,4.3,4.4,601,4508,13.3,12.4,14.4,1491,17905,8.3,7.9,8.7,11283,63,62.3,63.7
2023-08-31,"NHS_REGION","Y56","E40000003","LONDON",48991,73760.7,66.4,59.6,72.1,1198533,4.1,4.1,4.1,1598,15068,10.6,10.1,11.1,4346,50958,8.5,8.3,8.8,32367,63.5,63.1,63.9
2023-08-31,"NHS_REGION","Y60","E40000011","MIDLANDS",89547,140192.1,63.9,57.5,69.2,2186378,4.1,4.1,4.1,2796,26724,10.5,10.1,10.8,9268,93316,9.9,9.7,10.1,56153,60.2,59.9,60.5
2023-08-31,"ICB","QMF","E54000029","NHS NORTH EAST LONDON INTEGRATED CARE BOARD",7994,13283.7,60.2,53.8,65.4,223141,3.6,3.5,3.7,299,3589,8.3,7.5,9.3,763,8377,9.1,8.5,9.7,5494,65.6,64.6,66.6
2023-08-31,"ICB","QMJ","E54000028","NHS NORTH CENTRAL LONDON INTEGRATED CARE BOARD",8399,12372.6,67.9,60.9,73.8,198298,4.2,4.1,4.3,148,1351,11,9.4,12.7,688,8662,7.9,7.4,8.5,5373,62,61,63
2023-08-31,"ICB","QMM","E54000022","NHS NORFOLK AND WAVENEY INTEGRATED CARE BOARD",10632,17705.5,60,54,65.2,266158,4,3.9,4.1,389,2388,16.3,14.9,17.8,1280,10960,11.7,11.1,12.3,6398,58.4,57.5,59.3
2023-08-31,"ICB","QNC","E54000010","NHS STAFFORDSHIRE AND STOKE-ON-TRENT INTEGRATED CARE BOARD",11288,15717.6,71.8,64.6,78,245958,4.6,4.5,4.7,397,3821,10.4,9.5,11.4,967,11604,8.3,7.8,8.9,7300,62.9,62,63.8
2023-08-31,"ICB","QNQ","E54000034","NHS FRIMLEY INTEGRATED CARE BOARD",5866,8697.6,67.4,60.6,73.3,132850,4.4,4.3,4.5,177,1173,15.1,13.2,17.3,486,6002,8.1,7.4,8.8,3717,61.9,60.7,63.1
2023-08-31,"ICB","QOC","E54000011","NHS SHROPSHIRE, TELFORD AND WREKIN INTEGRATED CARE BOARD",4566,7671.1,59.5,53.4,64.8,119353,3.8,3.7,3.9,93,633,14.7,12.1,17.7,397,4697,8.5,7.7,9.3,2838,60.4,59,61.8
2023-08-31,"ICB","QOP","E54000057","NHS GREATER MANCHESTER INTEGRATED CARE BOARD",21462,29837,71.9,64.6,78.1,487171,4.4,4.3,4.5,724,7706,9.4,8.8,10.1,1620,22286,7.3,6.9,7.6,14481,65,64.3,65.6
2023-08-31,"ICB","QOQ","E54000051","NHS HUMBER AND NORTH YORKSHIRE INTEGRATED CARE BOARD",14838,25392.3,58.4,52.6,63.4,397918,3.7,3.7,3.8,818,5777,14.2,13.3,15.1,1032,15395,6.7,6.3,7.1,9453,61.4,60.6,62.2
2023-08-31,"ICB","QOX","E54000040","NHS BATH AND NORTH EAST SOMERSET, SWINDON AND WILTSHIRE INTEGRATED CARE BOARD",7760,13345.8,58.1,52.3,63.2,203644,3.8,3.7,3.9,196,2611,7.5,6.6,8.6,556,7954,7,6.5,7.6,4985,62.7,61.6,63.7
2023-08-31,"ICB","QPM","E54000059","NHS NORTHAMPTONSHIRE INTEGRATED CARE BOARD",5581,8772.6,63.6,57,69.2,141874,3.9,3.8,4,150,2121,7.1,6.1,8.2,610,5770,10.6,9.8,11.4,3381,58.6,57.3,59.9
2023-08-31,"ICB","QR1","E54000043","NHS GLOUCESTERSHIRE INTEGRATED CARE BOARD",6228,9716.5,64.1,57.6,69.7,148163,4.2,4.1,4.3,171,2157,7.9,6.9,9.1,590,6412,9.2,8.5,9.9,3865,60.3,59.1,61.5
2023-08-31,"ICB","QRL","E54000042","NHS HAMPSHIRE AND ISLE OF WIGHT INTEGRATED CARE BOARD",16456,26828.8,61.3,55.3,66.5,403021,4.1,4,4.1,259,4078,6.4,5.6,7.1,1904,16902,11.3,10.8,11.8,9243,54.7,53.9,55.4
2023-08-31,"ICB","QRV","E54000027","NHS NORTH WEST LONDON INTEGRATED CARE BOARD",12136,18987.7,63.9,57.3,69.4,312684,3.9,3.8,3.9,541,4890,11.1,10.2,12,1042,12711,8.2,7.7,8.7,8182,64.4,63.5,65.2
2023-08-31,"ICB","QSL","E54000038","NHS SOMERSET INTEGRATED CARE BOARD",5460,9784,55.8,50.1,60.7,148347,3.7,3.6,3.8,66,510,12.9,10.3,16.1,451,5607,8,7.4,8.8,3246,57.9,56.6,59.2
2023-08-31,"ICB","QT1","E54000060","NHS NOTTINGHAM AND NOTTINGHAMSHIRE INTEGRATED CARE BOARD",10133,14320.2,70.8,63.6,76.9,224405,4.5,4.4,4.6,197,2518,7.8,6.8,8.9,1030,10677,9.6,9.1,10.2,6633,62.1,61.2,63
2023-08-31,"ICB","QT6","E54000036","NHS CORNWALL AND THE ISLES OF SCILLY INTEGRATED CARE BOARD",5559,9549.5,58.2,52.3,63.3,149952,3.7,3.6,3.8,193,1156,16.7,14.7,19,502,5686,8.8,8.1,9.6,2967,52.2,50.9,53.5
2023-08-31,"ICB","QU9","E54000044","NHS BUCKINGHAMSHIRE, OXFORDSHIRE AND BERKSHIRE WEST INTEGRATED CARE BOARD",13887,22674.8,61.2,55.2,66.4,342445,4.1,4,4.1,382,2147,17.8,16.2,19.5,1189,14218,8.4,7.9,8.8,8382,59,58.1,59.8
2023-08-31,"ICB","QUA","E54000062","NHS BLACK COUNTRY INTEGRATED CARE BOARD",9116,14342.6,63.6,57.2,69,219765,4.1,4.1,4.2,253,4055,6.2,5.5,7,1070,9490,11.3,10.7,11.9,4552,48,47,49
2023-08-31,"ICB","QUE","E54000056","NHS CAMBRIDGESHIRE AND PETERBOROUGH INTEGRATED CARE BOARD",6245,10950.6,57,51.2,62,169493,3.7,3.6,3.8,194,1577,12.3,10.8,14,633,6490,9.8,9.1,10.5,3948,60.8,59.6,62
2023-08-31,"ICB","QUY","E54000039","NHS BRISTOL, NORTH SOMERSET AND SOUTH GLOUCESTERSHIRE INTEGRATED CARE BOARD",7887,11700,67.4,60.7,73.3,176400,4.5,4.4,4.6,59,763,7.7,6,9.8,627,8136,7.7,7.1,8.3,5092,62.6,61.5,63.6
2023-08-31,"ICB","QVV","E54000041","NHS DORSET INTEGRATED CARE BOARD",7924,14240.1,55.6,50.1,60.5,206265,3.8,3.8,3.9,141,3422,4.1,3.5,4.8,714,8150,8.8,8.2,9.4,4926,60.4,59.4,61.5
2023-08-31,"ICB","QWU","E54000018","NHS COVENTRY AND WARWICKSHIRE INTEGRATED CARE BOARD",6979,12216.7,57.1,51.4,62.1,186765,3.7,3.7,3.8,194,1942,10,8.7,11.4,811,7222,11.2,10.5,12,4433,61.4,60.3,62.5
2023-08-31,"ICB","QXU","E54000063","NHS SURREY HEARTLANDS ICB",9808,14771.7,66.4,59.8,72.1,211299,4.6,4.6,4.7,109,1152,9.5,7.9,11.3,952,10004,9.5,9,10.1,6332,63.3,62.3,64.2
2023-08-31,"ICB","QYG","E54000008","NHS CHESHIRE AND MERSEYSIDE INTEGRATED CARE BOARD",22321,33832.2,66,59.4,71.6,537180,4.2,4.1,4.2,910,6252,14.6,13.7,15.5,2543,23058,11,10.6,11.4,14772,64.1,63.4,64.7
2023-08-31,"NHS_REGION","Y58","E40000006","SOUTH WEST",52486,88908.6,59,53.3,64,1343358,3.9,3.9,3.9,1265,13282,9.5,9,10,4497,53896,8.3,8.1,8.6,32112,59.6,59.2,60
2023-08-31,"NHS_REGION","Y59","E40000005","SOUTH EAST",78275,125552.5,62.3,56.2,67.6,1879951,4.2,4.1,4.2,1840,15554,11.8,11.3,12.3,7322,80328,9.1,8.9,9.3,48480,60.4,60,60.7
2023-08-31,"NHS_REGION","Y61","E40000007","EAST OF ENGLAND",55315,89159.1,62,55.9,67.3,1356567,4.1,4,4.1,2297,14031,16.4,15.8,17,5877,57187,10.3,10,10.5,35235,61.6,61.2,62
2023-08-31,"NHS_REGION","Y62","E40000010","NORTH WEST",59785,86863.1,68.8,61.9,74.6,1392906,4.3,4.3,4.3,2069,18384,11.3,10.8,11.7,5397,61889,8.7,8.5,8.9,39605,64,63.6,64.4
2023-08-31,"NHS_REGION","Y63","E40000012","NORTH EAST AND YORKSHIRE",72633,108724.8,66.8,60.1,72.5,1735560,4.2,4.2,4.2,3740,25753,14.5,14.1,15,5895,75512,7.8,7.6,8,47337,62.7,62.3,63
2023-08-31,"SUB_ICB_LOC","00L","E38000130","NHS NORTH EAST AND NORTH CUMBRIA ICB - 00L",3433,5372.6,63.9,57.2,69.7,87240,3.9,3.8,4.1,106,1192,8.9,7.4,10.6,214,3533,6.1,5.3,6.9,2184,61.8,60.2,63.4
2023-08-31,"SUB_ICB_LOC","00N","E38000163","NHS NORTH EAST AND NORTH CUMBRIA ICB - 00N",1411,2021.6,69.8,61.9,76.7,32670,4.3,4.1,4.5,84,434,19.4,15.9,23.3,103,1461,7,5.8,8.5,914,62.6,60,65
2023-08-31,"SUB_ICB_LOC","00P","E38000176","NHS NORTH EAST AND NORTH CUMBRIA ICB - 00P",2261,3569.6,63.3,56.5,69.3,58117,3.9,3.7,4.1,89,551,16.2,13.3,19.5,249,2343,10.6,9.4,11.9,1441,61.5,59.5,63.5
2023-08-31,"SUB_ICB_LOC","00Q","E38000014","NHS LANCASHIRE AND SOUTH CUMBRIA ICB - 00Q",1075,1596.8,67.3,59.4,74.3,26808,4,3.8,4.3,37,486,7.6,5.6,10.3,102,1123,9.1,7.5,10.9,673,59.9,57,62.8
2023-08-31,"SUB_ICB_LOC","00R","E38000015","NHS LANCASHIRE AND SOUTH CUMBRIA ICB - 00R",1486,2171.9,68.4,60.8,75,34501,4.3,4.1,4.5,34,338,10.1,7.3,13.7,132,1553,8.5,7.2,10,743,47.8,45.4,50.3
2023-08-31,"SUB_ICB_LOC","00T","E38000016","NHS GREATER MANCHESTER ICB - 00T",2325,3257.9,71.4,63.6,78,53649,4.3,4.2,4.5,97,1418,6.8,5.6,8.3,176,2412,7.3,6.3,8.4,1653,68.5,66.7,70.4
2023-08-31,"SUB_ICB_LOC","00V","E38000024","NHS GREATER MANCHESTER ICB - 00V",1817,2369.9,76.7,68.3,84,37719,4.8,4.6,5,5,148,3.4,1.5,7.7,191,1865,10.2,8.9,11.7,1325,71,68.9,73.1
2023-08-31,"SUB_ICB_LOC","00X","E38000034","NHS LANCASHIRE AND SOUTH CUMBRIA ICB - 00X",1634,2431.6,67.2,59.7,73.7,39616,4.1,3.9,4.3,25,520,4.8,3.3,7,98,1678,5.8,4.8,7.1,1151,68.6,66.3,70.8
2023-08-31,"SUB_ICB_LOC","97R","E38000235","NHS SUSSEX ICB - 97R",6239,10022.1,62.3,56,67.7,146988,4.2,4.1,4.3,384,1993,19.3,17.6,21.1,678,6405,10.6,9.9,11.4,4093,63.9,62.7,65.1
2023-08-31,"SUB_ICB_LOC","00Y","E38000135","NHS GREATER MANCHESTER ICB - 00Y",1810,2497.3,72.5,64.4,79.4,40998,4.4,4.2,4.6,84,1404,6,4.9,7.3,144,1888,7.6,6.5,8.9,1239,65.6,63.5,67.7
2023-08-31,"SUB_ICB_LOC","01A","E38000050","NHS LANCASHIRE AND SOUTH CUMBRIA ICB - 01A",2994,4383.7,68.3,61,74.5,72303,4.1,4,4.3,122,1504,8.1,6.8,9.6,232,3098,7.5,6.6,8.5,2101,67.8,66.2,69.4
2023-08-31,"SUB_ICB_LOC","01D","E38000080","NHS GREATER MANCHESTER ICB - 01D",1732,2327.8,74.4,66,81.5,39646,4.4,4.2,4.6,65,616,10.6,8.4,13.2,141,1828,7.7,6.6,9,1172,64.1,61.9,66.3
2023-08-31,"SUB_ICB_LOC","01E","E38000227","NHS LANCASHIRE AND SOUTH CUMBRIA ICB - 01E",1678,2315.2,72.5,64.5,79.5,36768,4.6,4.4,4.8,23,440,5.2,3.5,7.7,148,1739,8.5,7.3,9.9,1161,66.8,64.5,68.9
2023-08-31,"SUB_ICB_LOC","01F","E38000068","NHS CHESHIRE AND MERSEYSIDE ICB - 01F",938,1410.8,66.5,58.3,73.6,25018,3.7,3.5,4,53,286,18.5,14.5,23.4,79,983,8,6.5,9.9,650,66.1,63.1,69
2023-08-31,"SUB_ICB_LOC","01G","E38000143","NHS GREATER MANCHESTER ICB - 01G",1823,2355.5,77.4,68.9,84.7,38885,4.7,4.5,4.9,96,400,24,20.1,28.4,136,1887,7.2,6.1,8.5,1226,65,62.8,67.1
2023-08-31,"SUB_ICB_LOC","01H","E38000215","NHS NORTH EAST AND NORTH CUMBRIA ICB - 01H",2835,5011.9,56.6,50.5,61.8,79533,3.6,3.4,3.7,150,458,32.8,28.6,37.2,272,2938,9.3,8.3,10.4,1929,65.7,63.9,67.4
2023-08-31,"SUB_ICB_LOC","01J","E38000091","NHS CHESHIRE AND MERSEYSIDE ICB - 01J",999,1657.7,60.3,52.9,66.6,28775,3.5,3.3,3.7,111,500,22.2,18.8,26,114,1047,10.9,9.1,12.9,579,55.3,52.3,58.3
2023-08-31,"SUB_ICB_LOC","01K","E38000228","NHS LANCASHIRE AND SOUTH CUMBRIA ICB - 01K",3718,5199.2,71.5,64.1,77.9,80565,4.6,4.5,4.8,73,508,14.4,11.6,17.7,296,3830,7.7,6.9,8.6,2397,62.6,61,64.1
2023-08-31,"SUB_ICB_LOC","01T","E38000161","NHS CHESHIRE AND MERSEYSIDE ICB - 01T",1217,2009.5,60.6,53.7,66.6,31837,3.8,3.6,4,66,601,11,8.7,13.7,97,1245,7.8,6.4,9.4,782,62.8,60.1,65.5
2023-08-31,"SUB_ICB_LOC","01V","E38000170","NHS CHESHIRE AND MERSEYSIDE ICB - 01V",1694,2369.5,71.5,63.8,78.3,34018,5,4.8,5.2,164,882,18.6,16.2,21.3,199,1741,11.4,10,13,1084,62.3,60,64.5
2023-08-31,"SUB_ICB_LOC","01W","E38000174","NHS GREATER MANCHESTER ICB - 01W",2938,4156.3,70.7,63.3,77.1,62623,4.7,4.5,4.9,48,431,11.1,8.5,14.5,201,3035,6.6,5.8,7.6,2088,68.8,67.1,70.4
2023-08-31,"SUB_ICB_LOC","01X","E38000172","NHS CHESHIRE AND MERSEYSIDE ICB - 01X",1782,2554.9,69.7,62,76.4,41157,4.3,4.1,4.5,87,522,16.7,13.7,20.1,144,1854,7.8,6.6,9.1,1076,58,55.8,60.3
2023-08-31,"SUB_ICB_LOC","01Y","E38000263","NHS GREATER MANCHESTER ICB - 01Y",1699,2315.9,73.4,65.1,80.4,38654,4.4,4.2,4.6,68,323,21.1,17,25.8,165,1786,9.2,8,10.7,1094,61.3,59,63.5
2023-08-31,"SUB_ICB_LOC","02A","E38000187","NHS GREATER MANCHESTER ICB - 02A",1861,2858.2,65.1,58.1,71.3,43298,4.3,4.1,4.5,85,390,21.8,18,26.2,98,1915,5.1,4.2,6.2,1071,55.9,53.7,58.1
2023-08-31,"SUB_ICB_LOC","02E","E38000194","NHS CHESHIRE AND MERSEYSIDE ICB - 02E",1969,2692.2,73.1,65.2,80.1,42702,4.6,4.4,4.8,126,645,19.5,16.7,22.8,260,2024,12.8,11.5,14.4,1176,58.1,55.9,60.2
2023-08-31,"SUB_ICB_LOC","09D","E38000021","NHS SUSSEX ICB - 09D",1943,2828.6,68.7,61.3,75.2,44103,4.4,4.2,4.6,72,408,17.6,14.3,21.6,121,2004,6,5.1,7.2,1289,64.3,62.2,66.4
2023-08-31,"SUB_ICB_LOC","15N","E38000230","NHS DEVON ICB - 15N",11668,20572.7,56.7,51.1,61.6,310587,3.8,3.7,3.8,439,2663,16.5,15.1,17.9,1057,11951,8.8,8.3,9.4,7031,58.8,57.9,59.7
2023-08-31,"SUB_ICB_LOC","70F","E38000265","NHS SUSSEX ICB - 70F",9282,14677.6,63.2,57,68.7,211934,4.4,4.3,4.5,145,2107,6.9,5.9,8,692,9496,7.3,6.8,7.8,5901,62.1,61.2,63.1
2023-08-31,"SUB_ICB_LOC","02G","E38000200","NHS LANCASHIRE AND SOUTH CUMBRIA ICB - 02G",1162,1650.7,70.4,62.4,77.6,25896,4.5,4.2,4.7,21,219,9.6,6.4,14.2,87,1194,7.3,5.9,8.9,693,58,55.2,60.8
2023-08-31,"SUB_ICB_LOC","02H","E38000205","NHS GREATER MANCHESTER ICB - 02H",2785,3954.9,70.4,62.8,76.9,65809,4.2,4.1,4.4,110,1291,8.5,7.1,10.2,149,2874,5.2,4.4,6.1,1727,60.1,58.3,61.9
2023-08-31,"SUB_ICB_LOC","02M","E38000226","NHS LANCASHIRE AND SOUTH CUMBRIA ICB - 02M",2255,3444.9,65.5,58.5,71.5,52098,4.3,4.2,4.5,100,411,24.3,20.4,28.7,139,2330,6,5.1,7,1433,61.5,59.5,63.5
2023-08-31,"SUB_ICB_LOC","02P","E38000006","NHS SOUTH YORKSHIRE ICB - 02P",2198,3052.3,72,64.1,78.8,50593,4.3,4.2,4.5,74,363,20.4,16.6,24.8,95,2285,4.2,3.4,5.1,1395,61.1,59,63
2023-08-31,"SUB_ICB_LOC","02Q","E38000008","NHS NOTTINGHAM AND NOTTINGHAMSHIRE ICB - 02Q",1236,1696,72.9,64.5,80.2,27155,4.6,4.3,4.8,58,314,18.5,14.6,23.1,138,1296,10.6,9.1,12.4,805,62.1,59.4,64.7
2023-08-31,"SUB_ICB_LOC","02T","E38000025","NHS WEST YORKSHIRE ICB - 02T",1642,2570,63.9,56.8,70.1,42319,3.9,3.7,4.1,74,866,8.5,6.9,10.6,137,1713,8,6.8,9.4,1063,62.1,59.7,64.3
2023-08-31,"SUB_ICB_LOC","02X","E38000044","NHS SOUTH YORKSHIRE ICB - 02X",2624,3713.8,70.7,63.1,77.1,60252,4.4,4.2,4.5,118,1813,6.5,5.5,7.7,209,2777,7.5,6.6,8.6,1558,56.1,54.3,57.9
2023-08-31,"SUB_ICB_LOC","02Y","E38000052","NHS HUMBER AND NORTH YORKSHIRE ICB - 02Y",3141,5410.2,58.1,52,63.3,84060,3.7,3.6,3.9,179,1121,16,13.9,18.2,214,3227,6.6,5.8,7.5,1924,59.6,57.9,61.3
2023-08-31,"SUB_ICB_LOC","03F","E38000085","NHS HUMBER AND NORTH YORKSHIRE ICB - 03F",1977,2861.7,69.1,61.4,75.6,48407,4.1,3.9,4.3,102,797,12.8,10.7,15.3,221,2083,10.6,9.4,12,1207,57.9,55.8,60
2023-08-31,"SUB_ICB_LOC","03H","E38000119","NHS HUMBER AND NORTH YORKSHIRE ICB - 03H",1364,2263.7,60.3,53.5,66.2,35722,3.8,3.6,4,118,508,23.2,19.8,27.1,115,1437,8,6.7,9.5,911,63.4,60.9,65.8
2023-08-31,"SUB_ICB_LOC","03K","E38000122","NHS HUMBER AND NORTH YORKSHIRE ICB - 03K",1368,2500.3,54.7,48.6,60.2,40060,3.4,3.2,3.6,110,897,12.3,10.3,14.6,113,1489,7.6,6.4,9,641,43,40.6,45.6
2023-08-31,"SUB_ICB_LOC","03L","E38000141","NHS SOUTH YORKSHIRE ICB - 03L",2584,3191.7,81,72.2,88.3,51374,5,4.8,5.2,171,955,17.9,15.6,20.5,197,2691,7.3,6.4,8.4,1796,66.7,64.9,68.5
2023-08-31,"SUB_ICB_LOC","03N","E38000146","NHS SOUTH YORKSHIRE ICB - 03N",4461,6133,72.7,65.3,79.2,94234,4.7,4.6,4.9,137,1075,12.7,10.9,14.9,447,4652,9.6,8.8,10.5,2860,61.5,60.1,62.9
2023-08-31,"SUB_ICB_LOC","03Q","E38000188","NHS HUMBER AND NORTH YORKSHIRE ICB - 03Q",2648,5036.7,52.6,47,57.4,77018,3.4,3.3,3.6,69,817,8.4,6.7,10.6,124,2707,4.6,3.9,5.4,1830,67.6,65.8,69.3
2023-08-31,"SUB_ICB_LOC","03R","E38000190","NHS WEST YORKSHIRE ICB - 03R",2761,4375.7,63.1,56.3,68.9,71891,3.8,3.7,4,245,1392,17.6,15.7,19.7,320,2894,11.1,10,12.3,1926,66.6,64.8,68.2
2023-08-31,"SUB_ICB_LOC","03W","E38000051","NHS LEICESTER, LEICESTERSHIRE AND RUTLAND ICB - 03W",3189,5307.3,60.1,53.8,65.5,80409,4,3.8,4.1,38,907,4.2,3.1,5.7,295,3295,9,8,10,2124,64.5,62.8,66.1
2023-08-31,"SUB_ICB_LOC","04C","E38000097","NHS LEICESTER, LEICESTERSHIRE AND RUTLAND ICB - 04C",2249,2997.1,75,66.8,82.1,50891,4.4,4.2,4.6,18,1287,1.4,0.9,2.2,295,2455,12,10.8,13.4,1508,61.4,59.5,63.3
2023-08-31,"SUB_ICB_LOC","04V","E38000201","NHS LEICESTER, LEICESTERSHIRE AND RUTLAND ICB - 04V",3296,5153.4,64,57.2,69.7,82252,4,3.9,4.1,93,849,11,9,13.2,316,3414,9.3,8.3,10.3,1933,56.6,55,58.3
2023-08-31,"SUB_ICB_LOC","04Y","E38000028","NHS STAFFORDSHIRE AND STOKE-ON-TRENT ICB - 04Y",1313,1795.5,73.1,64.9,80.4,28596,4.6,4.4,4.8,86,290,29.7,24.7,35.2,147,1353,10.9,9.3,12.6,842,62.2,59.6,64.8
2023-08-31,"SUB_ICB_LOC","05D","E38000053","NHS STAFFORDSHIRE AND STOKE-ON-TRENT ICB - 05D",1143,1884.4,60.7,53.7,66.8,29417,3.9,3.7,4.1,50,411,12.2,9.4,15.7,61,1187,5.1,4,6.5,777,65.5,62.7,68.1
2023-08-31,"SUB_ICB_LOC","05G","E38000126","NHS STAFFORDSHIRE AND STOKE-ON-TRENT ICB - 05G",2494,3437.3,72.6,64.9,79.2,53029,4.7,4.5,4.9,57,1051,5.4,4.2,7,301,2543,11.8,10.6,13.1,1538,60.5,58.6,62.4
2023-08-31,"SUB_ICB_LOC","05Q","E38000153","NHS STAFFORDSHIRE AND STOKE-ON-TRENT ICB - 05Q",2117,3095.4,68.4,61.1,74.8,48595,4.4,4.2,4.5,89,389,22.9,19,27.3,128,2180,5.9,5,6.9,1389,63.7,61.7,65.7
2023-08-31,"SUB_ICB_LOC","05V","E38000173","NHS STAFFORDSHIRE AND STOKE-ON-TRENT ICB - 05V",1403,2318.3,60.5,53.8,66.5,35680,3.9,3.7,4.1,59,289,20.4,16.2,25.4,74,1434,5.2,4.1,6.4,901,62.8,60.3,65.3
2023-08-31,"SUB_ICB_LOC","05W","E38000175","NHS STAFFORDSHIRE AND STOKE-ON-TRENT ICB - 05W",2818,3186.8,88.4,79.1,96.5,50641,5.6,5.4,5.8,56,1391,4,3.1,5.2,256,2907,8.8,7.8,9.9,1853,63.7,62,65.5
2023-08-31,"SUB_ICB_LOC","06H","E38000260","NHS CAMBRIDGESHIRE AND PETERBOROUGH ICB - 06H",6245,10950.6,57,51.2,62,169493,3.7,3.6,3.8,194,1577,12.3,10.8,14,633,6490,9.8,9.1,10.5,3948,60.8,59.6,62
2023-08-31,"SUB_ICB_LOC","06K","E38000049","NHS HERTFORDSHIRE AND WEST ESSEX ICB - 06K",4550,7280.4,62.5,56.2,68,107701,4.2,4.1,4.3,82,1441,5.7,4.6,7,377,4675,8.1,7.3,8.9,2905,62.1,60.7,63.5
2023-08-31,"SUB_ICB_LOC","06L","E38000086","NHS SUFFOLK AND NORTH EAST ESSEX ICB - 06L",3598,6245.7,57.6,51.7,62.7,94237,3.8,3.7,3.9,435,1066,40.8,37.9,43.8,338,3700,9.1,8.2,10.1,2480,67,65.5,68.5
2023-08-31,"SUB_ICB_LOC","06N","E38000079","NHS HERTFORDSHIRE AND WEST ESSEX ICB - 06N",4587,7368.8,62.2,55.9,67.7,109106,4.2,4.1,4.3,222,683,32.5,29.1,36.1,515,4722,10.9,10,11.8,3001,63.6,62.2,64.9
2023-08-31,"SUB_ICB_LOC","06Q","E38000106","NHS MID AND SOUTH ESSEX ICB - 06Q",3159,5416.5,58.3,52.2,63.6,83214,3.8,3.7,3.9,95,750,12.7,10.5,15.2,326,3254,10,9,11.1,1931,59.3,57.6,61
2023-08-31,"SUB_ICB_LOC","06T","E38000117","NHS SUFFOLK AND NORTH EAST ESSEX ICB - 06T",3609,5420.7,66.6,59.7,72.5,81635,4.4,4.3,4.6,107,960,11.1,9.3,13.3,595,3768,15.8,14.7,17,2360,62.6,61.1,64.2
2023-08-31,"SUB_ICB_LOC","07G","E38000185","NHS MID AND SOUTH ESSEX ICB - 07G",1054,1570.4,67.1,59.3,74.1,25546,4.1,3.9,4.4,44,350,12.6,9.5,16.5,116,1090,10.6,8.9,12.6,724,66.4,63.6,69.2
2023-08-31,"SUB_ICB_LOC","07H","E38000197","NHS HERTFORDSHIRE AND WEST ESSEX ICB - 07H",2784,3928.7,70.9,63.5,77.4,58438,4.8,4.6,4.9,36,756,4.8,3.5,6.5,234,2863,8.2,7.2,9.2,1550,54.1,52.3,56
2023-08-31,"SUB_ICB_LOC","07K","E38000204","NHS SUFFOLK AND NORTH EAST ESSEX ICB - 07K",2336,4228.3,55.2,49.4,60.4,64542,3.6,3.5,3.8,133,431,30.9,26.7,35.4,270,2376,11.4,10.1,12.7,1410,59.3,57.4,61.3
2023-08-31,"SUB_ICB_LOC","10Q","E38000136","NHS BUCKINGHAMSHIRE, OXFORDSHIRE AND BERKSHIRE WEST ICB - 10Q",5849,9348.8,62.6,56.2,68,140231,4.2,4.1,4.3,113,699,16.2,13.6,19.1,527,5987,8.8,8.1,9.5,3633,60.7,59.4,61.9
2023-08-31,"SUB_ICB_LOC","10R","E38000137","NHS HAMPSHIRE AND ISLE OF WIGHT ICB - 10R",1408,2191,64.3,57,70.6,34305,4.1,3.9,4.3,20,676,3,1.9,4.5,152,1454,10.5,9,12.1,627,43.1,40.6,45.7
2023-08-31,"SUB_ICB_LOC","11J","E38000045","NHS DORSET ICB - 11J",7924,14240.1,55.6,50.1,60.5,206265,3.8,3.8,3.9,141,3422,4.1,3.5,4.8,714,8150,8.8,8.2,9.4,4926,60.4,59.4,61.5
2023-08-31,"SUB_ICB_LOC","11M","E38000062","NHS GLOUCESTERSHIRE ICB - 11M",6228,9716.5,64.1,57.6,69.7,148163,4.2,4.1,4.3,171,2157,7.9,6.9,9.1,590,6412,9.2,8.5,9.9,3865,60.3,59.1,61.5
2023-08-31,"SUB_ICB_LOC","11N","E38000089","NHS CORNWALL AND THE ISLES OF SCILLY ICB - 11N",5559,9549.5,58.2,52.3,63.3,149952,3.7,3.6,3.8,193,1156,16.7,14.7,19,502,5686,8.8,8.1,9.6,2967,52.2,50.9,53.5
2023-08-31,"SUB_ICB_LOC","11X","E38000150","NHS SOMERSET ICB - 11X",5460,9784,55.8,50.1,60.7,148347,3.7,3.6,3.8,66,510,12.9,10.3,16.1,451,5607,8,7.4,8.8,3246,57.9,56.6,59.2
2023-08-31,"SUB_ICB_LOC","12F","E38000208","NHS CHESHIRE AND MERSEYSIDE ICB - 12F",3081,4772.6,64.6,57.8,70.4,74460,4.1,4,4.3,54,376,14.4,11.2,18.3,410,3193,12.8,11.7,14,2222,69.6,68,71.2
2023-08-31,"SUB_ICB_LOC","13T","E38000212","NHS NORTH EAST AND NORTH CUMBRIA ICB - 13T",4025,5497.5,73.2,65.6,79.8,86216,4.7,4.5,4.8,47,1479,3.2,2.4,4.2,334,4185,8,7.2,8.8,2526,60.4,58.9,61.8
2023-08-31,"SUB_ICB_LOC","14L","E38000217","NHS GREATER MANCHESTER ICB - 14L",2672,3743.3,71.4,63.4,78,65890,4.1,3.9,4.2,66,1285,5.1,4.1,6.5,219,2796,7.8,6.9,8.9,1886,67.5,65.7,69.2
2023-08-31,"SUB_ICB_LOC","14Y","E38000223","NHS BUCKINGHAMSHIRE, OXFORDSHIRE AND BERKSHIRE WEST ICB - 14Y",4251,7418.2,57.3,51.4,62.3,110423,3.8,3.7,4,107,878,12.2,10.2,14.5,332,4344,7.6,6.9,8.5,2487,57.3,55.8,58.7
2023-08-31,"SUB_ICB_LOC","15A","E38000221","NHS BUCKINGHAMSHIRE, OXFORDSHIRE AND BERKSHIRE WEST ICB - 15A",3787,5907.7,64.1,57.4,69.8,91791,4.1,4,4.3,162,570,28.4,24.9,32.3,330,3887,8.5,7.7,9.4,2262,58.2,56.6,59.7
2023-08-31,"SUB_ICB_LOC","15C","E38000222","NHS BRISTOL, NORTH SOMERSET AND SOUTH GLOUCESTERSHIRE ICB - 15C",7887,11700,67.4,60.7,73.3,176400,4.5,4.4,4.6,59,763,7.7,6,9.8,627,8136,7.7,7.1,8.3,5092,62.6,61.5,63.6
2023-08-31,"SUB_ICB_LOC","15E","E38000258","NHS BIRMINGHAM AND SOLIHULL ICB - 15E",8582,14339.8,59.8,53.8,65,218971,3.9,3.8,4,254,2422,10.5,9.3,11.8,1003,8935,11.2,10.6,11.9,5710,63.9,62.9,64.9
2023-08-31,"SUB_ICB_LOC","15F","E38000225","NHS WEST YORKSHIRE ICB - 15F",6089,8777.5,69.4,62.3,75.4,136865,4.4,4.3,4.6,513,1802,28.5,26.4,30.6,347,6268,5.5,5,6.1,3967,63.3,62.1,64.5
2023-08-31,"SUB_ICB_LOC","15M","E38000261","NHS DERBY AND DERBYSHIRE ICB - 15M",9899,14549.4,68,61.1,73.9,230597,4.3,4.2,4.4,570,1754,32.5,30.3,34.7,992,10550,9.4,8.9,10,6338,60.1,59.1,61
2023-08-31,"SUB_ICB_LOC","16C","E38000247","NHS NORTH EAST AND NORTH CUMBRIA ICB - 16C",6150,8475.4,72.6,65,78.9,138012,4.5,4.3,4.6,378,2056,18.4,16.8,20.1,390,6392,6.1,5.5,6.7,4127,64.6,63.4,65.7
2023-08-31,"SUB_ICB_LOC","18C","E38000236","NHS HEREFORDSHIRE AND WORCESTERSHIRE ICB - 18C",6793,12585.5,54,48.5,58.7,193724,3.5,3.4,3.6,99,1597,6.2,5.1,7.5,765,6976,11,10.3,11.7,4600,65.9,64.8,67
2023-08-31,"SUB_ICB_LOC","26A","E38000239","NHS NORFOLK AND WAVENEY ICB - 26A",10632,17705.5,60,54,65.2,266158,4,3.9,4.1,389,2388,16.3,14.9,17.8,1280,10960,11.7,11.1,12.3,6398,58.4,57.5,59.3
2023-08-31,"SUB_ICB_LOC","27D","E38000233","NHS CHESHIRE AND MERSEYSIDE ICB - 27D",7571,11406.7,66.4,59.7,72.1,174830,4.3,4.2,4.4,131,1317,9.9,8.4,11.7,786,7760,10.1,9.5,10.8,5137,66.2,65.1,67.2
2023-08-31,"SUB_ICB_LOC","36J","E38000232","NHS WEST YORKSHIRE ICB - 36J",4911,6550.6,75,67.3,81.6,103784,4.7,4.6,4.9,279,1602,17.4,15.6,19.4,729,5107,14.3,13.3,15.3,3340,65.4,64.1,66.7
2023-08-31,"SUB_ICB_LOC","36L","E38000245","NHS SOUTH WEST LONDON ICB - 36L",10016,14088.8,71.1,63.9,77.3,223000,4.5,4.4,4.6,233,1877,12.4,11,14,966,10374,9.3,8.8,9.9,6506,62.7,61.8,63.6
2023-08-31,"SUB_ICB_LOC","42D","E38000241","NHS HUMBER AND NORTH YORKSHIRE ICB - 42D",4340,7319.7,59.3,53.2,64.5,112651,3.9,3.7,4,240,1637,14.7,13,16.5,245,4452,5.5,4.9,6.2,2940,66,64.6,67.4
2023-08-31,"SUB_ICB_LOC","52R","E38000243","NHS NOTTINGHAM AND NOTTINGHAMSHIRE ICB - 52R",8897,12624.2,70.5,63.4,76.5,197250,4.5,4.4,4.6,139,2204,6.3,5.4,7.4,892,9381,9.5,8.9,10.1,5828,62.1,61.1,63.1
2023-08-31,"SUB_ICB_LOC","71E","E38000238","NHS LINCOLNSHIRE ICB - 71E",7876,12218.9,64.5,57.9,70,191414,4.1,4,4.2,440,2818,15.6,14.3,17,717,8231,8.7,8.1,9.3,4803,58.4,57.3,59.4
2023-08-31,"SUB_ICB_LOC","72Q","E38000244","NHS SOUTH EAST LONDON ICB - 72Q",10446,15027.9,69.5,62.3,75.5,241410,4.3,4.2,4.4,377,3361,11.2,10.2,12.3,887,10834,8.2,7.7,8.7,6812,62.9,62,63.8
2023-08-31,"SUB_ICB_LOC","78H","E38000262","NHS NORTHAMPTONSHIRE ICB - 78H",5581,8772.6,63.6,57,69.2,141874,3.9,3.8,4,150,2121,7.1,6.1,8.2,610,5770,10.6,9.8,11.4,3381,58.6,57.3,59.9
2023-08-31,"SUB_ICB_LOC","84H","E38000234","NHS NORTH EAST AND NORTH CUMBRIA ICB - 84H",5191,7202.3,72.1,64.6,78.5,119089,4.4,4.2,4.5,232,1209,19.2,17.1,21.5,393,5433,7.2,6.6,8,3432,63.2,61.9,64.4
2023-08-31,"SUB_ICB_LOC","91Q","E38000237","NHS KENT AND MEDWAY ICB - 91Q",14794,25051.4,59.1,53.1,64.1,387311,3.8,3.8,3.9,312,2496,12.5,11.3,13.9,1300,15297,8.5,8.1,9,9523,62.3,61.5,63
2023-08-31,"SUB_ICB_LOC","92A","E38000264","NHS SURREY HEARTLANDS ICB - 92A",9808,14771.7,66.4,59.8,72.1,211299,4.6,4.6,4.7,109,1152,9.5,7.9,11.3,952,10004,9.5,9,10.1,6332,63.3,62.3,64.2
2023-08-31,"SUB_ICB_LOC","92G","E38000231","NHS BATH AND NORTH EAST SOMERSET, SWINDON AND WILTSHIRE ICB - 92G",7760,13345.8,58.1,52.3,63.2,203644,3.8,3.7,3.9,196,2611,7.5,6.6,8.6,556,7954,7,6.5,7.6,4985,62.7,61.6,63.7
2023-08-31,"SUB_ICB_LOC","93C","E38000240","NHS NORTH CENTRAL LONDON ICB - 93C",8399,12372.6,67.9,60.9,73.8,198298,4.2,4.1,4.3,148,1351,11,9.4,12.7,688,8662,7.9,7.4,8.5,5373,62,61,63
2023-08-31,"SUB_ICB_LOC","99A","E38000101","NHS CHESHIRE AND MERSEYSIDE ICB - 99A",3070,4958.4,61.9,55.3,67.5,84383,3.6,3.5,3.8,118,1123,10.5,8.8,12.4,454,3211,14.1,13,15.4,2066,64.3,62.7,66
2023-08-31,"SUB_ICB_LOC","99C","E38000127","NHS NORTH EAST AND NORTH CUMBRIA ICB - 99C",2066,2920.8,70.7,63,77.4,46928,4.4,4.2,4.6,34,845,4,2.9,5.6,146,2133,6.8,5.8,8,1354,63.5,61.4,65.5
2023-08-31,"SUB_ICB_LOC","99E","E38000007","NHS MID AND SOUTH ESSEX ICB - 99E",1919,3435.3,55.9,49.8,61.2,51577,3.7,3.6,3.9,100,752,13.3,11.1,15.9,207,2005,10.3,9.1,11.7,1261,62.9,60.8,65
2023-08-31,"SUB_ICB_LOC","99F","E38000030","NHS MID AND SOUTH ESSEX ICB - 99F",2035,2990.7,68,60.8,74.4,44239,4.6,4.4,4.8,86,284,30.3,25.2,35.9,146,2086,7,6,8.2,1428,68.5,66.4,70.4
2023-08-31,"SUB_ICB_LOC","99G","E38000168","NHS MID AND SOUTH ESSEX ICB - 99G",1964,2438.1,80.6,71.9,88.2,36189,5.4,5.2,5.7,76,277,27.4,22.5,33,174,2052,8.5,7.4,9.8,1495,72.9,70.9,74.7
2023-08-31,"SUB_ICB_LOC","A3A8R","E38000255","NHS NORTH EAST LONDON ICB - A3A8R",7994,13283.7,60.2,53.8,65.4,223141,3.6,3.5,3.7,299,3589,8.3,7.5,9.3,763,8377,9.1,8.5,9.7,5494,65.6,64.6,66.6
2023-08-31,"SUB_ICB_LOC","B2M3M","E38000251","NHS COVENTRY AND WARWICKSHIRE ICB - B2M3M",6979,12216.7,57.1,51.4,62.1,186765,3.7,3.7,3.8,194,1942,10,8.7,11.4,811,7222,11.2,10.5,12,4433,61.4,60.3,62.5
2023-08-31,"SUB_ICB_LOC","D2P2L","E38000259","NHS BLACK COUNTRY ICB - D2P2L",9116,14342.6,63.6,57.2,69,219765,4.1,4.1,4.2,253,4055,6.2,5.5,7,1070,9490,11.3,10.7,11.9,4552,48,47,49
2023-08-31,"SUB_ICB_LOC","D4U1Y","E38000252","NHS FRIMLEY ICB - D4U1Y",5866,8697.6,67.4,60.6,73.3,132850,4.4,4.3,4.5,177,1173,15.1,13.2,17.3,486,6002,8.1,7.4,8.8,3717,61.9,60.7,63.1
2023-08-31,"SUB_ICB_LOC","D9Y0V","E38000253","NHS HAMPSHIRE AND ISLE OF WIGHT ICB - D9Y0V",15048,24637.9,61.1,55,66.3,368716,4.1,4,4.1,239,3402,7,6.2,7.9,1752,15448,11.3,10.9,11.9,8616,55.8,55,56.6
2023-08-31,"SUB_ICB_LOC","M1J4Y","E38000249","NHS BEDFORDSHIRE, LUTON AND MILTON KEYNES ICB - M1J4Y",6843,10179.5,67.2,60.3,73.1,164492,4.2,4.1,4.3,298,2316,12.9,11.6,14.3,666,7146,9.3,8.7,10,4344,60.8,59.7,61.9
2023-08-31,"SUB_ICB_LOC","M2L0M","E38000257","NHS SHROPSHIRE, TELFORD AND WREKIN ICB - M2L0M",4566,7671.1,59.5,53.4,64.8,119353,3.8,3.7,3.9,93,633,14.7,12.1,17.7,397,4697,8.5,7.7,9.3,2838,60.4,59,61.8
2023-08-31,"SUB_ICB_LOC","W2U3Z","E38000256","NHS NORTH WEST LONDON ICB - W2U3Z",12136,18987.7,63.9,57.3,69.4,312684,3.9,3.8,3.9,541,4890,11.1,10.2,12,1042,12711,8.2,7.7,8.7,8182,64.4,63.5,65.2
2023-08-31,"SUB_ICB_LOC","X2C4Y","E38000254","NHS WEST YORKSHIRE ICB - X2C4Y",3153,4896.2,64.4,57.6,70.3,78525,4,3.9,4.2,191,1884,10.1,8.9,11.6,281,3312,8.5,7.6,9.5,2072,62.6,60.9,64.2
2023-08-31,"ICB","QWE","E54000031","NHS SOUTH WEST LONDON INTEGRATED CARE BOARD",10016,14088.8,71.1,63.9,77.3,223000,4.5,4.4,4.6,233,1877,12.4,11,14,966,10374,9.3,8.8,9.9,6506,62.7,61.8,63.6
2023-08-31,"ICB","QWO","E54000054","NHS WEST YORKSHIRE INTEGRATED CARE BOARD",18556,27170,68.3,61.4,74.1,433384,4.3,4.2,4.3,1302,7546,17.3,16.4,18.1,1814,19294,9.4,9,9.8,12368,64.1,63.4,64.8
2023-09-30,"SUB_ICB_LOC","11X","E38000150","NHS SOMERSET ICB - 11X",5466,9800.6,55.8,50.1,60.6,148530,3.7,3.6,3.8,83,592,14,11.5,17,470,5617,8.4,7.7,9.1,3189,56.8,55.5,58.1
2023-09-30,"SUB_ICB_LOC","05Q","E38000153","NHS STAFFORDSHIRE AND STOKE-ON-TRENT ICB - 05Q",2117,3105.4,68.2,60.8,74.6,48680,4.3,4.2,4.5,108,474,22.8,19.2,26.8,126,2179,5.8,4.9,6.8,1356,62.2,60.2,64.2
2023-09-30,"SUB_ICB_LOC","01T","E38000161","NHS CHESHIRE AND MERSEYSIDE ICB - 01T",1222,2014.3,60.7,53.8,66.8,31889,3.8,3.6,4,90,771,11.7,9.6,14.1,98,1252,7.8,6.5,9.4,801,64,61.3,66.6
2023-09-30,"SUB_ICB_LOC","00N","E38000163","NHS NORTH EAST AND NORTH CUMBRIA ICB - 00N",1414,2024.4,69.8,61.9,76.7,32719,4.3,4.1,4.5,95,542,17.5,14.6,21,113,1465,7.7,6.5,9.2,861,58.8,56.2,61.3
2023-09-30,"SUB_ICB_LOC","99G","E38000168","NHS MID AND SOUTH ESSEX ICB - 99G",1963,2439.8,80.5,71.8,88,36251,5.4,5.2,5.7,85,317,26.8,22.2,31.9,171,2050,8.3,7.2,9.6,1484,72.4,70.4,74.3
2023-09-30,"SUB_ICB_LOC","01V","E38000170","NHS CHESHIRE AND MERSEYSIDE ICB - 01V",1703,2376.1,71.7,63.9,78.5,34070,5,4.8,5.2,179,1038,17.2,15.1,19.7,198,1748,11.3,9.9,12.9,1109,63.4,61.2,65.7
2023-09-30,"SUB_ICB_LOC","01X","E38000172","NHS CHESHIRE AND MERSEYSIDE ICB - 01X",1788,2563.3,69.8,62,76.5,41217,4.3,4.1,4.5,102,609,16.7,14,19.9,151,1859,8.1,7,9.5,1053,56.6,54.4,58.9
2023-09-30,"SUB_ICB_LOC","05V","E38000173","NHS STAFFORDSHIRE AND STOKE-ON-TRENT ICB - 05V",1404,2323.2,60.4,53.7,66.4,35751,3.9,3.7,4.1,79,340,23.2,19.1,28,76,1437,5.3,4.2,6.6,882,61.4,58.8,63.9
2023-09-30,"SUB_ICB_LOC","01W","E38000174","NHS GREATER MANCHESTER ICB - 01W",2970,4161.7,71.4,63.9,77.9,62746,4.7,4.6,4.9,54,490,11,8.5,14.1,201,3062,6.6,5.7,7.5,2058,67.2,65.5,68.9
2023-09-30,"SUB_ICB_LOC","05W","E38000175","NHS STAFFORDSHIRE AND STOKE-ON-TRENT ICB - 05W",2854,3193,89.4,79.9,97.5,50737,5.6,5.4,5.8,71,1605,4.4,3.5,5.5,263,2943,8.9,8,10,1786,60.7,58.9,62.4
2023-09-30,"SUB_ICB_LOC","00P","E38000176","NHS NORTH EAST AND NORTH CUMBRIA ICB - 00P",2264,3578.4,63.3,56.4,69.2,58252,3.9,3.7,4,116,661,17.5,14.8,20.6,244,2347,10.4,9.2,11.7,1375,58.6,56.6,60.6
2023-09-30,"SUB_ICB_LOC","07G","E38000185","NHS MID AND SOUTH ESSEX ICB - 07G",1051,1574.3,66.8,59,73.7,25596,4.1,3.9,4.4,56,419,13.4,10.4,17,116,1087,10.7,9,12.6,726,66.8,63.9,69.5
2023-09-30,"SUB_ICB_LOC","02A","E38000187","NHS GREATER MANCHESTER ICB - 02A",1882,2863,65.7,58.6,72,43345,4.3,4.2,4.5,93,462,20.1,16.7,24,100,1937,5.2,4.3,6.2,1093,56.4,54.2,58.6
2023-09-30,"SUB_ICB_LOC","03Q","E38000188","NHS HUMBER AND NORTH YORKSHIRE ICB - 03Q",2640,5046.6,52.3,46.8,57.1,77172,3.4,3.3,3.6,87,1008,8.6,7.1,10.5,120,2700,4.4,3.7,5.3,1836,68,66.2,69.7
2023-09-30,"SUB_ICB_LOC","03R","E38000190","NHS WEST YORKSHIRE ICB - 03R",2773,4389.3,63.2,56.4,69,72056,3.8,3.7,4,296,1626,18.2,16.4,20.2,326,2907,11.2,10.1,12.4,1910,65.7,64,67.4
2023-09-30,"SUB_ICB_LOC","02E","E38000194","NHS CHESHIRE AND MERSEYSIDE ICB - 02E",1963,2699.1,72.7,64.8,79.6,42788,4.6,4.4,4.8,146,734,19.9,17.2,22.9,252,2019,12.5,11.1,14,1173,58.1,55.9,60.2
2023-09-30,"SUB_ICB_LOC","07H","E38000197","NHS HERTFORDSHIRE AND WEST ESSEX ICB - 07H",2792,3940.5,70.9,63.4,77.3,58575,4.8,4.6,4.9,48,905,5.3,4,7,238,2876,8.3,7.3,9.3,1522,52.9,51.1,54.7
2023-09-30,"SUB_ICB_LOC","02G","E38000200","NHS LANCASHIRE AND SOUTH CUMBRIA ICB - 02G",1167,1653.1,70.6,62.6,77.8,25954,4.5,4.3,4.8,30,270,11.1,7.9,15.4,89,1201,7.4,6.1,9,682,56.8,54,59.6
2023-09-30,"SUB_ICB_LOC","04V","E38000201","NHS LEICESTER, LEICESTERSHIRE AND RUTLAND ICB - 04V",3310,5167.9,64,57.3,69.9,82398,4,3.9,4.2,109,1019,10.7,8.9,12.7,316,3429,9.2,8.3,10.2,1917,55.9,54.2,57.6
2023-09-30,"SUB_ICB_LOC","07K","E38000204","NHS SUFFOLK AND NORTH EAST ESSEX ICB - 07K",2352,4245.3,55.4,49.5,60.6,64696,3.6,3.5,3.8,157,496,31.7,27.7,35.9,277,2392,11.6,10.4,12.9,1397,58.4,56.4,60.4
2023-09-30,"SUB_ICB_LOC","02H","E38000205","NHS GREATER MANCHESTER ICB - 02H",2828,3969.6,71.2,63.6,77.8,65990,4.3,4.1,4.4,131,1638,8,6.8,9.4,147,2918,5,4.3,5.9,1714,58.7,56.9,60.5
2023-09-30,"SUB_ICB_LOC","12F","E38000208","NHS CHESHIRE AND MERSEYSIDE ICB - 12F",3138,4778.4,65.7,58.8,71.6,74553,4.2,4.1,4.4,63,448,14.1,11.1,17.6,419,3252,12.9,11.8,14.1,2223,68.4,66.7,69.9
2023-09-30,"SUB_ICB_LOC","13T","E38000212","NHS NORTH EAST AND NORTH CUMBRIA ICB - 13T",4017,5507,72.9,65.4,79.4,86320,4.7,4.5,4.8,67,1780,3.8,3,4.8,340,4172,8.1,7.4,9,2439,58.5,57,59.9
2023-09-30,"SUB_ICB_LOC","01H","E38000215","NHS NORTH EAST AND NORTH CUMBRIA ICB - 01H",2845,5023.6,56.6,50.7,61.8,79691,3.6,3.4,3.7,184,538,34.2,30.3,38.3,270,2950,9.2,8.2,10.2,1897,64.3,62.6,66
2023-09-30,"SUB_ICB_LOC","14L","E38000217","NHS GREATER MANCHESTER ICB - 14L",2685,3744.6,71.7,63.7,78.4,65998,4.1,3.9,4.2,80,1516,5.3,4.3,6.5,218,2810,7.8,6.8,8.8,1865,66.4,64.6,68.1
2023-09-30,"SUB_ICB_LOC","15A","E38000221","NHS BUCKINGHAMSHIRE, OXFORDSHIRE AND BERKSHIRE WEST ICB - 15A",3803,5930.6,64.1,57.5,69.9,92030,4.1,4,4.3,198,704,28.1,24.9,31.6,336,3900,8.6,7.8,9.5,2230,57.2,55.6,58.7
2023-09-30,"SUB_ICB_LOC","15C","E38000222","NHS BRISTOL, NORTH SOMERSET AND SOUTH GLOUCESTERSHIRE ICB - 15C",7978,11735.4,68,61.2,73.8,176744,4.5,4.4,4.6,79,924,8.5,6.9,10.5,639,8219,7.8,7.2,8.4,4995,60.8,59.7,61.8
2023-09-30,"SUB_ICB_LOC","14Y","E38000223","NHS BUCKINGHAMSHIRE, OXFORDSHIRE AND BERKSHIRE WEST ICB - 14Y",4288,7436.5,57.7,51.8,62.8,110682,3.9,3.8,4,120,1055,11.4,9.6,13.4,337,4380,7.7,6.9,8.5,2421,55.3,53.8,56.7
2023-09-30,"SUB_ICB_LOC","15F","E38000225","NHS WEST YORKSHIRE ICB - 15F",6138,8800.7,69.7,62.6,75.9,137176,4.5,4.4,4.6,615,2159,28.5,26.6,30.4,336,6316,5.3,4.8,5.9,3956,62.6,61.4,63.8
2023-09-30,"SUB_ICB_LOC","02M","E38000226","NHS LANCASHIRE AND SOUTH CUMBRIA ICB - 02M",2264,3461.5,65.4,58.5,71.5,52269,4.3,4.2,4.5,123,506,24.3,20.8,28.2,138,2338,5.9,5,6.9,1382,59.1,57.1,61.1
2023-09-30,"SUB_ICB_LOC","01E","E38000227","NHS LANCASHIRE AND SOUTH CUMBRIA ICB - 01E",1690,2321.2,72.8,64.8,79.9,36825,4.6,4.4,4.8,28,507,5.5,3.8,7.9,150,1749,8.6,7.4,10,1145,65.5,63.2,67.7
2023-09-30,"SUB_ICB_LOC","15N","E38000230","NHS DEVON ICB - 15N",11611,20343.7,57.1,51.4,61.9,306941,3.8,3.7,3.9,538,3126,17.2,15.9,18.6,1061,11895,8.9,8.4,9.4,6903,58,57.1,58.9
2023-09-30,"SUB_ICB_LOC","97R","E38000235","NHS SUSSEX ICB - 97R",6421,10045.1,63.9,57.5,69.4,147205,4.4,4.3,4.5,435,2417,18,16.5,19.6,715,6586,10.9,10.1,11.6,4042,61.4,60.2,62.5
2023-09-30,"SUB_ICB_LOC","70F","E38000265","NHS SUSSEX ICB - 70F",9338,14715.5,63.5,57.2,68.9,212330,4.4,4.3,4.5,178,2515,7.1,6.1,8.1,707,9548,7.4,6.9,7.9,5803,60.8,59.8,61.8
2023-09-30,"SUB_ICB_LOC","01K","E38000228","NHS LANCASHIRE AND SOUTH CUMBRIA ICB - 01K",3739,5212.7,71.7,64.3,78.1,80705,4.6,4.5,4.8,84,606,13.9,11.3,16.8,287,3852,7.5,6.7,8.3,2325,60.4,58.8,61.9
2023-09-30,"SUB_ICB_LOC","04C","E38000097","NHS LEICESTER, LEICESTERSHIRE AND RUTLAND ICB - 04C",2274,3002.9,75.7,67.3,82.8,51011,4.5,4.3,4.6,22,1622,1.4,0.9,2,300,2470,12.1,10.9,13.5,1489,60.3,58.3,62.2
2023-09-30,"SUB_ICB_LOC","99A","E38000101","NHS CHESHIRE AND MERSEYSIDE ICB - 99A",3107,4972.6,62.5,55.7,68.2,84595,3.7,3.5,3.8,143,1321,10.8,9.3,12.6,460,3240,14.2,13,15.4,2016,62.2,60.5,63.9
2023-09-30,"SUB_ICB_LOC","06Q","E38000106","NHS MID AND SOUTH ESSEX ICB - 06Q",3244,5525.4,58.7,52.6,64,84814,3.8,3.7,4,116,885,13.1,11,15.5,344,3342,10.3,9.3,11.4,1944,58.2,56.5,59.8
2023-09-30,"SUB_ICB_LOC","06T","E38000117","NHS SUFFOLK AND NORTH EAST ESSEX ICB - 06T",3617,5440.7,66.5,59.6,72.4,81807,4.4,4.3,4.6,133,1100,12.1,10.3,14.2,576,3772,15.3,14.2,16.5,2374,62.9,61.4,64.5
2023-09-30,"SUB_ICB_LOC","03H","E38000119","NHS HUMBER AND NORTH YORKSHIRE ICB - 03H",1382,2274.4,60.8,53.9,66.7,35818,3.9,3.7,4.1,143,603,23.7,20.5,27.3,126,1458,8.6,7.3,10.2,915,62.8,60.2,65.2
2023-09-30,"SUB_ICB_LOC","03K","E38000122","NHS HUMBER AND NORTH YORKSHIRE ICB - 03K",1391,2506.5,55.5,49.2,61,40134,3.5,3.3,3.6,145,1035,14,12,16.3,111,1509,7.4,6.1,8.8,614,40.7,38.2,43.2
2023-09-30,"SUB_ICB_LOC","05G","E38000126","NHS STAFFORDSHIRE AND STOKE-ON-TRENT ICB - 05G",2517,3443.7,73.1,65.4,79.8,53093,4.7,4.6,4.9,66,1211,5.5,4.3,6.9,305,2566,11.9,10.7,13.2,1522,59.3,57.4,61.2
2023-09-30,"SUB_ICB_LOC","99C","E38000127","NHS NORTH EAST AND NORTH CUMBRIA ICB - 99C",2061,2928.7,70.4,62.7,77,47011,4.4,4.2,4.6,37,1001,3.7,2.7,5.1,154,2130,7.2,6.2,8.4,1320,62,59.9,64
2023-09-30,"SUB_ICB_LOC","00L","E38000130","NHS NORTH EAST AND NORTH CUMBRIA ICB - 00L",3451,5386,64.1,57.3,69.8,87411,3.9,3.8,4.1,138,1398,9.9,8.4,11.5,217,3549,6.1,5.4,7,2167,61.1,59.4,62.7
2023-09-30,"SUB_ICB_LOC","00Y","E38000135","NHS GREATER MANCHESTER ICB - 00Y",1812,2504,72.4,64.3,79.2,41070,4.4,4.2,4.6,105,1633,6.4,5.3,7.7,152,1891,8,6.9,9.4,1224,64.7,62.5,66.8
2023-09-30,"SUB_ICB_LOC","10Q","E38000136","NHS BUCKINGHAMSHIRE, OXFORDSHIRE AND BERKSHIRE WEST ICB - 10Q",5891,9379.9,62.8,56.4,68.3,140469,4.2,4.1,4.3,140,831,16.8,14.5,19.5,512,6031,8.5,7.8,9.2,3508,58.2,56.9,59.4
2023-09-30,"SUB_ICB_LOC","10R","E38000137","NHS HAMPSHIRE AND ISLE OF WIGHT ICB - 10R",1433,2194.9,65.3,58,71.7,34357,4.2,4,4.4,25,781,3.2,2.2,4.7,153,1482,10.3,8.9,12,626,42.2,39.7,44.8
2023-09-30,"SUB_ICB_LOC","03L","E38000141","NHS SOUTH YORKSHIRE ICB - 03L",2623,3202.8,81.9,73.1,89.4,51465,5.1,4.9,5.3,224,1143,19.6,17.4,22,197,2733,7.2,6.3,8.2,1801,65.9,64.1,67.7
2023-09-30,"SUB_ICB_LOC","01G","E38000143","NHS GREATER MANCHESTER ICB - 01G",1875,2362.5,79.4,70.6,86.9,39014,4.8,4.6,5,118,466,25.3,21.6,29.5,139,1939,7.2,6.1,8.4,1275,65.8,63.6,67.8
2023-09-30,"SUB_ICB_LOC","03N","E38000146","NHS SOUTH YORKSHIRE ICB - 03N",4464,6143.9,72.7,65.2,79.1,94341,4.7,4.6,4.9,172,1251,13.7,12,15.8,441,4654,9.5,8.7,10.4,2818,60.6,59.1,61.9
2023-09-30,"SUB_ICB_LOC","02X","E38000044","NHS SOUTH YORKSHIRE ICB - 02X",2647,3714,71.3,63.6,77.9,60314,4.4,4.2,4.6,137,2057,6.7,5.7,7.8,202,2796,7.2,6.3,8.2,1527,54.6,52.8,56.5
2023-09-30,"SUB_ICB_LOC","11J","E38000045","NHS DORSET ICB - 11J",7966,14264.1,55.8,50.3,60.7,206586,3.9,3.8,3.9,174,4045,4.3,3.7,5,720,8189,8.8,8.2,9.4,4937,60.3,59.2,61.3
2023-09-30,"SUB_ICB_LOC","06K","E38000049","NHS HERTFORDSHIRE AND WEST ESSEX ICB - 06K",4604,7302.2,63,56.6,68.6,107912,4.3,4.1,4.4,105,1668,6.3,5.2,7.6,383,4727,8.1,7.4,8.9,2875,60.8,59.4,62.2
2023-09-30,"SUB_ICB_LOC","01A","E38000050","NHS LANCASHIRE AND SOUTH CUMBRIA ICB - 01A",3001,4394.6,68.3,61,74.6,72439,4.1,4,4.3,144,1806,8,6.8,9.3,224,3105,7.2,6.4,8.2,2048,66,64.3,67.6
2023-09-30,"SUB_ICB_LOC","03W","E38000051","NHS LEICESTER, LEICESTERSHIRE AND RUTLAND ICB - 03W",3209,5318.9,60.3,54.1,65.8,80542,4,3.9,4.1,49,1079,4.5,3.5,6,296,3313,8.9,8,10,2086,63,61.3,64.6
2023-09-30,"SUB_ICB_LOC","02Y","E38000052","NHS HUMBER AND NORTH YORKSHIRE ICB - 02Y",3178,5429.7,58.5,52.4,63.8,84218,3.8,3.6,3.9,236,1370,17.2,15.3,19.3,217,3262,6.7,5.8,7.6,1871,57.4,55.7,59
2023-09-30,"SUB_ICB_LOC","05D","E38000053","NHS STAFFORDSHIRE AND STOKE-ON-TRENT ICB - 05D",1153,1891.3,61,54,67.1,29481,3.9,3.7,4.1,62,468,13.2,10.5,16.6,66,1196,5.5,4.4,7,723,60.5,57.7,63.2
2023-09-30,"SUB_ICB_LOC","11M","E38000062","NHS GLOUCESTERSHIRE ICB - 11M",6245,9739.7,64.1,57.6,69.7,148432,4.2,4.1,4.3,214,2539,8.4,7.4,9.6,606,6428,9.4,8.7,10.2,3767,58.6,57.4,59.8
2023-09-30,"SUB_ICB_LOC","01F","E38000068","NHS CHESHIRE AND MERSEYSIDE ICB - 01F",948,1419,66.8,58.6,73.9,25098,3.8,3.5,4,64,351,18.2,14.5,22.6,82,993,8.3,6.7,10.1,659,66.4,63.4,69.2
2023-09-30,"SUB_ICB_LOC","06N","E38000079","NHS HERTFORDSHIRE AND WEST ESSEX ICB - 06N",4590,7381.4,62.2,55.8,67.7,109353,4.2,4.1,4.3,251,772,32.5,29.3,35.9,509,4728,10.8,9.9,11.7,2904,61.4,60,62.8
2023-09-30,"SUB_ICB_LOC","01D","E38000080","NHS GREATER MANCHESTER ICB - 01D",1735,2331.1,74.4,66,81.7,39713,4.4,4.2,4.6,79,712,11.1,9,13.6,140,1830,7.7,6.5,9,1150,62.8,60.6,65
2023-09-30,"SUB_ICB_LOC","03F","E38000085","NHS HUMBER AND NORTH YORKSHIRE ICB - 03F",1979,2867,69,61.4,75.6,48505,4.1,3.9,4.3,126,962,13.1,11.1,15.4,212,2085,10.2,8.9,11.5,1190,57.1,54.9,59.2
2023-09-30,"SUB_ICB_LOC","06L","E38000086","NHS SUFFOLK AND NORTH EAST ESSEX ICB - 06L",3607,6267.4,57.6,51.6,62.7,94422,3.8,3.7,3.9,540,1252,43.1,40.4,45.9,341,3704,9.2,8.3,10.2,2443,66,64.4,67.5
2023-09-30,"SUB_ICB_LOC","11N","E38000089","NHS CORNWALL AND THE ISLES OF SCILLY ICB - 11N",5604,9567.8,58.6,52.6,63.7,150154,3.7,3.6,3.8,235,1344,17.5,15.5,19.6,491,5726,8.6,7.9,9.3,2843,49.7,48.4,50.9
2023-09-30,"SUB_ICB_LOC","01J","E38000091","NHS CHESHIRE AND MERSEYSIDE ICB - 01J",984,1659.7,59.3,52.1,65.5,28827,3.4,3.2,3.6,129,584,22.1,18.9,25.6,107,1033,10.4,8.6,12.4,559,54.1,51.1,57.1
2023-09-30,"NHS_REGION","Y58","E40000006","SOUTH WEST",52652,88833.1,59.3,53.4,64.3,1341539,3.9,3.9,4,1572,15647,10,9.6,10.5,4529,54053,8.4,8.1,8.6,31510,58.3,57.9,58.7
2023-09-30,"NHS_REGION","Y61","E40000007","EAST OF ENGLAND",55690,89505.3,62.2,56.1,67.5,1360704,4.1,4.1,4.1,2804,16481,17,16.4,17.6,5906,57573,10.3,10,10.5,34899,60.6,60.2,61
2023-09-30,"NHS_REGION","Y62","E40000010","NORTH WEST",60177,87067.5,69.1,62.2,75,1395567,4.3,4.3,4.3,2462,21943,11.2,10.8,11.6,5402,62286,8.7,8.5,8.9,39209,62.9,62.6,63.3
2023-09-30,"NHS_REGION","Y63","E40000012","NORTH EAST AND YORKSHIRE",72882,108971.7,66.9,60.2,72.6,1738671,4.2,4.2,4.2,4618,30653,15.1,14.7,15.5,5880,75747,7.8,7.6,8,46513,61.4,61.1,61.8
2023-09-30,"SUB_ICB_LOC","02P","E38000006","NHS SOUTH YORKSHIRE ICB - 02P",2190,3056,71.7,63.8,78.4,50670,4.3,4.1,4.5,81,440,18.4,15.1,22.3,94,2277,4.1,3.4,5,1375,60.4,58.4,62.4
2023-09-30,"SUB_ICB_LOC","99E","E38000007","NHS MID AND SOUTH ESSEX ICB - 99E",1928,3440.6,56,50,61.4,51618,3.7,3.6,3.9,116,849,13.7,11.5,16.1,208,2016,10.3,9.1,11.7,1262,62.6,60.5,64.7
2023-09-30,"SUB_ICB_LOC","02Q","E38000008","NHS NOTTINGHAM AND NOTTINGHAMSHIRE ICB - 02Q",1237,1702.3,72.7,64.4,80,27229,4.5,4.3,4.8,70,388,18,14.5,22.2,133,1296,10.3,8.7,12,820,63.3,60.6,65.9
2023-09-30,"SUB_ICB_LOC","00Q","E38000014","NHS LANCASHIRE AND SOUTH CUMBRIA ICB - 00Q",1072,1597,67.1,59.2,74,26824,4,3.8,4.2,40,593,6.7,5,9.1,99,1120,8.8,7.3,10.6,666,59.5,56.6,62.3
2023-09-30,"SUB_ICB_LOC","00R","E38000015","NHS LANCASHIRE AND SOUTH CUMBRIA ICB - 00R",1489,2170.9,68.6,61,75.2,34557,4.3,4.1,4.5,39,416,9.4,6.9,12.6,131,1557,8.4,7.1,9.9,722,46.4,43.9,48.9
2023-09-30,"SUB_ICB_LOC","00T","E38000016","NHS GREATER MANCHESTER ICB - 00T",2340,3264,71.7,63.9,78.4,53697,4.4,4.2,4.5,113,1716,6.6,5.5,7.9,172,2429,7.1,6.1,8.2,1646,67.8,65.9,69.6
2023-09-30,"SUB_ICB_LOC","00V","E38000024","NHS GREATER MANCHESTER ICB - 00V",1831,2371.8,77.2,68.8,84.6,37766,4.8,4.6,5.1,10,176,5.7,3.1,10.1,196,1881,10.4,9.1,11.9,1302,69.2,67.1,71.3
2023-09-30,"SUB_ICB_LOC","02T","E38000025","NHS WEST YORKSHIRE ICB - 02T",1648,2572.1,64.1,56.9,70.3,42342,3.9,3.7,4.1,89,1053,8.5,6.9,10.3,132,1719,7.7,6.5,9,1034,60.2,57.8,62.4
2023-09-30,"SUB_ICB_LOC","04Y","E38000028","NHS STAFFORDSHIRE AND STOKE-ON-TRENT ICB - 04Y",1334,1802.9,74,65.7,81.3,28688,4.7,4.4,4.9,103,349,29.5,25,34.5,150,1372,10.9,9.4,12.7,801,58.4,55.8,61
2023-09-30,"SUB_ICB_LOC","99F","E38000030","NHS MID AND SOUTH ESSEX ICB - 99F",2050,3001.9,68.3,61,74.8,44302,4.6,4.4,4.8,109,384,28.4,24.1,33.1,153,2102,7.3,6.2,8.5,1430,68,66,70
2023-09-30,"SUB_ICB_LOC","00X","E38000034","NHS LANCASHIRE AND SOUTH CUMBRIA ICB - 00X",1643,2443.8,67.2,59.8,73.7,39698,4.1,3.9,4.3,28,605,4.6,3.2,6.6,97,1689,5.7,4.7,7,1194,70.7,68.5,72.8
2023-09-30,"ICB","QE1","E54000048","NHS LANCASHIRE AND SOUTH CUMBRIA INTEGRATED CARE BOARD",16065,23254.8,69.1,62.1,74.9,369271,4.4,4.3,4.4,516,5309,9.7,9,10.5,1215,16611,7.3,6.9,7.7,10164,61.2,60.4,61.9
2023-09-30,"ICB","QHM","E54000050","NHS NORTH EAST AND NORTH CUMBRIA INTEGRATED CARE BOARD",27395,40163.3,68.2,61.4,74.1,649032,4.2,4.2,4.3,1389,9816,14.2,13.5,14.9,2117,28432,7.4,7.1,7.8,17431,61.3,60.7,61.9
2023-09-30,"ICB","QOQ","E54000051","NHS HUMBER AND NORTH YORKSHIRE INTEGRATED CARE BOARD",14928,25465.7,58.6,52.7,63.6,398727,3.7,3.7,3.8,1037,6935,15,14.1,15.8,1019,15485,6.6,6.2,7,9326,60.2,59.5,61
2023-09-30,"ICB","QWO","E54000054","NHS WEST YORKSHIRE INTEGRATED CARE BOARD",18635,27226,68.4,61.6,74.3,434122,4.3,4.2,4.4,1578,9011,17.5,16.7,18.3,1810,19370,9.3,8.9,9.8,12235,63.2,62.5,63.8
2023-09-30,"ICB","QHL","E54000055","NHS BIRMINGHAM AND SOLIHULL INTEGRATED CARE BOARD",8602,14355.2,59.9,53.9,65.1,219293,3.9,3.8,4,309,2946,10.5,9.4,11.6,976,8952,10.9,10.3,11.6,5639,63,62,64
2023-09-30,"ICB","QUE","E54000056","NHS CAMBRIDGESHIRE AND PETERBOROUGH INTEGRATED CARE BOARD",6296,10978.2,57.4,51.5,62.3,169820,3.7,3.6,3.8,241,1875,12.9,11.4,14.4,620,6541,9.5,8.8,10.2,3932,60.1,58.9,61.3
2023-09-30,"ICB","QOP","E54000057","NHS GREATER MANCHESTER INTEGRATED CARE BOARD",21648,29898.9,72.4,65.1,78.6,488079,4.4,4.4,4.5,874,9200,9.5,8.9,10.1,1625,22472,7.2,6.9,7.6,14367,63.9,63.3,64.6
2023-09-30,"ICB","QJ2","E54000058","NHS DERBY AND DERBYSHIRE INTEGRATED CARE BOARD",9943,14592.3,68.1,61.3,74,231044,4.3,4.2,4.4,688,2106,32.7,30.7,34.7,987,10589,9.3,8.8,9.9,6253,59.1,58.1,60
2023-09-30,"ICB","QPM","E54000059","NHS NORTHAMPTONSHIRE INTEGRATED CARE BOARD",5661,8795.4,64.4,57.8,70,142131,4,3.9,4.1,181,2541,7.1,6.2,8.2,615,5851,10.5,9.8,11.3,3342,57.1,55.8,58.4
2023-09-30,"ICB","QT1","E54000060","NHS NOTTINGHAM AND NOTTINGHAMSHIRE INTEGRATED CARE BOARD",10138,14357.2,70.6,63.5,76.7,224845,4.5,4.4,4.6,251,3043,8.2,7.3,9.3,1040,10673,9.7,9.2,10.3,6589,61.7,60.8,62.7
2023-09-30,"ICB","QF7","E54000061","NHS SOUTH YORKSHIRE INTEGRATED CARE BOARD",11924,16116.7,74,66.5,80.3,256790,4.6,4.6,4.7,614,4891,12.6,11.7,13.5,934,12460,7.5,7,8,7521,60.4,59.5,61.2
2023-09-30,"ICB","QUA","E54000062","NHS BLACK COUNTRY INTEGRATED CARE BOARD",9147,14364.1,63.7,57.3,69.1,220077,4.2,4.1,4.2,320,4832,6.6,6,7.4,1069,9525,11.2,10.6,11.9,4473,47,46,48
2023-09-30,"ICB","QXU","E54000063","NHS SURREY HEARTLANDS ICB",9850,14796.6,66.6,60,72.3,211583,4.7,4.6,4.7,139,1403,9.9,8.5,11.6,949,10040,9.5,8.9,10,6155,61.3,60.3,62.3
2023-09-30,"NHS_REGION","Y59","E40000005","SOUTH EAST",78852,125879.8,62.6,56.5,67.9,1883375,4.2,4.2,4.2,2229,18638,12,11.5,12.4,7352,80899,9.1,8.9,9.3,47593,58.8,58.5,59.2
2023-09-30,"ICB","QMJ","E54000028","NHS NORTH CENTRAL LONDON INTEGRATED CARE BOARD",8456,12441.7,68,61,73.9,199464,4.2,4.2,4.3,182,1617,11.3,9.8,12.9,690,8719,7.9,7.4,8.5,5232,60,59,61
2023-09-30,"ICB","QMF","E54000029","NHS NORTH EAST LONDON INTEGRATED CARE BOARD",8016,13307.1,60.2,53.9,65.6,223650,3.6,3.5,3.7,361,4488,8,7.3,8.9,762,8405,9.1,8.5,9.7,5413,64.4,63.4,65.4
2023-09-30,"ICB","QKK","E54000030","NHS SOUTH EAST LONDON INTEGRATED CARE BOARD",10464,15061.8,69.5,62.4,75.5,242009,4.3,4.2,4.4,469,4102,11.4,10.5,12.4,899,10856,8.3,7.8,8.8,6604,60.8,59.9,61.7
2023-09-30,"ICB","QWE","E54000031","NHS SOUTH WEST LONDON INTEGRATED CARE BOARD",10104,14114.7,71.6,64.3,77.8,223476,4.5,4.4,4.6,284,2223,12.8,11.5,14.2,973,10463,9.3,8.8,9.9,6251,59.7,58.8,60.7
2023-09-30,"ICB","QKS","E54000032","NHS KENT AND MEDWAY INTEGRATED CARE BOARD",14892,25123.7,59.3,53.3,64.3,387952,3.8,3.8,3.9,395,3024,13.1,11.9,14.3,1296,15401,8.4,8,8.9,9449,61.4,60.6,62.1
2023-09-30,"ICB","QNQ","E54000034","NHS FRIMLEY INTEGRATED CARE BOARD",5880,8727.4,67.4,60.5,73.3,133179,4.4,4.3,4.5,217,1394,15.6,13.8,17.6,489,6017,8.1,7.5,8.8,3615,60.1,58.8,61.3
2023-09-30,"ICB","QT6","E54000036","NHS CORNWALL AND THE ISLES OF SCILLY INTEGRATED CARE BOARD",5604,9567.8,58.6,52.6,63.7,150154,3.7,3.6,3.8,235,1344,17.5,15.5,19.6,491,5726,8.6,7.9,9.3,2843,49.7,48.4,50.9
2023-09-30,"ICB","QSL","E54000038","NHS SOMERSET INTEGRATED CARE BOARD",5466,9800.6,55.8,50.1,60.6,148530,3.7,3.6,3.8,83,592,14,11.5,17,470,5617,8.4,7.7,9.1,3189,56.8,55.5,58.1
2023-09-30,"ICB","QUY","E54000039","NHS BRISTOL, NORTH SOMERSET AND SOUTH GLOUCESTERSHIRE INTEGRATED CARE BOARD",7978,11735.4,68,61.2,73.8,176744,4.5,4.4,4.6,79,924,8.5,6.9,10.5,639,8219,7.8,7.2,8.4,4995,60.8,59.7,61.8
2023-09-30,"ICB","QOX","E54000040","NHS BATH AND NORTH EAST SOMERSET, SWINDON AND WILTSHIRE INTEGRATED CARE BOARD",7782,13381.9,58.2,52.3,63.2,204152,3.8,3.7,3.9,249,3077,8.1,7.2,9.1,542,7979,6.8,6.3,7.4,4876,61.1,60,62.2
2023-09-30,"ICB","QVV","E54000041","NHS DORSET INTEGRATED CARE BOARD",7966,14264.1,55.8,50.3,60.7,206586,3.9,3.8,3.9,174,4045,4.3,3.7,5,720,8189,8.8,8.2,9.4,4937,60.3,59.2,61.3
2023-09-30,"ICB","QRL","E54000042","NHS HAMPSHIRE AND ISLE OF WIGHT INTEGRATED CARE BOARD",16550,26893.7,61.5,55.5,66.8,403791,4.1,4,4.2,329,4813,6.8,6.2,7.6,1898,16999,11.2,10.7,11.6,9110,53.6,52.8,54.3
2023-09-30,"ICB","QR1","E54000043","NHS GLOUCESTERSHIRE INTEGRATED CARE BOARD",6245,9739.7,64.1,57.6,69.7,148432,4.2,4.1,4.3,214,2539,8.4,7.4,9.6,606,6428,9.4,8.7,10.2,3767,58.6,57.4,59.8
2023-09-30,"ICB","QU9","E54000044","NHS BUCKINGHAMSHIRE, OXFORDSHIRE AND BERKSHIRE WEST INTEGRATED CARE BOARD",13982,22747,61.5,55.3,66.7,343181,4.1,4,4.1,458,2590,17.7,16.3,19.2,1185,14311,8.3,7.8,8.7,8159,57,56.2,57.8
2023-09-30,"ICB","QYG","E54000008","NHS CHESHIRE AND MERSEYSIDE INTEGRATED CARE BOARD",22464,33913.8,66.2,59.6,71.9,538217,4.2,4.1,4.2,1072,7434,14.4,13.6,15.2,2562,23203,11,10.6,11.5,14678,63.3,62.6,63.9
2023-09-30,"ICB","QNC","E54000010","NHS STAFFORDSHIRE AND STOKE-ON-TRENT INTEGRATED CARE BOARD",11379,15759.5,72.2,65,78.4,246430,4.6,4.5,4.7,489,4447,11,10.1,11.9,986,11693,8.4,7.9,8.9,7070,60.5,59.6,61.3
2023-09-30,"ICB","QOC","E54000011","NHS SHROPSHIRE, TELFORD AND WREKIN INTEGRATED CARE BOARD",4626,7700.4,60.1,53.9,65.4,119631,3.9,3.8,4,103,748,13.8,11.5,16.4,396,4757,8.3,7.6,9.1,2763,58.1,56.7,59.5
2023-09-30,"ICB","QJM","E54000013","NHS LINCOLNSHIRE INTEGRATED CARE BOARD",7948,12257.4,64.8,58.2,70.5,191806,4.1,4.1,4.2,554,3346,16.6,15.3,17.9,730,8300,8.8,8.2,9.4,4792,57.7,56.7,58.8
2023-09-30,"ICB","QK1","E54000015","NHS LEICESTER, LEICESTERSHIRE AND RUTLAND INTEGRATED CARE BOARD",8793,13489.7,65.2,58.6,70.8,213951,4.1,4,4.2,180,3720,4.8,4.2,5.6,912,9212,9.9,9.3,10.5,5492,59.6,58.6,60.6
2023-09-30,"ICB","QWU","E54000018","NHS COVENTRY AND WARWICKSHIRE INTEGRATED CARE BOARD",7021,12245.2,57.3,51.5,62.3,187139,3.8,3.7,3.8,244,2401,10.2,9,11.4,819,7262,11.3,10.6,12,4357,60,58.9,61.1
2023-09-30,"ICB","QGH","E54000019","NHS HEREFORDSHIRE AND WORCESTERSHIRE INTEGRATED CARE BOARD",6820,12627.8,54,48.5,58.7,194095,3.5,3.4,3.6,126,1897,6.6,5.6,7.9,755,7012,10.8,10.1,11.5,4512,64.3,63.2,65.5
2023-09-30,"ICB","QMM","E54000022","NHS NORFOLK AND WAVENEY INTEGRATED CARE BOARD",10719,17754.6,60.4,54.4,65.6,266612,4,3.9,4.1,485,2866,16.9,15.6,18.3,1293,11055,11.7,11.1,12.3,6345,57.4,56.5,58.3
2023-09-30,"ICB","QJG","E54000023","NHS SUFFOLK AND NORTH EAST ESSEX INTEGRATED CARE BOARD",9576,15953.4,60,54,65.2,240925,4,3.9,4.1,830,2848,29.1,27.5,30.8,1194,9868,12.1,11.5,12.8,6214,63,62,63.9
2023-09-30,"ICB","QHG","E54000024","NHS BEDFORDSHIRE, LUTON AND MILTON KEYNES INTEGRATED CARE BOARD",6877,10213,67.3,60.4,73.2,164926,4.2,4.1,4.3,362,2693,13.4,12.2,14.8,677,7181,9.4,8.8,10.1,4261,59.3,58.2,60.5
2023-09-30,"ICB","QM7","E54000025","NHS HERTFORDSHIRE AND WEST ESSEX INTEGRATED CARE BOARD",11986,18624,64.4,58,69.9,275840,4.3,4.3,4.4,404,3345,12.1,11,13.2,1130,12331,9.2,8.7,9.7,7301,59.2,58.3,60.1
2023-09-30,"ICB","QH8","E54000026","NHS MID AND SOUTH ESSEX INTEGRATED CARE BOARD",10236,15982.1,64,57.7,69.5,242581,4.2,4.1,4.3,482,2854,16.9,15.6,18.3,992,10597,9.4,8.8,9.9,6846,64.6,63.7,65.5
2023-09-30,"ICB","QRV","E54000027","NHS NORTH WEST LONDON INTEGRATED CARE BOARD",12178,19024.3,64,57.4,69.5,313351,3.9,3.8,4,665,5854,11.4,10.6,12.2,1030,12746,8.1,7.6,8.6,7985,62.6,61.8,63.5
2023-09-30,"COUNTRY","ENG","E92000001","ENGLAND",459549,714751.4,64.3,57.9,69.7,11112248,4.1,4.1,4.1,19091,153673,12.4,12.3,12.6,42708,475573,9,8.9,9.1,286491,60.2,60.1,60.4
2023-09-30,"ICB","QJK","E54000037","NHS DEVON INTEGRATED CARE BOARD",11611,20343.7,57.1,51.4,61.9,306941,3.8,3.7,3.9,538,3126,17.2,15.9,18.6,1061,11895,8.9,8.4,9.4,6903,58,57.1,58.9
2023-09-30,"ICB","QNX","E54000064","NHS SUSSEX ICB",17698,27591.4,64.1,57.8,69.6,403689,4.4,4.3,4.4,691,5414,12.8,11.9,13.7,1535,18131,8.5,8.1,8.9,11105,61.2,60.5,62
2023-09-30,"SUB_ICB_LOC","92G","E38000231","NHS BATH AND NORTH EAST SOMERSET, SWINDON AND WILTSHIRE ICB - 92G",7782,13381.9,58.2,52.3,63.2,204152,3.8,3.7,3.9,249,3077,8.1,7.2,9.1,542,7979,6.8,6.3,7.4,4876,61.1,60,62.2
2023-09-30,"SUB_ICB_LOC","36J","E38000232","NHS WEST YORKSHIRE ICB - 36J",4925,6557.7,75.1,67.3,81.7,103924,4.7,4.6,4.9,349,1921,18.2,16.5,20,740,5120,14.5,13.5,15.4,3309,64.6,63.3,65.9
2023-09-30,"SUB_ICB_LOC","27D","E38000233","NHS CHESHIRE AND MERSEYSIDE ICB - 27D",7611,11431.4,66.6,59.9,72.4,175180,4.3,4.3,4.4,156,1578,9.9,8.5,11.5,795,7807,10.2,9.5,10.9,5085,65.1,64.1,66.2
2023-09-30,"SUB_ICB_LOC","84H","E38000234","NHS NORTH EAST AND NORTH CUMBRIA ICB - 84H",5194,7220.9,71.9,64.4,78.3,119314,4.4,4.2,4.5,278,1461,19,17.1,21.1,388,5430,7.1,6.5,7.9,3356,61.8,60.5,63.1
2023-09-30,"SUB_ICB_LOC","18C","E38000236","NHS HEREFORDSHIRE AND WORCESTERSHIRE ICB - 18C",6820,12627.8,54,48.5,58.7,194095,3.5,3.4,3.6,126,1897,6.6,5.6,7.9,755,7012,10.8,10.1,11.5,4512,64.3,63.2,65.5
2023-09-30,"SUB_ICB_LOC","91Q","E38000237","NHS KENT AND MEDWAY ICB - 91Q",14892,25123.7,59.3,53.3,64.3,387952,3.8,3.8,3.9,395,3024,13.1,11.9,14.3,1296,15401,8.4,8,8.9,9449,61.4,60.6,62.1
2023-09-30,"SUB_ICB_LOC","71E","E38000238","NHS LINCOLNSHIRE ICB - 71E",7948,12257.4,64.8,58.2,70.5,191806,4.1,4.1,4.2,554,3346,16.6,15.3,17.9,730,8300,8.8,8.2,9.4,4792,57.7,56.7,58.8
2023-09-30,"SUB_ICB_LOC","26A","E38000239","NHS NORFOLK AND WAVENEY ICB - 26A",10719,17754.6,60.4,54.4,65.6,266612,4,3.9,4.1,485,2866,16.9,15.6,18.3,1293,11055,11.7,11.1,12.3,6345,57.4,56.5,58.3
2023-09-30,"SUB_ICB_LOC","93C","E38000240","NHS NORTH CENTRAL LONDON ICB - 93C",8456,12441.7,68,61,73.9,199464,4.2,4.2,4.3,182,1617,11.3,9.8,12.9,690,8719,7.9,7.4,8.5,5232,60,59,61
2023-09-30,"SUB_ICB_LOC","42D","E38000241","NHS HUMBER AND NORTH YORKSHIRE ICB - 42D",4358,7341.5,59.4,53.3,64.6,112880,3.9,3.7,4,300,1957,15.3,13.8,17,233,4471,5.2,4.6,5.9,2900,64.9,63.5,66.2
2023-09-30,"SUB_ICB_LOC","52R","E38000243","NHS NOTTINGHAM AND NOTTINGHAMSHIRE ICB - 52R",8901,12654.9,70.3,63.3,76.4,197616,4.5,4.4,4.6,181,2655,6.8,5.9,7.8,907,9377,9.7,9.1,10.3,5769,61.5,60.5,62.5
2023-09-30,"SUB_ICB_LOC","72Q","E38000244","NHS SOUTH EAST LONDON ICB - 72Q",10464,15061.8,69.5,62.4,75.5,242009,4.3,4.2,4.4,469,4102,11.4,10.5,12.4,899,10856,8.3,7.8,8.8,6604,60.8,59.9,61.7
2023-09-30,"SUB_ICB_LOC","36L","E38000245","NHS SOUTH WEST LONDON ICB - 36L",10104,14114.7,71.6,64.3,77.8,223476,4.5,4.4,4.6,284,2223,12.8,11.5,14.2,973,10463,9.3,8.8,9.9,6251,59.7,58.8,60.7
2023-09-30,"SUB_ICB_LOC","16C","E38000247","NHS NORTH EAST AND NORTH CUMBRIA ICB - 16C",6149,8494.2,72.4,64.9,78.7,138314,4.4,4.3,4.6,474,2435,19.5,17.9,21.1,391,6389,6.1,5.6,6.7,4016,62.9,61.7,64
2023-09-30,"SUB_ICB_LOC","M1J4Y","E38000249","NHS BEDFORDSHIRE, LUTON AND MILTON KEYNES ICB - M1J4Y",6877,10213,67.3,60.4,73.2,164926,4.2,4.1,4.3,362,2693,13.4,12.2,14.8,677,7181,9.4,8.8,10.1,4261,59.3,58.2,60.5
2023-09-30,"SUB_ICB_LOC","B2M3M","E38000251","NHS COVENTRY AND WARWICKSHIRE ICB - B2M3M",7021,12245.2,57.3,51.5,62.3,187139,3.8,3.7,3.8,244,2401,10.2,9,11.4,819,7262,11.3,10.6,12,4357,60,58.9,61.1
2023-09-30,"SUB_ICB_LOC","D4U1Y","E38000252","NHS FRIMLEY ICB - D4U1Y",5880,8727.4,67.4,60.5,73.3,133179,4.4,4.3,4.5,217,1394,15.6,13.8,17.6,489,6017,8.1,7.5,8.8,3615,60.1,58.8,61.3
2023-09-30,"SUB_ICB_LOC","D9Y0V","E38000253","NHS HAMPSHIRE AND ISLE OF WIGHT ICB - D9Y0V",15117,24698.8,61.2,55.1,66.4,369434,4.1,4,4.2,304,4032,7.5,6.8,8.4,1745,15517,11.2,10.8,11.8,8484,54.7,53.9,55.5
2023-09-30,"SUB_ICB_LOC","X2C4Y","E38000254","NHS WEST YORKSHIRE ICB - X2C4Y",3151,4906.3,64.2,57.4,70.1,78624,4,3.9,4.1,229,2252,10.2,9,11.5,276,3308,8.3,7.4,9.3,2026,61.2,59.6,62.9
2023-09-30,"SUB_ICB_LOC","A3A8R","E38000255","NHS NORTH EAST LONDON ICB - A3A8R",8016,13307.1,60.2,53.9,65.6,223650,3.6,3.5,3.7,361,4488,8,7.3,8.9,762,8405,9.1,8.5,9.7,5413,64.4,63.4,65.4
2023-09-30,"SUB_ICB_LOC","W2U3Z","E38000256","NHS NORTH WEST LONDON ICB - W2U3Z",12178,19024.3,64,57.4,69.5,313351,3.9,3.8,4,665,5854,11.4,10.6,12.2,1030,12746,8.1,7.6,8.6,7985,62.6,61.8,63.5
2023-09-30,"SUB_ICB_LOC","M2L0M","E38000257","NHS SHROPSHIRE, TELFORD AND WREKIN ICB - M2L0M",4626,7700.4,60.1,53.9,65.4,119631,3.9,3.8,4,103,748,13.8,11.5,16.4,396,4757,8.3,7.6,9.1,2763,58.1,56.7,59.5
2023-09-30,"SUB_ICB_LOC","15E","E38000258","NHS BIRMINGHAM AND SOLIHULL ICB - 15E",8602,14355.2,59.9,53.9,65.1,219293,3.9,3.8,4,309,2946,10.5,9.4,11.6,976,8952,10.9,10.3,11.6,5639,63,62,64
2023-09-30,"SUB_ICB_LOC","D2P2L","E38000259","NHS BLACK COUNTRY ICB - D2P2L",9147,14364.1,63.7,57.3,69.1,220077,4.2,4.1,4.2,320,4832,6.6,6,7.4,1069,9525,11.2,10.6,11.9,4473,47,46,48
2023-09-30,"SUB_ICB_LOC","06H","E38000260","NHS CAMBRIDGESHIRE AND PETERBOROUGH ICB - 06H",6296,10978.2,57.4,51.5,62.3,169820,3.7,3.6,3.8,241,1875,12.9,11.4,14.4,620,6541,9.5,8.8,10.2,3932,60.1,58.9,61.3
2023-09-30,"SUB_ICB_LOC","15M","E38000261","NHS DERBY AND DERBYSHIRE ICB - 15M",9943,14592.3,68.1,61.3,74,231044,4.3,4.2,4.4,688,2106,32.7,30.7,34.7,987,10589,9.3,8.8,9.9,6253,59.1,58.1,60
2023-09-30,"SUB_ICB_LOC","78H","E38000262","NHS NORTHAMPTONSHIRE ICB - 78H",5661,8795.4,64.4,57.8,70,142131,4,3.9,4.1,181,2541,7.1,6.2,8.2,615,5851,10.5,9.8,11.3,3342,57.1,55.8,58.4
2023-09-30,"SUB_ICB_LOC","01Y","E38000263","NHS GREATER MANCHESTER ICB - 01Y",1690,2326.5,72.6,64.5,79.7,38740,4.4,4.2,4.6,91,391,23.3,19.4,27.7,160,1775,9,7.8,10.4,1040,58.6,56.3,60.9
2023-09-30,"SUB_ICB_LOC","92A","E38000264","NHS SURREY HEARTLANDS ICB - 92A",9850,14796.6,66.6,60,72.3,211583,4.7,4.6,4.7,139,1403,9.9,8.5,11.6,949,10040,9.5,8.9,10,6155,61.3,60.3,62.3
2023-09-30,"NHS_REGION","Y56","E40000003","LONDON",49218,73949.7,66.6,59.8,72.2,1201950,4.1,4.1,4.1,1961,18284,10.7,10.3,11.2,4354,51189,8.5,8.3,8.8,31485,61.5,61.1,61.9
2023-09-30,"NHS_REGION","Y60","E40000011","MIDLANDS",90078,140544.3,64.1,57.7,69.5,2190442,4.1,4.1,4.1,3445,32027,10.8,10.4,11.1,9285,93826,9.9,9.7,10.1,55282,58.9,58.6,59.2
2023-09-30,"SUB_ICB_LOC","09D","E38000021","NHS SUSSEX ICB - 09D",1939,2830.8,68.5,61.1,74.9,44154,4.4,4.2,4.6,78,482,16.2,13.2,19.7,113,1997,5.7,4.7,6.8,1260,63.1,61,65.2
2023-10-31,"NHS_REGION","Y56","E40000003","LONDON",49448,74079.1,66.8,59.9,72.4,1204974,4.1,4.1,4.1,2323,21530,10.8,10.4,11.2,4278,51411,8.3,8.1,8.6,31263,60.8,60.4,61.2
2023-10-31,"NHS_REGION","Y60","E40000011","MIDLANDS",90462,140804.9,64.2,57.9,69.6,2193607,4.1,4.1,4.2,4095,37115,11,10.7,11.4,9141,94161,9.7,9.5,9.9,54916,58.3,58,58.6
2023-10-31,"SUB_ICB_LOC","09D","E38000021","NHS SUSSEX ICB - 09D",1920,2831.3,67.8,60.5,74.2,44215,4.3,4.2,4.5,88,539,16.3,13.4,19.7,108,1976,5.5,4.5,6.6,1211,61.3,59.1,63.4
2023-10-31,"ICB","QYG","E54000008","NHS CHESHIRE AND MERSEYSIDE INTEGRATED CARE BOARD",22595,33960.4,66.5,59.8,72.1,538980,4.2,4.1,4.2,1276,8754,14.6,13.9,15.3,2521,23339,10.8,10.4,11.2,14696,63,62.3,63.6
2023-10-31,"ICB","QNC","E54000010","NHS STAFFORDSHIRE AND STOKE-ON-TRENT INTEGRATED CARE BOARD",11398,15800.7,72.1,64.9,78.4,246781,4.6,4.5,4.7,579,5130,11.3,10.4,12.2,950,11711,8.1,7.6,8.6,7058,60.3,59.4,61.2
2023-10-31,"ICB","QOC","E54000011","NHS SHROPSHIRE, TELFORD AND WREKIN INTEGRATED CARE BOARD",4679,7717.6,60.6,54.4,66,119906,3.9,3.8,4,124,892,13.9,11.8,16.3,400,4810,8.3,7.6,9.1,2700,56.1,54.7,57.5
2023-10-31,"ICB","QJK","E54000037","NHS DEVON INTEGRATED CARE BOARD",11731,20373.6,57.6,51.8,62.5,307366,3.8,3.7,3.9,643,3672,17.5,16.3,18.8,1081,12024,9,8.5,9.5,6967,57.9,57.1,58.8
2023-10-31,"ICB","QNX","E54000064","NHS SUSSEX ICB",17628,27630.1,63.8,57.5,69.2,404298,4.4,4.3,4.4,763,6243,12.2,11.4,13.1,1450,18048,8,7.6,8.4,11059,61.3,60.6,62
2023-10-31,"ICB","QKS","E54000032","NHS KENT AND MEDWAY INTEGRATED CARE BOARD",14894,25173.4,59.2,53.3,64.2,388607,3.8,3.8,3.9,470,3536,13.3,12.2,14.5,1296,15406,8.4,8,8.9,9528,61.8,61.1,62.6
2023-10-31,"ICB","QNQ","E54000034","NHS FRIMLEY INTEGRATED CARE BOARD",5884,8741.1,67.3,60.5,73.2,133400,4.4,4.3,4.5,263,1608,16.4,14.6,18.2,482,6022,8,7.3,8.7,3536,58.7,57.5,60
2023-10-31,"ICB","QT6","E54000036","NHS CORNWALL AND THE ISLES OF SCILLY INTEGRATED CARE BOARD",5637,9591.6,58.8,52.7,63.9,150373,3.7,3.7,3.8,283,1579,17.9,16.1,19.9,499,5760,8.7,8,9.4,2891,50.2,48.9,51.5
2023-10-31,"ICB","QSL","E54000038","NHS SOMERSET INTEGRATED CARE BOARD",5449,9804.5,55.6,49.9,60.4,148685,3.7,3.6,3.8,99,697,14.2,11.8,17,428,5599,7.6,7,8.4,3258,58.2,56.9,59.5
2023-10-31,"ICB","QUY","E54000039","NHS BRISTOL, NORTH SOMERSET AND SOUTH GLOUCESTERSHIRE INTEGRATED CARE BOARD",8045,11748,68.5,61.6,74.3,176922,4.5,4.5,4.6,95,1090,8.7,7.2,10.5,609,8288,7.3,6.8,7.9,4985,60.1,59.1,61.2
2023-10-31,"ICB","QOX","E54000040","NHS BATH AND NORTH EAST SOMERSET, SWINDON AND WILTSHIRE INTEGRATED CARE BOARD",7838,13405.1,58.5,52.6,63.5,204605,3.8,3.7,3.9,303,3587,8.4,7.6,9.4,536,8036,6.7,6.1,7.2,4877,60.7,59.6,61.8
2023-10-31,"ICB","QVV","E54000041","NHS DORSET INTEGRATED CARE BOARD",8005,14269.1,56.1,50.5,60.9,206831,3.9,3.8,4,197,4613,4.3,3.7,4.9,711,8231,8.6,8.1,9.3,4946,60.1,59,61.1
2023-10-31,"ICB","QRL","E54000042","NHS HAMPSHIRE AND ISLE OF WIGHT INTEGRATED CARE BOARD",16554,26938.1,61.5,55.4,66.6,404327,4.1,4,4.2,397,5482,7.2,6.6,8,1830,16998,10.8,10.3,11.2,9292,54.7,53.9,55.4
2023-10-31,"ICB","QR1","E54000043","NHS GLOUCESTERSHIRE INTEGRATED CARE BOARD",6248,9753.1,64.1,57.6,69.6,148569,4.2,4.1,4.3,258,2916,8.8,7.9,9.9,597,6428,9.3,8.6,10,3742,58.2,57,59.4
2023-10-31,"ICB","QU9","E54000044","NHS BUCKINGHAMSHIRE, OXFORDSHIRE AND BERKSHIRE WEST INTEGRATED CARE BOARD",14046,22778.4,61.7,55.5,66.9,343809,4.1,4,4.2,527,2955,17.8,16.5,19.3,1178,14370,8.2,7.8,8.7,8145,56.7,55.9,57.5
2023-10-31,"ICB","QE1","E54000048","NHS LANCASHIRE AND SOUTH CUMBRIA INTEGRATED CARE BOARD",16075,23290.3,69,62.1,74.9,369796,4.3,4.3,4.4,598,6125,9.8,9,10.5,1205,16623,7.2,6.9,7.7,10054,60.5,59.7,61.2
2023-10-31,"ICB","QHM","E54000050","NHS NORTH EAST AND NORTH CUMBRIA INTEGRATED CARE BOARD",27520,40238.5,68.4,61.5,74.3,650419,4.2,4.2,4.3,1650,11338,14.6,13.9,15.2,2015,28549,7.1,6.8,7.4,17507,61.3,60.8,61.9
2023-10-31,"ICB","QOQ","E54000051","NHS HUMBER AND NORTH YORKSHIRE INTEGRATED CARE BOARD",15025,25509.7,58.9,53,64,399256,3.8,3.7,3.8,1225,8080,15.2,14.4,16,1044,15580,6.7,6.3,7.1,9430,60.5,59.8,61.3
2023-10-31,"ICB","QWO","E54000054","NHS WEST YORKSHIRE INTEGRATED CARE BOARD",18764,27282.2,68.8,61.9,74.6,434886,4.3,4.3,4.4,1850,10394,17.8,17.1,18.5,1814,19489,9.3,8.9,9.7,12325,63.2,62.6,63.9
2023-10-31,"ICB","QHL","E54000055","NHS BIRMINGHAM AND SOLIHULL INTEGRATED CARE BOARD",8667,14369.4,60.3,54.2,65.5,219603,3.9,3.9,4,387,3406,11.4,10.3,12.5,977,9009,10.8,10.2,11.5,5620,62.4,61.4,63.4
2023-10-31,"ICB","QUE","E54000056","NHS CAMBRIDGESHIRE AND PETERBOROUGH INTEGRATED CARE BOARD",6355,10992.9,57.8,51.9,62.9,170049,3.7,3.6,3.8,291,2140,13.6,12.2,15.1,624,6602,9.5,8.8,10.2,3844,58.2,57,59.4
2023-10-31,"ICB","QOP","E54000057","NHS GREATER MANCHESTER INTEGRATED CARE BOARD",21677,29948,72.4,65,78.5,488795,4.4,4.4,4.5,1038,10727,9.7,9.1,10.3,1582,22511,7,6.7,7.4,14377,63.9,63.2,64.5
2023-10-31,"ICB","QJ2","E54000058","NHS DERBY AND DERBYSHIRE INTEGRATED CARE BOARD",9954,14623.1,68.1,61.2,73.9,231430,4.3,4.2,4.4,814,2423,33.6,31.7,35.5,992,10590,9.4,8.8,9.9,6314,59.6,58.7,60.6
2023-10-31,"ICB","QPM","E54000059","NHS NORTHAMPTONSHIRE INTEGRATED CARE BOARD",5699,8824.4,64.6,57.9,70.3,142370,4,3.9,4.1,214,3006,7.1,6.3,8.1,616,5888,10.5,9.7,11.3,3304,56.1,54.8,57.4
2023-10-31,"ICB","QT1","E54000060","NHS NOTTINGHAM AND NOTTINGHAMSHIRE INTEGRATED CARE BOARD",10180,14384,70.8,63.6,76.8,225226,4.5,4.4,4.6,298,3486,8.5,7.7,9.5,1024,10713,9.6,9,10.1,6570,61.3,60.4,62.2
2023-10-31,"ICB","QF7","E54000061","NHS SOUTH YORKSHIRE INTEGRATED CARE BOARD",12044,16145.2,74.6,67.1,80.9,257202,4.7,4.6,4.8,722,5621,12.8,12,13.7,909,12581,7.2,6.8,7.7,7488,59.5,58.7,60.4
2023-10-31,"ICB","QUA","E54000062","NHS BLACK COUNTRY INTEGRATED CARE BOARD",9222,14375.5,64.2,57.7,69.6,220144,4.2,4.1,4.3,383,5601,6.8,6.2,7.5,1010,9602,10.5,9.9,11.1,4441,46.3,45.3,47.2
2023-10-31,"ICB","QXU","E54000063","NHS SURREY HEARTLANDS ICB",9982,14815.9,67.4,60.7,73.1,211833,4.7,4.6,4.8,172,1633,10.5,9.1,12.1,947,10169,9.3,8.8,9.9,6125,60.2,59.3,61.2
2023-10-31,"NHS_REGION","Y59","E40000005","SOUTH EAST",78988,126077.1,62.7,56.5,67.9,1886274,4.2,4.2,4.2,2592,21457,12.1,11.7,12.5,7183,81013,8.9,8.7,9.1,47685,58.9,58.5,59.2
2023-10-31,"NHS_REGION","Y58","E40000006","SOUTH WEST",52953,88945.1,59.5,53.7,64.6,1343351,3.9,3.9,4,1878,18154,10.3,9.9,10.8,4461,54366,8.2,8,8.4,31666,58.2,57.8,58.7
2023-10-31,"NHS_REGION","Y61","E40000007","EAST OF ENGLAND",56101,89687.4,62.6,56.4,67.8,1363039,4.1,4.1,4.1,3305,19067,17.3,16.8,17.9,5892,57983,10.2,9.9,10.4,34887,60.2,59.8,60.6
2023-10-31,"NHS_REGION","Y62","E40000010","NORTH WEST",60347,87198.7,69.2,62.3,75,1397571,4.3,4.3,4.4,2912,25606,11.4,11,11.8,5308,62473,8.5,8.3,8.7,39127,62.6,62.3,63
2023-10-31,"NHS_REGION","Y63","E40000012","NORTH EAST AND YORKSHIRE",73353,109175.6,67.2,60.5,72.9,1741763,4.2,4.2,4.2,5447,35433,15.4,15,15.8,5782,76199,7.6,7.4,7.8,46750,61.4,61,61.7
2023-10-31,"SUB_ICB_LOC","02P","E38000006","NHS SOUTH YORKSHIRE ICB - 02P",2209,3065.6,72.1,64.2,78.8,50775,4.4,4.2,4.5,91,518,17.6,14.5,21.1,76,2296,3.3,2.7,4.1,1385,60.3,58.3,62.3
2023-10-31,"SUB_ICB_LOC","99E","E38000007","NHS MID AND SOUTH ESSEX ICB - 99E",1944,3449.8,56.4,50.3,61.7,51695,3.8,3.6,3.9,134,986,13.6,11.6,15.9,203,2027,10,8.8,11.4,1268,62.6,60.4,64.6
2023-10-31,"SUB_ICB_LOC","02Q","E38000008","NHS NOTTINGHAM AND NOTTINGHAMSHIRE ICB - 02Q",1240,1706.6,72.7,64.3,79.9,27269,4.5,4.3,4.8,78,436,17.9,14.6,21.8,127,1297,9.8,8.3,11.5,825,63.6,61,66.2
2023-10-31,"SUB_ICB_LOC","00Q","E38000014","NHS LANCASHIRE AND SOUTH CUMBRIA ICB - 00Q",1066,1599.6,66.6,58.7,73.4,26845,4,3.7,4.2,44,685,6.4,4.8,8.5,87,1113,7.8,6.4,9.5,666,59.8,56.9,62.7
2023-10-31,"SUB_ICB_LOC","00R","E38000015","NHS LANCASHIRE AND SOUTH CUMBRIA ICB - 00R",1489,2172.4,68.5,60.9,75.2,34622,4.3,4.1,4.5,52,474,11,8.5,14.1,133,1556,8.5,7.3,10,684,44,41.5,46.4
2023-10-31,"SUB_ICB_LOC","00T","E38000016","NHS GREATER MANCHESTER ICB - 00T",2329,3268.9,71.2,63.5,77.9,53781,4.3,4.2,4.5,131,1965,6.7,5.6,7.9,170,2419,7,6.1,8.1,1642,67.9,66,69.7
2023-10-31,"SUB_ICB_LOC","00V","E38000024","NHS GREATER MANCHESTER ICB - 00V",1824,2376.3,76.8,68.4,84.1,37818,4.8,4.6,5,10,200,5,2.7,9,190,1874,10.1,8.9,11.6,1282,68.4,66.3,70.5
2023-10-31,"SUB_ICB_LOC","02T","E38000025","NHS WEST YORKSHIRE ICB - 02T",1654,2577.6,64.2,57,70.4,42412,3.9,3.7,4.1,107,1224,8.7,7.3,10.5,127,1724,7.4,6.2,8.7,982,57,54.6,59.3
2023-10-31,"SUB_ICB_LOC","04Y","E38000028","NHS STAFFORDSHIRE AND STOKE-ON-TRENT ICB - 04Y",1356,1808.9,75,66.5,82.4,28753,4.7,4.5,5,124,398,31.2,26.8,35.9,132,1394,9.5,8,11.1,783,56.2,53.6,58.8
2023-10-31,"SUB_ICB_LOC","99F","E38000030","NHS MID AND SOUTH ESSEX ICB - 99F",2046,3000.8,68.2,60.9,74.6,44292,4.6,4.4,4.8,123,464,26.5,22.7,30.7,152,2098,7.2,6.2,8.4,1402,66.8,64.8,68.8
2023-10-31,"SUB_ICB_LOC","00X","E38000034","NHS LANCASHIRE AND SOUTH CUMBRIA ICB - 00X",1633,2447.5,66.7,59.3,73.2,39736,4.1,3.9,4.3,32,719,4.5,3.2,6.2,97,1680,5.8,4.8,7,1149,68.4,66.1,70.6
2023-10-31,"SUB_ICB_LOC","02X","E38000044","NHS SOUTH YORKSHIRE ICB - 02X",2708,3723.6,72.7,64.9,79.4,60434,4.5,4.3,4.6,163,2330,7,6,8.1,197,2857,6.9,6,7.9,1514,53,51.2,54.8
2023-10-31,"SUB_ICB_LOC","11J","E38000045","NHS DORSET ICB - 11J",8005,14269.1,56.1,50.5,60.9,206831,3.9,3.8,4,197,4613,4.3,3.7,4.9,711,8231,8.6,8.1,9.3,4946,60.1,59,61.1
2023-10-31,"SUB_ICB_LOC","06K","E38000049","NHS HERTFORDSHIRE AND WEST ESSEX ICB - 06K",4655,7323.6,63.6,57.1,69.2,108182,4.3,4.2,4.4,129,1945,6.6,5.6,7.8,396,4786,8.3,7.5,9.1,2902,60.6,59.2,62
2023-10-31,"SUB_ICB_LOC","01A","E38000050","NHS LANCASHIRE AND SOUTH CUMBRIA ICB - 01A",3014,4400.5,68.5,61.2,74.7,72537,4.2,4,4.3,163,2067,7.9,6.8,9.1,226,3122,7.2,6.4,8.2,2056,65.9,64.2,67.5
2023-10-31,"SUB_ICB_LOC","03W","E38000051","NHS LEICESTER, LEICESTERSHIRE AND RUTLAND ICB - 03W",3238,5331.8,60.7,54.4,66.2,80740,4,3.9,4.1,56,1272,4.4,3.4,5.7,300,3334,9,8.1,10,2004,60.1,58.4,61.8
2023-10-31,"SUB_ICB_LOC","02Y","E38000052","NHS HUMBER AND NORTH YORKSHIRE ICB - 02Y",3221,5442.8,59.2,53,64.6,84340,3.8,3.7,4,282,1621,17.4,15.6,19.3,224,3305,6.8,6,7.7,1861,56.3,54.6,58
2023-10-31,"SUB_ICB_LOC","05D","E38000053","NHS STAFFORDSHIRE AND STOKE-ON-TRENT ICB - 05D",1159,1898.5,61,54.1,67.3,29553,3.9,3.7,4.1,69,522,13.2,10.6,16.4,66,1204,5.5,4.3,6.9,706,58.6,55.8,61.4
2023-10-31,"SUB_ICB_LOC","11M","E38000062","NHS GLOUCESTERSHIRE ICB - 11M",6248,9753.1,64.1,57.6,69.6,148569,4.2,4.1,4.3,258,2916,8.8,7.9,9.9,597,6428,9.3,8.6,10,3742,58.2,57,59.4
2023-10-31,"SUB_ICB_LOC","01F","E38000068","NHS CHESHIRE AND MERSEYSIDE ICB - 01F",957,1422.6,67.3,59,74.3,25151,3.8,3.6,4,85,415,20.5,16.9,24.6,85,1001,8.5,6.9,10.4,647,64.6,61.6,67.5
2023-10-31,"SUB_ICB_LOC","06N","E38000079","NHS HERTFORDSHIRE AND WEST ESSEX ICB - 06N",4585,7396.5,62,55.7,67.5,109577,4.2,4.1,4.3,289,892,32.4,29.4,35.5,463,4725,9.8,9,10.7,2854,60.4,59,61.8
2023-10-31,"SUB_ICB_LOC","01D","E38000080","NHS GREATER MANCHESTER ICB - 01D",1740,2333.1,74.6,66.2,81.8,39734,4.4,4.2,4.6,93,824,11.3,9.3,13.6,137,1834,7.5,6.4,8.8,1160,63.2,61,65.4
2023-10-31,"SUB_ICB_LOC","15N","E38000230","NHS DEVON ICB - 15N",11731,20373.6,57.6,51.8,62.5,307366,3.8,3.7,3.9,643,3672,17.5,16.3,18.8,1081,12024,9,8.5,9.5,6967,57.9,57.1,58.8
2023-10-31,"SUB_ICB_LOC","97R","E38000235","NHS SUSSEX ICB - 97R",6318,10060.4,62.8,56.5,68.2,147444,4.3,4.2,4.4,466,2746,17,15.6,18.4,675,6476,10.4,9.7,11.2,4065,62.8,61.6,63.9
2023-10-31,"SUB_ICB_LOC","70F","E38000265","NHS SUSSEX ICB - 70F",9390,14738.4,63.7,57.4,69.2,212639,4.4,4.3,4.5,209,2958,7.1,6.2,8,667,9596,7,6.5,7.5,5783,60.3,59.3,61.2
2023-10-31,"SUB_ICB_LOC","03F","E38000085","NHS HUMBER AND NORTH YORKSHIRE ICB - 03F",1989,2869.5,69.3,61.6,75.9,48582,4.1,3.9,4.3,159,1107,14.4,12.4,16.6,221,2091,10.6,9.3,12,1196,57.2,55.1,59.3
2023-10-31,"SUB_ICB_LOC","06L","E38000086","NHS SUFFOLK AND NORTH EAST ESSEX ICB - 06L",3631,6277,57.8,51.9,63,94562,3.8,3.7,4,616,1464,42.1,39.6,44.6,341,3723,9.2,8.3,10.1,2439,65.5,64,67
2023-10-31,"SUB_ICB_LOC","11N","E38000089","NHS CORNWALL AND THE ISLES OF SCILLY ICB - 11N",5637,9591.6,58.8,52.7,63.9,150373,3.7,3.7,3.8,283,1579,17.9,16.1,19.9,499,5760,8.7,8,9.4,2891,50.2,48.9,51.5
2023-10-31,"SUB_ICB_LOC","01J","E38000091","NHS CHESHIRE AND MERSEYSIDE ICB - 01J",975,1660.4,58.7,51.6,64.9,28857,3.4,3.2,3.6,158,669,23.6,20.6,27,104,1025,10.1,8.4,12.1,516,50.3,47.3,53.4
2023-10-31,"SUB_ICB_LOC","04C","E38000097","NHS LEICESTER, LEICESTERSHIRE AND RUTLAND ICB - 04C",2276,3006.4,75.7,67.3,82.8,51128,4.5,4.3,4.6,26,1849,1.4,1,2.1,296,2465,12,10.8,13.4,1467,59.5,57.6,61.4
2023-10-31,"SUB_ICB_LOC","99A","E38000101","NHS CHESHIRE AND MERSEYSIDE ICB - 99A",3154,4974.4,63.4,56.6,69.2,84700,3.7,3.6,3.9,171,1528,11.2,9.7,12.9,437,3290,13.3,12.2,14.5,2034,61.8,60.2,63.5
2023-10-31,"SUB_ICB_LOC","06Q","E38000106","NHS MID AND SOUTH ESSEX ICB - 06Q",3280,5543.6,59.2,53,64.5,84960,3.9,3.7,4,147,1031,14.3,12.3,16.5,367,3376,10.9,9.9,12,1968,58.3,56.6,59.9
2023-10-31,"SUB_ICB_LOC","06T","E38000117","NHS SUFFOLK AND NORTH EAST ESSEX ICB - 06T",3648,5450.6,66.9,60,72.9,81949,4.5,4.3,4.6,166,1244,13.3,11.6,15.3,574,3806,15.1,14,16.3,2405,63.2,61.6,64.7
2023-10-31,"SUB_ICB_LOC","03H","E38000119","NHS HUMBER AND NORTH YORKSHIRE ICB - 03H",1390,2276.5,61.1,54.2,67,35865,3.9,3.7,4.1,164,699,23.5,20.5,26.7,123,1469,8.4,7.1,9.9,924,62.9,60.4,65.3
2023-10-31,"SUB_ICB_LOC","03K","E38000122","NHS HUMBER AND NORTH YORKSHIRE ICB - 03K",1390,2510.3,55.4,49.1,60.8,40177,3.5,3.3,3.6,166,1143,14.5,12.6,16.7,109,1505,7.2,6,8.7,651,43.3,40.8,45.8
2023-10-31,"SUB_ICB_LOC","05G","E38000126","NHS STAFFORDSHIRE AND STOKE-ON-TRENT ICB - 05G",2491,3449.1,72.2,64.6,78.9,53153,4.7,4.5,4.9,77,1409,5.5,4.4,6.8,294,2540,11.6,10.4,12.9,1511,59.5,57.6,61.4
2023-10-31,"SUB_ICB_LOC","99C","E38000127","NHS NORTH EAST AND NORTH CUMBRIA ICB - 99C",2070,2935.2,70.5,62.8,77.2,47084,4.4,4.2,4.6,41,1145,3.6,2.7,4.8,152,2135,7.1,6.1,8.3,1317,61.7,59.6,63.7
2023-10-31,"SUB_ICB_LOC","00L","E38000130","NHS NORTH EAST AND NORTH CUMBRIA ICB - 00L",3476,5399.2,64.4,57.6,70.2,87637,4,3.8,4.1,163,1629,10,8.6,11.6,209,3573,5.8,5.1,6.7,2152,60.2,58.6,61.8
2023-10-31,"SUB_ICB_LOC","00Y","E38000135","NHS GREATER MANCHESTER ICB - 00Y",1824,2509.3,72.7,64.7,79.7,41089,4.4,4.2,4.6,125,1810,6.9,5.8,8.2,126,1904,6.6,5.6,7.8,1257,66,63.9,68.1
2023-10-31,"SUB_ICB_LOC","10Q","E38000136","NHS BUCKINGHAMSHIRE, OXFORDSHIRE AND BERKSHIRE WEST ICB - 10Q",5901,9388.9,62.9,56.5,68.3,140664,4.2,4.1,4.3,155,967,16,13.9,18.5,516,6036,8.5,7.9,9.3,3442,57,55.8,58.3
2023-10-31,"SUB_ICB_LOC","10R","E38000137","NHS HAMPSHIRE AND ISLE OF WIGHT ICB - 10R",1452,2192.4,66.2,58.8,72.7,34377,4.2,4,4.4,26,875,3,2,4.3,156,1499,10.4,9,12.1,700,46.7,44.2,49.2
2023-10-31,"SUB_ICB_LOC","03L","E38000141","NHS SOUTH YORKSHIRE ICB - 03L",2664,3208.4,83,74.2,90.7,51556,5.2,5,5.4,260,1313,19.8,17.7,22,196,2776,7.1,6.2,8.1,1798,64.8,63,66.5
2023-10-31,"SUB_ICB_LOC","01G","E38000143","NHS GREATER MANCHESTER ICB - 01G",1916,2373.3,80.7,71.8,88.4,39117,4.9,4.7,5.1,139,558,24.9,21.5,28.7,145,1986,7.3,6.2,8.5,1275,64.2,62.1,66.3
2023-10-31,"SUB_ICB_LOC","03N","E38000146","NHS SOUTH YORKSHIRE ICB - 03N",4463,6147.5,72.6,65.2,79,94437,4.7,4.6,4.9,208,1460,14.2,12.5,16.1,440,4652,9.5,8.7,10.3,2791,60,58.6,61.4
2023-10-31,"SUB_ICB_LOC","11X","E38000150","NHS SOMERSET ICB - 11X",5449,9804.5,55.6,49.9,60.4,148685,3.7,3.6,3.8,99,697,14.2,11.8,17,428,5599,7.6,7,8.4,3258,58.2,56.9,59.5
2023-10-31,"SUB_ICB_LOC","05Q","E38000153","NHS STAFFORDSHIRE AND STOKE-ON-TRENT ICB - 05Q",2109,3116.1,67.7,60.4,74,48714,4.3,4.2,4.5,136,542,25.1,21.6,28.9,121,2170,5.6,4.7,6.6,1353,62.4,60.3,64.4
2023-10-31,"SUB_ICB_LOC","01T","E38000161","NHS CHESHIRE AND MERSEYSIDE ICB - 01T",1224,2013.8,60.8,53.9,66.9,31908,3.8,3.6,4.1,114,957,11.9,10,14.1,92,1253,7.3,6,8.9,809,64.6,61.9,67.2
2023-10-31,"SUB_ICB_LOC","00N","E38000163","NHS NORTH EAST AND NORTH CUMBRIA ICB - 00N",1444,2029.1,71.2,63.2,78.1,32803,4.4,4.2,4.6,112,630,17.8,15,21,94,1497,6.3,5.2,7.6,851,56.8,54.3,59.3
2023-10-31,"SUB_ICB_LOC","99G","E38000168","NHS MID AND SOUTH ESSEX ICB - 99G",1977,2445.1,80.9,72.1,88.5,36325,5.4,5.2,5.7,98,370,26.5,22.2,31.2,162,2064,7.8,6.8,9.1,1535,74.4,72.4,76.2
2023-10-31,"SUB_ICB_LOC","01V","E38000170","NHS CHESHIRE AND MERSEYSIDE ICB - 01V",1726,2378.4,72.6,64.8,79.5,34096,5.1,4.8,5.3,203,1243,16.3,14.4,18.5,207,1773,11.7,10.3,13.3,1086,61.3,59,63.5
2023-10-31,"SUB_ICB_LOC","01X","E38000172","NHS CHESHIRE AND MERSEYSIDE ICB - 01X",1801,2566.2,70.2,62.4,76.9,41248,4.4,4.2,4.6,116,708,16.4,13.8,19.3,152,1872,8.1,7,9.4,1055,56.4,54.1,58.6
2023-10-31,"SUB_ICB_LOC","05V","E38000173","NHS STAFFORDSHIRE AND STOKE-ON-TRENT ICB - 05V",1394,2327.3,59.9,53.2,65.8,35772,3.9,3.7,4.1,94,400,23.5,19.6,27.9,78,1429,5.5,4.4,6.8,884,61.9,59.3,64.3
2023-10-31,"SUB_ICB_LOC","01W","E38000174","NHS GREATER MANCHESTER ICB - 01W",2984,4165.5,71.6,64.1,78.1,62839,4.7,4.6,4.9,67,574,11.7,9.3,14.6,193,3079,6.3,5.5,7.2,2080,67.6,65.9,69.2
2023-10-31,"SUB_ICB_LOC","05W","E38000175","NHS STAFFORDSHIRE AND STOKE-ON-TRENT ICB - 05W",2889,3200.9,90.3,80.8,98.5,50836,5.7,5.5,5.9,79,1859,4.2,3.4,5.3,259,2974,8.7,7.7,9.8,1821,61.2,59.5,63
2023-10-31,"SUB_ICB_LOC","00P","E38000176","NHS NORTH EAST AND NORTH CUMBRIA ICB - 00P",2263,3582.7,63.2,56.3,69.1,58369,3.9,3.7,4,138,773,17.9,15.3,20.7,218,2346,9.3,8.2,10.5,1346,57.4,55.4,59.4
2023-10-31,"SUB_ICB_LOC","07G","E38000185","NHS MID AND SOUTH ESSEX ICB - 07G",1072,1576,68,60.1,74.9,25626,4.2,3.9,4.4,64,482,13.3,10.5,16.6,119,1108,10.7,9.1,12.7,750,67.7,64.9,70.4
2023-10-31,"SUB_ICB_LOC","02A","E38000187","NHS GREATER MANCHESTER ICB - 02A",1865,2866.3,65.1,58,71.2,43380,4.3,4.1,4.5,107,533,20.1,16.9,23.7,94,1919,4.9,4,6,1047,54.6,52.3,56.8
2023-10-31,"SUB_ICB_LOC","03Q","E38000188","NHS HUMBER AND NORTH YORKSHIRE ICB - 03Q",2630,5049.5,52.1,46.6,56.9,77234,3.4,3.3,3.5,104,1237,8.4,7,10.1,122,2692,4.5,3.8,5.4,1844,68.5,66.7,70.2
2023-10-31,"SUB_ICB_LOC","03R","E38000190","NHS WEST YORKSHIRE ICB - 03R",2825,4404,64.1,57.2,70.1,72171,3.9,3.8,4.1,342,1876,18.2,16.5,20,329,2957,11.1,10,12.3,2043,69.1,67.4,70.7
2023-10-31,"SUB_ICB_LOC","02E","E38000194","NHS CHESHIRE AND MERSEYSIDE ICB - 02E",1965,2707.9,72.6,64.7,79.4,42885,4.6,4.4,4.8,166,867,19.1,16.7,21.9,243,2020,12,10.7,13.5,1181,58.5,56.3,60.6
2023-10-31,"SUB_ICB_LOC","07H","E38000197","NHS HERTFORDSHIRE AND WEST ESSEX ICB - 07H",2824,3949,71.5,64,78.1,58691,4.8,4.6,5,59,1045,5.6,4.4,7.2,238,2902,8.2,7.3,9.3,1560,53.8,51.9,55.6
2023-10-31,"SUB_ICB_LOC","02G","E38000200","NHS LANCASHIRE AND SOUTH CUMBRIA ICB - 02G",1178,1655.3,71.2,63,78.3,25996,4.5,4.3,4.8,35,332,10.5,7.7,14.3,86,1211,7.1,5.8,8.7,660,54.5,51.7,57.3
2023-10-31,"SUB_ICB_LOC","04V","E38000201","NHS LEICESTER, LEICESTERSHIRE AND RUTLAND ICB - 04V",3320,5177.5,64.1,57.4,69.9,82515,4,3.9,4.2,123,1172,10.5,8.9,12.4,320,3429,9.3,8.4,10.4,1883,54.9,53.2,56.6
2023-10-31,"SUB_ICB_LOC","07K","E38000204","NHS SUFFOLK AND NORTH EAST ESSEX ICB - 07K",2349,4252.4,55.2,49.4,60.4,64810,3.6,3.5,3.8,188,565,33.3,29.5,37.3,276,2388,11.6,10.3,12.9,1363,57.1,55.1,59
2023-10-31,"SUB_ICB_LOC","02H","E38000205","NHS GREATER MANCHESTER ICB - 02H",2849,3980.6,71.6,63.9,78.2,66082,4.3,4.2,4.5,159,2088,7.6,6.6,8.8,152,2944,5.2,4.4,6,1735,58.9,57.1,60.7
2023-10-31,"SUB_ICB_LOC","12F","E38000208","NHS CHESHIRE AND MERSEYSIDE ICB - 12F",3177,4785.6,66.4,59.4,72.4,74683,4.3,4.1,4.4,79,527,15,12.2,18.3,413,3291,12.5,11.5,13.7,2268,68.9,67.3,70.5
2023-10-31,"SUB_ICB_LOC","13T","E38000212","NHS NORTH EAST AND NORTH CUMBRIA ICB - 13T",4029,5514.2,73.1,65.5,79.6,86475,4.7,4.5,4.8,73,2024,3.6,2.9,4.5,307,4184,7.3,6.6,8.2,2533,60.5,59.1,62
2023-10-31,"SUB_ICB_LOC","01H","E38000215","NHS NORTH EAST AND NORTH CUMBRIA ICB - 01H",2842,5032.6,56.5,50.5,61.6,79864,3.6,3.4,3.7,218,645,33.8,30.3,37.5,257,2950,8.7,7.7,9.8,1859,63,61.3,64.7
2023-10-31,"SUB_ICB_LOC","14L","E38000217","NHS GREATER MANCHESTER ICB - 14L",2663,3747.7,71.1,63.2,77.7,66183,4,3.9,4.2,91,1724,5.3,4.3,6.4,212,2787,7.6,6.7,8.7,1817,65.2,63.4,66.9
2023-10-31,"SUB_ICB_LOC","15A","E38000221","NHS BUCKINGHAMSHIRE, OXFORDSHIRE AND BERKSHIRE WEST ICB - 15A",3829,5941.4,64.4,57.7,70.2,92244,4.2,4,4.3,222,789,28.1,25.1,31.4,334,3924,8.5,7.7,9.4,2234,56.9,55.4,58.5
2023-10-31,"SUB_ICB_LOC","15C","E38000222","NHS BRISTOL, NORTH SOMERSET AND SOUTH GLOUCESTERSHIRE ICB - 15C",8045,11748,68.5,61.6,74.3,176922,4.5,4.5,4.6,95,1090,8.7,7.2,10.5,609,8288,7.3,6.8,7.9,4985,60.1,59.1,61.2
2023-10-31,"SUB_ICB_LOC","14Y","E38000223","NHS BUCKINGHAMSHIRE, OXFORDSHIRE AND BERKSHIRE WEST ICB - 14Y",4316,7448,57.9,52,63,110901,3.9,3.8,4,150,1199,12.5,10.8,14.5,328,4410,7.4,6.7,8.2,2469,56,54.5,57.4
2023-10-31,"SUB_ICB_LOC","15F","E38000225","NHS WEST YORKSHIRE ICB - 15F",6190,8812.5,70.2,63.1,76.3,137441,4.5,4.4,4.6,723,2507,28.8,27.1,30.6,343,6366,5.4,4.9,6,3906,61.4,60.2,62.5
2023-10-31,"SUB_ICB_LOC","02M","E38000226","NHS LANCASHIRE AND SOUTH CUMBRIA ICB - 02M",2276,3473.3,65.5,58.7,71.6,52388,4.3,4.2,4.5,140,566,24.7,21.4,28.5,137,2350,5.8,5,6.9,1400,59.6,57.6,61.5
2023-10-31,"SUB_ICB_LOC","M1J4Y","E38000249","NHS BEDFORDSHIRE, LUTON AND MILTON KEYNES ICB - M1J4Y",6918,10242.6,67.5,60.6,73.4,165393,4.2,4.1,4.3,437,3145,13.9,12.7,15.1,677,7224,9.4,8.7,10.1,4343,60.1,59,61.2
2023-10-31,"SUB_ICB_LOC","B2M3M","E38000251","NHS COVENTRY AND WARWICKSHIRE ICB - B2M3M",7025,12267.9,57.3,51.5,62.2,187373,3.7,3.7,3.8,305,2799,10.9,9.8,12.1,763,7270,10.5,9.8,11.2,4246,58.4,57.3,59.5
2023-10-31,"SUB_ICB_LOC","D4U1Y","E38000252","NHS FRIMLEY ICB - D4U1Y",5884,8741.1,67.3,60.5,73.2,133400,4.4,4.3,4.5,263,1608,16.4,14.6,18.2,482,6022,8,7.3,8.7,3536,58.7,57.5,60
2023-10-31,"SUB_ICB_LOC","D9Y0V","E38000253","NHS HAMPSHIRE AND ISLE OF WIGHT ICB - D9Y0V",15102,24745.7,61,55,66.3,369950,4.1,4,4.1,371,4607,8.1,7.3,8.9,1674,15499,10.8,10.3,11.3,8592,55.4,54.7,56.2
2023-10-31,"SUB_ICB_LOC","X2C4Y","E38000254","NHS WEST YORKSHIRE ICB - X2C4Y",3161,4914.6,64.3,57.5,70.2,78775,4,3.9,4.2,267,2577,10.4,9.2,11.6,284,3315,8.6,7.7,9.6,2052,61.9,60.2,63.5
2023-10-31,"SUB_ICB_LOC","A3A8R","E38000255","NHS NORTH EAST LONDON ICB - A3A8R",8045,13319.5,60.4,54.1,65.7,224125,3.6,3.5,3.7,426,5332,8,7.3,8.7,758,8433,9,8.4,9.6,5435,64.4,63.4,65.5
2023-10-31,"SUB_ICB_LOC","W2U3Z","E38000256","NHS NORTH WEST LONDON ICB - W2U3Z",12208,19064.9,64,57.4,69.5,314268,3.9,3.8,4,798,6884,11.6,10.9,12.4,1027,12777,8,7.6,8.5,7939,62.1,61.3,63
2023-10-31,"SUB_ICB_LOC","M2L0M","E38000257","NHS SHROPSHIRE, TELFORD AND WREKIN ICB - M2L0M",4679,7717.6,60.6,54.4,66,119906,3.9,3.8,4,124,892,13.9,11.8,16.3,400,4810,8.3,7.6,9.1,2700,56.1,54.7,57.5
2023-10-31,"SUB_ICB_LOC","15E","E38000258","NHS BIRMINGHAM AND SOLIHULL ICB - 15E",8667,14369.4,60.3,54.2,65.5,219603,3.9,3.9,4,387,3406,11.4,10.3,12.5,977,9009,10.8,10.2,11.5,5620,62.4,61.4,63.4
2023-10-31,"SUB_ICB_LOC","D2P2L","E38000259","NHS BLACK COUNTRY ICB - D2P2L",9222,14375.5,64.2,57.7,69.6,220144,4.2,4.1,4.3,383,5601,6.8,6.2,7.5,1010,9602,10.5,9.9,11.1,4441,46.3,45.3,47.2
2023-10-31,"SUB_ICB_LOC","06H","E38000260","NHS CAMBRIDGESHIRE AND PETERBOROUGH ICB - 06H",6355,10992.9,57.8,51.9,62.9,170049,3.7,3.6,3.8,291,2140,13.6,12.2,15.1,624,6602,9.5,8.8,10.2,3844,58.2,57,59.4
2023-10-31,"SUB_ICB_LOC","15M","E38000261","NHS DERBY AND DERBYSHIRE ICB - 15M",9954,14623.1,68.1,61.2,73.9,231430,4.3,4.2,4.4,814,2423,33.6,31.7,35.5,992,10590,9.4,8.8,9.9,6314,59.6,58.7,60.6
2023-10-31,"SUB_ICB_LOC","78H","E38000262","NHS NORTHAMPTONSHIRE ICB - 78H",5699,8824.4,64.6,57.9,70.3,142370,4,3.9,4.1,214,3006,7.1,6.3,8.1,616,5888,10.5,9.7,11.3,3304,56.1,54.8,57.4
2023-10-31,"SUB_ICB_LOC","01Y","E38000263","NHS GREATER MANCHESTER ICB - 01Y",1683,2327.1,72.3,64.3,79.4,38772,4.3,4.1,4.5,116,451,25.7,21.9,29.9,163,1765,9.2,8,10.7,1082,61.3,59,63.5
2023-10-31,"SUB_ICB_LOC","92A","E38000264","NHS SURREY HEARTLANDS ICB - 92A",9982,14815.9,67.4,60.7,73.1,211833,4.7,4.6,4.8,172,1633,10.5,9.1,12.1,947,10169,9.3,8.8,9.9,6125,60.2,59.3,61.2
2023-10-31,"SUB_ICB_LOC","01E","E38000227","NHS LANCASHIRE AND SOUTH CUMBRIA ICB - 01E",1688,2325.3,72.6,64.6,79.5,36883,4.6,4.4,4.8,31,589,5.3,3.7,7.4,152,1747,8.7,7.5,10.1,1143,65.4,63.2,67.6
2023-10-31,"SUB_ICB_LOC","01K","E38000228","NHS LANCASHIRE AND SOUTH CUMBRIA ICB - 01K",3731,5216.4,71.5,64.2,77.9,80789,4.6,4.5,4.8,101,693,14.6,12.1,17.4,287,3844,7.5,6.7,8.3,2296,59.7,58.2,61.3
2023-10-31,"SUB_ICB_LOC","92G","E38000231","NHS BATH AND NORTH EAST SOMERSET, SWINDON AND WILTSHIRE ICB - 92G",7838,13405.1,58.5,52.6,63.5,204605,3.8,3.7,3.9,303,3587,8.4,7.6,9.4,536,8036,6.7,6.1,7.2,4877,60.7,59.6,61.8
2023-10-31,"SUB_ICB_LOC","36J","E38000232","NHS WEST YORKSHIRE ICB - 36J",4934,6573.5,75.1,67.3,81.6,104087,4.7,4.6,4.9,411,2210,18.6,17,20.3,731,5127,14.3,13.3,15.2,3342,65.2,63.9,66.5
2023-10-31,"SUB_ICB_LOC","27D","E38000233","NHS CHESHIRE AND MERSEYSIDE ICB - 27D",7616,11451.1,66.5,59.8,72.2,175452,4.3,4.2,4.4,184,1840,10,8.7,11.5,788,7814,10.1,9.4,10.8,5100,65.3,64.2,66.3
2023-10-31,"SUB_ICB_LOC","84H","E38000234","NHS NORTH EAST AND NORTH CUMBRIA ICB - 84H",5214,7237,72,64.5,78.4,119612,4.4,4.2,4.5,334,1687,19.8,18,21.8,380,5444,7,6.3,7.7,3405,62.5,61.3,63.8
2023-10-31,"SUB_ICB_LOC","18C","E38000236","NHS HEREFORDSHIRE AND WORCESTERSHIRE ICB - 18C",6806,12645.4,53.8,48.4,58.5,194337,3.5,3.4,3.6,144,2220,6.5,5.5,7.6,755,6991,10.8,10.1,11.5,4548,65.1,63.9,66.2
2023-10-31,"SUB_ICB_LOC","91Q","E38000237","NHS KENT AND MEDWAY ICB - 91Q",14894,25173.4,59.2,53.3,64.2,388607,3.8,3.8,3.9,470,3536,13.3,12.2,14.5,1296,15406,8.4,8,8.9,9528,61.8,61.1,62.6
2023-10-31,"SUB_ICB_LOC","71E","E38000238","NHS LINCOLNSHIRE ICB - 71E",7998,12281.2,65.1,58.5,70.8,192054,4.2,4.1,4.3,642,3859,16.6,15.5,17.8,738,8349,8.8,8.2,9.5,4761,57,56,58.1
2023-10-31,"SUB_ICB_LOC","26A","E38000239","NHS NORFOLK AND WAVENEY ICB - 26A",10817,17787.5,60.8,54.8,66,266928,4.1,4,4.1,564,3294,17.1,15.9,18.4,1300,11154,11.7,11.1,12.3,6254,56.1,55.1,57
2023-10-31,"SUB_ICB_LOC","93C","E38000240","NHS NORTH CENTRAL LONDON ICB - 93C",8503,12475.7,68.2,61.2,74,200006,4.3,4.2,4.3,214,1900,11.3,9.9,12.8,690,8757,7.9,7.3,8.5,5165,59,57.9,60
2023-10-31,"SUB_ICB_LOC","42D","E38000241","NHS HUMBER AND NORTH YORKSHIRE ICB - 42D",4405,7361,59.8,53.7,65.1,113058,3.9,3.8,4,350,2273,15.4,14,16.9,245,4518,5.4,4.8,6.1,2954,65.4,64,66.8
2023-10-31,"SUB_ICB_LOC","52R","E38000243","NHS NOTTINGHAM AND NOTTINGHAMSHIRE ICB - 52R",8940,12677.3,70.5,63.4,76.6,197957,4.5,4.4,4.6,220,3050,7.2,6.3,8.2,897,9416,9.5,8.9,10.1,5745,61,60,62
2023-10-31,"SUB_ICB_LOC","72Q","E38000244","NHS SOUTH EAST LONDON ICB - 72Q",10521,15080.1,69.8,62.6,75.8,242665,4.3,4.3,4.4,549,4772,11.5,10.6,12.4,884,10920,8.1,7.6,8.6,6544,59.9,59,60.8
2023-10-31,"SUB_ICB_LOC","36L","E38000245","NHS SOUTH WEST LONDON ICB - 36L",10171,14138.9,71.9,64.6,78.2,223910,4.5,4.5,4.6,336,2642,12.7,11.5,14,919,10524,8.7,8.2,9.3,6180,58.7,57.8,59.7
2023-10-31,"SUB_ICB_LOC","16C","E38000247","NHS NORTH EAST AND NORTH CUMBRIA ICB - 16C",6182,8508.5,72.7,65.2,79,138575,4.5,4.4,4.6,571,2805,20.4,18.9,21.9,398,6420,6.2,5.6,6.8,4044,63,61.8,64.2
2023-10-31,"COUNTRY","ENG","E92000001","ENGLAND",461652,715967.9,64.5,58.1,69.9,11130579,4.1,4.1,4.2,22552,178362,12.6,12.5,12.8,42045,477606,8.8,8.7,8.9,286294,59.9,59.8,60.1
2023-10-31,"ICB","QJM","E54000013","NHS LINCOLNSHIRE INTEGRATED CARE BOARD",7998,12281.2,65.1,58.5,70.8,192054,4.2,4.1,4.3,642,3859,16.6,15.5,17.8,738,8349,8.8,8.2,9.5,4761,57,56,58.1
2023-10-31,"ICB","QK1","E54000015","NHS LEICESTER, LEICESTERSHIRE AND RUTLAND INTEGRATED CARE BOARD",8834,13515.7,65.4,58.8,71,214383,4.1,4,4.2,205,4293,4.8,4.2,5.5,916,9228,9.9,9.3,10.6,5354,58,57,59
2023-10-31,"ICB","QWU","E54000018","NHS COVENTRY AND WARWICKSHIRE INTEGRATED CARE BOARD",7025,12267.9,57.3,51.5,62.2,187373,3.7,3.7,3.8,305,2799,10.9,9.8,12.1,763,7270,10.5,9.8,11.2,4246,58.4,57.3,59.5
2023-10-31,"ICB","QGH","E54000019","NHS HEREFORDSHIRE AND WORCESTERSHIRE INTEGRATED CARE BOARD",6806,12645.4,53.8,48.4,58.5,194337,3.5,3.4,3.6,144,2220,6.5,5.5,7.6,755,6991,10.8,10.1,11.5,4548,65.1,63.9,66.2
2023-10-31,"ICB","QMM","E54000022","NHS NORFOLK AND WAVENEY INTEGRATED CARE BOARD",10817,17787.5,60.8,54.8,66,266928,4.1,4,4.1,564,3294,17.1,15.9,18.4,1300,11154,11.7,11.1,12.3,6254,56.1,55.1,57
2023-10-31,"ICB","QJG","E54000023","NHS SUFFOLK AND NORTH EAST ESSEX INTEGRATED CARE BOARD",9628,15980,60.3,54.2,65.4,241321,4,3.9,4.1,970,3273,29.6,28.1,31.2,1191,9917,12,11.4,12.7,6207,62.6,61.6,63.5
2023-10-31,"ICB","QHG","E54000024","NHS BEDFORDSHIRE, LUTON AND MILTON KEYNES INTEGRATED CARE BOARD",6918,10242.6,67.5,60.6,73.4,165393,4.2,4.1,4.3,437,3145,13.9,12.7,15.1,677,7224,9.4,8.7,10.1,4343,60.1,59,61.2
2023-10-31,"ICB","QM7","E54000025","NHS HERTFORDSHIRE AND WEST ESSEX INTEGRATED CARE BOARD",12064,18669,64.6,58.2,70.1,276450,4.4,4.3,4.4,477,3882,12.3,11.3,13.4,1097,12413,8.8,8.4,9.3,7316,58.9,58.1,59.8
2023-10-31,"ICB","QH8","E54000026","NHS MID AND SOUTH ESSEX INTEGRATED CARE BOARD",10319,16015.4,64.4,58,70,242898,4.2,4.2,4.3,566,3333,17,15.7,18.3,1003,10673,9.4,8.9,10,6923,64.9,64,65.8
2023-10-31,"ICB","QRV","E54000027","NHS NORTH WEST LONDON INTEGRATED CARE BOARD",12208,19064.9,64,57.4,69.5,314268,3.9,3.8,4,798,6884,11.6,10.9,12.4,1027,12777,8,7.6,8.5,7939,62.1,61.3,63
2023-10-31,"ICB","QMJ","E54000028","NHS NORTH CENTRAL LONDON INTEGRATED CARE BOARD",8503,12475.7,68.2,61.2,74,200006,4.3,4.2,4.3,214,1900,11.3,9.9,12.8,690,8757,7.9,7.3,8.5,5165,59,57.9,60
2023-10-31,"ICB","QMF","E54000029","NHS NORTH EAST LONDON INTEGRATED CARE BOARD",8045,13319.5,60.4,54.1,65.7,224125,3.6,3.5,3.7,426,5332,8,7.3,8.7,758,8433,9,8.4,9.6,5435,64.4,63.4,65.5
2023-10-31,"ICB","QKK","E54000030","NHS SOUTH EAST LONDON INTEGRATED CARE BOARD",10521,15080.1,69.8,62.6,75.8,242665,4.3,4.3,4.4,549,4772,11.5,10.6,12.4,884,10920,8.1,7.6,8.6,6544,59.9,59,60.8
2023-10-31,"ICB","QWE","E54000031","NHS SOUTH WEST LONDON INTEGRATED CARE BOARD",10171,14138.9,71.9,64.6,78.2,223910,4.5,4.5,4.6,336,2642,12.7,11.5,14,919,10524,8.7,8.2,9.3,6180,58.7,57.8,59.7
2023-11-30,"ICB","QJM","E54000013","NHS LINCOLNSHIRE INTEGRATED CARE BOARD",8033,12285.7,65.4,58.8,71,192239,4.2,4.1,4.3,756,4382,17.3,16.2,18.4,713,8370,8.5,7.9,9.1,4939,59,58,60.1
2023-11-30,"ICB","QYG","E54000008","NHS CHESHIRE AND MERSEYSIDE INTEGRATED CARE BOARD",22718,33973.7,66.9,60.2,72.5,539535,4.2,4.2,4.3,1480,10150,14.6,13.9,15.3,1312,23459,5.6,5.3,5.9,14832,63.2,62.6,63.8
2023-11-30,"COUNTRY","ENG","E92000001","ENGLAND",463797,716564.5,64.7,58.3,70.2,11145355,4.2,4.1,4.2,26026,204240,12.7,12.6,12.9,30484,479652,6.4,6.3,6.4,288871,60.2,60.1,60.4
2023-11-30,"SUB_ICB_LOC","03L","E38000141","NHS SOUTH YORKSHIRE ICB - 03L",2688,3206.1,83.8,74.8,91.6,51599,5.2,5,5.4,294,1505,19.5,17.6,21.6,174,2801,6.2,5.4,7.2,1874,66.9,65.1,68.6
2023-11-30,"ICB","QNC","E54000010","NHS STAFFORDSHIRE AND STOKE-ON-TRENT INTEGRATED CARE BOARD",11432,15820.3,72.3,65.1,78.4,247039,4.6,4.5,4.7,677,5871,11.5,10.7,12.4,523,11754,4.4,4.1,4.8,7124,60.6,59.7,61.5
2023-11-30,"ICB","QJK","E54000037","NHS DEVON INTEGRATED CARE BOARD",11820,20385.4,58,52.2,63,307637,3.8,3.8,3.9,758,4234,17.9,16.8,19.1,989,12112,8.2,7.7,8.7,7108,58.7,57.8,59.6
2023-11-30,"ICB","QNX","E54000064","NHS SUSSEX ICB",17687,27643.9,64,57.7,69.4,404739,4.4,4.3,4.4,852,7173,11.9,11.1,12.6,972,18110,5.4,5,5.7,11147,61.6,60.8,62.3
2023-11-30,"NHS_REGION","Y56","E40000003","LONDON",49566,74158.1,66.8,60,72.5,1207620,4.1,4.1,4.1,2676,24791,10.8,10.4,11.2,2359,51526,4.6,4.4,4.8,31273,60.7,60.3,61.1
2023-11-30,"SUB_ICB_LOC","10R","E38000137","NHS HAMPSHIRE AND ISLE OF WIGHT ICB - 10R",1463,2191.4,66.8,59.3,73.3,34432,4.2,4,4.5,28,966,2.9,2,4.2,155,1510,10.3,8.8,11.9,720,47.7,45.2,50.2
2023-11-30,"SUB_ICB_LOC","01G","E38000143","NHS GREATER MANCHESTER ICB - 01G",1947,2374.4,82,73,89.8,39143,5,4.8,5.2,160,643,24.9,21.7,28.4,63,2018,3.1,2.4,4,1299,64.4,62.3,66.4
2023-11-30,"SUB_ICB_LOC","03N","E38000146","NHS SOUTH YORKSHIRE ICB - 03N",4461,6149.2,72.5,65.1,78.9,94462,4.7,4.6,4.9,243,1674,14.5,12.9,16.3,362,4648,7.8,7.1,8.6,2721,58.5,57.1,59.9
2023-11-30,"SUB_ICB_LOC","11X","E38000150","NHS SOMERSET ICB - 11X",5469,9811.3,55.7,50.1,60.6,148846,3.7,3.6,3.8,118,773,15.3,12.9,18,219,5618,3.9,3.4,4.4,3301,58.8,57.5,60
2023-11-30,"SUB_ICB_LOC","05Q","E38000153","NHS STAFFORDSHIRE AND STOKE-ON-TRENT ICB - 05Q",2115,3121.8,67.7,60.5,74.1,48779,4.3,4.2,4.5,158,628,25.2,21.9,28.7,58,2180,2.7,2.1,3.4,1328,60.9,58.9,62.9
2023-11-30,"SUB_ICB_LOC","01T","E38000161","NHS CHESHIRE AND MERSEYSIDE ICB - 01T",1229,2015.7,61,54,67.1,31945,3.8,3.6,4.1,140,1120,12.5,10.7,14.6,47,1257,3.7,2.8,4.9,817,65,62.3,67.6
2023-11-30,"SUB_ICB_LOC","00N","E38000163","NHS NORTH EAST AND NORTH CUMBRIA ICB - 00N",1451,2026,71.6,63.6,78.7,32777,4.4,4.2,4.7,127,720,17.6,15,20.6,31,1504,2.1,1.5,2.9,839,55.8,53.3,58.3
2023-11-30,"SUB_ICB_LOC","99G","E38000168","NHS MID AND SOUTH ESSEX ICB - 99G",1988,2447.4,81.2,72.5,88.9,36352,5.5,5.2,5.7,126,431,29.2,25.1,33.7,165,2071,8,6.9,9.2,1545,74.6,72.7,76.4
2023-11-30,"SUB_ICB_LOC","01V","E38000170","NHS CHESHIRE AND MERSEYSIDE ICB - 01V",1721,2381.2,72.3,64.5,79.2,34136,5,4.8,5.3,238,1509,15.8,14,17.7,105,1766,5.9,4.9,7.1,1084,61.4,59.1,63.6
2023-11-30,"SUB_ICB_LOC","01X","E38000172","NHS CHESHIRE AND MERSEYSIDE ICB - 01X",1820,2569.9,70.8,63,77.6,41265,4.4,4.2,4.6,129,817,15.8,13.4,18.4,77,1893,4.1,3.3,5.1,1017,53.7,51.5,56
2023-11-30,"SUB_ICB_LOC","05V","E38000173","NHS STAFFORDSHIRE AND STOKE-ON-TRENT ICB - 05V",1406,2331,60.3,53.6,66.2,35819,3.9,3.7,4.1,106,452,23.5,19.8,27.6,44,1441,3.1,2.3,4.1,912,63.3,60.8,65.7
2023-11-30,"SUB_ICB_LOC","01W","E38000174","NHS GREATER MANCHESTER ICB - 01W",3015,4171.9,72.3,64.8,78.8,62951,4.8,4.6,5,73,674,10.8,8.7,13.4,108,3109,3.5,2.9,4.2,2078,66.8,65.2,68.5
2023-11-30,"SUB_ICB_LOC","05W","E38000175","NHS STAFFORDSHIRE AND STOKE-ON-TRENT ICB - 05W",2885,3203,90.1,80.6,98.3,50873,5.7,5.5,5.9,87,2110,4.1,3.4,5.1,142,2975,4.8,4.1,5.6,1861,62.6,60.8,64.3
2023-11-30,"SUB_ICB_LOC","00P","E38000176","NHS NORTH EAST AND NORTH CUMBRIA ICB - 00P",2286,3583,63.8,56.8,69.8,58429,3.9,3.8,4.1,155,875,17.7,15.3,20.4,108,2369,4.6,3.8,5.5,1326,56,54,58
2023-11-30,"SUB_ICB_LOC","07G","E38000185","NHS MID AND SOUTH ESSEX ICB - 07G",1062,1575.6,67.4,59.5,74.4,25654,4.1,3.9,4.4,71,537,13.2,10.6,16.3,115,1098,10.5,8.8,12.4,762,69.4,66.6,72.1
2023-11-30,"SUB_ICB_LOC","02A","E38000187","NHS GREATER MANCHESTER ICB - 02A",1879,2862.8,65.6,58.5,71.8,43370,4.3,4.1,4.5,128,632,20.3,17.3,23.6,55,1938,2.8,2.2,3.7,1054,54.4,52.2,56.6
2023-11-30,"SUB_ICB_LOC","03Q","E38000188","NHS HUMBER AND NORTH YORKSHIRE ICB - 03Q",2629,5051.7,52,46.6,56.9,77266,3.4,3.3,3.5,122,1433,8.5,7.2,10.1,127,2692,4.7,4,5.6,1840,68.4,66.6,70.1
2023-11-30,"SUB_ICB_LOC","03R","E38000190","NHS WEST YORKSHIRE ICB - 03R",2849,4402.6,64.7,57.8,70.6,72193,3.9,3.8,4.1,396,2160,18.3,16.8,20,330,2980,11.1,10,12.3,2101,70.5,68.8,72.1
2023-11-30,"SUB_ICB_LOC","02E","E38000194","NHS CHESHIRE AND MERSEYSIDE ICB - 02E",1982,2709.9,73.1,65.2,80.1,42947,4.6,4.4,4.8,191,1001,19.1,16.8,21.6,237,2039,11.6,10.3,13.1,1200,58.9,56.7,61
2023-11-30,"SUB_ICB_LOC","07H","E38000197","NHS HERTFORDSHIRE AND WEST ESSEX ICB - 07H",2877,4021.8,71.5,64.1,78.1,59993,4.8,4.6,5,65,1147,5.7,4.5,7.2,198,2959,6.7,5.8,7.6,1642,55.5,53.7,57.3
2023-11-30,"SUB_ICB_LOC","02G","E38000200","NHS LANCASHIRE AND SOUTH CUMBRIA ICB - 02G",1185,1661.1,71.3,63.2,78.5,26044,4.5,4.3,4.8,46,387,11.9,9,15.5,66,1218,5.4,4.3,6.8,663,54.4,51.6,57.2
2023-11-30,"SUB_ICB_LOC","04V","E38000201","NHS LEICESTER, LEICESTERSHIRE AND RUTLAND ICB - 04V",3317,5176.7,64.1,57.3,69.9,82637,4,3.9,4.1,141,1313,10.7,9.2,12.5,305,3421,8.9,8,9.9,1810,52.9,51.2,54.6
2023-11-30,"SUB_ICB_LOC","07K","E38000204","NHS SUFFOLK AND NORTH EAST ESSEX ICB - 07K",2344,4258.4,55,49.2,60.1,64905,3.6,3.5,3.8,217,667,32.5,29.1,36.2,276,2383,11.6,10.4,12.9,1447,60.7,58.7,62.7
2023-11-30,"SUB_ICB_LOC","02H","E38000205","NHS GREATER MANCHESTER ICB - 02H",2867,3984.5,72,64.3,78.6,66155,4.3,4.2,4.5,186,2594,7.2,6.2,8.2,110,2961,3.7,3.1,4.5,1739,58.7,56.9,60.5
2023-11-30,"SUB_ICB_LOC","12F","E38000208","NHS CHESHIRE AND MERSEYSIDE ICB - 12F",3212,4784.4,67.1,60.1,73.2,74737,4.3,4.2,4.4,94,641,14.7,12.1,17.6,145,3327,4.4,3.7,5.1,2299,69.1,67.5,70.6
2023-11-30,"SUB_ICB_LOC","13T","E38000212","NHS NORTH EAST AND NORTH CUMBRIA ICB - 13T",4039,5511.6,73.3,65.7,79.8,86550,4.7,4.5,4.8,83,2375,3.5,2.8,4.3,231,4194,5.5,4.9,6.2,2498,59.6,58.1,61
2023-11-30,"SUB_ICB_LOC","01H","E38000215","NHS NORTH EAST AND NORTH CUMBRIA ICB - 01H",2879,5039.8,57.1,51.1,62.3,79997,3.6,3.5,3.7,251,750,33.5,30.2,36.9,116,2986,3.9,3.2,4.6,1825,61.1,59.4,62.9
2023-11-30,"SUB_ICB_LOC","14L","E38000217","NHS GREATER MANCHESTER ICB - 14L",2676,3742.4,71.5,63.6,78.2,66256,4,3.9,4.2,102,1967,5.2,4.3,6.3,116,2803,4.1,3.5,4.9,1829,65.3,63.5,67
2023-11-30,"SUB_ICB_LOC","15A","E38000221","NHS BUCKINGHAMSHIRE, OXFORDSHIRE AND BERKSHIRE WEST ICB - 15A",3820,5942.7,64.3,57.6,70,92361,4.1,4,4.3,262,911,28.8,25.9,31.8,179,3916,4.6,4,5.3,2232,57,55.4,58.5
2023-11-30,"SUB_ICB_LOC","15C","E38000222","NHS BRISTOL, NORTH SOMERSET AND SOUTH GLOUCESTERSHIRE ICB - 15C",8068,11752.8,68.6,61.8,74.6,177056,4.6,4.5,4.7,113,1255,9,7.5,10.7,328,8313,3.9,3.5,4.4,5021,60.4,59.3,61.4
2023-11-30,"SUB_ICB_LOC","14Y","E38000223","NHS BUCKINGHAMSHIRE, OXFORDSHIRE AND BERKSHIRE WEST ICB - 14Y",4361,7456.9,58.5,52.5,63.7,111051,3.9,3.8,4,173,1422,12.2,10.6,14,253,4454,5.7,5,6.4,2481,55.7,54.2,57.2
2023-11-30,"SUB_ICB_LOC","15F","E38000225","NHS WEST YORKSHIRE ICB - 15F",6254,8818.3,70.9,63.7,77.1,137572,4.5,4.4,4.7,798,2851,28,26.4,29.7,318,6434,4.9,4.4,5.5,4138,64.3,63.1,65.5
2023-11-30,"SUB_ICB_LOC","02M","E38000226","NHS LANCASHIRE AND SOUTH CUMBRIA ICB - 02M",2273,3474.7,65.4,58.5,71.4,52445,4.3,4.2,4.5,174,666,26.1,22.9,29.6,56,2347,2.4,1.8,3.1,1393,59.4,57.4,61.3
2023-11-30,"SUB_ICB_LOC","01E","E38000227","NHS LANCASHIRE AND SOUTH CUMBRIA ICB - 01E",1684,2322.9,72.5,64.5,79.5,36870,4.6,4.4,4.8,35,675,5.2,3.8,7.1,56,1743,3.2,2.5,4.1,1185,68,65.8,70.1
2023-11-30,"SUB_ICB_LOC","01K","E38000228","NHS LANCASHIRE AND SOUTH CUMBRIA ICB - 01K",3741,5221.7,71.6,64.2,78,80876,4.6,4.5,4.8,121,821,14.7,12.5,17.3,119,3859,3.1,2.6,3.7,2263,58.6,57.1,60.2
2023-11-30,"SUB_ICB_LOC","92G","E38000231","NHS BATH AND NORTH EAST SOMERSET, SWINDON AND WILTSHIRE ICB - 92G",7897,13420.5,58.8,52.9,63.9,204853,3.9,3.8,3.9,363,4150,8.7,7.9,9.6,527,8099,6.5,6,7.1,4923,60.8,59.7,61.8
2023-11-30,"SUB_ICB_LOC","36J","E38000232","NHS WEST YORKSHIRE ICB - 36J",4925,6571.6,74.9,67.2,81.6,104140,4.7,4.6,4.9,478,2489,19.2,17.7,20.8,730,5115,14.3,13.3,15.3,3451,67.5,66.2,68.7
2023-11-30,"SUB_ICB_LOC","27D","E38000233","NHS CHESHIRE AND MERSEYSIDE ICB - 27D",7654,11455.1,66.8,60.1,72.6,175631,4.4,4.3,4.5,223,2104,10.6,9.4,12,310,7849,3.9,3.5,4.4,5170,65.9,64.8,66.9
2023-11-30,"SUB_ICB_LOC","84H","E38000234","NHS NORTH EAST AND NORTH CUMBRIA ICB - 84H",5213,7241.8,72,64.5,78.4,119730,4.4,4.2,4.5,366,1937,18.9,17.2,20.7,352,5438,6.5,5.8,7.2,3402,62.6,61.3,63.8
2023-11-30,"SUB_ICB_LOC","18C","E38000236","NHS HEREFORDSHIRE AND WORCESTERSHIRE ICB - 18C",6837,12661.5,54,48.5,58.7,194529,3.5,3.4,3.6,171,2585,6.6,5.7,7.6,447,7024,6.4,5.8,7,4553,64.8,63.7,65.9
2023-11-30,"SUB_ICB_LOC","91Q","E38000237","NHS KENT AND MEDWAY ICB - 91Q",15022,25198.5,59.6,53.7,64.7,388964,3.9,3.8,3.9,552,4008,13.8,12.7,14.9,656,15537,4.2,3.9,4.5,9603,61.8,61,62.6
2023-11-30,"SUB_ICB_LOC","71E","E38000238","NHS LINCOLNSHIRE ICB - 71E",8033,12285.7,65.4,58.8,71,192239,4.2,4.1,4.3,756,4382,17.3,16.2,18.4,713,8370,8.5,7.9,9.1,4939,59,58,60.1
2023-11-30,"SUB_ICB_LOC","26A","E38000239","NHS NORFOLK AND WAVENEY ICB - 26A",10878,17792.2,61.1,55.1,66.4,267067,4.1,4,4.1,665,3796,17.5,16.3,18.8,1214,11201,10.8,10.3,11.4,6257,55.9,54.9,56.8
2023-11-30,"SUB_ICB_LOC","93C","E38000240","NHS NORTH CENTRAL LONDON ICB - 93C",8525,12493.4,68.2,61.1,74.1,200419,4.3,4.2,4.3,248,2200,11.3,10,12.7,335,8784,3.8,3.4,4.2,5145,58.6,57.5,59.6
2023-11-30,"SUB_ICB_LOC","42D","E38000241","NHS HUMBER AND NORTH YORKSHIRE ICB - 42D",4440,7365.8,60.3,54.1,65.6,113210,3.9,3.8,4,401,2540,15.8,14.4,17.3,242,4551,5.3,4.7,6,3021,66.4,65,67.7
2023-11-30,"SUB_ICB_LOC","52R","E38000243","NHS NOTTINGHAM AND NOTTINGHAMSHIRE ICB - 52R",8931,12679.3,70.4,63.3,76.5,198106,4.5,4.4,4.6,249,3463,7.2,6.4,8.1,869,9393,9.3,8.7,9.9,5796,61.7,60.7,62.7
2023-11-30,"SUB_ICB_LOC","72Q","E38000244","NHS SOUTH EAST LONDON ICB - 72Q",10471,15088.1,69.4,62.2,75.4,243156,4.3,4.2,4.4,634,5476,11.6,10.8,12.5,385,10868,3.5,3.2,3.9,6415,59,58.1,59.9
2023-11-30,"SUB_ICB_LOC","36L","E38000245","NHS SOUTH WEST LONDON ICB - 36L",10232,14151.4,72.3,64.9,78.5,224326,4.6,4.5,4.6,385,3026,12.7,11.6,14,502,10588,4.7,4.4,5.2,6268,59.2,58.3,60.1
2023-11-30,"SUB_ICB_LOC","16C","E38000247","NHS NORTH EAST AND NORTH CUMBRIA ICB - 16C",6234,8516.8,73.2,65.6,79.7,138771,4.5,4.4,4.6,660,3194,20.7,19.3,22.1,382,6468,5.9,5.4,6.5,4102,63.4,62.2,64.6
2023-11-30,"NHS_REGION","Y60","E40000011","MIDLANDS",90798,140863,64.5,58.1,69.9,2195402,4.1,4.1,4.2,4698,42334,11.1,10.8,11.4,7027,94444,7.4,7.3,7.6,55501,58.8,58.5,59.1
2023-11-30,"SUB_ICB_LOC","09D","E38000021","NHS SUSSEX ICB - 09D",1923,2832.5,67.9,60.4,74.3,44285,4.3,4.2,4.5,101,612,16.5,13.8,19.7,98,1981,4.9,4.1,6,1197,60.4,58.3,62.6
2023-11-30,"SUB_ICB_LOC","15N","E38000230","NHS DEVON ICB - 15N",11820,20385.4,58,52.2,63,307637,3.8,3.8,3.9,758,4234,17.9,16.8,19.1,989,12112,8.2,7.7,8.7,7108,58.7,57.8,59.6
2023-11-30,"ICB","QOC","E54000011","NHS SHROPSHIRE, TELFORD AND WREKIN INTEGRATED CARE BOARD",4702,7726.7,60.9,54.6,66.2,120067,3.9,3.8,4,135,999,13.5,11.5,15.8,172,4836,3.6,3.1,4.1,2750,56.9,55.5,58.3
2023-11-30,"ICB","QK1","E54000015","NHS LEICESTER, LEICESTERSHIRE AND RUTLAND INTEGRATED CARE BOARD",8856,13514.4,65.5,58.9,71.2,214532,4.1,4,4.2,231,4825,4.8,4.2,5.4,859,9234,9.3,8.7,9.9,5333,57.8,56.7,58.8
2023-11-30,"ICB","QWU","E54000018","NHS COVENTRY AND WARWICKSHIRE INTEGRATED CARE BOARD",7049,12281.6,57.4,51.6,62.4,187607,3.8,3.7,3.8,351,3192,11,10,12.1,502,7295,6.9,6.3,7.5,4300,58.9,57.8,60.1
2023-11-30,"ICB","QGH","E54000019","NHS HEREFORDSHIRE AND WORCESTERSHIRE INTEGRATED CARE BOARD",6837,12661.5,54,48.5,58.7,194529,3.5,3.4,3.6,171,2585,6.6,5.7,7.6,447,7024,6.4,5.8,7,4553,64.8,63.7,65.9
2023-11-30,"ICB","QMM","E54000022","NHS NORFOLK AND WAVENEY INTEGRATED CARE BOARD",10878,17792.2,61.1,55.1,66.4,267067,4.1,4,4.1,665,3796,17.5,16.3,18.8,1214,11201,10.8,10.3,11.4,6257,55.9,54.9,56.8
2023-11-30,"ICB","QJG","E54000023","NHS SUFFOLK AND NORTH EAST ESSEX INTEGRATED CARE BOARD",9686,16068.7,60.3,54.3,65.4,242798,4,3.9,4.1,1135,3720,30.5,29.1,32,1016,9974,10.2,9.6,10.8,6359,63.8,62.8,64.7
2023-11-30,"ICB","QHG","E54000024","NHS BEDFORDSHIRE, LUTON AND MILTON KEYNES INTEGRATED CARE BOARD",6971,10251.6,68,61,73.9,165682,4.2,4.1,4.3,512,3634,14.1,13,15.3,700,7273,9.6,9,10.3,4427,60.9,59.7,62
2023-11-30,"ICB","QM7","E54000025","NHS HERTFORDSHIRE AND WEST ESSEX INTEGRATED CARE BOARD",12144,18754.2,64.8,58.3,70.3,278058,4.4,4.3,4.4,547,4367,12.5,11.6,13.5,811,12490,6.5,6.1,6.9,7338,58.8,57.9,59.6
2023-11-30,"ICB","QH8","E54000026","NHS MID AND SOUTH ESSEX INTEGRATED CARE BOARD",10336,16028.7,64.5,58,70,243169,4.3,4.2,4.3,680,3802,17.9,16.7,19.1,996,10682,9.3,8.8,9.9,6994,65.5,64.6,66.4
2023-11-30,"ICB","QRV","E54000027","NHS NORTH WEST LONDON INTEGRATED CARE BOARD",12218,19078.5,64,57.4,69.5,314911,3.9,3.8,3.9,911,7949,11.5,10.8,12.2,729,12781,5.7,5.3,6.1,7999,62.6,61.7,63.4
2023-11-30,"ICB","QMJ","E54000028","NHS NORTH CENTRAL LONDON INTEGRATED CARE BOARD",8525,12493.4,68.2,61.1,74.1,200419,4.3,4.2,4.3,248,2200,11.3,10,12.7,335,8784,3.8,3.4,4.2,5145,58.6,57.5,59.6
2023-11-30,"ICB","QMF","E54000029","NHS NORTH EAST LONDON INTEGRATED CARE BOARD",8120,13346.8,60.8,54.5,66.2,224808,3.6,3.5,3.7,498,6140,8.1,7.5,8.8,408,8505,4.8,4.4,5.3,5446,64,63,65
2023-11-30,"ICB","QKK","E54000030","NHS SOUTH EAST LONDON INTEGRATED CARE BOARD",10471,15088.1,69.4,62.2,75.4,243156,4.3,4.2,4.4,634,5476,11.6,10.8,12.5,385,10868,3.5,3.2,3.9,6415,59,58.1,59.9
2023-11-30,"ICB","QWE","E54000031","NHS SOUTH WEST LONDON INTEGRATED CARE BOARD",10232,14151.4,72.3,64.9,78.5,224326,4.6,4.5,4.6,385,3026,12.7,11.6,14,502,10588,4.7,4.4,5.2,6268,59.2,58.3,60.1
2023-11-30,"SUB_ICB_LOC","97R","E38000235","NHS SUSSEX ICB - 97R",6334,10063.8,62.9,56.6,68.4,147507,4.3,4.2,4.4,506,3140,16.1,14.9,17.4,330,6491,5.1,4.6,5.6,4095,63.1,61.9,64.3
2023-11-30,"SUB_ICB_LOC","70F","E38000265","NHS SUSSEX ICB - 70F",9430,14747.6,63.9,57.6,69.5,212947,4.4,4.3,4.5,245,3421,7.2,6.3,8.1,544,9638,5.6,5.2,6.1,5855,60.7,59.8,61.7
2023-11-30,"ICB","QKS","E54000032","NHS KENT AND MEDWAY INTEGRATED CARE BOARD",15022,25198.5,59.6,53.7,64.7,388964,3.9,3.8,3.9,552,4008,13.8,12.7,14.9,656,15537,4.2,3.9,4.5,9603,61.8,61,62.6
2023-11-30,"ICB","QNQ","E54000034","NHS FRIMLEY INTEGRATED CARE BOARD",5898,8744.2,67.5,60.6,73.3,133495,4.4,4.3,4.5,326,1838,17.7,16.1,19.5,256,6036,4.2,3.8,4.8,3465,57.4,56.2,58.6
2023-11-30,"ICB","QT6","E54000036","NHS CORNWALL AND THE ISLES OF SCILLY INTEGRATED CARE BOARD",5696,9608.6,59.3,53.2,64.4,150608,3.8,3.7,3.9,317,1797,17.6,15.9,19.5,430,5818,7.4,6.7,8.1,3035,52.2,50.9,53.4
2023-11-30,"ICB","QSL","E54000038","NHS SOMERSET INTEGRATED CARE BOARD",5469,9811.3,55.7,50.1,60.6,148846,3.7,3.6,3.8,118,773,15.3,12.9,18,219,5618,3.9,3.4,4.4,3301,58.8,57.5,60
2023-11-30,"ICB","QUY","E54000039","NHS BRISTOL, NORTH SOMERSET AND SOUTH GLOUCESTERSHIRE INTEGRATED CARE BOARD",8068,11752.8,68.6,61.8,74.6,177056,4.6,4.5,4.7,113,1255,9,7.5,10.7,328,8313,3.9,3.5,4.4,5021,60.4,59.3,61.4
2023-11-30,"ICB","QOX","E54000040","NHS BATH AND NORTH EAST SOMERSET, SWINDON AND WILTSHIRE INTEGRATED CARE BOARD",7897,13420.5,58.8,52.9,63.9,204853,3.9,3.8,3.9,363,4150,8.7,7.9,9.6,527,8099,6.5,6,7.1,4923,60.8,59.7,61.8
2023-11-30,"ICB","QVV","E54000041","NHS DORSET INTEGRATED CARE BOARD",8026,14274.6,56.2,50.6,61.1,207031,3.9,3.8,4,236,5231,4.5,4,5.1,719,8252,8.7,8.1,9.3,5017,60.8,59.7,61.8
2023-11-30,"ICB","QRL","E54000042","NHS HAMPSHIRE AND ISLE OF WIGHT INTEGRATED CARE BOARD",16692,26958.5,61.9,55.8,67.1,404765,4.1,4.1,4.2,449,6195,7.2,6.6,7.9,1111,17133,6.5,6.1,6.9,9508,55.5,54.7,56.2
2023-11-30,"ICB","QR1","E54000043","NHS GLOUCESTERSHIRE INTEGRATED CARE BOARD",6242,9758.4,64,57.5,69.6,148727,4.2,4.1,4.3,303,3298,9.2,8.2,10.2,566,6420,8.8,8.1,9.5,3822,59.5,58.3,60.7
2023-11-30,"ICB","QU9","E54000044","NHS BUCKINGHAMSHIRE, OXFORDSHIRE AND BERKSHIRE WEST INTEGRATED CARE BOARD",14128,22801.2,62,55.8,67.3,344280,4.1,4,4.2,615,3450,17.8,16.6,19.1,709,14452,4.9,4.6,5.3,8075,55.9,55.1,56.7
2023-11-30,"ICB","QE1","E54000048","NHS LANCASHIRE AND SOUTH CUMBRIA INTEGRATED CARE BOARD",16139,23307,69.2,62.3,75.1,370072,4.4,4.3,4.4,698,7106,9.8,9.2,10.5,566,16696,3.4,3.1,3.7,10167,60.9,60.2,61.6
2023-11-30,"ICB","QHM","E54000050","NHS NORTH EAST AND NORTH CUMBRIA INTEGRATED CARE BOARD",27664,40253.2,68.7,61.8,74.5,651157,4.2,4.2,4.3,1877,12985,14.5,13.9,15.1,1514,28685,5.3,5,5.5,17568,61.2,60.7,61.8
2023-11-30,"ICB","QOQ","E54000051","NHS HUMBER AND NORTH YORKSHIRE INTEGRATED CARE BOARD",15112,25529.1,59.2,53.3,64.2,399707,3.8,3.7,3.8,1406,9313,15.1,14.4,15.8,976,15659,6.2,5.9,6.6,9608,61.4,60.6,62.1
2023-11-30,"ICB","QWO","E54000054","NHS WEST YORKSHIRE INTEGRATED CARE BOARD",18889,27287.1,69.2,62.3,75.1,435199,4.3,4.3,4.4,2092,11747,17.8,17.1,18.5,1784,19612,9.1,8.7,9.5,12856,65.6,64.9,66.2
2023-11-30,"ICB","QHL","E54000055","NHS BIRMINGHAM AND SOLIHULL INTEGRATED CARE BOARD",8715,14349.1,60.7,54.6,66,219643,4,3.9,4.1,426,3910,10.9,10,11.9,637,9065,7,6.5,7.6,5755,63.5,62.5,64.5
2023-11-30,"ICB","QUE","E54000056","NHS CAMBRIDGESHIRE AND PETERBOROUGH INTEGRATED CARE BOARD",6354,11000.2,57.8,51.9,62.8,170245,3.7,3.6,3.8,327,2433,13.4,12.1,14.9,588,6596,8.9,8.3,9.6,3757,57,55.8,58.1
2023-11-30,"ICB","QOP","E54000057","NHS GREATER MANCHESTER INTEGRATED CARE BOARD",21850,29956.6,72.9,65.6,79.2,489175,4.5,4.4,4.5,1192,12436,9.6,9.1,10.1,908,22690,4,3.8,4.3,14311,63.1,62.4,63.7
2023-11-30,"ICB","QJ2","E54000058","NHS DERBY AND DERBYSHIRE INTEGRATED CARE BOARD",10009,14634.1,68.4,61.5,74.3,231672,4.3,4.2,4.4,929,2795,33.2,31.5,35,968,10618,9.1,8.6,9.7,6252,58.9,57.9,59.8
2023-11-30,"ICB","QPM","E54000059","NHS NORTHAMPTONSHIRE INTEGRATED CARE BOARD",5703,8830.4,64.6,58,70.2,142487,4,3.9,4.1,248,3421,7.2,6.4,8.2,554,5889,9.4,8.7,10.2,3306,56.1,54.9,57.4
2023-11-30,"ICB","QT1","E54000060","NHS NOTTINGHAM AND NOTTINGHAMSHIRE INTEGRATED CARE BOARD",10184,14393,70.8,63.6,76.8,225443,4.5,4.4,4.6,336,3972,8.5,7.6,9.4,992,10699,9.3,8.7,9.8,6639,62.1,61.1,63
2023-11-30,"ICB","QF7","E54000061","NHS SOUTH YORKSHIRE INTEGRATED CARE BOARD",12127,16149.7,75.1,67.5,81.5,257349,4.7,4.6,4.8,837,6390,13.1,12.3,13.9,785,12654,6.2,5.8,6.6,7594,60,59.2,60.9
2023-11-30,"ICB","QUA","E54000062","NHS BLACK COUNTRY INTEGRATED CARE BOARD",9278,14366.2,64.6,58.1,70.1,220144,4.2,4.1,4.3,438,6382,6.9,6.3,7.5,660,9660,6.8,6.3,7.4,4550,47.1,46.1,48.1
2023-11-30,"ICB","QXU","E54000063","NHS SURREY HEARTLANDS ICB",9920,14833.3,66.9,60.3,72.6,212119,4.7,4.6,4.8,202,1834,11,9.7,12.5,446,10111,4.4,4,4.8,6004,59.4,58.4,60.3
2023-11-30,"NHS_REGION","Y59","E40000005","SOUTH EAST",79347,126179.6,62.9,56.7,68.1,1888362,4.2,4.2,4.2,2996,24498,12.2,11.8,12.6,4150,81379,5.1,5,5.3,47802,58.7,58.4,59.1
2023-11-30,"NHS_REGION","Y58","E40000006","SOUTH WEST",53218,89011.6,59.8,53.9,64.8,1344758,4,3.9,4,2208,20738,10.6,10.2,11.1,3778,54632,6.9,6.7,7.1,32227,59,58.6,59.4
2023-11-30,"NHS_REGION","Y61","E40000007","EAST OF ENGLAND",56369,89895.7,62.7,56.5,68,1367019,4.1,4.1,4.2,3866,21752,17.8,17.3,18.3,5325,58216,9.1,8.9,9.4,35132,60.3,59.9,60.7
2023-11-30,"NHS_REGION","Y62","E40000010","NORTH WEST",60707,87237.3,69.6,62.6,75.5,1398782,4.3,4.3,4.4,3370,29692,11.3,11,11.7,2786,62845,4.4,4.3,4.6,39310,62.6,62.2,62.9
2023-11-30,"NHS_REGION","Y63","E40000012","NORTH EAST AND YORKSHIRE",73792,109219.1,67.6,60.9,73.2,1743412,4.2,4.2,4.3,6212,40435,15.4,15,15.7,5059,76610,6.6,6.4,6.8,47626,62.2,61.8,62.5
2023-11-30,"SUB_ICB_LOC","02P","E38000006","NHS SOUTH YORKSHIRE ICB - 02P",2244,3069.7,73.1,65.2,79.9,50796,4.4,4.2,4.6,110,614,17.9,15.1,21.1,72,2331,3.1,2.5,3.9,1465,62.8,60.9,64.8
2023-11-30,"SUB_ICB_LOC","99E","E38000007","NHS MID AND SOUTH ESSEX ICB - 99E",1955,3452.8,56.6,50.5,61.9,51736,3.8,3.6,3.9,161,1093,14.7,12.8,17,195,2040,9.6,8.4,10.9,1278,62.6,60.5,64.7
2023-11-30,"SUB_ICB_LOC","02Q","E38000008","NHS NOTTINGHAM AND NOTTINGHAMSHIRE ICB - 02Q",1253,1713.7,73.1,64.8,80.5,27337,4.6,4.3,4.8,87,509,17.1,14.1,20.6,123,1306,9.4,8,11.1,843,64.5,61.9,67.1
2023-11-30,"SUB_ICB_LOC","00Q","E38000014","NHS LANCASHIRE AND SOUTH CUMBRIA ICB - 00Q",1080,1599.4,67.5,59.6,74.4,26875,4,3.8,4.3,49,789,6.2,4.7,8.1,31,1125,2.8,1.9,3.9,689,61.2,58.4,64
2023-11-30,"SUB_ICB_LOC","00R","E38000015","NHS LANCASHIRE AND SOUTH CUMBRIA ICB - 00R",1501,2175.8,69,61.3,75.7,34646,4.3,4.1,4.6,55,542,10.1,7.9,13,73,1571,4.6,3.7,5.8,781,49.7,47.2,52.2
2023-11-30,"SUB_ICB_LOC","00T","E38000016","NHS GREATER MANCHESTER ICB - 00T",2336,3271.5,71.4,63.7,78.1,53826,4.3,4.2,4.5,149,2243,6.6,5.7,7.7,132,2428,5.4,4.6,6.4,1610,66.3,64.4,68.2
2023-11-30,"SUB_ICB_LOC","00V","E38000024","NHS GREATER MANCHESTER ICB - 00V",1823,2376.5,76.7,68.3,84,37822,4.8,4.6,5,11,225,4.9,2.8,8.5,99,1875,5.3,4.4,6.4,1248,66.6,64.4,68.7
2023-11-30,"SUB_ICB_LOC","02T","E38000025","NHS WEST YORKSHIRE ICB - 02T",1681,2583.1,65.1,57.8,71.4,42479,4,3.8,4.1,126,1376,9.2,7.7,10.8,126,1752,7.2,6.1,8.5,1043,59.5,57.2,61.8
2023-11-30,"SUB_ICB_LOC","04Y","E38000028","NHS STAFFORDSHIRE AND STOKE-ON-TRENT ICB - 04Y",1357,1808.8,75,66.6,82.5,28780,4.7,4.5,5,143,452,31.6,27.5,36.1,54,1395,3.9,3,5,788,56.5,53.9,59.1
2023-11-30,"SUB_ICB_LOC","99F","E38000030","NHS MID AND SOUTH ESSEX ICB - 99F",2038,3002.8,67.9,60.6,74.3,44342,4.6,4.4,4.8,145,526,27.6,23.9,31.5,156,2087,7.5,6.4,8.7,1444,69.2,67.2,71.1
2023-11-30,"SUB_ICB_LOC","00X","E38000034","NHS LANCASHIRE AND SOUTH CUMBRIA ICB - 00X",1649,2453.7,67.2,59.7,73.6,39765,4.1,4,4.3,37,805,4.6,3.4,6.3,72,1698,4.2,3.4,5.3,1133,66.7,64.4,68.9
2023-11-30,"SUB_ICB_LOC","02X","E38000044","NHS SOUTH YORKSHIRE ICB - 02X",2734,3724.8,73.4,65.5,80.1,60492,4.5,4.4,4.7,190,2597,7.3,6.4,8.4,177,2874,6.2,5.3,7.1,1534,53.4,51.5,55.2
2023-11-30,"SUB_ICB_LOC","11J","E38000045","NHS DORSET ICB - 11J",8026,14274.6,56.2,50.6,61.1,207031,3.9,3.8,4,236,5231,4.5,4,5.1,719,8252,8.7,8.1,9.3,5017,60.8,59.7,61.8
2023-11-30,"SUB_ICB_LOC","06K","E38000049","NHS HERTFORDSHIRE AND WEST ESSEX ICB - 06K",4673,7329.1,63.8,57.3,69.4,108308,4.3,4.2,4.4,148,2200,6.7,5.8,7.9,380,4802,7.9,7.2,8.7,2911,60.6,59.2,62
2023-11-30,"SUB_ICB_LOC","01A","E38000050","NHS LANCASHIRE AND SOUTH CUMBRIA ICB - 01A",3026,4397.7,68.8,61.4,75.1,72551,4.2,4,4.3,181,2421,7.5,6.5,8.6,93,3135,3,2.4,3.6,2060,65.7,64,67.4
2023-11-30,"SUB_ICB_LOC","03W","E38000051","NHS LEICESTER, LEICESTERSHIRE AND RUTLAND ICB - 03W",3272,5340.8,61.3,55,66.7,80807,4,3.9,4.2,64,1433,4.5,3.5,5.7,264,3362,7.9,7,8.8,2039,60.6,59,62.3
2023-11-30,"SUB_ICB_LOC","02Y","E38000052","NHS HUMBER AND NORTH YORKSHIRE ICB - 02Y",3253,5455.3,59.6,53.4,65.1,84493,3.9,3.7,4,317,1832,17.3,15.6,19.1,164,3338,4.9,4.2,5.7,1872,56.1,54.4,57.8
2023-11-30,"SUB_ICB_LOC","05D","E38000053","NHS STAFFORDSHIRE AND STOKE-ON-TRENT ICB - 05D",1166,1903.1,61.3,54.3,67.4,29581,3.9,3.7,4.2,84,596,14.1,11.5,17.1,28,1213,2.3,1.6,3.3,718,59.2,56.4,61.9
2023-11-30,"SUB_ICB_LOC","11M","E38000062","NHS GLOUCESTERSHIRE ICB - 11M",6242,9758.4,64,57.5,69.6,148727,4.2,4.1,4.3,303,3298,9.2,8.2,10.2,566,6420,8.8,8.1,9.5,3822,59.5,58.3,60.7
2023-11-30,"SUB_ICB_LOC","01F","E38000068","NHS CHESHIRE AND MERSEYSIDE ICB - 01F",950,1422.6,66.8,58.7,73.9,25179,3.8,3.5,4,95,464,20.5,17.1,24.4,65,996,6.5,5.2,8.2,626,62.9,59.8,65.8
2023-11-30,"SUB_ICB_LOC","06N","E38000079","NHS HERTFORDSHIRE AND WEST ESSEX ICB - 06N",4594,7403.3,62.1,55.7,67.5,109757,4.2,4.1,4.3,334,1020,32.7,29.9,35.7,233,4729,4.9,4.3,5.6,2785,58.9,57.5,60.3
2023-11-30,"SUB_ICB_LOC","01D","E38000080","NHS GREATER MANCHESTER ICB - 01D",1748,2332.4,74.9,66.5,82.2,39756,4.4,4.2,4.6,102,959,10.6,8.8,12.7,80,1845,4.3,3.5,5.4,1141,61.8,59.6,64
2023-11-30,"SUB_ICB_LOC","03F","E38000085","NHS HUMBER AND NORTH YORKSHIRE ICB - 03F",1977,2863.6,69,61.3,75.6,48597,4.1,3.9,4.2,182,1274,14.3,12.5,16.3,217,2076,10.5,9.2,11.8,1225,59,56.9,61.1
2023-11-30,"SUB_ICB_LOC","06L","E38000086","NHS SUFFOLK AND NORTH EAST ESSEX ICB - 06L",3650,6279.5,58.1,52.1,63.4,94650,3.9,3.7,4,722,1667,43.3,41,45.7,330,3740,8.8,8,9.8,2435,65.1,63.6,66.6
2023-11-30,"SUB_ICB_LOC","11N","E38000089","NHS CORNWALL AND THE ISLES OF SCILLY ICB - 11N",5696,9608.6,59.3,53.2,64.4,150608,3.8,3.7,3.9,317,1797,17.6,15.9,19.5,430,5818,7.4,6.7,8.1,3035,52.2,50.9,53.4
2023-11-30,"SUB_ICB_LOC","01J","E38000091","NHS CHESHIRE AND MERSEYSIDE ICB - 01J",993,1663.2,59.7,52.5,65.9,28921,3.4,3.2,3.6,178,728,24.5,21.5,27.7,72,1044,6.9,5.5,8.6,509,48.8,45.7,51.8
2023-11-30,"SUB_ICB_LOC","04C","E38000097","NHS LEICESTER, LEICESTERSHIRE AND RUTLAND ICB - 04C",2267,2996.8,75.6,67.3,82.8,51088,4.4,4.3,4.6,26,2079,1.3,0.9,1.8,290,2451,11.8,10.6,13.2,1484,60.5,58.6,62.5
2023-11-30,"SUB_ICB_LOC","99A","E38000101","NHS CHESHIRE AND MERSEYSIDE ICB - 99A",3157,4971.7,63.5,56.6,69.3,84774,3.7,3.6,3.9,192,1766,10.9,9.5,12.4,254,3288,7.7,6.9,8.7,2110,64.2,62.5,65.8
2023-11-30,"SUB_ICB_LOC","06Q","E38000106","NHS MID AND SOUTH ESSEX ICB - 06Q",3293,5550.2,59.3,53.2,64.7,85085,3.9,3.7,4,177,1215,14.6,12.7,16.7,365,3386,10.8,9.8,11.9,1965,58,56.4,59.7
2023-11-30,"SUB_ICB_LOC","06T","E38000117","NHS SUFFOLK AND NORTH EAST ESSEX ICB - 06T",3692,5530.8,66.8,59.8,72.7,83243,4.4,4.3,4.6,196,1386,14.1,12.4,16.1,410,3851,10.6,9.7,11.7,2477,64.3,62.8,65.8
2023-11-30,"SUB_ICB_LOC","03H","E38000119","NHS HUMBER AND NORTH YORKSHIRE ICB - 03H",1418,2279.9,62.2,55.3,68.3,35898,4,3.8,4.2,193,794,24.3,21.5,27.4,113,1497,7.5,6.3,9,974,65.1,62.6,67.4
2023-11-30,"SUB_ICB_LOC","03K","E38000122","NHS HUMBER AND NORTH YORKSHIRE ICB - 03K",1395,2512.9,55.5,49.3,61,40243,3.5,3.3,3.6,191,1440,13.3,11.6,15.1,113,1505,7.5,6.3,9,676,44.9,42.4,47.4
2023-11-30,"SUB_ICB_LOC","05G","E38000126","NHS STAFFORDSHIRE AND STOKE-ON-TRENT ICB - 05G",2503,3452.5,72.5,64.9,79.1,53207,4.7,4.5,4.9,99,1633,6.1,5,7.3,197,2550,7.7,6.8,8.8,1517,59.5,57.6,61.4
2023-11-30,"SUB_ICB_LOC","99C","E38000127","NHS NORTH EAST AND NORTH CUMBRIA ICB - 99C",2083,2933.2,71,63.3,77.7,47120,4.4,4.2,4.6,44,1307,3.4,2.5,4.5,109,2149,5.1,4.2,6.1,1347,62.7,60.6,64.7
2023-11-30,"SUB_ICB_LOC","00L","E38000130","NHS NORTH EAST AND NORTH CUMBRIA ICB - 00L",3479,5400.9,64.4,57.6,70.3,87783,4,3.8,4.1,191,1827,10.5,9.1,11.9,185,3577,5.2,4.5,5.9,2229,62.3,60.7,63.9
2023-11-30,"SUB_ICB_LOC","00Y","E38000135","NHS GREATER MANCHESTER ICB - 00Y",1865,2510.5,74.3,66.1,81.4,41077,4.5,4.3,4.7,146,1999,7.3,6.2,8.5,64,1945,3.3,2.6,4.2,1233,63.4,61.2,65.5
2023-11-30,"SUB_ICB_LOC","10Q","E38000136","NHS BUCKINGHAMSHIRE, OXFORDSHIRE AND BERKSHIRE WEST ICB - 10Q",5947,9401.5,63.3,56.9,68.8,140868,4.2,4.1,4.3,180,1117,16.1,14.1,18.4,277,6082,4.6,4.1,5.1,3362,55.3,54,56.5
2023-11-30,"SUB_ICB_LOC","M1J4Y","E38000249","NHS BEDFORDSHIRE, LUTON AND MILTON KEYNES ICB - M1J4Y",6971,10251.6,68,61,73.9,165682,4.2,4.1,4.3,512,3634,14.1,13,15.3,700,7273,9.6,9,10.3,4427,60.9,59.7,62
2023-11-30,"SUB_ICB_LOC","B2M3M","E38000251","NHS COVENTRY AND WARWICKSHIRE ICB - B2M3M",7049,12281.6,57.4,51.6,62.4,187607,3.8,3.7,3.8,351,3192,11,10,12.1,502,7295,6.9,6.3,7.5,4300,58.9,57.8,60.1
2023-11-30,"SUB_ICB_LOC","D4U1Y","E38000252","NHS FRIMLEY ICB - D4U1Y",5898,8744.2,67.5,60.6,73.3,133495,4.4,4.3,4.5,326,1838,17.7,16.1,19.5,256,6036,4.2,3.8,4.8,3465,57.4,56.2,58.6
2023-11-30,"SUB_ICB_LOC","D9Y0V","E38000253","NHS HAMPSHIRE AND ISLE OF WIGHT ICB - D9Y0V",15229,24767.2,61.5,55.4,66.7,370333,4.1,4,4.2,421,5229,8.1,7.3,8.8,956,15623,6.1,5.8,6.5,8788,56.3,55.5,57
2023-11-30,"SUB_ICB_LOC","X2C4Y","E38000254","NHS WEST YORKSHIRE ICB - X2C4Y",3180,4911.6,64.7,57.9,70.6,78815,4,3.9,4.2,294,2871,10.2,9.2,11.4,280,3331,8.4,7.5,9.4,2123,63.7,62.1,65.4
2023-11-30,"SUB_ICB_LOC","A3A8R","E38000255","NHS NORTH EAST LONDON ICB - A3A8R",8120,13346.8,60.8,54.5,66.2,224808,3.6,3.5,3.7,498,6140,8.1,7.5,8.8,408,8505,4.8,4.4,5.3,5446,64,63,65
2023-11-30,"SUB_ICB_LOC","W2U3Z","E38000256","NHS NORTH WEST LONDON ICB - W2U3Z",12218,19078.5,64,57.4,69.5,314911,3.9,3.8,3.9,911,7949,11.5,10.8,12.2,729,12781,5.7,5.3,6.1,7999,62.6,61.7,63.4
2023-11-30,"SUB_ICB_LOC","M2L0M","E38000257","NHS SHROPSHIRE, TELFORD AND WREKIN ICB - M2L0M",4702,7726.7,60.9,54.6,66.2,120067,3.9,3.8,4,135,999,13.5,11.5,15.8,172,4836,3.6,3.1,4.1,2750,56.9,55.5,58.3
2023-11-30,"SUB_ICB_LOC","15E","E38000258","NHS BIRMINGHAM AND SOLIHULL ICB - 15E",8715,14349.1,60.7,54.6,66,219643,4,3.9,4.1,426,3910,10.9,10,11.9,637,9065,7,6.5,7.6,5755,63.5,62.5,64.5
2023-11-30,"SUB_ICB_LOC","D2P2L","E38000259","NHS BLACK COUNTRY ICB - D2P2L",9278,14366.2,64.6,58.1,70.1,220144,4.2,4.1,4.3,438,6382,6.9,6.3,7.5,660,9660,6.8,6.3,7.4,4550,47.1,46.1,48.1
2023-11-30,"SUB_ICB_LOC","06H","E38000260","NHS CAMBRIDGESHIRE AND PETERBOROUGH ICB - 06H",6354,11000.2,57.8,51.9,62.8,170245,3.7,3.6,3.8,327,2433,13.4,12.1,14.9,588,6596,8.9,8.3,9.6,3757,57,55.8,58.1
2023-11-30,"SUB_ICB_LOC","15M","E38000261","NHS DERBY AND DERBYSHIRE ICB - 15M",10009,14634.1,68.4,61.5,74.3,231672,4.3,4.2,4.4,929,2795,33.2,31.5,35,968,10618,9.1,8.6,9.7,6252,58.9,57.9,59.8
2023-11-30,"SUB_ICB_LOC","78H","E38000262","NHS NORTHAMPTONSHIRE ICB - 78H",5703,8830.4,64.6,58,70.2,142487,4,3.9,4.1,248,3421,7.2,6.4,8.2,554,5889,9.4,8.7,10.2,3306,56.1,54.9,57.4
2023-11-30,"SUB_ICB_LOC","01Y","E38000263","NHS GREATER MANCHESTER ICB - 01Y",1694,2329.6,72.7,64.6,79.7,38819,4.4,4.2,4.6,135,500,27,23.3,31.1,81,1768,4.6,3.7,5.7,1080,61.1,58.8,63.3
2023-11-30,"SUB_ICB_LOC","92A","E38000264","NHS SURREY HEARTLANDS ICB - 92A",9920,14833.3,66.9,60.3,72.6,212119,4.7,4.6,4.8,202,1834,11,9.7,12.5,446,10111,4.4,4,4.8,6004,59.4,58.4,60.3
2023-12-31,"SUB_ICB_LOC","05Q","E38000153","NHS STAFFORDSHIRE AND STOKE-ON-TRENT ICB - 05Q",2099,3126.9,67.1,59.9,73.4,48834,4.3,4.1,4.5,183,695,26.3,23.2,29.7,120,2164,5.5,4.7,6.6,1379,63.7,61.7,65.7
2023-12-31,"SUB_ICB_LOC","99A","E38000101","NHS CHESHIRE AND MERSEYSIDE ICB - 99A",3160,4978.2,63.5,56.6,69.3,84947,3.7,3.6,3.8,210,1930,10.9,9.6,12.3,431,3289,13.1,12,14.3,2152,65.4,63.8,67
2023-12-31,"SUB_ICB_LOC","06Q","E38000106","NHS MID AND SOUTH ESSEX ICB - 06Q",3310,5555.6,59.6,53.4,65,85156,3.9,3.8,4,185,1288,14.4,12.6,16.4,362,3401,10.6,9.7,11.7,2100,61.7,60.1,63.4
2023-12-31,"SUB_ICB_LOC","06T","E38000117","NHS SUFFOLK AND NORTH EAST ESSEX ICB - 06T",3707,5540.7,66.9,60,72.9,83335,4.4,4.3,4.6,208,1490,14,12.3,15.8,586,3864,15.2,14.1,16.3,2655,68.7,67.2,70.2
2023-12-31,"SUB_ICB_LOC","03H","E38000119","NHS HUMBER AND NORTH YORKSHIRE ICB - 03H",1417,2280.2,62.1,55.2,68.2,35946,3.9,3.7,4.1,222,866,25.6,22.8,28.6,125,1496,8.4,7.1,9.9,968,64.7,62.2,67.1
2023-12-31,"SUB_ICB_LOC","03K","E38000122","NHS HUMBER AND NORTH YORKSHIRE ICB - 03K",1393,2511.9,55.5,49.2,60.9,40234,3.5,3.3,3.6,207,1537,13.5,11.9,15.3,114,1504,7.6,6.3,9,755,50.2,47.7,52.7
2023-12-31,"SUB_ICB_LOC","05G","E38000126","NHS STAFFORDSHIRE AND STOKE-ON-TRENT ICB - 05G",2513,3453.7,72.8,65.1,79.5,53211,4.7,4.5,4.9,108,1803,6,5,7.2,288,2561,11.2,10.1,12.5,1536,60,58.1,61.9
2023-12-31,"SUB_ICB_LOC","99C","E38000127","NHS NORTH EAST AND NORTH CUMBRIA ICB - 99C",2060,2934,70.2,62.5,76.9,47167,4.4,4.2,4.6,51,1428,3.6,2.7,4.7,163,2123,7.7,6.6,8.9,1322,62.3,60.2,64.3
2023-12-31,"SUB_ICB_LOC","00L","E38000130","NHS NORTH EAST AND NORTH CUMBRIA ICB - 00L",3487,5411.3,64.4,57.6,70.3,87951,4,3.8,4.1,214,1994,10.7,9.4,12.2,200,3585,5.6,4.9,6.4,2283,63.7,62.1,65.2
2023-12-31,"SUB_ICB_LOC","00Y","E38000135","NHS GREATER MANCHESTER ICB - 00Y",1859,2514,73.9,65.8,81,41131,4.5,4.3,4.7,154,2141,7.2,6.2,8.4,150,1939,7.7,6.6,9,1274,65.7,63.6,67.8
2023-12-31,"SUB_ICB_LOC","10Q","E38000136","NHS BUCKINGHAMSHIRE, OXFORDSHIRE AND BERKSHIRE WEST ICB - 10Q",5923,9409.5,62.9,56.6,68.5,141051,4.2,4.1,4.3,193,1220,15.8,13.9,18,517,6055,8.5,7.9,9.3,3413,56.4,55.1,57.6
2023-12-31,"SUB_ICB_LOC","10R","E38000137","NHS HAMPSHIRE AND ISLE OF WIGHT ICB - 10R",1474,2194.3,67.2,59.7,73.8,34459,4.3,4.1,4.5,29,1026,2.8,2,4,145,1522,9.5,8.2,11.1,734,48.2,45.7,50.7
2023-12-31,"SUB_ICB_LOC","03L","E38000141","NHS SOUTH YORKSHIRE ICB - 03L",2682,3206.9,83.6,74.7,91.4,51700,5.2,5,5.4,329,1659,19.8,18,21.8,190,2797,6.8,5.9,7.8,1884,67.4,65.6,69.1
2023-12-31,"SUB_ICB_LOC","01G","E38000143","NHS GREATER MANCHESTER ICB - 01G",1941,2371.2,81.9,72.8,89.6,39217,4.9,4.7,5.2,171,694,24.6,21.6,28,141,2012,7,6,8.2,1322,65.7,63.6,67.7
2023-12-31,"SUB_ICB_LOC","03N","E38000146","NHS SOUTH YORKSHIRE ICB - 03N",4467,6163.4,72.5,65,78.9,94590,4.7,4.6,4.9,271,1802,15,13.5,16.8,455,4651,9.8,9,10.7,2745,59,57.6,60.4
2023-12-31,"SUB_ICB_LOC","11X","E38000150","NHS SOMERSET ICB - 11X",5426,9808.2,55.3,49.7,60.2,148970,3.6,3.5,3.7,130,838,15.5,13.2,18.1,453,5571,8.1,7.4,8.9,3425,61.5,60.2,62.7
2023-12-31,"SUB_ICB_LOC","11J","E38000045","NHS DORSET ICB - 11J",8068,14279.9,56.5,50.9,61.4,207273,3.9,3.8,4,277,5641,4.9,4.4,5.5,706,8288,8.5,7.9,9.1,5285,63.8,62.7,64.8
2023-12-31,"SUB_ICB_LOC","06K","E38000049","NHS HERTFORDSHIRE AND WEST ESSEX ICB - 06K",4674,7338,63.7,57.2,69.3,108432,4.3,4.2,4.4,174,2361,7.4,6.4,8.5,382,4805,8,7.2,8.7,2964,61.7,60.3,63.1
2023-12-31,"SUB_ICB_LOC","01A","E38000050","NHS LANCASHIRE AND SOUTH CUMBRIA ICB - 01A",2984,4404.9,67.7,60.5,74,72706,4.1,4,4.3,203,2605,7.8,6.8,8.9,228,3091,7.4,6.5,8.4,2044,66.1,64.4,67.8
2023-12-31,"SUB_ICB_LOC","03W","E38000051","NHS LEICESTER, LEICESTERSHIRE AND RUTLAND ICB - 03W",3280,5349.3,61.3,55,66.8,80901,4.1,3.9,4.2,74,1556,4.8,3.8,5.9,313,3373,9.3,8.3,10.3,2100,62.3,60.6,63.9
2023-12-31,"SUB_ICB_LOC","02Y","E38000052","NHS HUMBER AND NORTH YORKSHIRE ICB - 02Y",3242,5456.3,59.4,53.2,64.8,84568,3.8,3.7,4,344,1975,17.4,15.8,19.2,225,3325,6.8,6,7.7,1929,58,56.3,59.7
2023-12-31,"SUB_ICB_LOC","05D","E38000053","NHS STAFFORDSHIRE AND STOKE-ON-TRENT ICB - 05D",1167,1911.5,61.1,54.1,67.2,29686,3.9,3.7,4.2,91,647,14.1,11.6,17,70,1211,5.8,4.6,7.2,740,61.1,58.3,63.8
2023-12-31,"SUB_ICB_LOC","11M","E38000062","NHS GLOUCESTERSHIRE ICB - 11M",6224,9773.2,63.7,57.2,69.2,148952,4.2,4.1,4.3,341,3537,9.6,8.7,10.7,610,6394,9.5,8.8,10.3,3995,62.5,61.3,63.7
2023-12-31,"SUB_ICB_LOC","01F","E38000068","NHS CHESHIRE AND MERSEYSIDE ICB - 01F",956,1424.9,67.1,58.9,74.1,25200,3.8,3.6,4,108,509,21.2,17.9,25,76,1003,7.6,6.1,9.4,633,63.1,60.1,66
2023-12-31,"SUB_ICB_LOC","06N","E38000079","NHS HERTFORDSHIRE AND WEST ESSEX ICB - 06N",4619,7412.1,62.3,56,67.8,109888,4.2,4.1,4.3,363,1114,32.6,29.9,35.4,478,4755,10.1,9.2,10.9,2874,60.4,59,61.8
2023-12-31,"SUB_ICB_LOC","01D","E38000080","NHS GREATER MANCHESTER ICB - 01D",1755,2336.3,75.1,66.6,82.4,39850,4.4,4.2,4.6,113,1039,10.9,9.1,12.9,145,1850,7.8,6.7,9.2,1161,62.8,60.5,64.9
2023-12-31,"SUB_ICB_LOC","03F","E38000085","NHS HUMBER AND NORTH YORKSHIRE ICB - 03F",1978,2872.7,68.9,61.2,75.4,48675,4.1,3.9,4.2,206,1393,14.8,13,16.7,226,2074,10.9,9.6,12.3,1216,58.6,56.5,60.7
2023-12-31,"SUB_ICB_LOC","06L","E38000086","NHS SUFFOLK AND NORTH EAST ESSEX ICB - 06L",3657,6293.4,58.1,52.2,63.3,94854,3.9,3.7,4,803,1826,44,41.7,46.3,348,3745,9.3,8.4,10.3,2504,66.9,65.3,68.4
2023-12-31,"SUB_ICB_LOC","11N","E38000089","NHS CORNWALL AND THE ISLES OF SCILLY ICB - 11N",5690,9616,59.2,53.1,64.4,150790,3.8,3.7,3.9,342,1950,17.5,15.9,19.3,524,5813,9,8.3,9.8,3118,53.6,52.4,54.9
2023-12-31,"SUB_ICB_LOC","01J","E38000091","NHS CHESHIRE AND MERSEYSIDE ICB - 01J",992,1666.3,59.5,52.3,65.8,28990,3.4,3.2,3.6,198,797,24.8,22,28,108,1042,10.4,8.7,12.4,515,49.4,46.4,52.5
2023-12-31,"SUB_ICB_LOC","04C","E38000097","NHS LEICESTER, LEICESTERSHIRE AND RUTLAND ICB - 04C",2294,3004.6,76.3,67.9,83.5,51163,4.5,4.3,4.7,26,2242,1.2,0.8,1.7,299,2472,12.1,10.9,13.4,1526,61.7,59.8,63.6
2023-12-31,"ICB","QOQ","E54000051","NHS HUMBER AND NORTH YORKSHIRE INTEGRATED CARE BOARD",15085,25556.1,59,53.1,64.1,400161,3.8,3.7,3.8,1571,10101,15.6,14.9,16.3,1063,15626,6.8,6.4,7.2,9832,62.9,62.2,63.7
2023-12-31,"NHS_REGION","Y62","E40000010","NORTH WEST",60572,87369.6,69.3,62.4,75.1,1400873,4.3,4.3,4.4,3706,32557,11.4,11,11.7,5391,62698,8.6,8.4,8.8,39943,63.7,63.3,64.1
2023-12-31,"NHS_REGION","Y63","E40000012","NORTH EAST AND YORKSHIRE",73757,109383,67.4,60.7,73.1,1746154,4.2,4.2,4.3,6917,43989,15.7,15.4,16.1,5895,76540,7.7,7.5,7.9,48437,63.3,62.9,63.6
2023-12-31,"SUB_ICB_LOC","02P","E38000006","NHS SOUTH YORKSHIRE ICB - 02P",2225,3072,72.4,64.5,79.2,50851,4.4,4.2,4.6,119,684,17.4,14.7,20.4,85,2312,3.7,3,4.5,1442,62.4,60.4,64.3
2023-12-31,"SUB_ICB_LOC","99E","E38000007","NHS MID AND SOUTH ESSEX ICB - 99E",1998,3463.3,57.7,51.5,63.1,51818,3.9,3.7,4,173,1183,14.6,12.7,16.8,203,2087,9.7,8.5,11.1,1292,61.9,59.8,64
2023-12-31,"SUB_ICB_LOC","02Q","E38000008","NHS NOTTINGHAM AND NOTTINGHAMSHIRE ICB - 02Q",1272,1717.2,74.1,65.6,81.5,27367,4.6,4.4,4.9,99,559,17.7,14.8,21.1,129,1324,9.7,8.3,11.5,883,66.7,64.1,69.2
2023-12-31,"SUB_ICB_LOC","00Q","E38000014","NHS LANCASHIRE AND SOUTH CUMBRIA ICB - 00Q",1075,1598.1,67.3,59.3,74.2,26907,4,3.8,4.2,53,876,6.1,4.7,7.8,93,1121,8.3,6.8,10.1,682,60.8,57.9,63.7
2023-12-31,"SUB_ICB_LOC","00R","E38000015","NHS LANCASHIRE AND SOUTH CUMBRIA ICB - 00R",1503,2178.2,69,61.3,75.7,34685,4.3,4.1,4.6,61,577,10.6,8.3,13.3,132,1577,8.4,7.1,9.8,820,52,49.5,54.5
2023-12-31,"SUB_ICB_LOC","00T","E38000016","NHS GREATER MANCHESTER ICB - 00T",2332,3276.6,71.2,63.4,77.8,53893,4.3,4.2,4.5,158,2433,6.5,5.6,7.5,188,2423,7.8,6.8,8.9,1609,66.4,64.5,68.3
2023-12-31,"SUB_ICB_LOC","00V","E38000024","NHS GREATER MANCHESTER ICB - 00V",1827,2386.6,76.6,68.2,83.9,37903,4.8,4.6,5,12,253,4.7,2.7,8.1,178,1880,9.5,8.2,10.9,1249,66.4,64.3,68.5
2023-12-31,"SUB_ICB_LOC","02T","E38000025","NHS WEST YORKSHIRE ICB - 02T",1693,2585.6,65.5,58.2,71.8,42507,4,3.8,4.2,141,1496,9.4,8,11,140,1765,7.9,6.8,9.3,1089,61.7,59.4,63.9
2023-12-31,"SUB_ICB_LOC","04Y","E38000028","NHS STAFFORDSHIRE AND STOKE-ON-TRENT ICB - 04Y",1369,1817.2,75.3,66.8,82.8,28831,4.7,4.5,5,161,500,32.2,28.3,36.4,151,1409,10.7,9.2,12.4,805,57.1,54.5,59.7
2023-12-31,"SUB_ICB_LOC","99F","E38000030","NHS MID AND SOUTH ESSEX ICB - 99F",2066,3008.3,68.7,61.4,75.2,44418,4.7,4.5,4.9,161,574,28,24.5,31.9,150,2115,7.1,6.1,8.3,1454,68.7,66.7,70.7
2023-12-31,"SUB_ICB_LOC","00X","E38000034","NHS LANCASHIRE AND SOUTH CUMBRIA ICB - 00X",1652,2458.5,67.2,59.7,73.7,39770,4.2,4,4.4,43,864,5,3.7,6.6,93,1700,5.5,4.5,6.7,1148,67.5,65.3,69.7
2023-12-31,"SUB_ICB_LOC","02X","E38000044","NHS SOUTH YORKSHIRE ICB - 02X",2715,3733.6,72.7,65,79.4,60632,4.5,4.3,4.6,216,2802,7.7,6.8,8.8,203,2850,7.1,6.2,8.1,1556,54.6,52.8,56.4
2023-12-31,"ICB","QMF","E54000029","NHS NORTH EAST LONDON INTEGRATED CARE BOARD",8077,13381,60.4,54,65.7,225446,3.6,3.5,3.7,558,6635,8.4,7.8,9.1,766,8460,9.1,8.5,9.7,5596,66.1,65.1,67.1
2023-12-31,"ICB","QKK","E54000030","NHS SOUTH EAST LONDON INTEGRATED CARE BOARD",10521,15119.2,69.6,62.4,75.6,243767,4.3,4.2,4.4,719,5924,12.1,11.3,13,878,10916,8,7.5,8.6,6561,60.1,59.2,61
2023-12-31,"ICB","QWE","E54000031","NHS SOUTH WEST LONDON INTEGRATED CARE BOARD",10286,14177.2,72.6,65.2,78.8,224694,4.6,4.5,4.7,430,3272,13.1,12,14.3,1002,10644,9.4,8.9,10,6556,61.6,60.7,62.5
2023-12-31,"ICB","QKS","E54000032","NHS KENT AND MEDWAY INTEGRATED CARE BOARD",14988,25225,59.4,53.5,64.6,389392,3.8,3.8,3.9,600,4387,13.7,12.7,14.7,1318,15499,8.5,8.1,9,9736,62.8,62.1,63.6
2023-12-31,"ICB","QNQ","E54000034","NHS FRIMLEY INTEGRATED CARE BOARD",5926,8769.8,67.6,60.7,73.5,133710,4.4,4.3,4.5,371,2023,18.3,16.7,20.1,510,6068,8.4,7.7,9.1,3543,58.4,57.1,59.6
2023-12-31,"ICB","QT6","E54000036","NHS CORNWALL AND THE ISLES OF SCILLY INTEGRATED CARE BOARD",5690,9616,59.2,53.1,64.4,150790,3.8,3.7,3.9,342,1950,17.5,15.9,19.3,524,5813,9,8.3,9.8,3118,53.6,52.4,54.9
2023-12-31,"ICB","QJK","E54000037","NHS DEVON INTEGRATED CARE BOARD",11782,20417.8,57.7,52,62.6,308092,3.8,3.8,3.9,842,4604,18.3,17.2,19.4,1082,12069,9,8.5,9.5,7277,60.3,59.4,61.2
2023-12-31,"ICB","QSL","E54000038","NHS SOMERSET INTEGRATED CARE BOARD",5426,9808.2,55.3,49.7,60.2,148970,3.6,3.5,3.7,130,838,15.5,13.2,18.1,453,5571,8.1,7.4,8.9,3425,61.5,60.2,62.7
2023-12-31,"ICB","QUY","E54000039","NHS BRISTOL, NORTH SOMERSET AND SOUTH GLOUCESTERSHIRE INTEGRATED CARE BOARD",8091,11768.8,68.7,61.8,74.6,177290,4.6,4.5,4.7,129,1386,9.3,7.9,11,645,8334,7.7,7.2,8.3,5139,61.7,60.6,62.7
2023-12-31,"ICB","QOX","E54000040","NHS BATH AND NORTH EAST SOMERSET, SWINDON AND WILTSHIRE INTEGRATED CARE BOARD",7892,13440.7,58.7,52.8,63.8,205136,3.8,3.8,3.9,422,4463,9.5,8.6,10.3,538,8095,6.6,6.1,7.2,5065,62.6,61.5,63.6
2023-12-31,"ICB","QVV","E54000041","NHS DORSET INTEGRATED CARE BOARD",8068,14279.9,56.5,50.9,61.4,207273,3.9,3.8,4,277,5641,4.9,4.4,5.5,706,8288,8.5,7.9,9.1,5285,63.8,62.7,64.8
2023-12-31,"ICB","QRL","E54000042","NHS HAMPSHIRE AND ISLE OF WIGHT INTEGRATED CARE BOARD",16754,26988.4,62.1,56,67.4,405336,4.1,4.1,4.2,484,6724,7.2,6.6,7.8,1859,17192,10.8,10.4,11.3,9575,55.7,55,56.4
2023-12-31,"ICB","QR1","E54000043","NHS GLOUCESTERSHIRE INTEGRATED CARE BOARD",6224,9773.2,63.7,57.2,69.2,148952,4.2,4.1,4.3,341,3537,9.6,8.7,10.7,610,6394,9.5,8.8,10.3,3995,62.5,61.3,63.7
2023-12-31,"ICB","QU9","E54000044","NHS BUCKINGHAMSHIRE, OXFORDSHIRE AND BERKSHIRE WEST INTEGRATED CARE BOARD",14149,22835.2,62,55.8,67.2,344840,4.1,4,4.2,682,3796,18,16.8,19.2,1202,14465,8.3,7.9,8.8,8196,56.7,55.9,57.5
2023-12-31,"ICB","QNX","E54000064","NHS SUSSEX ICB",17623,27671.4,63.7,57.4,69.1,405189,4.3,4.3,4.4,914,7783,11.7,11,12.5,1480,18049,8.2,7.8,8.6,11281,62.5,61.8,63.2
2023-12-31,"NHS_REGION","Y56","E40000003","LONDON",49603,74360.7,66.7,59.9,72.4,1210641,4.1,4.1,4.1,2996,27072,11.1,10.7,11.4,4401,51534,8.5,8.3,8.8,32156,62.4,62,62.8
2023-12-31,"NHS_REGION","Y60","E40000011","MIDLANDS",90790,141118.2,64.3,57.9,69.7,2198217,4.1,4.1,4.2,5199,46171,11.3,11,11.6,9314,94395,9.9,9.7,10.1,56314,59.7,59.3,60
2023-12-31,"SUB_ICB_LOC","W2U3Z","E38000256","NHS NORTH WEST LONDON ICB - W2U3Z",12181,19164.3,63.6,57,69.1,315828,3.9,3.8,3.9,1008,8789,11.5,10.8,12.2,1041,12713,8.2,7.7,8.7,8211,64.6,63.8,65.4
2023-12-31,"SUB_ICB_LOC","M2L0M","E38000257","NHS SHROPSHIRE, TELFORD AND WREKIN ICB - M2L0M",4708,7743.3,60.8,54.5,66.1,120242,3.9,3.8,4,149,1069,13.9,12,16.1,382,4840,7.9,7.2,8.7,2685,55.5,54.1,56.9
2023-12-31,"SUB_ICB_LOC","15E","E38000258","NHS BIRMINGHAM AND SOLIHULL ICB - 15E",8744,14405.8,60.7,54.6,65.9,220159,4,3.9,4.1,477,4279,11.1,10.2,12.1,994,9091,10.9,10.3,11.6,5751,63.3,62.3,64.2
2023-12-31,"SUB_ICB_LOC","D2P2L","E38000259","NHS BLACK COUNTRY ICB - D2P2L",9221,14378.8,64.1,57.7,69.6,220247,4.2,4.1,4.3,486,6960,7,6.4,7.6,1049,9606,10.9,10.3,11.6,4586,47.7,46.7,48.7
2023-12-31,"SUB_ICB_LOC","06H","E38000260","NHS CAMBRIDGESHIRE AND PETERBOROUGH ICB - 06H",6378,10921.7,58.4,52.4,63.4,168889,3.8,3.7,3.9,360,2659,13.5,12.3,14.9,615,6618,9.3,8.6,10,3903,59,57.8,60.2
2023-12-31,"SUB_ICB_LOC","15M","E38000261","NHS DERBY AND DERBYSHIRE ICB - 15M",9950,14650.3,67.9,61,73.8,231904,4.3,4.2,4.4,1026,3054,33.6,31.9,35.3,1015,10537,9.6,9.1,10.2,6361,60.4,59.4,61.3
2023-12-31,"SUB_ICB_LOC","78H","E38000262","NHS NORTHAMPTONSHIRE ICB - 78H",5689,8847.3,64.3,57.7,70,142736,4,3.9,4.1,264,3777,7,6.2,7.8,618,5868,10.5,9.8,11.3,3417,58.2,57,59.5
2023-12-31,"SUB_ICB_LOC","01Y","E38000263","NHS GREATER MANCHESTER ICB - 01Y",1696,2333.9,72.7,64.6,79.7,38876,4.4,4.2,4.6,145,533,27.2,23.6,31.1,165,1770,9.3,8.1,10.8,1072,60.6,58.3,62.8
2023-12-31,"SUB_ICB_LOC","92A","E38000264","NHS SURREY HEARTLANDS ICB - 92A",9928,14828.5,67,60.3,72.7,212119,4.7,4.6,4.8,225,1979,11.4,10,12.8,955,10122,9.4,8.9,10,6234,61.6,60.6,62.5
2023-12-31,"SUB_ICB_LOC","00N","E38000163","NHS NORTH EAST AND NORTH CUMBRIA ICB - 00N",1466,2030.5,72.2,64,79.2,32823,4.5,4.2,4.7,137,769,17.8,15.3,20.7,104,1518,6.9,5.7,8.2,899,59.2,56.7,61.7
2023-12-31,"SUB_ICB_LOC","99G","E38000168","NHS MID AND SOUTH ESSEX ICB - 99G",1999,2448.2,81.7,72.9,89.3,36393,5.5,5.3,5.7,134,479,28,24.1,32.2,170,2080,8.2,7.1,9.4,1559,75,73,76.8
2023-12-31,"SUB_ICB_LOC","01V","E38000170","NHS CHESHIRE AND MERSEYSIDE ICB - 01V",1718,2380.9,72.2,64.3,79,34181,5,4.8,5.3,259,1708,15.2,13.5,16.9,200,1763,11.3,9.9,12.9,1087,61.7,59.4,63.9
2023-12-31,"SUB_ICB_LOC","01X","E38000172","NHS CHESHIRE AND MERSEYSIDE ICB - 01X",1814,2576.9,70.4,62.7,77.2,41338,4.4,4.2,4.6,139,891,15.6,13.4,18.1,167,1886,8.9,7.7,10.2,1080,57.3,55,59.5
2023-12-31,"SUB_ICB_LOC","05V","E38000173","NHS STAFFORDSHIRE AND STOKE-ON-TRENT ICB - 05V",1412,2332.6,60.5,53.8,66.5,35852,3.9,3.7,4.1,113,506,22.3,18.9,26.2,86,1446,5.9,4.8,7.3,907,62.7,60.2,65.2
2023-12-31,"SUB_ICB_LOC","01W","E38000174","NHS GREATER MANCHESTER ICB - 01W",3048,4179.9,72.9,65.4,79.5,63018,4.8,4.7,5,92,783,11.7,9.7,14.2,202,3138,6.4,5.6,7.4,2100,66.9,65.3,68.5
2023-12-31,"SUB_ICB_LOC","05W","E38000175","NHS STAFFORDSHIRE AND STOKE-ON-TRENT ICB - 05W",2881,3207.2,89.8,80.4,98,50932,5.7,5.5,5.9,90,2313,3.9,3.2,4.8,269,2971,9.1,8.1,10.1,1884,63.4,61.7,65.1
2023-12-31,"SUB_ICB_LOC","00P","E38000176","NHS NORTH EAST AND NORTH CUMBRIA ICB - 00P",2286,3588.4,63.7,56.8,69.6,58513,3.9,3.8,4.1,175,936,18.7,16.3,21.3,255,2365,10.8,9.6,12.1,1303,55.1,53.1,57.1
2023-12-31,"SUB_ICB_LOC","07G","E38000185","NHS MID AND SOUTH ESSEX ICB - 07G",1047,1579.8,66.3,58.5,73.1,25690,4.1,3.8,4.3,79,602,13.1,10.7,16.1,117,1084,10.8,9.1,12.8,772,71.2,68.5,73.8
2023-12-31,"SUB_ICB_LOC","02A","E38000187","NHS GREATER MANCHESTER ICB - 02A",1873,2859.9,65.5,58.4,71.7,43362,4.3,4.1,4.5,141,725,19.4,16.7,22.5,103,1931,5.3,4.4,6.4,1141,59.1,56.9,61.3
2023-12-31,"SUB_ICB_LOC","03Q","E38000188","NHS HUMBER AND NORTH YORKSHIRE ICB - 03Q",2607,5054.3,51.6,46.2,56.3,77380,3.4,3.2,3.5,140,1579,8.9,7.6,10.4,125,2672,4.7,3.9,5.5,1888,70.7,68.9,72.4
2023-12-31,"SUB_ICB_LOC","03R","E38000190","NHS WEST YORKSHIRE ICB - 03R",2841,4408.8,64.4,57.5,70.4,72315,3.9,3.8,4.1,442,2398,18.4,16.9,20,324,2972,10.9,9.8,12.1,2151,72.4,70.7,74
2023-12-31,"SUB_ICB_LOC","02E","E38000194","NHS CHESHIRE AND MERSEYSIDE ICB - 02E",1966,2715.6,72.4,64.5,79.2,42981,4.6,4.4,4.8,207,1112,18.6,16.4,21,236,2023,11.7,10.3,13.1,1253,61.9,59.8,64
2023-12-31,"SUB_ICB_LOC","07H","E38000197","NHS HERTFORDSHIRE AND WEST ESSEX ICB - 07H",2877,4023.8,71.5,64,78,60061,4.8,4.6,5,73,1226,6,4.8,7.4,234,2958,7.9,7,8.9,1656,56,54.2,57.8
2023-12-31,"SUB_ICB_LOC","02G","E38000200","NHS LANCASHIRE AND SOUTH CUMBRIA ICB - 02G",1173,1662,70.6,62.4,77.7,26047,4.5,4.3,4.8,53,421,12.6,9.8,16.1,84,1206,7,5.7,8.5,663,55,52.2,57.8
2023-12-31,"SUB_ICB_LOC","04V","E38000201","NHS LEICESTER, LEICESTERSHIRE AND RUTLAND ICB - 04V",3331,5180.1,64.3,57.6,70.1,82716,4,3.9,4.2,154,1437,10.7,9.2,12.4,317,3429,9.2,8.3,10.3,1807,52.7,51,54.4
2023-12-31,"SUB_ICB_LOC","07K","E38000204","NHS SUFFOLK AND NORTH EAST ESSEX ICB - 07K",2344,4267.8,54.9,49.1,60,65037,3.6,3.5,3.8,254,755,33.6,30.4,37.1,268,2383,11.2,10,12.6,1480,62.1,60.1,64
2023-12-31,"SUB_ICB_LOC","02H","E38000205","NHS GREATER MANCHESTER ICB - 02H",2892,3991.1,72.5,64.6,79.2,66252,4.4,4.2,4.5,210,2928,7.2,6.3,8.2,151,2983,5.1,4.3,5.9,1785,59.8,58.1,61.6
2023-12-31,"SUB_ICB_LOC","12F","E38000208","NHS CHESHIRE AND MERSEYSIDE ICB - 12F",3185,4790.6,66.5,59.5,72.5,74837,4.3,4.1,4.4,105,696,15.1,12.6,17.9,442,3300,13.4,12.3,14.6,2308,69.9,68.4,71.5
2023-12-31,"SUB_ICB_LOC","13T","E38000212","NHS NORTH EAST AND NORTH CUMBRIA ICB - 13T",4044,5515.7,73.3,65.7,79.9,86676,4.7,4.5,4.8,89,2595,3.4,2.8,4.2,336,4196,8,7.2,8.9,2476,59,57.5,60.5
2023-12-31,"SUB_ICB_LOC","01H","E38000215","NHS NORTH EAST AND NORTH CUMBRIA ICB - 01H",2865,5046.9,56.8,50.8,61.9,80149,3.6,3.4,3.7,282,821,34.3,31.2,37.7,269,2973,9,8.1,10.1,1823,61.3,59.6,63.1
2023-12-31,"SUB_ICB_LOC","14L","E38000217","NHS GREATER MANCHESTER ICB - 14L",2692,3761.1,71.6,63.7,78.3,66526,4,3.9,4.2,107,2119,5,4.2,6.1,216,2821,7.7,6.7,8.7,1826,64.7,62.9,66.5
2023-12-31,"SUB_ICB_LOC","15A","E38000221","NHS BUCKINGHAMSHIRE, OXFORDSHIRE AND BERKSHIRE WEST ICB - 15A",3834,5951.1,64.4,57.7,70.2,92543,4.1,4,4.3,289,1008,28.7,26,31.5,343,3925,8.7,7.9,9.7,2257,57.5,56,59
2023-12-31,"SUB_ICB_LOC","15C","E38000222","NHS BRISTOL, NORTH SOMERSET AND SOUTH GLOUCESTERSHIRE ICB - 15C",8091,11768.8,68.7,61.8,74.6,177290,4.6,4.5,4.7,129,1386,9.3,7.9,11,645,8334,7.7,7.2,8.3,5139,61.7,60.6,62.7
2023-12-31,"SUB_ICB_LOC","14Y","E38000223","NHS BUCKINGHAMSHIRE, OXFORDSHIRE AND BERKSHIRE WEST ICB - 14Y",4392,7474.5,58.8,52.8,64,111246,3.9,3.8,4.1,200,1568,12.8,11.2,14.5,342,4485,7.6,6.9,8.4,2526,56.3,54.9,57.8
2023-12-31,"SUB_ICB_LOC","15F","E38000225","NHS WEST YORKSHIRE ICB - 15F",6301,8832.4,71.3,64.1,77.6,137836,4.6,4.5,4.7,887,3107,28.5,27,30.2,349,6484,5.4,4.9,6,4338,66.9,65.7,68
2023-12-31,"SUB_ICB_LOC","02M","E38000226","NHS LANCASHIRE AND SOUTH CUMBRIA ICB - 02M",2257,3480.2,64.9,58,70.9,52500,4.3,4.1,4.5,195,726,26.9,23.8,30.2,137,2331,5.9,5,6.9,1446,62,60,64
2023-12-31,"SUB_ICB_LOC","01E","E38000227","NHS LANCASHIRE AND SOUTH CUMBRIA ICB - 01E",1684,2323.7,72.5,64.4,79.4,36944,4.6,4.4,4.8,37,747,5,3.6,6.8,146,1740,8.4,7.2,9.8,1217,69.9,67.7,72.1
2023-12-31,"SUB_ICB_LOC","01K","E38000228","NHS LANCASHIRE AND SOUTH CUMBRIA ICB - 01K",3727,5229.1,71.3,63.9,77.6,81000,4.6,4.5,4.7,128,907,14.1,12,16.5,288,3845,7.5,6.7,8.4,2294,59.7,58.1,61.2
2023-12-31,"SUB_ICB_LOC","92G","E38000231","NHS BATH AND NORTH EAST SOMERSET, SWINDON AND WILTSHIRE ICB - 92G",7892,13440.7,58.7,52.8,63.8,205136,3.8,3.8,3.9,422,4463,9.5,8.6,10.3,538,8095,6.6,6.1,7.2,5065,62.6,61.5,63.6
2023-12-31,"SUB_ICB_LOC","36J","E38000232","NHS WEST YORKSHIRE ICB - 36J",4917,6586.8,74.6,67,81.3,104359,4.7,4.6,4.8,524,2677,19.6,18.1,21.1,725,5105,14.2,13.3,15.2,3517,68.9,67.6,70.1
2023-12-31,"SUB_ICB_LOC","27D","E38000233","NHS CHESHIRE AND MERSEYSIDE ICB - 27D",7605,11475.2,66.3,59.6,72,175858,4.3,4.2,4.4,236,2269,10.4,9.2,11.7,798,7801,10.2,9.6,10.9,5266,67.5,66.5,68.5
2023-12-31,"SUB_ICB_LOC","84H","E38000234","NHS NORTH EAST AND NORTH CUMBRIA ICB - 84H",5205,7254.8,71.7,64.2,78.2,119946,4.3,4.2,4.5,401,2109,19,17.4,20.7,357,5423,6.6,6,7.3,3438,63.4,62.1,64.7
2023-12-31,"SUB_ICB_LOC","18C","E38000236","NHS HEREFORDSHIRE AND WORCESTERSHIRE ICB - 18C",6817,12684.2,53.7,48.3,58.4,194746,3.5,3.4,3.6,190,2818,6.7,5.9,7.7,744,7006,10.6,9.9,11.4,4648,66.3,65.2,67.4
2023-12-31,"SUB_ICB_LOC","91Q","E38000237","NHS KENT AND MEDWAY ICB - 91Q",14988,25225,59.4,53.5,64.6,389392,3.8,3.8,3.9,600,4387,13.7,12.7,14.7,1318,15499,8.5,8.1,9,9736,62.8,62.1,63.6
2023-12-31,"SUB_ICB_LOC","71E","E38000238","NHS LINCOLNSHIRE ICB - 71E",8075,12309.1,65.6,58.9,71.2,192502,4.2,4.1,4.3,837,4766,17.6,16.5,18.7,737,8413,8.8,8.2,9.4,4991,59.3,58.3,60.4
2023-12-31,"SUB_ICB_LOC","26A","E38000239","NHS NORFOLK AND WAVENEY ICB - 26A",10934,17813,61.4,55.3,66.6,267346,4.1,4,4.2,736,4161,17.7,16.6,18.9,1321,11254,11.7,11.2,12.3,6356,56.5,55.6,57.4
2023-12-31,"SUB_ICB_LOC","93C","E38000240","NHS NORTH CENTRAL LONDON ICB - 93C",8538,12518.9,68.2,61.2,74.1,200906,4.2,4.2,4.3,281,2452,11.5,10.3,12.8,714,8801,8.1,7.6,8.7,5232,59.4,58.4,60.5
2023-12-31,"SUB_ICB_LOC","42D","E38000241","NHS HUMBER AND NORTH YORKSHIRE ICB - 42D",4448,7380.7,60.3,54.1,65.6,113358,3.9,3.8,4,452,2751,16.4,15.1,17.9,248,4555,5.4,4.8,6.1,3076,67.5,66.2,68.9
2023-12-31,"SUB_ICB_LOC","52R","E38000243","NHS NOTTINGHAM AND NOTTINGHAMSHIRE ICB - 52R",8917,12697.6,70.2,63.1,76.3,198377,4.5,4.4,4.6,276,3754,7.4,6.6,8.2,901,9375,9.6,9,10.2,5960,63.6,62.6,64.5
2023-12-31,"SUB_ICB_LOC","72Q","E38000244","NHS SOUTH EAST LONDON ICB - 72Q",10521,15119.2,69.6,62.4,75.6,243767,4.3,4.2,4.4,719,5924,12.1,11.3,13,878,10916,8,7.5,8.6,6561,60.1,59.2,61
2023-12-31,"SUB_ICB_LOC","36L","E38000245","NHS SOUTH WEST LONDON ICB - 36L",10286,14177.2,72.6,65.2,78.8,224694,4.6,4.5,4.7,430,3272,13.1,12,14.3,1002,10644,9.4,8.9,10,6556,61.6,60.7,62.5
2023-12-31,"SUB_ICB_LOC","16C","E38000247","NHS NORTH EAST AND NORTH CUMBRIA ICB - 16C",6255,8534.4,73.3,65.7,79.7,139030,4.5,4.4,4.6,738,3484,21.2,19.9,22.6,386,6482,6,5.4,6.6,4212,65,63.8,66.1
2023-12-31,"SUB_ICB_LOC","M1J4Y","E38000249","NHS BEDFORDSHIRE, LUTON AND MILTON KEYNES ICB - M1J4Y",6970,10275.8,67.8,60.8,73.7,166047,4.2,4.1,4.3,554,4043,13.7,12.7,14.8,695,7265,9.6,8.9,10.3,4512,62.1,61,63.2
2023-12-31,"SUB_ICB_LOC","B2M3M","E38000251","NHS COVENTRY AND WARWICKSHIRE ICB - B2M3M",7051,12301.3,57.3,51.6,62.3,187811,3.8,3.7,3.8,395,3436,11.5,10.5,12.6,832,7299,11.4,10.7,12.1,4348,59.6,58.4,60.7
2023-12-31,"SUB_ICB_LOC","D4U1Y","E38000252","NHS FRIMLEY ICB - D4U1Y",5926,8769.8,67.6,60.7,73.5,133710,4.4,4.3,4.5,371,2023,18.3,16.7,20.1,510,6068,8.4,7.7,9.1,3543,58.4,57.1,59.6
2023-12-31,"SUB_ICB_LOC","D9Y0V","E38000253","NHS HAMPSHIRE AND ISLE OF WIGHT ICB - D9Y0V",15280,24794.1,61.6,55.5,66.8,370877,4.1,4.1,4.2,455,5698,8,7.3,8.7,1714,15670,10.9,10.5,11.4,8841,56.4,55.6,57.2
2023-12-31,"SUB_ICB_LOC","X2C4Y","E38000254","NHS WEST YORKSHIRE ICB - X2C4Y",3163,4921.5,64.3,57.5,70.1,78948,4,3.9,4.1,330,3127,10.6,9.5,11.7,291,3313,8.8,7.9,9.8,2127,64.2,62.6,65.8
2023-12-31,"SUB_ICB_LOC","A3A8R","E38000255","NHS NORTH EAST LONDON ICB - A3A8R",8077,13381,60.4,54,65.7,225446,3.6,3.5,3.7,558,6635,8.4,7.8,9.1,766,8460,9.1,8.5,9.7,5596,66.1,65.1,67.1
2023-12-31,"SUB_ICB_LOC","70F","E38000265","NHS SUSSEX ICB - 70F",9409,14764.6,63.7,57.4,69.2,213198,4.4,4.3,4.5,271,3724,7.3,6.5,8.2,687,9621,7.1,6.6,7.7,5913,61.5,60.5,62.4
2023-12-31,"SUB_ICB_LOC","01T","E38000161","NHS CHESHIRE AND MERSEYSIDE ICB - 01T",1206,2015.6,59.8,53,65.8,31954,3.8,3.6,4,168,1274,13.2,11.4,15.2,93,1233,7.5,6.2,9.2,796,64.6,61.8,67.2
2023-12-31,"ICB","QNC","E54000010","NHS STAFFORDSHIRE AND STOKE-ON-TRENT INTEGRATED CARE BOARD",11441,15849.1,72.2,64.9,78.4,247346,4.6,4.5,4.7,746,6464,11.5,10.8,12.3,984,11762,8.4,7.9,8.9,7251,61.6,60.8,62.5
2023-12-31,"ICB","QOC","E54000011","NHS SHROPSHIRE, TELFORD AND WREKIN INTEGRATED CARE BOARD",4708,7743.3,60.8,54.5,66.1,120242,3.9,3.8,4,149,1069,13.9,12,16.1,382,4840,7.9,7.2,8.7,2685,55.5,54.1,56.9
2023-12-31,"ICB","QJM","E54000013","NHS LINCOLNSHIRE INTEGRATED CARE BOARD",8075,12309.1,65.6,58.9,71.2,192502,4.2,4.1,4.3,837,4766,17.6,16.5,18.7,737,8413,8.8,8.2,9.4,4991,59.3,58.3,60.4
2023-12-31,"ICB","QK1","E54000015","NHS LEICESTER, LEICESTERSHIRE AND RUTLAND INTEGRATED CARE BOARD",8905,13534.1,65.8,59.2,71.4,214780,4.1,4.1,4.2,254,5235,4.9,4.3,5.5,929,9274,10,9.4,10.6,5433,58.6,57.6,59.6
2023-12-31,"ICB","QWU","E54000018","NHS COVENTRY AND WARWICKSHIRE INTEGRATED CARE BOARD",7051,12301.3,57.3,51.6,62.3,187811,3.8,3.7,3.8,395,3436,11.5,10.5,12.6,832,7299,11.4,10.7,12.1,4348,59.6,58.4,60.7
2023-12-31,"ICB","QGH","E54000019","NHS HEREFORDSHIRE AND WORCESTERSHIRE INTEGRATED CARE BOARD",6817,12684.2,53.7,48.3,58.4,194746,3.5,3.4,3.6,190,2818,6.7,5.9,7.7,744,7006,10.6,9.9,11.4,4648,66.3,65.2,67.4
2023-12-31,"ICB","QMM","E54000022","NHS NORFOLK AND WAVENEY INTEGRATED CARE BOARD",10934,17813,61.4,55.3,66.6,267346,4.1,4,4.2,736,4161,17.7,16.6,18.9,1321,11254,11.7,11.2,12.3,6356,56.5,55.6,57.4
2023-12-31,"ICB","QJG","E54000023","NHS SUFFOLK AND NORTH EAST ESSEX INTEGRATED CARE BOARD",9708,16101.9,60.3,54.3,65.5,243226,4,3.9,4.1,1265,4071,31.1,29.7,32.5,1202,9992,12,11.4,12.7,6639,66.4,65.5,67.4
2023-12-31,"ICB","QHG","E54000024","NHS BEDFORDSHIRE, LUTON AND MILTON KEYNES INTEGRATED CARE BOARD",6970,10275.8,67.8,60.8,73.7,166047,4.2,4.1,4.3,554,4043,13.7,12.7,14.8,695,7265,9.6,8.9,10.3,4512,62.1,61,63.2
2023-12-31,"ICB","QM7","E54000025","NHS HERTFORDSHIRE AND WEST ESSEX INTEGRATED CARE BOARD",12170,18773.9,64.8,58.4,70.3,278381,4.4,4.3,4.4,610,4701,13,12,14,1094,12518,8.7,8.3,9.2,7494,59.9,59,60.7
2023-12-31,"ICB","QH8","E54000026","NHS MID AND SOUTH ESSEX INTEGRATED CARE BOARD",10420,16055.1,64.9,58.4,70.5,243475,4.3,4.2,4.4,732,4126,17.7,16.6,18.9,1002,10767,9.3,8.8,9.9,7177,66.7,65.8,67.5
2023-12-31,"ICB","QRV","E54000027","NHS NORTH WEST LONDON INTEGRATED CARE BOARD",12181,19164.3,63.6,57,69.1,315828,3.9,3.8,3.9,1008,8789,11.5,10.8,12.2,1041,12713,8.2,7.7,8.7,8211,64.6,63.8,65.4
2023-12-31,"ICB","QMJ","E54000028","NHS NORTH CENTRAL LONDON INTEGRATED CARE BOARD",8538,12518.9,68.2,61.2,74.1,200906,4.2,4.2,4.3,281,2452,11.5,10.3,12.8,714,8801,8.1,7.6,8.7,5232,59.4,58.4,60.5
2023-12-31,"ICB","QHM","E54000050","NHS NORTH EAST AND NORTH CUMBRIA INTEGRATED CARE BOARD",27668,40316.1,68.6,61.7,74.4,652255,4.2,4.2,4.3,2087,14136,14.8,14.2,15.4,2070,28665,7.2,6.9,7.5,17756,61.9,61.4,62.5
2023-12-31,"ICB","QWO","E54000054","NHS WEST YORKSHIRE INTEGRATED CARE BOARD",18915,27335,69.2,62.3,75.1,435965,4.3,4.3,4.4,2324,12805,18.1,17.5,18.8,1829,19639,9.3,8.9,9.7,13222,67.3,66.7,68
2023-12-31,"ICB","QHL","E54000055","NHS BIRMINGHAM AND SOLIHULL INTEGRATED CARE BOARD",8744,14405.8,60.7,54.6,65.9,220159,4,3.9,4.1,477,4279,11.1,10.2,12.1,994,9091,10.9,10.3,11.6,5751,63.3,62.3,64.2
2023-12-31,"ICB","QUE","E54000056","NHS CAMBRIDGESHIRE AND PETERBOROUGH INTEGRATED CARE BOARD",6378,10921.7,58.4,52.4,63.4,168889,3.8,3.7,3.9,360,2659,13.5,12.3,14.9,615,6618,9.3,8.6,10,3903,59,57.8,60.2
2023-12-31,"ICB","QOP","E54000057","NHS GREATER MANCHESTER INTEGRATED CARE BOARD",21915,30010.7,73,65.7,79.3,490028,4.5,4.4,4.5,1303,13648,9.5,9.1,10.1,1639,22747,7.2,6.9,7.5,14539,63.9,63.3,64.5
2023-12-31,"ICB","QJ2","E54000058","NHS DERBY AND DERBYSHIRE INTEGRATED CARE BOARD",9950,14650.3,67.9,61,73.8,231904,4.3,4.2,4.4,1026,3054,33.6,31.9,35.3,1015,10537,9.6,9.1,10.2,6361,60.4,59.4,61.3
2023-12-31,"ICB","QPM","E54000059","NHS NORTHAMPTONSHIRE INTEGRATED CARE BOARD",5689,8847.3,64.3,57.7,70,142736,4,3.9,4.1,264,3777,7,6.2,7.8,618,5868,10.5,9.8,11.3,3417,58.2,57,59.5
2023-12-31,"ICB","QT1","E54000060","NHS NOTTINGHAM AND NOTTINGHAMSHIRE INTEGRATED CARE BOARD",10189,14414.8,70.7,63.6,76.8,225744,4.5,4.4,4.6,375,4313,8.7,7.9,9.6,1030,10699,9.6,9.1,10.2,6843,64,63,64.9
2023-12-31,"ICB","QF7","E54000061","NHS SOUTH YORKSHIRE INTEGRATED CARE BOARD",12089,16175.8,74.7,67.1,81.1,257773,4.7,4.6,4.8,935,6947,13.5,12.7,14.3,933,12610,7.4,7,7.9,7627,60.5,59.6,61.3
2023-12-31,"ICB","QUA","E54000062","NHS BLACK COUNTRY INTEGRATED CARE BOARD",9221,14378.8,64.1,57.7,69.6,220247,4.2,4.1,4.3,486,6960,7,6.4,7.6,1049,9606,10.9,10.3,11.6,4586,47.7,46.7,48.7
2023-12-31,"ICB","QXU","E54000063","NHS SURREY HEARTLANDS ICB",9928,14828.5,67,60.3,72.7,212119,4.7,4.6,4.8,225,1979,11.4,10,12.8,955,10122,9.4,8.9,10,6234,61.6,60.6,62.5
2023-12-31,"NHS_REGION","Y59","E40000005","SOUTH EAST",79368,126318.3,62.8,56.7,68.1,1890586,4.2,4.2,4.2,3276,26692,12.3,11.9,12.7,7324,81395,9,8.8,9.2,48565,59.7,59.3,60
2023-12-31,"NHS_REGION","Y58","E40000006","SOUTH WEST",53173,89104.6,59.7,53.8,64.7,1346503,3.9,3.9,4,2483,22419,11.1,10.7,11.5,4558,54564,8.4,8.1,8.6,33304,61,60.6,61.4
2023-12-31,"NHS_REGION","Y61","E40000007","EAST OF ENGLAND",56580,89941.5,62.9,56.7,68.2,1367364,4.1,4.1,4.2,4257,23761,17.9,17.4,18.4,5929,58414,10.1,9.9,10.4,36081,61.8,61.4,62.2
2023-12-31,"SUB_ICB_LOC","09D","E38000021","NHS SUSSEX ICB - 09D",1899,2839.4,66.9,59.6,73.2,44387,4.3,4.1,4.5,113,662,17.1,14.4,20.1,114,1956,5.8,4.9,7,1204,61.6,59.4,63.7
2023-12-31,"SUB_ICB_LOC","15N","E38000230","NHS DEVON ICB - 15N",11782,20417.8,57.7,52,62.6,308092,3.8,3.8,3.9,842,4604,18.3,17.2,19.4,1082,12069,9,8.5,9.5,7277,60.3,59.4,61.2
2023-12-31,"SUB_ICB_LOC","97R","E38000235","NHS SUSSEX ICB - 97R",6315,10067.5,62.7,56.4,68.2,147604,4.3,4.2,4.4,530,3397,15.6,14.4,16.9,679,6472,10.5,9.8,11.3,4164,64.3,63.2,65.5
2023-12-31,"COUNTRY","ENG","E92000001","ENGLAND",463843,717595.8,64.6,58.2,70.1,11160338,4.2,4.1,4.2,28834,222661,12.9,12.8,13.1,42812,479540,8.9,8.8,9,294800,61.5,61.3,61.6
2023-12-31,"ICB","QYG","E54000008","NHS CHESHIRE AND MERSEYSIDE INTEGRATED CARE BOARD",22602,34024.2,66.4,59.8,72.1,540286,4.2,4.1,4.2,1630,11186,14.6,13.9,15.2,2551,23340,10.9,10.5,11.3,15090,64.7,64,65.3
2023-12-31,"ICB","QE1","E54000048","NHS LANCASHIRE AND SOUTH CUMBRIA INTEGRATED CARE BOARD",16055,23334.7,68.8,61.9,74.7,370559,4.3,4.3,4.4,773,7723,10,9.4,10.7,1201,16611,7.2,6.8,7.6,10314,62.1,61.4,62.8
2024-01-31,"ICB","QYG","E54000008","NHS CHESHIRE AND MERSEYSIDE INTEGRATED CARE BOARD",22567,34017,66.3,59.7,71.9,540759,4.2,4.1,4.2,1873,13054,14.3,13.8,15,2543,23305,10.9,10.5,11.3,16384,70.3,69.7,70.9
2024-01-31,"ICB","QKK","E54000030","NHS SOUTH EAST LONDON INTEGRATED CARE BOARD",10509,15111.8,69.5,62.4,75.5,244132,4.3,4.2,4.4,813,6618,12.3,11.5,13.1,881,10905,8.1,7.6,8.6,7106,65.2,64.3,66.1
2024-01-31,"COUNTRY","ENG","E92000001","ENGLAND",462248,717499.7,64.4,58.1,69.8,11168041,4.1,4.1,4.2,32444,249132,13,12.9,13.2,42083,477623,8.8,8.7,8.9,317725,66.5,66.4,66.7
2024-01-31,"SUB_ICB_LOC","09D","E38000021","NHS SUSSEX ICB - 09D",1875,2838,66.1,58.9,72.3,44442,4.2,4,4.4,121,724,16.7,14.2,19.6,117,1928,6.1,5.1,7.2,1321,68.5,66.4,70.6
2024-01-31,"SUB_ICB_LOC","15N","E38000230","NHS DEVON ICB - 15N",11769,20405.5,57.7,51.9,62.6,308195,3.8,3.8,3.9,951,5226,18.2,17.2,19.3,1068,12050,8.9,8.4,9.4,7934,65.8,65,66.7
2024-01-31,"ICB","QNC","E54000010","NHS STAFFORDSHIRE AND STOKE-ON-TRENT INTEGRATED CARE BOARD",11391,15853.9,71.8,64.6,78,247494,4.6,4.5,4.7,814,7191,11.3,10.6,12.1,954,11707,8.1,7.7,8.7,7897,67.5,66.6,68.3
2024-01-31,"ICB","QOC","E54000011","NHS SHROPSHIRE, TELFORD AND WREKIN INTEGRATED CARE BOARD",4713,7745,60.9,54.5,66.2,120340,3.9,3.8,4,165,1194,13.8,12,15.9,385,4843,7.9,7.2,8.7,2871,59.3,57.9,60.7
2024-01-31,"ICB","QJM","E54000013","NHS LINCOLNSHIRE INTEGRATED CARE BOARD",8078,12324.8,65.5,58.9,71.3,192623,4.2,4.1,4.3,925,5285,17.5,16.5,18.6,735,8410,8.7,8.2,9.4,5219,62.1,61,63.1
2024-01-31,"ICB","QK1","E54000015","NHS LEICESTER, LEICESTERSHIRE AND RUTLAND INTEGRATED CARE BOARD",8845,13535.7,65.3,58.7,71,215024,4.1,4,4.2,285,5734,5,4.4,5.6,886,9187,9.6,9.1,10.3,5952,64.8,63.8,65.8
2024-01-31,"ICB","QWU","E54000018","NHS COVENTRY AND WARWICKSHIRE INTEGRATED CARE BOARD",7017,12306.4,57,51.3,62,188009,3.7,3.6,3.8,449,3811,11.8,10.8,12.8,790,7261,10.9,10.2,11.6,4716,64.9,63.8,66
2024-01-31,"ICB","QGH","E54000019","NHS HEREFORDSHIRE AND WORCESTERSHIRE INTEGRATED CARE BOARD",6812,12687.5,53.7,48.2,58.4,194939,3.5,3.4,3.6,209,3172,6.6,5.8,7.5,724,7007,10.3,9.6,11.1,4812,68.7,67.6,69.7
2024-01-31,"ICB","QMM","E54000022","NHS NORFOLK AND WAVENEY INTEGRATED CARE BOARD",10935,17817.8,61.4,55.3,66.7,267483,4.1,4,4.2,845,4654,18.2,17.1,19.3,1284,11254,11.4,10.8,12,7002,62.2,61.3,63.1
2024-01-31,"ICB","QJG","E54000023","NHS SUFFOLK AND NORTH EAST ESSEX INTEGRATED CARE BOARD",9683,16105,60.1,54.2,65.3,243384,4,3.9,4.1,1431,4467,32,30.7,33.4,1177,9968,11.8,11.2,12.5,6933,69.6,68.6,70.4
2024-01-31,"ICB","QHG","E54000024","NHS BEDFORDSHIRE, LUTON AND MILTON KEYNES INTEGRATED CARE BOARD",6931,10295.3,67.3,60.4,73.2,166377,4.2,4.1,4.3,609,4583,13.3,12.3,14.3,671,7220,9.3,8.6,10,4778,66.2,65.1,67.3
2024-01-31,"ICB","QM7","E54000025","NHS HERTFORDSHIRE AND WEST ESSEX INTEGRATED CARE BOARD",12049,18763.1,64.2,57.8,69.7,278547,4.3,4.3,4.4,683,5198,13.1,12.2,14.1,1089,12393,8.8,8.3,9.3,7881,63.6,62.7,64.4
2024-01-31,"ICB","QH8","E54000026","NHS MID AND SOUTH ESSEX INTEGRATED CARE BOARD",10431,16043.5,65,58.5,70.6,243597,4.3,4.2,4.4,827,4577,18.1,17,19.2,1016,10773,9.4,8.9,10,7460,69.2,68.4,70.1
2024-01-31,"ICB","QRV","E54000027","NHS NORTH WEST LONDON INTEGRATED CARE BOARD",12085,19178.2,63,56.5,68.4,316429,3.8,3.8,3.9,1145,9796,11.7,11.1,12.3,1036,12602,8.2,7.8,8.7,8797,69.8,69,70.6
2024-01-31,"ICB","QMJ","E54000028","NHS NORTH CENTRAL LONDON INTEGRATED CARE BOARD",8496,12536.3,67.8,60.8,73.7,201346,4.2,4.1,4.3,324,2773,11.7,10.5,12.9,716,8752,8.2,7.6,8.8,5622,64.2,63.2,65.2
2024-01-31,"ICB","QJK","E54000037","NHS DEVON INTEGRATED CARE BOARD",11769,20405.5,57.7,51.9,62.6,308195,3.8,3.8,3.9,951,5226,18.2,17.2,19.3,1068,12050,8.9,8.4,9.4,7934,65.8,65,66.7
2024-01-31,"ICB","QNX","E54000064","NHS SUSSEX ICB",17544,27661.8,63.4,57.2,68.8,405390,4.3,4.3,4.4,993,8710,11.4,10.8,12.1,1495,17960,8.3,7.9,8.7,12119,67.5,66.8,68.2
2024-01-31,"NHS_REGION","Y56","E40000003","LONDON",49377,74374.2,66.4,59.6,72,1212479,4.1,4,4.1,3398,30253,11.2,10.9,11.6,4367,51281,8.5,8.3,8.8,34666,67.6,67.2,68
2024-01-31,"NHS_REGION","Y60","E40000011","MIDLANDS",90396,141146.7,64,57.7,69.5,2199852,4.1,4.1,4.1,5836,51529,11.3,11.1,11.6,9081,93846,9.7,9.5,9.9,60369,64.3,64,64.6
2024-01-31,"ICB","QMF","E54000029","NHS NORTH EAST LONDON INTEGRATED CARE BOARD",8059,13380.3,60.2,53.9,65.6,225751,3.6,3.5,3.6,646,7406,8.7,8.1,9.4,746,8436,8.8,8.3,9.5,5963,70.7,69.7,71.6
2024-01-31,"ICB","QWE","E54000031","NHS SOUTH WEST LONDON INTEGRATED CARE BOARD",10228,14167.6,72.2,64.8,78.4,224821,4.5,4.5,4.6,470,3660,12.8,11.8,14,988,10586,9.3,8.8,9.9,7178,67.8,66.9,68.7
2024-01-31,"ICB","QKS","E54000032","NHS KENT AND MEDWAY INTEGRATED CARE BOARD",14908,25219.9,59.1,53.2,64.1,389623,3.8,3.8,3.9,667,4914,13.6,12.6,14.6,1265,15410,8.2,7.8,8.7,10384,67.4,66.6,68.1
2024-01-31,"ICB","QNQ","E54000034","NHS FRIMLEY INTEGRATED CARE BOARD",5864,8764.4,66.9,60.1,72.7,133816,4.4,4.3,4.5,431,2273,19,17.4,20.6,503,5996,8.4,7.7,9.1,3811,63.6,62.3,64.8
2024-01-31,"ICB","QT6","E54000036","NHS CORNWALL AND THE ISLES OF SCILLY INTEGRATED CARE BOARD",5735,9609.2,59.7,53.6,64.9,150789,3.8,3.7,3.9,387,2165,17.9,16.3,19.5,519,5856,8.9,8.2,9.6,3449,58.9,57.6,60.2
2024-01-31,"ICB","QSL","E54000038","NHS SOMERSET INTEGRATED CARE BOARD",5392,9817.2,54.9,49.4,59.8,149103,3.6,3.5,3.7,161,950,16.9,14.7,19.5,432,5537,7.8,7.1,8.5,3676,66.4,65.1,67.6
2024-01-31,"ICB","QUY","E54000039","NHS BRISTOL, NORTH SOMERSET AND SOUTH GLOUCESTERSHIRE INTEGRATED CARE BOARD",8051,11763.6,68.4,61.6,74.4,177286,4.5,4.4,4.6,147,1580,9.3,8,10.8,639,8288,7.7,7.2,8.3,5457,65.8,64.8,66.9
2024-01-31,"ICB","QOX","E54000040","NHS BATH AND NORTH EAST SOMERSET, SWINDON AND WILTSHIRE INTEGRATED CARE BOARD",7923,13463.9,58.8,52.9,63.9,205502,3.9,3.8,3.9,479,4921,9.7,8.9,10.6,536,8132,6.6,6.1,7.2,5494,67.6,66.5,68.6
2024-01-31,"ICB","QVV","E54000041","NHS DORSET INTEGRATED CARE BOARD",8054,14267.6,56.4,50.8,61.3,207290,3.9,3.8,4,296,6250,4.7,4.2,5.3,681,8276,8.2,7.7,8.8,5717,69.1,68.1,70.1
2024-01-31,"ICB","QRL","E54000042","NHS HAMPSHIRE AND ISLE OF WIGHT INTEGRATED CARE BOARD",16631,26890.2,61.8,55.7,67.1,404230,4.1,4.1,4.2,531,7455,7.1,6.6,7.7,1841,17067,10.8,10.3,11.3,10836,63.5,62.8,64.2
2024-01-31,"ICB","QR1","E54000043","NHS GLOUCESTERSHIRE INTEGRATED CARE BOARD",6197,9786.1,63.3,56.9,68.8,149109,4.2,4.1,4.3,383,3879,9.9,9,10.9,577,6365,9.1,8.4,9.8,4401,69.1,68,70.3
2024-01-31,"ICB","QU9","E54000044","NHS BUCKINGHAMSHIRE, OXFORDSHIRE AND BERKSHIRE WEST INTEGRATED CARE BOARD",14098,22832,61.7,55.6,67,345166,4.1,4,4.2,778,4224,18.4,17.3,19.6,1169,14409,8.1,7.7,8.6,9039,62.7,61.9,63.5
2024-01-31,"ICB","QE1","E54000048","NHS LANCASHIRE AND SOUTH CUMBRIA INTEGRATED CARE BOARD",15973,23330.1,68.5,61.6,74.3,370771,4.3,4.2,4.4,840,8569,9.8,9.2,10.5,1183,16521,7.2,6.8,7.6,10996,66.6,65.8,67.3
2024-01-31,"ICB","QHM","E54000050","NHS NORTH EAST AND NORTH CUMBRIA INTEGRATED CARE BOARD",27544,40314.8,68.3,61.4,74.1,653006,4.2,4.2,4.3,2367,15813,15,14.4,15.5,2034,28523,7.1,6.8,7.4,19188,67.3,66.7,67.8
2024-01-31,"NHS_REGION","Y62","E40000010","NORTH WEST",60437,87353.4,69.2,62.3,75,1401815,4.3,4.3,4.3,4169,36949,11.3,11,11.6,5353,62537,8.6,8.3,8.8,43372,69.4,69,69.7
2024-01-31,"NHS_REGION","Y63","E40000012","NORTH EAST AND YORKSHIRE",73513,109367.5,67.2,60.4,72.9,1747741,4.2,4.2,4.2,7785,49201,15.8,15.5,16.1,5804,76253,7.6,7.4,7.8,51889,68,67.7,68.4
2024-01-31,"SUB_ICB_LOC","02P","E38000006","NHS SOUTH YORKSHIRE ICB - 02P",2212,3069.4,72.1,64.2,78.8,50893,4.3,4.2,4.5,130,838,15.5,13.2,18.1,81,2298,3.5,2.8,4.4,1569,68.3,66.3,70.1
2024-01-31,"SUB_ICB_LOC","99E","E38000007","NHS MID AND SOUTH ESSEX ICB - 99E",1997,3458.6,57.7,51.6,63.2,51849,3.9,3.7,4,206,1325,15.5,13.7,17.6,210,2086,10.1,8.8,11.4,1379,66.1,64,68.1
2024-01-31,"SUB_ICB_LOC","02Q","E38000008","NHS NOTTINGHAM AND NOTTINGHAMSHIRE ICB - 02Q",1280,1723.3,74.3,65.9,81.6,27459,4.7,4.4,4.9,120,633,19,16.1,22.2,131,1329,9.9,8.4,11.6,960,72.2,69.8,74.6
2024-01-31,"SUB_ICB_LOC","00Q","E38000014","NHS LANCASHIRE AND SOUTH CUMBRIA ICB - 00Q",1059,1592.8,66.5,58.6,73.3,26892,3.9,3.7,4.2,59,979,6,4.7,7.7,95,1107,8.6,7.1,10.4,739,66.8,63.9,69.5
2024-01-31,"SUB_ICB_LOC","00R","E38000015","NHS LANCASHIRE AND SOUTH CUMBRIA ICB - 00R",1504,2178.4,69,61.3,75.8,34714,4.3,4.1,4.6,66,627,10.5,8.4,13.2,130,1578,8.2,7,9.7,878,55.6,53.2,58.1
2024-01-31,"SUB_ICB_LOC","00T","E38000016","NHS GREATER MANCHESTER ICB - 00T",2337,3273.7,71.4,63.7,78.1,53910,4.3,4.2,4.5,169,2716,6.2,5.4,7.2,189,2428,7.8,6.8,8.9,1797,74,72.2,75.7
2024-01-31,"ICB","QOQ","E54000051","NHS HUMBER AND NORTH YORKSHIRE INTEGRATED CARE BOARD",15011,25558.2,58.7,52.8,63.7,400501,3.7,3.7,3.8,1770,11400,15.5,14.9,16.2,1044,15548,6.7,6.3,7.1,10416,67,66.2,67.7
2024-01-31,"ICB","QWO","E54000054","NHS WEST YORKSHIRE INTEGRATED CARE BOARD",18898,27325.8,69.2,62.2,75,436340,4.3,4.3,4.4,2608,14212,18.4,17.7,19,1847,19618,9.4,9,9.8,14199,72.4,71.7,73
2024-01-31,"ICB","QHL","E54000055","NHS BIRMINGHAM AND SOLIHULL INTEGRATED CARE BOARD",8673,14394.6,60.3,54.2,65.4,220174,3.9,3.9,4,541,4823,11.2,10.4,12.1,959,9014,10.6,10,11.3,6137,68.1,67.1,69
2024-01-31,"ICB","QUE","E54000056","NHS CAMBRIDGESHIRE AND PETERBOROUGH INTEGRATED CARE BOARD",6424,10937.7,58.7,52.7,63.8,169033,3.8,3.7,3.9,406,2986,13.6,12.4,14.9,606,6655,9.1,8.4,9.8,4387,65.9,64.8,67
2024-01-31,"ICB","QOP","E54000057","NHS GREATER MANCHESTER INTEGRATED CARE BOARD",21897,30006.3,73,65.6,79.2,490285,4.5,4.4,4.5,1456,15326,9.5,9,10,1627,22711,7.2,6.8,7.5,15992,70.4,69.8,71
2024-01-31,"ICB","QJ2","E54000058","NHS DERBY AND DERBYSHIRE INTEGRATED CARE BOARD",9923,14655.7,67.7,60.9,73.6,232047,4.3,4.2,4.4,1148,3470,33.1,31.5,34.7,996,10451,9.5,9,10.1,6966,66.7,65.7,67.6
2024-01-31,"ICB","QPM","E54000059","NHS NORTHAMPTONSHIRE INTEGRATED CARE BOARD",5653,8853.8,63.8,57.2,69.5,142822,4,3.9,4.1,308,4211,7.3,6.6,8.1,607,5825,10.4,9.7,11.2,3682,63.2,62,64.4
2024-01-31,"ICB","QT1","E54000060","NHS NOTTINGHAM AND NOTTINGHAMSHIRE INTEGRATED CARE BOARD",10133,14423,70.3,63.1,76.3,226076,4.5,4.4,4.6,434,4840,9,8.2,9.8,1011,10604,9.5,9,10.1,7343,69.2,68.4,70.1
2024-01-31,"ICB","QF7","E54000061","NHS SOUTH YORKSHIRE INTEGRATED CARE BOARD",12060,16168.7,74.6,67,81,257894,4.7,4.6,4.8,1040,7776,13.4,12.6,14.1,879,12564,7,6.6,7.5,8086,64.4,63.5,65.2
2024-01-31,"ICB","QUA","E54000062","NHS BLACK COUNTRY INTEGRATED CARE BOARD",9158,14366.3,63.7,57.4,69.2,220304,4.2,4.1,4.2,558,7798,7.2,6.6,7.7,1034,9537,10.8,10.2,11.5,4774,50.1,49.1,51.1
2024-01-31,"ICB","QXU","E54000063","NHS SURREY HEARTLANDS ICB",9906,14814.2,66.9,60.3,72.6,212234,4.7,4.6,4.8,251,2188,11.5,10.2,12.9,910,10097,9,8.5,9.6,6671,66.1,65.1,67
2024-01-31,"NHS_REGION","Y59","E40000005","SOUTH EAST",78951,126182.5,62.6,56.4,67.8,1890459,4.2,4.1,4.2,3651,29764,12.3,11.9,12.6,7183,80939,8.9,8.7,9.1,52860,65.3,65,65.6
2024-01-31,"NHS_REGION","Y58","E40000006","SOUTH WEST",53121,89113.1,59.6,53.8,64.6,1347274,3.9,3.9,4,2804,24971,11.2,10.8,11.6,4452,54504,8.2,7.9,8.4,36128,66.3,65.9,66.7
2024-01-31,"NHS_REGION","Y61","E40000007","EAST OF ENGLAND",56453,89962.4,62.8,56.5,68,1368421,4.1,4.1,4.2,4801,26465,18.1,17.7,18.6,5843,58263,10,9.8,10.3,38441,66,65.6,66.4
2024-01-31,"SUB_ICB_LOC","B2M3M","E38000251","NHS COVENTRY AND WARWICKSHIRE ICB - B2M3M",7017,12306.4,57,51.3,62,188009,3.7,3.6,3.8,449,3811,11.8,10.8,12.8,790,7261,10.9,10.2,11.6,4716,64.9,63.8,66
2024-01-31,"SUB_ICB_LOC","D4U1Y","E38000252","NHS FRIMLEY ICB - D4U1Y",5864,8764.4,66.9,60.1,72.7,133816,4.4,4.3,4.5,431,2273,19,17.4,20.6,503,5996,8.4,7.7,9.1,3811,63.6,62.3,64.8
2024-01-31,"SUB_ICB_LOC","D9Y0V","E38000253","NHS HAMPSHIRE AND ISLE OF WIGHT ICB - D9Y0V",15164,24702.6,61.4,55.3,66.5,369751,4.1,4,4.2,500,6329,7.9,7.3,8.6,1686,15554,10.8,10.4,11.3,9808,63.1,62.3,63.8
2024-01-31,"SUB_ICB_LOC","X2C4Y","E38000254","NHS WEST YORKSHIRE ICB - X2C4Y",3163,4923.3,64.2,57.4,70.1,79066,4,3.9,4.1,368,3474,10.6,9.6,11.7,292,3312,8.8,7.9,9.8,2340,70.7,69.1,72.2
2024-01-31,"SUB_ICB_LOC","A3A8R","E38000255","NHS NORTH EAST LONDON ICB - A3A8R",8059,13380.3,60.2,53.9,65.6,225751,3.6,3.5,3.6,646,7406,8.7,8.1,9.4,746,8436,8.8,8.3,9.5,5963,70.7,69.7,71.6
2024-01-31,"SUB_ICB_LOC","W2U3Z","E38000256","NHS NORTH WEST LONDON ICB - W2U3Z",12085,19178.2,63,56.5,68.4,316429,3.8,3.8,3.9,1145,9796,11.7,11.1,12.3,1036,12602,8.2,7.8,8.7,8797,69.8,69,70.6
2024-01-31,"SUB_ICB_LOC","M2L0M","E38000257","NHS SHROPSHIRE, TELFORD AND WREKIN ICB - M2L0M",4713,7745,60.9,54.5,66.2,120340,3.9,3.8,4,165,1194,13.8,12,15.9,385,4843,7.9,7.2,8.7,2871,59.3,57.9,60.7
2024-01-31,"SUB_ICB_LOC","15E","E38000258","NHS BIRMINGHAM AND SOLIHULL ICB - 15E",8673,14394.6,60.3,54.2,65.4,220174,3.9,3.9,4,541,4823,11.2,10.4,12.1,959,9014,10.6,10,11.3,6137,68.1,67.1,69
2024-01-31,"SUB_ICB_LOC","D2P2L","E38000259","NHS BLACK COUNTRY ICB - D2P2L",9158,14366.3,63.7,57.4,69.2,220304,4.2,4.1,4.2,558,7798,7.2,6.6,7.7,1034,9537,10.8,10.2,11.5,4774,50.1,49.1,51.1
2024-01-31,"SUB_ICB_LOC","06H","E38000260","NHS CAMBRIDGESHIRE AND PETERBOROUGH ICB - 06H",6424,10937.7,58.7,52.7,63.8,169033,3.8,3.7,3.9,406,2986,13.6,12.4,14.9,606,6655,9.1,8.4,9.8,4387,65.9,64.8,67
2024-01-31,"SUB_ICB_LOC","15M","E38000261","NHS DERBY AND DERBYSHIRE ICB - 15M",9923,14655.7,67.7,60.9,73.6,232047,4.3,4.2,4.4,1148,3470,33.1,31.5,34.7,996,10451,9.5,9,10.1,6966,66.7,65.7,67.6
2024-01-31,"SUB_ICB_LOC","78H","E38000262","NHS NORTHAMPTONSHIRE ICB - 78H",5653,8853.8,63.8,57.2,69.5,142822,4,3.9,4.1,308,4211,7.3,6.6,8.1,607,5825,10.4,9.7,11.2,3682,63.2,62,64.4
2024-01-31,"SUB_ICB_LOC","01Y","E38000263","NHS GREATER MANCHESTER ICB - 01Y",1695,2331.5,72.7,64.6,79.7,38888,4.4,4.2,4.6,155,595,26.1,22.7,29.7,163,1768,9.2,8,10.7,1214,68.7,66.5,70.8
2024-01-31,"SUB_ICB_LOC","92A","E38000264","NHS SURREY HEARTLANDS ICB - 92A",9906,14814.2,66.9,60.3,72.6,212234,4.7,4.6,4.8,251,2188,11.5,10.2,12.9,910,10097,9,8.5,9.6,6671,66.1,65.1,67
2024-01-31,"SUB_ICB_LOC","00V","E38000024","NHS GREATER MANCHESTER ICB - 00V",1807,2387.6,75.7,67.4,82.9,37891,4.8,4.6,5,12,289,4.2,2.4,7.1,174,1862,9.3,8.1,10.8,1305,70.1,68,72.1
2024-01-31,"SUB_ICB_LOC","02T","E38000025","NHS WEST YORKSHIRE ICB - 02T",1693,2584.2,65.5,58.2,71.8,42562,4,3.8,4.2,158,1664,9.5,8.2,11,139,1766,7.9,6.7,9.2,1153,65.3,63,67.5
2024-01-31,"SUB_ICB_LOC","04Y","E38000028","NHS STAFFORDSHIRE AND STOKE-ON-TRENT ICB - 04Y",1360,1823.5,74.6,66.2,81.9,28899,4.7,4.5,5,181,554,32.7,28.9,36.7,140,1399,10,8.5,11.7,861,61.5,59,64.1
2024-01-31,"SUB_ICB_LOC","99F","E38000030","NHS MID AND SOUTH ESSEX ICB - 99F",2066,3004.8,68.8,61.5,75.2,44397,4.7,4.5,4.9,179,628,28.5,25.1,32.2,151,2115,7.1,6.1,8.3,1482,70.1,68.1,72
2024-01-31,"SUB_ICB_LOC","00X","E38000034","NHS LANCASHIRE AND SOUTH CUMBRIA ICB - 00X",1668,2461.1,67.8,60.3,74.3,39806,4.2,4,4.4,52,963,5.4,4.1,7,90,1713,5.3,4.3,6.4,1240,72.4,70.2,74.5
2024-01-31,"SUB_ICB_LOC","02X","E38000044","NHS SOUTH YORKSHIRE ICB - 02X",2696,3733.1,72.2,64.5,78.8,60661,4.4,4.3,4.6,241,3089,7.8,6.9,8.8,184,2821,6.5,5.7,7.5,1597,56.6,54.8,58.4
2024-01-31,"SUB_ICB_LOC","11J","E38000045","NHS DORSET ICB - 11J",8054,14267.6,56.4,50.8,61.3,207290,3.9,3.8,4,296,6250,4.7,4.2,5.3,681,8276,8.2,7.7,8.8,5717,69.1,68.1,70.1
2024-01-31,"SUB_ICB_LOC","06K","E38000049","NHS HERTFORDSHIRE AND WEST ESSEX ICB - 06K",4597,7334.7,62.7,56.3,68.2,108471,4.2,4.1,4.4,198,2624,7.5,6.6,8.6,375,4730,7.9,7.2,8.7,3076,65,63.7,66.4
2024-01-31,"SUB_ICB_LOC","01A","E38000050","NHS LANCASHIRE AND SOUTH CUMBRIA ICB - 01A",2958,4411,67.1,59.9,73.3,72758,4.1,3.9,4.2,218,2881,7.6,6.7,8.6,219,3065,7.1,6.3,8.1,2170,70.8,69.2,72.4
2024-01-31,"SUB_ICB_LOC","03W","E38000051","NHS LEICESTER, LEICESTERSHIRE AND RUTLAND ICB - 03W",3272,5350.6,61.2,54.8,66.6,80904,4,3.9,4.2,81,1748,4.6,3.7,5.7,307,3358,9.1,8.2,10.2,2289,68.2,66.6,69.7
2024-01-31,"SUB_ICB_LOC","02Y","E38000052","NHS HUMBER AND NORTH YORKSHIRE ICB - 02Y",3218,5453.9,59,52.8,64.4,84600,3.8,3.7,3.9,393,2188,18,16.4,19.6,228,3299,6.9,6.1,7.8,2028,61.5,59.8,63.1
2024-01-31,"SUB_ICB_LOC","05D","E38000053","NHS STAFFORDSHIRE AND STOKE-ON-TRENT ICB - 05D",1173,1909.1,61.4,54.4,67.6,29733,3.9,3.7,4.2,99,741,13.4,11.1,16,68,1218,5.6,4.4,7,842,69.1,66.5,71.7
2024-01-31,"SUB_ICB_LOC","11M","E38000062","NHS GLOUCESTERSHIRE ICB - 11M",6197,9786.1,63.3,56.9,68.8,149109,4.2,4.1,4.3,383,3879,9.9,9,10.9,577,6365,9.1,8.4,9.8,4401,69.1,68,70.3
2024-01-31,"SUB_ICB_LOC","01F","E38000068","NHS CHESHIRE AND MERSEYSIDE ICB - 01F",952,1425.1,66.8,58.6,73.9,25244,3.8,3.5,4,125,548,22.8,19.5,26.5,76,998,7.6,6.1,9.4,683,68.4,65.5,71.2
2024-01-31,"SUB_ICB_LOC","06N","E38000079","NHS HERTFORDSHIRE AND WEST ESSEX ICB - 06N",4588,7406.3,61.9,55.6,67.4,109963,4.2,4.1,4.3,403,1263,31.9,29.4,34.5,479,4721,10.1,9.3,11,3097,65.6,64.2,66.9
2024-01-31,"SUB_ICB_LOC","01D","E38000080","NHS GREATER MANCHESTER ICB - 01D",1748,2340,74.7,66.3,81.9,39920,4.4,4.2,4.6,126,1176,10.7,9.1,12.6,142,1841,7.7,6.6,9,1230,66.8,64.6,68.9
2024-01-31,"SUB_ICB_LOC","03F","E38000085","NHS HUMBER AND NORTH YORKSHIRE ICB - 03F",1956,2867.9,68.2,60.6,74.7,48701,4,3.8,4.2,232,1550,15,13.3,16.8,225,2051,11,9.7,12.4,1344,65.5,63.4,67.6
2024-01-31,"SUB_ICB_LOC","06L","E38000086","NHS SUFFOLK AND NORTH EAST ESSEX ICB - 06L",3634,6290.7,57.8,51.8,62.9,94911,3.8,3.7,4,889,1988,44.7,42.5,46.9,339,3723,9.1,8.2,10.1,2609,70.1,68.6,71.5
2024-01-31,"SUB_ICB_LOC","11N","E38000089","NHS CORNWALL AND THE ISLES OF SCILLY ICB - 11N",5735,9609.2,59.7,53.6,64.9,150789,3.8,3.7,3.9,387,2165,17.9,16.3,19.5,519,5856,8.9,8.2,9.6,3449,58.9,57.6,60.2
2024-01-31,"SUB_ICB_LOC","01J","E38000091","NHS CHESHIRE AND MERSEYSIDE ICB - 01J",989,1664.1,59.4,52.2,65.6,28996,3.4,3.2,3.6,223,872,25.6,22.8,28.6,106,1037,10.2,8.5,12.2,547,52.7,49.7,55.8
2024-01-31,"SUB_ICB_LOC","04C","E38000097","NHS LEICESTER, LEICESTERSHIRE AND RUTLAND ICB - 04C",2289,3002.9,76.2,67.8,83.4,51236,4.5,4.3,4.6,34,2415,1.4,1,2,278,2454,11.3,10.1,12.6,1663,67.8,65.9,69.6
2024-01-31,"SUB_ICB_LOC","99A","E38000101","NHS CHESHIRE AND MERSEYSIDE ICB - 99A",3158,4976.9,63.5,56.5,69.3,85028,3.7,3.6,3.8,249,2163,11.5,10.2,12.9,429,3285,13.1,12,14.3,2266,69,67.4,70.5
2024-01-31,"SUB_ICB_LOC","06Q","E38000106","NHS MID AND SOUTH ESSEX ICB - 06Q",3331,5559.4,59.9,53.6,65.3,85239,3.9,3.8,4,206,1439,14.3,12.6,16.2,371,3418,10.9,9.9,11.9,2197,64.3,62.7,65.9
2024-01-31,"SUB_ICB_LOC","06T","E38000117","NHS SUFFOLK AND NORTH EAST ESSEX ICB - 06T",3705,5541.1,66.9,60,72.9,83383,4.4,4.3,4.6,243,1638,14.8,13.2,16.6,581,3864,15,13.9,16.2,2720,70.4,68.9,71.8
2024-01-31,"SUB_ICB_LOC","03H","E38000119","NHS HUMBER AND NORTH YORKSHIRE ICB - 03H",1418,2281,62.2,55.2,68.3,36020,3.9,3.7,4.1,248,1010,24.6,22,27.3,120,1499,8,6.7,9.5,981,65.4,63,67.8
2024-01-31,"SUB_ICB_LOC","03K","E38000122","NHS HUMBER AND NORTH YORKSHIRE ICB - 03K",1399,2517.9,55.6,49.3,61,40286,3.5,3.3,3.7,231,1718,13.4,11.9,15.1,110,1505,7.3,6.1,8.7,943,62.7,60.2,65.1
2024-01-31,"SUB_ICB_LOC","05G","E38000126","NHS STAFFORDSHIRE AND STOKE-ON-TRENT ICB - 05G",2475,3446.7,71.8,64.2,78.5,53176,4.7,4.5,4.8,116,1997,5.8,4.9,6.9,299,2523,11.9,10.6,13.2,1704,67.5,65.7,69.3
2024-01-31,"SUB_ICB_LOC","99C","E38000127","NHS NORTH EAST AND NORTH CUMBRIA ICB - 99C",2046,2932.7,69.8,62.2,76.4,47219,4.3,4.2,4.5,67,1614,4.2,3.3,5.2,158,2106,7.5,6.5,8.7,1407,66.8,64.8,68.8
2024-01-31,"SUB_ICB_LOC","00L","E38000130","NHS NORTH EAST AND NORTH CUMBRIA ICB - 00L",3464,5413.1,64,57.2,69.8,88032,3.9,3.8,4.1,240,2208,10.9,9.6,12.2,197,3558,5.5,4.8,6.3,2324,65.3,63.7,66.9
2024-01-31,"SUB_ICB_LOC","00Y","E38000135","NHS GREATER MANCHESTER ICB - 00Y",1859,2514.6,73.9,65.8,80.9,41122,4.5,4.3,4.7,174,2352,7.4,6.4,8.5,147,1937,7.6,6.5,8.9,1369,70.7,68.6,72.7
2024-01-31,"SUB_ICB_LOC","10Q","E38000136","NHS BUCKINGHAMSHIRE, OXFORDSHIRE AND BERKSHIRE WEST ICB - 10Q",5926,9411.1,63,56.6,68.5,141207,4.2,4.1,4.3,218,1371,15.9,14.1,17.9,513,6055,8.5,7.8,9.2,3743,61.8,60.6,63
2024-01-31,"SUB_ICB_LOC","10R","E38000137","NHS HAMPSHIRE AND ISLE OF WIGHT ICB - 10R",1467,2187.7,67.1,59.5,73.7,34479,4.3,4,4.5,31,1126,2.8,1.9,3.9,155,1513,10.2,8.8,11.9,1028,67.9,65.6,70.2
2024-01-31,"SUB_ICB_LOC","03L","E38000141","NHS SOUTH YORKSHIRE ICB - 03L",2706,3204,84.5,75.4,92.2,51713,5.2,5,5.4,363,1842,19.7,18,21.6,174,2820,6.2,5.3,7.1,1978,70.1,68.4,71.8
2024-01-31,"SUB_ICB_LOC","01G","E38000143","NHS GREATER MANCHESTER ICB - 01G",1941,2367.6,82,73,89.8,39206,5,4.7,5.2,189,788,24,21.1,27.1,139,2011,6.9,5.9,8.1,1480,73.6,71.6,75.5
2024-01-31,"SUB_ICB_LOC","03N","E38000146","NHS SOUTH YORKSHIRE ICB - 03N",4446,6162.3,72.1,64.7,78.5,94627,4.7,4.6,4.8,306,2007,15.2,13.7,16.9,440,4625,9.5,8.7,10.4,2942,63.6,62.2,65
2024-01-31,"SUB_ICB_LOC","11X","E38000150","NHS SOMERSET ICB - 11X",5392,9817.2,54.9,49.4,59.8,149103,3.6,3.5,3.7,161,950,16.9,14.7,19.5,432,5537,7.8,7.1,8.5,3676,66.4,65.1,67.6
2024-01-31,"SUB_ICB_LOC","05Q","E38000153","NHS STAFFORDSHIRE AND STOKE-ON-TRENT ICB - 05Q",2089,3129.5,66.8,59.5,73,48848,4.3,4.1,4.5,196,779,25.2,22.2,28.3,101,2151,4.7,3.9,5.7,1545,71.8,69.9,73.7
2024-01-31,"SUB_ICB_LOC","01T","E38000161","NHS CHESHIRE AND MERSEYSIDE ICB - 01T",1194,2013.4,59.3,52.5,65.3,31975,3.7,3.5,3.9,193,1530,12.6,11,14.4,92,1220,7.5,6.2,9.2,810,66.4,63.7,69
2024-01-31,"SUB_ICB_LOC","00N","E38000163","NHS NORTH EAST AND NORTH CUMBRIA ICB - 00N",1470,2029.4,72.4,64.3,79.5,32823,4.5,4.3,4.7,152,875,17.4,15,20,100,1521,6.6,5.4,7.9,993,65.3,62.9,67.6
2024-01-31,"SUB_ICB_LOC","99G","E38000168","NHS MID AND SOUTH ESSEX ICB - 99G",1988,2445.7,81.3,72.6,88.9,36420,5.5,5.2,5.7,148,522,28.4,24.7,32.4,163,2067,7.9,6.8,9.1,1579,76.4,74.5,78.2
2024-01-31,"SUB_ICB_LOC","01V","E38000170","NHS CHESHIRE AND MERSEYSIDE ICB - 01V",1727,2381,72.5,64.7,79.4,34185,5.1,4.8,5.3,304,2364,12.9,11.6,14.3,200,1771,11.3,9.9,12.9,1412,79.7,77.8,81.5
2024-01-31,"SUB_ICB_LOC","01X","E38000172","NHS CHESHIRE AND MERSEYSIDE ICB - 01X",1814,2579.5,70.3,62.6,77,41376,4.4,4.2,4.6,153,982,15.6,13.4,18,167,1886,8.9,7.7,10.2,1250,66.3,64.1,68.4
2024-01-31,"SUB_ICB_LOC","05V","E38000173","NHS STAFFORDSHIRE AND STOKE-ON-TRENT ICB - 05V",1395,2332.6,59.8,53.1,65.7,35841,3.9,3.7,4.1,122,565,21.6,18.4,25.2,79,1429,5.5,4.5,6.8,931,65.2,62.6,67.6
2024-01-31,"SUB_ICB_LOC","01W","E38000174","NHS GREATER MANCHESTER ICB - 01W",3074,4181.1,73.5,65.9,80.2,63062,4.9,4.7,5,109,900,12.1,10.1,14.4,204,3160,6.5,5.7,7.4,2306,73,71.4,74.5
2024-01-31,"SUB_ICB_LOC","05W","E38000175","NHS STAFFORDSHIRE AND STOKE-ON-TRENT ICB - 05W",2899,3212.4,90.2,80.7,98.4,50997,5.7,5.5,5.9,100,2555,3.9,3.2,4.7,267,2987,8.9,8,10,2014,67.4,65.7,69.1
2024-01-31,"SUB_ICB_LOC","00P","E38000176","NHS NORTH EAST AND NORTH CUMBRIA ICB - 00P",2303,3584.3,64.3,57.3,70.2,58555,3.9,3.8,4.1,191,1046,18.3,16,20.7,254,2380,10.7,9.5,12,1492,62.7,60.7,64.6
2024-01-31,"SUB_ICB_LOC","07G","E38000185","NHS MID AND SOUTH ESSEX ICB - 07G",1049,1575,66.6,58.8,73.5,25692,4.1,3.8,4.3,88,663,13.3,10.9,16.1,121,1087,11.1,9.4,13.1,823,75.7,73.1,78.2
2024-01-31,"SUB_ICB_LOC","02A","E38000187","NHS GREATER MANCHESTER ICB - 02A",1859,2859.4,65,58,71.2,43381,4.3,4.1,4.5,171,803,21.3,18.6,24.3,106,1915,5.5,4.6,6.7,1268,66.2,64.1,68.3
2024-01-31,"SUB_ICB_LOC","03Q","E38000188","NHS HUMBER AND NORTH YORKSHIRE ICB - 03Q",2593,5054.9,51.3,45.9,56,77432,3.3,3.2,3.5,159,1825,8.7,7.5,10.1,114,2659,4.3,3.6,5.1,1920,72.2,70.5,73.9
2024-01-31,"SUB_ICB_LOC","03R","E38000190","NHS WEST YORKSHIRE ICB - 03R",2841,4410.3,64.4,57.5,70.3,72362,3.9,3.8,4.1,491,2644,18.6,17.1,20.1,316,2973,10.6,9.6,11.8,2237,75.2,73.7,76.8
2024-01-31,"SUB_ICB_LOC","02E","E38000194","NHS CHESHIRE AND MERSEYSIDE ICB - 02E",1967,2711.6,72.5,64.6,79.4,43044,4.6,4.4,4.8,235,1305,18,16,20.2,245,2023,12.1,10.8,13.6,1364,67.4,65.4,69.4
2024-01-31,"SUB_ICB_LOC","07H","E38000197","NHS HERTFORDSHIRE AND WEST ESSEX ICB - 07H",2864,4022.1,71.2,63.8,77.7,60113,4.8,4.6,4.9,82,1311,6.3,5.1,7.7,235,2942,8,7.1,9,1708,58.1,56.3,59.8
2024-01-31,"SUB_ICB_LOC","02G","E38000200","NHS LANCASHIRE AND SOUTH CUMBRIA ICB - 02G",1180,1664.7,70.9,62.7,78.1,26060,4.5,4.3,4.8,58,469,12.4,9.7,15.7,87,1210,7.2,5.9,8.8,734,60.7,57.9,63.4
2024-01-31,"SUB_ICB_LOC","04V","E38000201","NHS LEICESTER, LEICESTERSHIRE AND RUTLAND ICB - 04V",3284,5182.3,63.4,56.7,69.1,82884,4,3.8,4.1,170,1571,10.8,9.4,12.5,301,3375,8.9,8,9.9,2000,59.3,57.6,60.9
2024-01-31,"SUB_ICB_LOC","07K","E38000204","NHS SUFFOLK AND NORTH EAST ESSEX ICB - 07K",2344,4273.2,54.9,49,59.9,65090,3.6,3.5,3.7,299,841,35.6,32.4,38.8,257,2381,10.8,9.6,12.1,1604,67.4,65.5,69.2
2024-01-31,"SUB_ICB_LOC","02H","E38000205","NHS GREATER MANCHESTER ICB - 02H",2871,3993.1,71.9,64.1,78.5,66293,4.3,4.2,4.5,236,3385,7,6.2,7.9,151,2957,5.1,4.4,6,2027,68.5,66.9,70.2
2024-01-31,"SUB_ICB_LOC","12F","E38000208","NHS CHESHIRE AND MERSEYSIDE ICB - 12F",3168,4784.9,66.2,59.3,72.2,74918,4.2,4.1,4.4,122,784,15.6,13.2,18.3,437,3283,13.3,12.2,14.5,2454,74.7,73.2,76.2
2024-01-31,"SUB_ICB_LOC","13T","E38000212","NHS NORTH EAST AND NORTH CUMBRIA ICB - 13T",4014,5514,72.8,65.2,79.3,86751,4.6,4.5,4.8,107,2890,3.7,3.1,4.5,332,4169,8,7.2,8.8,2840,68.1,66.7,69.5
2024-01-31,"SUB_ICB_LOC","01H","E38000215","NHS NORTH EAST AND NORTH CUMBRIA ICB - 01H",2842,5047.2,56.3,50.3,61.4,80286,3.5,3.4,3.7,317,925,34.3,31.3,37.4,268,2948,9.1,8.1,10.2,1927,65.4,63.6,67.1
2024-01-31,"SUB_ICB_LOC","14L","E38000217","NHS GREATER MANCHESTER ICB - 14L",2706,3757.8,72,64,78.7,66612,4.1,3.9,4.2,115,2322,5,4.1,5.9,212,2832,7.5,6.6,8.5,1996,70.5,68.8,72.1
2024-01-31,"SUB_ICB_LOC","15A","E38000221","NHS BUCKINGHAMSHIRE, OXFORDSHIRE AND BERKSHIRE WEST ICB - 15A",3815,5957.7,64,57.4,69.8,92642,4.1,4,4.2,333,1128,29.5,26.9,32.2,334,3907,8.5,7.7,9.5,2543,65.1,63.6,66.6
2024-01-31,"SUB_ICB_LOC","15C","E38000222","NHS BRISTOL, NORTH SOMERSET AND SOUTH GLOUCESTERSHIRE ICB - 15C",8051,11763.6,68.4,61.6,74.4,177286,4.5,4.4,4.6,147,1580,9.3,8,10.8,639,8288,7.7,7.2,8.3,5457,65.8,64.8,66.9
2024-01-31,"SUB_ICB_LOC","14Y","E38000223","NHS BUCKINGHAMSHIRE, OXFORDSHIRE AND BERKSHIRE WEST ICB - 14Y",4357,7463.1,58.4,52.4,63.5,111317,3.9,3.8,4,227,1725,13.2,11.6,14.8,322,4447,7.2,6.5,8,2753,61.9,60.5,63.3
2024-01-31,"SUB_ICB_LOC","15F","E38000225","NHS WEST YORKSHIRE ICB - 15F",6312,8826,71.5,64.2,77.8,137934,4.6,4.5,4.7,1007,3484,28.9,27.4,30.4,364,6496,5.6,5.1,6.2,4727,72.8,71.7,73.8
2024-01-31,"SUB_ICB_LOC","02M","E38000226","NHS LANCASHIRE AND SOUTH CUMBRIA ICB - 02M",2232,3475.1,64.2,57.4,70.2,52546,4.2,4.1,4.4,200,819,24.4,21.6,27.5,135,2302,5.9,5,6.9,1499,65.1,63.1,67
2024-01-31,"SUB_ICB_LOC","01E","E38000227","NHS LANCASHIRE AND SOUTH CUMBRIA ICB - 01E",1682,2321.5,72.5,64.5,79.4,36970,4.5,4.3,4.8,46,831,5.5,4.2,7.3,147,1736,8.5,7.2,9.9,1311,75.5,73.4,77.5
2024-01-31,"SUB_ICB_LOC","01K","E38000228","NHS LANCASHIRE AND SOUTH CUMBRIA ICB - 01K",3690,5225.5,70.6,63.3,76.9,81025,4.6,4.4,4.7,141,1000,14.1,12.1,16.4,280,3810,7.3,6.6,8.2,2425,63.6,62.1,65.2
2024-01-31,"SUB_ICB_LOC","92G","E38000231","NHS BATH AND NORTH EAST SOMERSET, SWINDON AND WILTSHIRE ICB - 92G",7923,13463.9,58.8,52.9,63.9,205502,3.9,3.8,3.9,479,4921,9.7,8.9,10.6,536,8132,6.6,6.1,7.2,5494,67.6,66.5,68.6
2024-01-31,"SUB_ICB_LOC","36J","E38000232","NHS WEST YORKSHIRE ICB - 36J",4889,6582,74.3,66.6,80.9,104416,4.7,4.6,4.8,584,2946,19.8,18.4,21.3,736,5071,14.5,13.6,15.5,3742,73.8,72.6,75
2024-01-31,"SUB_ICB_LOC","27D","E38000233","NHS CHESHIRE AND MERSEYSIDE ICB - 27D",7598,11480.6,66.2,59.5,71.9,175993,4.3,4.2,4.4,269,2506,10.7,9.6,12,791,7802,10.1,9.5,10.8,5598,71.8,70.7,72.7
2024-01-31,"SUB_ICB_LOC","84H","E38000234","NHS NORTH EAST AND NORTH CUMBRIA ICB - 84H",5162,7256.8,71.1,63.7,77.4,120069,4.3,4.2,4.4,453,2390,19,17.4,20.6,350,5374,6.5,5.9,7.2,3753,69.8,68.6,71
2024-01-31,"SUB_ICB_LOC","97R","E38000235","NHS SUSSEX ICB - 97R",6302,10067.4,62.6,56.3,68,147668,4.3,4.2,4.4,573,3836,14.9,13.8,16.1,677,6457,10.5,9.8,11.3,4573,70.8,69.7,71.9
2024-01-31,"SUB_ICB_LOC","18C","E38000236","NHS HEREFORDSHIRE AND WORCESTERSHIRE ICB - 18C",6812,12687.5,53.7,48.2,58.4,194939,3.5,3.4,3.6,209,3172,6.6,5.8,7.5,724,7007,10.3,9.6,11.1,4812,68.7,67.6,69.7
2024-01-31,"SUB_ICB_LOC","91Q","E38000237","NHS KENT AND MEDWAY ICB - 91Q",14908,25219.9,59.1,53.2,64.1,389623,3.8,3.8,3.9,667,4914,13.6,12.6,14.6,1265,15410,8.2,7.8,8.7,10384,67.4,66.6,68.1
2024-01-31,"SUB_ICB_LOC","71E","E38000238","NHS LINCOLNSHIRE ICB - 71E",8078,12324.8,65.5,58.9,71.3,192623,4.2,4.1,4.3,925,5285,17.5,16.5,18.6,735,8410,8.7,8.2,9.4,5219,62.1,61,63.1
2024-01-31,"SUB_ICB_LOC","26A","E38000239","NHS NORFOLK AND WAVENEY ICB - 26A",10935,17817.8,61.4,55.3,66.7,267483,4.1,4,4.2,845,4654,18.2,17.1,19.3,1284,11254,11.4,10.8,12,7002,62.2,61.3,63.1
2024-01-31,"SUB_ICB_LOC","93C","E38000240","NHS NORTH CENTRAL LONDON ICB - 93C",8496,12536.3,67.8,60.8,73.7,201346,4.2,4.1,4.3,324,2773,11.7,10.5,12.9,716,8752,8.2,7.6,8.8,5622,64.2,63.2,65.2
2024-01-31,"SUB_ICB_LOC","42D","E38000241","NHS HUMBER AND NORTH YORKSHIRE ICB - 42D",4427,7382.6,60,53.8,65.2,113462,3.9,3.8,4,507,3109,16.3,15.1,17.6,247,4535,5.4,4.8,6.1,3200,70.6,69.2,71.9
2024-01-31,"SUB_ICB_LOC","52R","E38000243","NHS NOTTINGHAM AND NOTTINGHAMSHIRE ICB - 52R",8853,12699.7,69.7,62.7,75.7,198617,4.5,4.4,4.5,314,4207,7.5,6.7,8.3,880,9275,9.5,8.9,10.1,6383,68.8,67.9,69.8
2024-01-31,"SUB_ICB_LOC","72Q","E38000244","NHS SOUTH EAST LONDON ICB - 72Q",10509,15111.8,69.5,62.4,75.5,244132,4.3,4.2,4.4,813,6618,12.3,11.5,13.1,881,10905,8.1,7.6,8.6,7106,65.2,64.3,66.1
2024-01-31,"SUB_ICB_LOC","36L","E38000245","NHS SOUTH WEST LONDON ICB - 36L",10228,14167.6,72.2,64.8,78.4,224821,4.5,4.5,4.6,470,3660,12.8,11.8,14,988,10586,9.3,8.8,9.9,7178,67.8,66.9,68.7
2024-01-31,"SUB_ICB_LOC","16C","E38000247","NHS NORTH EAST AND NORTH CUMBRIA ICB - 16C",6243,8537.3,73.1,65.5,79.5,139271,4.5,4.4,4.6,840,3865,21.7,20.5,23.1,375,6467,5.8,5.3,6.4,4452,68.8,67.7,70
2024-01-31,"SUB_ICB_LOC","M1J4Y","E38000249","NHS BEDFORDSHIRE, LUTON AND MILTON KEYNES ICB - M1J4Y",6931,10295.3,67.3,60.4,73.2,166377,4.2,4.1,4.3,609,4583,13.3,12.3,14.3,671,7220,9.3,8.6,10,4778,66.2,65.1,67.3
2024-01-31,"SUB_ICB_LOC","70F","E38000265","NHS SUSSEX ICB - 70F",9367,14756.5,63.5,57.2,68.9,213280,4.4,4.3,4.5,299,4150,7.2,6.5,8,701,9575,7.3,6.8,7.9,6225,65,64.1,66
2024-02-29,"ICB","QK1","E54000015","NHS LEICESTER, LEICESTERSHIRE AND RUTLAND INTEGRATED CARE BOARD",8857,13562.1,65.3,58.7,70.9,215332,4.1,4,4.2,311,6234,5,4.5,5.6,892,9195,9.7,9.1,10.3,6356,69.1,68.2,70.1
2024-02-29,"ICB","QWU","E54000018","NHS COVENTRY AND WARWICKSHIRE INTEGRATED CARE BOARD",7035,12311.9,57.1,51.4,62.1,188169,3.7,3.7,3.8,506,4189,12.1,11.1,13.1,810,7278,11.1,10.4,11.9,5084,69.9,68.8,70.9
2024-02-29,"ICB","QGH","E54000019","NHS HEREFORDSHIRE AND WORCESTERSHIRE INTEGRATED CARE BOARD",6844,12695.9,53.9,48.5,58.6,195097,3.5,3.4,3.6,234,3458,6.8,6,7.7,742,7042,10.5,9.8,11.3,5328,75.7,74.6,76.6
2024-02-29,"ICB","QMM","E54000022","NHS NORFOLK AND WAVENEY INTEGRATED CARE BOARD",10908,17836.4,61.2,55.1,66.4,267761,4.1,4,4.1,909,5116,17.8,16.7,18.8,1318,11223,11.7,11.2,12.4,7614,67.8,67,68.7
2024-02-29,"ICB","QJG","E54000023","NHS SUFFOLK AND NORTH EAST ESSEX INTEGRATED CARE BOARD",9710,16137.7,60.2,54.2,65.3,243633,4,3.9,4.1,1575,4869,32.3,31,33.7,1188,9998,11.9,11.3,12.5,7467,74.7,73.8,75.5
2024-02-29,"ICB","QHG","E54000024","NHS BEDFORDSHIRE, LUTON AND MILTON KEYNES INTEGRATED CARE BOARD",6958,10311.5,67.5,60.5,73.3,166569,4.2,4.1,4.3,678,4970,13.6,12.7,14.6,667,7249,9.2,8.6,9.9,5096,70.3,69.2,71.3
2024-02-29,"ICB","QM7","E54000025","NHS HERTFORDSHIRE AND WEST ESSEX INTEGRATED CARE BOARD",12088,18783.6,64.4,58,69.8,278882,4.3,4.3,4.4,756,5631,13.4,12.6,14.3,1083,12431,8.7,8.2,9.2,8743,70.3,69.5,71.1
2024-02-29,"ICB","QH8","E54000026","NHS MID AND SOUTH ESSEX INTEGRATED CARE BOARD",10524,16060.8,65.5,59,71.2,243801,4.3,4.2,4.4,932,5025,18.5,17.5,19.6,1020,10869,9.4,8.9,9.9,7799,71.8,70.9,72.6
2024-02-29,"ICB","QRV","E54000027","NHS NORTH WEST LONDON INTEGRATED CARE BOARD",12591,19334.9,65.1,58.4,70.7,317497,4,3.9,4,1281,10841,11.8,11.2,12.4,1124,13135,8.6,8.1,9,9542,72.6,71.9,73.4
2024-02-29,"ICB","QMJ","E54000028","NHS NORTH CENTRAL LONDON INTEGRATED CARE BOARD",8470,12554.9,67.5,60.5,73.3,201729,4.2,4.1,4.3,366,3096,11.8,10.7,13,739,8720,8.5,7.9,9.1,6307,72.3,71.4,73.3
2024-02-29,"ICB","QMF","E54000029","NHS NORTH EAST LONDON INTEGRATED CARE BOARD",8082,13385.4,60.4,54,65.7,225878,3.6,3.5,3.7,687,7972,8.6,8,9.3,766,8460,9.1,8.5,9.7,6341,75,74,75.9
2024-02-29,"ICB","QKK","E54000030","NHS SOUTH EAST LONDON INTEGRATED CARE BOARD",10531,15116.3,69.7,62.5,75.7,244454,4.3,4.2,4.4,925,7251,12.8,12,13.5,864,10927,7.9,7.4,8.4,7592,69.5,68.6,70.3
2024-02-29,"ICB","QWE","E54000031","NHS SOUTH WEST LONDON INTEGRATED CARE BOARD",10218,14170.7,72.1,64.8,78.3,224823,4.5,4.5,4.6,514,4006,12.8,11.8,13.9,1006,10581,9.5,9,10.1,7829,74,73.1,74.8
2024-02-29,"ICB","QKS","E54000032","NHS KENT AND MEDWAY INTEGRATED CARE BOARD",14922,25242.2,59.1,53.2,64.2,389967,3.8,3.8,3.9,743,5429,13.7,12.8,14.6,1301,15425,8.4,8,8.9,10936,70.9,70.2,71.6
2024-02-29,"ICB","QNQ","E54000034","NHS FRIMLEY INTEGRATED CARE BOARD",5892,8776.6,67.1,60.3,73,134035,4.4,4.3,4.5,473,2533,18.7,17.2,20.2,491,6023,8.2,7.5,8.9,4274,71,69.8,72.1
2024-02-29,"ICB","QT6","E54000036","NHS CORNWALL AND THE ISLES OF SCILLY INTEGRATED CARE BOARD",5728,9617.7,59.6,53.4,64.8,150941,3.8,3.7,3.9,406,2358,17.2,15.7,18.8,519,5852,8.9,8.2,9.6,3979,68,66.8,69.2
2024-02-29,"ICB","QSL","E54000038","NHS SOMERSET INTEGRATED CARE BOARD",5390,9833,54.8,49.3,59.6,149317,3.6,3.5,3.7,173,1056,16.4,14.3,18.7,442,5533,8,7.3,8.7,4018,72.6,71.4,73.8
2024-02-29,"ICB","QUY","E54000039","NHS BRISTOL, NORTH SOMERSET AND SOUTH GLOUCESTERSHIRE INTEGRATED CARE BOARD",8041,11780.4,68.3,61.4,74.2,177503,4.5,4.4,4.6,161,1717,9.4,8.1,10.8,644,8279,7.8,7.2,8.4,5996,72.4,71.5,73.4
2024-02-29,"ICB","QOX","E54000040","NHS BATH AND NORTH EAST SOMERSET, SWINDON AND WILTSHIRE INTEGRATED CARE BOARD",7987,13484,59.2,53.3,64.3,205984,3.9,3.8,4,538,5368,10,9.2,10.9,553,8199,6.7,6.2,7.3,5997,73.1,72.2,74.1
2024-02-29,"ICB","QVV","E54000041","NHS DORSET INTEGRATED CARE BOARD",8062,14265.4,56.5,50.9,61.4,207421,3.9,3.8,4,334,6778,4.9,4.4,5.5,684,8280,8.3,7.7,8.9,6136,74.1,73.2,75
2024-02-29,"ICB","QRL","E54000042","NHS HAMPSHIRE AND ISLE OF WIGHT INTEGRATED CARE BOARD",16625,26892.2,61.8,55.7,67,404560,4.1,4,4.2,616,8189,7.5,7,8.1,1863,17062,10.9,10.5,11.4,11865,69.5,68.8,70.2
2024-02-29,"ICB","QR1","E54000043","NHS GLOUCESTERSHIRE INTEGRATED CARE BOARD",6226,9801.2,63.5,57.1,69.1,149353,4.2,4.1,4.3,437,4202,10.4,9.5,11.4,586,6394,9.2,8.5,9.9,4775,74.7,73.6,75.7
2024-02-29,"ICB","QU9","E54000044","NHS BUCKINGHAMSHIRE, OXFORDSHIRE AND BERKSHIRE WEST INTEGRATED CARE BOARD",14155,22874.1,61.9,55.7,67.2,345629,4.1,4,4.2,842,4631,18.2,17.1,19.3,1179,14462,8.2,7.7,8.6,10187,70.4,69.7,71.2
2024-02-29,"ICB","QE1","E54000048","NHS LANCASHIRE AND SOUTH CUMBRIA INTEGRATED CARE BOARD",15968,23351,68.4,61.5,74.2,371115,4.3,4.2,4.4,919,9364,9.8,9.2,10.4,1180,16517,7.1,6.8,7.5,11736,71.1,70.4,71.7
2024-02-29,"ICB","QHM","E54000050","NHS NORTH EAST AND NORTH CUMBRIA INTEGRATED CARE BOARD",27492,40362.8,68.1,61.2,73.9,653774,4.2,4.2,4.3,2646,17429,15.2,14.7,15.7,2046,28472,7.2,6.9,7.5,20920,73.5,73,74
2024-02-29,"ICB","QOQ","E54000051","NHS HUMBER AND NORTH YORKSHIRE INTEGRATED CARE BOARD",14995,25579.7,58.6,52.8,63.6,401075,3.7,3.7,3.8,1943,12519,15.5,14.9,16.2,1034,15520,6.7,6.3,7.1,11233,72.4,71.7,73.1
2024-02-29,"ICB","QWO","E54000054","NHS WEST YORKSHIRE INTEGRATED CARE BOARD",18833,27335.8,68.9,61.9,74.8,436788,4.3,4.3,4.4,2861,15447,18.5,17.9,19.1,1827,19553,9.3,8.9,9.8,14925,76.3,75.7,76.9
2024-02-29,"ICB","QHL","E54000055","NHS BIRMINGHAM AND SOLIHULL INTEGRATED CARE BOARD",8712,14427.2,60.4,54.3,65.6,220727,3.9,3.9,4,593,5281,11.2,10.4,12.1,978,9047,10.8,10.2,11.5,6661,73.6,72.7,74.5
2024-02-29,"ICB","QUE","E54000056","NHS CAMBRIDGESHIRE AND PETERBOROUGH INTEGRATED CARE BOARD",6473,10946.1,59.1,53.1,64.3,169270,3.8,3.7,3.9,449,3314,13.5,12.4,14.8,623,6704,9.3,8.6,10,4807,71.7,70.6,72.8
2024-02-29,"ICB","QOP","E54000057","NHS GREATER MANCHESTER INTEGRATED CARE BOARD",21972,30026.8,73.2,65.7,79.4,490696,4.5,4.4,4.5,1627,16883,9.6,9.2,10.1,1631,22780,7.2,6.8,7.5,17115,75.1,74.6,75.7
2024-02-29,"ICB","QJ2","E54000058","NHS DERBY AND DERBYSHIRE INTEGRATED CARE BOARD",9907,14672.3,67.5,60.7,73.4,232312,4.3,4.2,4.3,1291,3784,34.1,32.6,35.6,1005,10419,9.6,9.1,10.2,7459,71.6,70.7,72.4
2024-02-29,"ICB","QPM","E54000059","NHS NORTHAMPTONSHIRE INTEGRATED CARE BOARD",5633,8872.8,63.5,56.9,69.1,142981,3.9,3.8,4,343,4573,7.5,6.8,8.3,598,5800,10.3,9.6,11.1,4075,70.3,69.1,71.4
2024-02-29,"ICB","QT1","E54000060","NHS NOTTINGHAM AND NOTTINGHAMSHIRE INTEGRATED CARE BOARD",10145,14430.4,70.3,63.2,76.3,226346,4.5,4.4,4.6,476,5296,9,8.2,9.8,1003,10600,9.5,8.9,10,7840,74,73.1,74.8
2024-02-29,"ICB","QF7","E54000061","NHS SOUTH YORKSHIRE INTEGRATED CARE BOARD",12209,16176.7,75.5,67.9,82,258038,4.7,4.7,4.8,1178,8497,13.9,13.1,14.6,917,12708,7.2,6.8,7.7,8953,70.5,69.7,71.2
2024-02-29,"ICB","QUA","E54000062","NHS BLACK COUNTRY INTEGRATED CARE BOARD",9158,14359.7,63.8,57.3,69.3,220286,4.2,4.1,4.2,607,8588,7.1,6.5,7.6,1026,9543,10.8,10.1,11.4,5141,53.9,52.9,54.9
2024-02-29,"ICB","QXU","E54000063","NHS SURREY HEARTLANDS ICB",9898,14831.4,66.7,60.1,72.5,212493,4.7,4.6,4.7,283,2425,11.7,10.5,13,928,10088,9.2,8.7,9.8,7262,72,71.1,72.9
2024-02-29,"NHS_REGION","Y59","E40000005","SOUTH EAST",78977,126313.6,62.5,56.4,67.8,1892556,4.2,4.1,4.2,4016,32748,12.3,11.9,12.6,7244,80963,8.9,8.8,9.1,57507,71,70.7,71.3
2024-02-29,"NHS_REGION","Y58","E40000006","SOUTH WEST",53222,89203,59.7,53.8,64.7,1349022,3.9,3.9,4,3085,27222,11.3,11,11.7,4498,54608,8.2,8,8.5,39556,72.4,72.1,72.8
2024-02-29,"NHS_REGION","Y61","E40000007","EAST OF ENGLAND",56661,90076,62.9,56.7,68.2,1369916,4.1,4.1,4.2,5299,28925,18.3,17.9,18.8,5899,58474,10.1,9.8,10.3,41526,71,70.6,71.4
2024-02-29,"NHS_REGION","Y62","E40000010","NORTH WEST",60667,87419.9,69.4,62.5,75.3,1403269,4.3,4.3,4.4,4663,40912,11.4,11.1,11.7,5410,62757,8.6,8.4,8.8,46178,73.6,73.2,73.9
2024-02-29,"NHS_REGION","Y63","E40000012","NORTH EAST AND YORKSHIRE",73529,109455,67.2,60.5,72.9,1749675,4.2,4.2,4.2,8628,53892,16,15.7,16.3,5824,76253,7.6,7.5,7.8,56031,73.5,73.2,73.8
2024-02-29,"SUB_ICB_LOC","02P","E38000006","NHS SOUTH YORKSHIRE ICB - 02P",2269,3072.2,73.9,65.8,80.8,50945,4.5,4.3,4.6,155,953,16.3,14.1,18.7,84,2358,3.6,2.9,4.4,1726,73.2,71.4,74.9
2024-02-29,"SUB_ICB_LOC","99E","E38000007","NHS MID AND SOUTH ESSEX ICB - 99E",2025,3462.1,58.5,52.2,64,51922,3.9,3.7,4.1,228,1436,15.9,14.1,17.9,214,2113,10.1,8.9,11.5,1488,70.4,68.4,72.3
2024-02-29,"SUB_ICB_LOC","02Q","E38000008","NHS NOTTINGHAM AND NOTTINGHAMSHIRE ICB - 02Q",1295,1725.2,75.1,66.5,82.5,27506,4.7,4.5,5,133,692,19.2,16.5,22.3,133,1346,9.9,8.4,11.6,1023,76,73.6,78.2
2024-02-29,"SUB_ICB_LOC","00Q","E38000014","NHS LANCASHIRE AND SOUTH CUMBRIA ICB - 00Q",1056,1590.7,66.4,58.5,73.2,26896,3.9,3.7,4.2,68,1066,6.4,5.1,8,94,1106,8.5,7,10.3,823,74.4,71.8,76.9
2024-02-29,"SUB_ICB_LOC","00R","E38000015","NHS LANCASHIRE AND SOUTH CUMBRIA ICB - 00R",1498,2176.4,68.8,61.2,75.5,34742,4.3,4.1,4.5,70,674,10.4,8.3,12.9,129,1569,8.2,7,9.7,1009,64.3,61.9,66.6
2024-02-29,"SUB_ICB_LOC","00T","E38000016","NHS GREATER MANCHESTER ICB - 00T",2343,3274.4,71.6,63.8,78.3,53925,4.3,4.2,4.5,190,2963,6.4,5.6,7.4,185,2436,7.6,6.6,8.7,1969,80.8,79.2,82.3
2024-02-29,"SUB_ICB_LOC","09D","E38000021","NHS SUSSEX ICB - 09D",1882,2844.3,66.2,59,72.5,44502,4.2,4,4.4,139,790,17.6,15.1,20.4,114,1934,5.9,4.9,7,1422,73.5,71.5,75.4
2024-02-29,"SUB_ICB_LOC","00V","E38000024","NHS GREATER MANCHESTER ICB - 00V",1827,2392.6,76.4,68,83.6,37926,4.8,4.6,5,12,322,3.7,2.1,6.4,173,1884,9.2,8,10.6,1420,75.4,73.4,77.3
2024-02-29,"SUB_ICB_LOC","02T","E38000025","NHS WEST YORKSHIRE ICB - 02T",1692,2586.4,65.4,58.2,71.7,42593,4,3.8,4.2,179,1866,9.6,8.3,11,137,1761,7.8,6.6,9.1,1244,70.6,68.5,72.7
2024-02-29,"SUB_ICB_LOC","04Y","E38000028","NHS STAFFORDSHIRE AND STOKE-ON-TRENT ICB - 04Y",1375,1826.6,75.3,66.8,82.7,28945,4.8,4.5,5,195,605,32.2,28.6,36.1,146,1412,10.3,8.9,12,1056,74.8,72.5,77
2024-02-29,"SUB_ICB_LOC","99F","E38000030","NHS MID AND SOUTH ESSEX ICB - 99F",2080,3005.4,69.2,61.8,75.7,44375,4.7,4.5,4.9,207,703,29.4,26.2,32.9,154,2129,7.2,6.2,8.4,1483,69.7,67.7,71.6
2024-02-29,"SUB_ICB_LOC","00X","E38000034","NHS LANCASHIRE AND SOUTH CUMBRIA ICB - 00X",1672,2464,67.9,60.3,74.4,39845,4.2,4,4.4,61,1043,5.8,4.6,7.4,94,1719,5.5,4.5,6.6,1273,74.1,71.9,76.1
2024-02-29,"SUB_ICB_LOC","02X","E38000044","NHS SOUTH YORKSHIRE ICB - 02X",2698,3733.9,72.3,64.5,78.9,60719,4.4,4.3,4.6,270,3313,8.1,7.3,9.1,191,2819,6.8,5.9,7.8,1711,60.7,58.9,62.5
2024-02-29,"SUB_ICB_LOC","11J","E38000045","NHS DORSET ICB - 11J",8062,14265.4,56.5,50.9,61.4,207421,3.9,3.8,4,334,6778,4.9,4.4,5.5,684,8280,8.3,7.7,8.9,6136,74.1,73.2,75
2024-02-29,"SUB_ICB_LOC","06K","E38000049","NHS HERTFORDSHIRE AND WEST ESSEX ICB - 06K",4614,7341.6,62.8,56.4,68.4,108606,4.2,4.1,4.4,222,2859,7.8,6.8,8.8,374,4748,7.9,7.1,8.7,3360,70.8,69.5,72
2024-02-29,"SUB_ICB_LOC","01A","E38000050","NHS LANCASHIRE AND SOUTH CUMBRIA ICB - 01A",2948,4419,66.7,59.6,72.9,72858,4,3.9,4.2,243,3162,7.7,6.8,8.7,225,3058,7.4,6.5,8.3,2280,74.6,73,76.1
2024-02-29,"SUB_ICB_LOC","03W","E38000051","NHS LEICESTER, LEICESTERSHIRE AND RUTLAND ICB - 03W",3296,5365,61.4,55.1,66.9,81019,4.1,3.9,4.2,89,1922,4.6,3.8,5.7,309,3381,9.1,8.2,10.2,2453,72.6,71,74
2024-02-29,"SUB_ICB_LOC","02Y","E38000052","NHS HUMBER AND NORTH YORKSHIRE ICB - 02Y",3209,5457.7,58.8,52.7,64.1,84695,3.8,3.7,3.9,428,2407,17.8,16.3,19.4,221,3289,6.7,5.9,7.6,2268,69,67.4,70.5
2024-02-29,"SUB_ICB_LOC","05D","E38000053","NHS STAFFORDSHIRE AND STOKE-ON-TRENT ICB - 05D",1185,1912.5,62,54.9,68.1,29799,4,3.8,4.2,110,801,13.7,11.5,16.3,71,1231,5.8,4.6,7.2,956,77.7,75.2,79.9
2024-02-29,"SUB_ICB_LOC","11M","E38000062","NHS GLOUCESTERSHIRE ICB - 11M",6226,9801.2,63.5,57.1,69.1,149353,4.2,4.1,4.3,437,4202,10.4,9.5,11.4,586,6394,9.2,8.5,9.9,4775,74.7,73.6,75.7
2024-02-29,"SUB_ICB_LOC","15N","E38000230","NHS DEVON ICB - 15N",11788,20421.3,57.7,52,62.7,308503,3.8,3.8,3.9,1036,5743,18,17.1,19.1,1070,12071,8.9,8.4,9.4,8655,71.7,70.9,72.5
2024-02-29,"SUB_ICB_LOC","97R","E38000235","NHS SUSSEX ICB - 97R",6310,10076.6,62.6,56.3,68.1,147811,4.3,4.2,4.4,597,4214,14.2,13.1,15.3,684,6472,10.6,9.8,11.3,4852,75,73.9,76
2024-02-29,"SUB_ICB_LOC","70F","E38000265","NHS SUSSEX ICB - 70F",9293,14776.1,62.9,56.7,68.3,213559,4.4,4.3,4.4,323,4537,7.1,6.4,7.9,684,9497,7.2,6.7,7.7,6709,70.6,69.7,71.6
2024-02-29,"SUB_ICB_LOC","01F","E38000068","NHS CHESHIRE AND MERSEYSIDE ICB - 01F",951,1428.5,66.6,58.5,73.7,25298,3.8,3.5,4,150,609,24.6,21.4,28.2,79,995,7.9,6.4,9.8,703,70.7,67.7,73.4
2024-02-29,"SUB_ICB_LOC","06N","E38000079","NHS HERTFORDSHIRE AND WEST ESSEX ICB - 06N",4603,7409.8,62.1,55.8,67.6,110058,4.2,4.1,4.3,448,1361,32.9,30.5,35.5,476,4734,10.1,9.2,10.9,3357,70.9,69.6,72.2
2024-02-29,"SUB_ICB_LOC","01D","E38000080","NHS GREATER MANCHESTER ICB - 01D",1751,2343,74.7,66.4,82,39950,4.4,4.2,4.6,131,1293,10.1,8.6,11.9,141,1848,7.6,6.5,8.9,1313,71,68.9,73.1
2024-02-29,"SUB_ICB_LOC","03F","E38000085","NHS HUMBER AND NORTH YORKSHIRE ICB - 03F",1954,2864.8,68.2,60.6,74.7,48717,4,3.8,4.2,261,1689,15.5,13.8,17.3,223,2046,10.9,9.6,12.3,1383,67.6,65.5,69.6
2024-02-29,"SUB_ICB_LOC","06L","E38000086","NHS SUFFOLK AND NORTH EAST ESSEX ICB - 06L",3656,6301.8,58,52.1,63.2,95002,3.8,3.7,4,976,2203,44.3,42.2,46.4,337,3749,9,8.1,9.9,2788,74.4,72.9,75.7
2024-02-29,"SUB_ICB_LOC","11N","E38000089","NHS CORNWALL AND THE ISLES OF SCILLY ICB - 11N",5728,9617.7,59.6,53.4,64.8,150941,3.8,3.7,3.9,406,2358,17.2,15.7,18.8,519,5852,8.9,8.2,9.6,3979,68,66.8,69.2
2024-02-29,"SUB_ICB_LOC","01J","E38000091","NHS CHESHIRE AND MERSEYSIDE ICB - 01J",997,1665.5,59.9,52.6,66.1,29057,3.4,3.2,3.6,244,940,26,23.3,28.9,112,1044,10.7,9,12.8,656,62.8,59.9,65.7
2024-02-29,"SUB_ICB_LOC","04C","E38000097","NHS LEICESTER, LEICESTERSHIRE AND RUTLAND ICB - 04C",2280,3000.4,76,67.6,83.1,51277,4.4,4.3,4.6,41,2580,1.6,1.2,2.1,278,2444,11.4,10.2,12.7,1710,70,68.1,71.8
2024-02-29,"SUB_ICB_LOC","99A","E38000101","NHS CHESHIRE AND MERSEYSIDE ICB - 99A",3192,4975.4,64.2,57.2,70,85136,3.7,3.6,3.9,273,2347,11.6,10.4,13,442,3316,13.3,12.2,14.5,2464,74.3,72.8,75.8
2024-02-29,"SUB_ICB_LOC","06Q","E38000106","NHS MID AND SOUTH ESSEX ICB - 06Q",3359,5569.8,60.3,54,65.8,85357,3.9,3.8,4.1,232,1574,14.7,13.1,16.6,372,3447,10.8,9.8,11.9,2385,69.2,67.6,70.7
2024-02-29,"SUB_ICB_LOC","06T","E38000117","NHS SUFFOLK AND NORTH EAST ESSEX ICB - 06T",3731,5555.4,67.2,60.2,73.2,83493,4.5,4.3,4.6,275,1763,15.6,14,17.4,595,3889,15.3,14.2,16.5,2970,76.4,75,77.7
2024-02-29,"SUB_ICB_LOC","03H","E38000119","NHS HUMBER AND NORTH YORKSHIRE ICB - 03H",1394,2283.1,61.1,54.2,67.1,36060,3.9,3.7,4.1,272,1114,24.4,22,27,119,1478,8.1,6.8,9.5,1092,73.9,71.6,76.1
2024-02-29,"SUB_ICB_LOC","03K","E38000122","NHS HUMBER AND NORTH YORKSHIRE ICB - 03K",1406,2521.1,55.8,49.5,61.2,40394,3.5,3.3,3.7,250,1879,13.3,11.8,14.9,104,1509,6.9,5.7,8.3,1034,68.5,66.1,70.8
2024-02-29,"SUB_ICB_LOC","05G","E38000126","NHS STAFFORDSHIRE AND STOKE-ON-TRENT ICB - 05G",2477,3456.8,71.7,64.1,78.3,53222,4.7,4.5,4.8,136,2213,6.1,5.2,7.2,298,2523,11.8,10.6,13.1,1838,72.8,71.1,74.5
2024-02-29,"SUB_ICB_LOC","99C","E38000127","NHS NORTH EAST AND NORTH CUMBRIA ICB - 99C",2037,2934.4,69.4,61.8,76,47255,4.3,4.1,4.5,81,1778,4.6,3.7,5.6,158,2100,7.5,6.5,8.7,1528,72.8,70.8,74.6
2024-02-29,"SUB_ICB_LOC","00L","E38000130","NHS NORTH EAST AND NORTH CUMBRIA ICB - 00L",3444,5420.7,63.5,56.8,69.3,88175,3.9,3.8,4,279,2449,11.4,10.2,12.7,195,3543,5.5,4.8,6.3,2503,70.6,69.1,72.1
2024-02-29,"SUB_ICB_LOC","00Y","E38000135","NHS GREATER MANCHESTER ICB - 00Y",1862,2516.4,74,65.8,81.1,41140,4.5,4.3,4.7,187,2553,7.3,6.4,8.4,151,1938,7.8,6.7,9.1,1435,74,72,75.9
2024-02-29,"SUB_ICB_LOC","10Q","E38000136","NHS BUCKINGHAMSHIRE, OXFORDSHIRE AND BERKSHIRE WEST ICB - 10Q",5952,9425.8,63.1,56.7,68.7,141412,4.2,4.1,4.3,232,1489,15.6,13.8,17.5,523,6079,8.6,7.9,9.3,4229,69.6,68.4,70.7
2024-02-29,"SUB_ICB_LOC","10R","E38000137","NHS HAMPSHIRE AND ISLE OF WIGHT ICB - 10R",1469,2185.9,67.2,59.6,73.8,34525,4.3,4,4.5,32,1208,2.6,1.9,3.7,160,1513,10.6,9.1,12.2,1058,69.9,67.6,72.2
2024-02-29,"SUB_ICB_LOC","03L","E38000141","NHS SOUTH YORKSHIRE ICB - 03L",2750,3208.6,85.7,76.5,93.6,51719,5.3,5.1,5.5,419,2037,20.6,18.9,22.4,187,2864,6.5,5.7,7.5,2098,73.3,71.6,74.8
2024-02-29,"SUB_ICB_LOC","01G","E38000143","NHS GREATER MANCHESTER ICB - 01G",1919,2368.5,81,72.1,88.7,39241,4.9,4.7,5.1,216,859,25.1,22.4,28.2,133,1986,6.7,5.7,7.9,1534,77.2,75.3,79
2024-02-29,"SUB_ICB_LOC","03N","E38000146","NHS SOUTH YORKSHIRE ICB - 03N",4492,6161.9,72.9,65.4,79.3,94655,4.7,4.6,4.9,334,2194,15.2,13.8,16.8,455,4667,9.7,8.9,10.6,3418,73.2,71.9,74.5
2024-02-29,"SUB_ICB_LOC","11X","E38000150","NHS SOMERSET ICB - 11X",5390,9833,54.8,49.3,59.6,149317,3.6,3.5,3.7,173,1056,16.4,14.3,18.7,442,5533,8,7.3,8.7,4018,72.6,71.4,73.8
2024-02-29,"SUB_ICB_LOC","05Q","E38000153","NHS STAFFORDSHIRE AND STOKE-ON-TRENT ICB - 05Q",2087,3138.3,66.5,59.3,72.7,48895,4.3,4.1,4.5,222,884,25.1,22.4,28.1,116,2149,5.4,4.5,6.4,1629,75.8,73.9,77.6
2024-02-29,"SUB_ICB_LOC","01T","E38000161","NHS CHESHIRE AND MERSEYSIDE ICB - 01T",1186,2012.2,58.9,52.1,64.9,32022,3.7,3.5,3.9,225,1766,12.7,11.3,14.4,92,1211,7.6,6.2,9.2,897,74.1,71.5,76.5
2024-02-29,"SUB_ICB_LOC","00N","E38000163","NHS NORTH EAST AND NORTH CUMBRIA ICB - 00N",1474,2027.5,72.7,64.5,79.8,32873,4.5,4.3,4.7,154,954,16.1,13.9,18.6,110,1527,7.2,6,8.6,1073,70.3,67.9,72.5
2024-02-29,"SUB_ICB_LOC","99G","E38000168","NHS MID AND SOUTH ESSEX ICB - 99G",2007,2444.9,82.1,73.3,89.8,36436,5.5,5.3,5.7,161,589,27.3,23.9,31.1,165,2087,7.9,6.8,9.1,1593,76.3,74.5,78.1
2024-02-29,"SUB_ICB_LOC","01V","E38000170","NHS CHESHIRE AND MERSEYSIDE ICB - 01V",1726,2382,72.5,64.7,79.4,34203,5,4.8,5.3,353,2758,12.8,11.6,14.1,197,1770,11.1,9.7,12.7,1462,82.6,80.8,84.3
2024-02-29,"SUB_ICB_LOC","01X","E38000172","NHS CHESHIRE AND MERSEYSIDE ICB - 01X",1883,2581.8,72.9,64.9,79.9,41399,4.5,4.4,4.8,180,1091,16.5,14.4,18.8,175,1954,9,7.8,10.3,1346,68.9,66.8,70.9
2024-02-29,"SUB_ICB_LOC","05V","E38000173","NHS STAFFORDSHIRE AND STOKE-ON-TRENT ICB - 05V",1393,2336.9,59.6,52.9,65.5,35854,3.9,3.7,4.1,133,609,21.8,18.7,25.3,87,1427,6.1,5,7.5,962,67.4,64.9,69.8
2024-02-29,"SUB_ICB_LOC","01W","E38000174","NHS GREATER MANCHESTER ICB - 01W",3102,4185,74.1,66.4,80.8,63140,4.9,4.7,5.1,120,993,12.1,10.2,14.3,208,3187,6.5,5.7,7.4,2430,76.2,74.7,77.7
2024-02-29,"SUB_ICB_LOC","05W","E38000175","NHS STAFFORDSHIRE AND STOKE-ON-TRENT ICB - 05W",2910,3212.4,90.6,81,98.8,51018,5.7,5.5,5.9,114,2734,4.2,3.5,5,262,2996,8.7,7.8,9.8,2132,71.2,69.5,72.8
2024-02-29,"SUB_ICB_LOC","00P","E38000176","NHS NORTH EAST AND NORTH CUMBRIA ICB - 00P",2312,3595,64.3,57.3,70.3,58608,3.9,3.8,4.1,211,1153,18.3,16.2,20.6,241,2389,10.1,8.9,11.4,1698,71.1,69.2,72.9
2024-02-29,"SUB_ICB_LOC","07G","E38000185","NHS MID AND SOUTH ESSEX ICB - 07G",1053,1578.6,66.7,58.9,73.6,25711,4.1,3.9,4.3,104,723,14.4,12,17.1,115,1093,10.5,8.8,12.5,850,77.8,75.2,80.1
2024-02-29,"SUB_ICB_LOC","02A","E38000187","NHS GREATER MANCHESTER ICB - 02A",1861,2855.4,65.2,58.1,71.3,43393,4.3,4.1,4.5,196,897,21.9,19.3,24.7,103,1916,5.4,4.5,6.5,1365,71.2,69.2,73.2
2024-02-29,"SUB_ICB_LOC","03Q","E38000188","NHS HUMBER AND NORTH YORKSHIRE ICB - 03Q",2597,5061.5,51.3,45.9,56.1,77534,3.3,3.2,3.5,173,2056,8.4,7.3,9.7,117,2658,4.4,3.7,5.2,2022,76.1,74.4,77.7
2024-02-29,"SUB_ICB_LOC","03R","E38000190","NHS WEST YORKSHIRE ICB - 03R",2839,4410.5,64.4,57.5,70.3,72422,3.9,3.8,4.1,541,2832,19.1,17.7,20.6,311,2974,10.5,9.4,11.6,2293,77.1,75.6,78.6
2024-02-29,"SUB_ICB_LOC","02E","E38000194","NHS CHESHIRE AND MERSEYSIDE ICB - 02E",1951,2715.9,71.8,64,78.6,43127,4.5,4.3,4.7,258,1544,16.7,14.9,18.7,243,2008,12.1,10.7,13.6,1411,70.3,68.2,72.2
2024-02-29,"SUB_ICB_LOC","07H","E38000197","NHS HERTFORDSHIRE AND WEST ESSEX ICB - 07H",2871,4032.1,71.2,63.7,77.7,60218,4.8,4.6,4.9,86,1411,6.1,5,7.5,233,2949,7.9,7,8.9,2026,68.7,67,70.3
2024-02-29,"SUB_ICB_LOC","02G","E38000200","NHS LANCASHIRE AND SOUTH CUMBRIA ICB - 02G",1179,1664.8,70.8,62.7,78,26072,4.5,4.3,4.8,66,512,12.9,10.3,16.1,86,1210,7.1,5.8,8.7,825,68.2,65.5,70.7
2024-02-29,"SUB_ICB_LOC","04V","E38000201","NHS LEICESTER, LEICESTERSHIRE AND RUTLAND ICB - 04V",3281,5196.6,63.1,56.5,68.8,83036,4,3.8,4.1,181,1732,10.5,9.1,12,305,3370,9.1,8.1,10.1,2193,65.1,63.4,66.7
2024-02-29,"SUB_ICB_LOC","07K","E38000204","NHS SUFFOLK AND NORTH EAST ESSEX ICB - 07K",2323,4280.5,54.3,48.5,59.3,65138,3.6,3.4,3.7,324,903,35.9,32.8,39.1,256,2360,10.8,9.7,12.2,1709,72.4,70.6,74.2
2024-02-29,"SUB_ICB_LOC","02H","E38000205","NHS GREATER MANCHESTER ICB - 02H",2896,3995,72.5,64.7,79.2,66329,4.4,4.2,4.5,270,3821,7.1,6.3,7.9,150,2977,5,4.3,5.9,2188,73.5,71.9,75.1
2024-02-29,"SUB_ICB_LOC","12F","E38000208","NHS CHESHIRE AND MERSEYSIDE ICB - 12F",3184,4787.6,66.5,59.5,72.5,74977,4.2,4.1,4.4,131,871,15,12.8,17.6,451,3300,13.7,12.5,14.9,2510,76.1,74.6,77.5
2024-02-29,"SUB_ICB_LOC","13T","E38000212","NHS NORTH EAST AND NORTH CUMBRIA ICB - 13T",4019,5515.3,72.9,65.3,79.3,86810,4.6,4.5,4.8,128,3162,4,3.4,4.8,337,4171,8.1,7.3,8.9,3049,73.1,71.7,74.4
2024-02-29,"SUB_ICB_LOC","01H","E38000215","NHS NORTH EAST AND NORTH CUMBRIA ICB - 01H",2838,5054.5,56.1,50.2,61.3,80372,3.5,3.4,3.7,360,1032,34.9,32,37.8,277,2942,9.4,8.4,10.5,2156,73.3,71.7,74.9
2024-02-29,"SUB_ICB_LOC","14L","E38000217","NHS GREATER MANCHESTER ICB - 14L",2711,3758.8,72.1,64.1,78.9,66698,4.1,3.9,4.2,132,2514,5.3,4.4,6.2,213,2838,7.5,6.6,8.5,2123,74.8,73.2,76.4
2024-02-29,"SUB_ICB_LOC","15A","E38000221","NHS BUCKINGHAMSHIRE, OXFORDSHIRE AND BERKSHIRE WEST ICB - 15A",3851,5976.5,64.4,57.8,70.2,92785,4.2,4,4.3,365,1238,29.5,27,32.1,334,3941,8.5,7.6,9.4,2801,71.1,69.6,72.5
2024-02-29,"SUB_ICB_LOC","15C","E38000222","NHS BRISTOL, NORTH SOMERSET AND SOUTH GLOUCESTERSHIRE ICB - 15C",8041,11780.4,68.3,61.4,74.2,177503,4.5,4.4,4.6,161,1717,9.4,8.1,10.8,644,8279,7.8,7.2,8.4,5996,72.4,71.5,73.4
2024-02-29,"SUB_ICB_LOC","14Y","E38000223","NHS BUCKINGHAMSHIRE, OXFORDSHIRE AND BERKSHIRE WEST ICB - 14Y",4352,7471.8,58.2,52.3,63.4,111432,3.9,3.8,4,245,1904,12.9,11.4,14.4,322,4442,7.2,6.5,8,3157,71.1,69.7,72.4
2024-02-29,"SUB_ICB_LOC","15F","E38000225","NHS WEST YORKSHIRE ICB - 15F",6323,8832.1,71.6,64.3,77.8,138096,4.6,4.5,4.7,1097,3789,29,27.5,30.4,364,6505,5.6,5.1,6.2,5083,78.1,77.1,79.1
2024-02-29,"SUB_ICB_LOC","02M","E38000226","NHS LANCASHIRE AND SOUTH CUMBRIA ICB - 02M",2230,3477.2,64.1,57.3,70,52555,4.2,4.1,4.4,208,900,23.1,20.5,26,134,2295,5.8,5,6.9,1630,71,69.1,72.8
2024-02-29,"SUB_ICB_LOC","01E","E38000227","NHS LANCASHIRE AND SOUTH CUMBRIA ICB - 01E",1696,2326.2,72.9,64.8,80,37039,4.6,4.4,4.8,51,927,5.5,4.2,7.2,143,1750,8.2,7,9.5,1364,77.9,75.9,79.8
2024-02-29,"SUB_ICB_LOC","01K","E38000228","NHS LANCASHIRE AND SOUTH CUMBRIA ICB - 01K",3689,5232.8,70.5,63.2,76.7,81108,4.5,4.4,4.7,152,1080,14.1,12.1,16.3,275,3810,7.2,6.4,8.1,2532,66.5,64.9,67.9
2024-02-29,"SUB_ICB_LOC","92G","E38000231","NHS BATH AND NORTH EAST SOMERSET, SWINDON AND WILTSHIRE ICB - 92G",7987,13484,59.2,53.3,64.3,205984,3.9,3.8,4,538,5368,10,9.2,10.9,553,8199,6.7,6.2,7.3,5997,73.1,72.2,74.1
2024-02-29,"SUB_ICB_LOC","36J","E38000232","NHS WEST YORKSHIRE ICB - 36J",4833,6585.5,73.4,65.8,79.9,104540,4.6,4.5,4.8,644,3207,20.1,18.7,21.5,725,5016,14.5,13.5,15.5,3849,76.7,75.5,77.9
2024-02-29,"SUB_ICB_LOC","27D","E38000233","NHS CHESHIRE AND MERSEYSIDE ICB - 27D",7657,11493.3,66.6,59.9,72.4,176239,4.3,4.3,4.4,303,2739,11.1,9.9,12.3,808,7862,10.3,9.6,11,5878,74.8,73.8,75.7
2024-02-29,"SUB_ICB_LOC","84H","E38000234","NHS NORTH EAST AND NORTH CUMBRIA ICB - 84H",5127,7265.5,70.6,63.2,76.9,120226,4.3,4.2,4.4,502,2696,18.6,17.2,20.1,346,5337,6.5,5.9,7.2,4049,75.9,74.7,77
2024-02-29,"SUB_ICB_LOC","18C","E38000236","NHS HEREFORDSHIRE AND WORCESTERSHIRE ICB - 18C",6844,12695.9,53.9,48.5,58.6,195097,3.5,3.4,3.6,234,3458,6.8,6,7.7,742,7042,10.5,9.8,11.3,5328,75.7,74.6,76.6
2024-02-29,"SUB_ICB_LOC","91Q","E38000237","NHS KENT AND MEDWAY ICB - 91Q",14922,25242.2,59.1,53.2,64.2,389967,3.8,3.8,3.9,743,5429,13.7,12.8,14.6,1301,15425,8.4,8,8.9,10936,70.9,70.2,71.6
2024-02-29,"SUB_ICB_LOC","71E","E38000238","NHS LINCOLNSHIRE ICB - 71E",8113,12335.4,65.8,59.2,71.5,192813,4.2,4.1,4.3,1035,5776,17.9,17,18.9,730,8423,8.7,8.1,9.3,5644,67,66,68
2024-02-29,"SUB_ICB_LOC","26A","E38000239","NHS NORFOLK AND WAVENEY ICB - 26A",10908,17836.4,61.2,55.1,66.4,267761,4.1,4,4.1,909,5116,17.8,16.7,18.8,1318,11223,11.7,11.2,12.4,7614,67.8,67,68.7
2024-02-29,"SUB_ICB_LOC","93C","E38000240","NHS NORTH CENTRAL LONDON ICB - 93C",8470,12554.9,67.5,60.5,73.3,201729,4.2,4.1,4.3,366,3096,11.8,10.7,13,739,8720,8.5,7.9,9.1,6307,72.3,71.4,73.3
2024-02-29,"SUB_ICB_LOC","42D","E38000241","NHS HUMBER AND NORTH YORKSHIRE ICB - 42D",4435,7391.4,60,53.8,65.3,113675,3.9,3.8,4,559,3374,16.6,15.4,17.9,250,4540,5.5,4.9,6.2,3434,75.6,74.4,76.9
2024-02-29,"SUB_ICB_LOC","52R","E38000243","NHS NOTTINGHAM AND NOTTINGHAMSHIRE ICB - 52R",8850,12705.2,69.7,62.6,75.7,198840,4.5,4.4,4.5,343,4604,7.5,6.7,8.2,870,9254,9.4,8.8,10,6817,73.7,72.8,74.6
2024-02-29,"SUB_ICB_LOC","72Q","E38000244","NHS SOUTH EAST LONDON ICB - 72Q",10531,15116.3,69.7,62.5,75.7,244454,4.3,4.2,4.4,925,7251,12.8,12,13.5,864,10927,7.9,7.4,8.4,7592,69.5,68.6,70.3
2024-02-29,"SUB_ICB_LOC","36L","E38000245","NHS SOUTH WEST LONDON ICB - 36L",10218,14170.7,72.1,64.8,78.3,224823,4.5,4.5,4.6,514,4006,12.8,11.8,13.9,1006,10581,9.5,9,10.1,7829,74,73.1,74.8
2024-02-29,"SUB_ICB_LOC","16C","E38000247","NHS NORTH EAST AND NORTH CUMBRIA ICB - 16C",6241,8549.8,73,65.4,79.4,139455,4.5,4.4,4.6,931,4205,22.1,20.9,23.4,382,6463,5.9,5.4,6.5,4864,75.3,74.2,76.3
2024-02-29,"SUB_ICB_LOC","M1J4Y","E38000249","NHS BEDFORDSHIRE, LUTON AND MILTON KEYNES ICB - M1J4Y",6958,10311.5,67.5,60.5,73.3,166569,4.2,4.1,4.3,678,4970,13.6,12.7,14.6,667,7249,9.2,8.6,9.9,5096,70.3,69.2,71.3
2024-02-29,"SUB_ICB_LOC","B2M3M","E38000251","NHS COVENTRY AND WARWICKSHIRE ICB - B2M3M",7035,12311.9,57.1,51.4,62.1,188169,3.7,3.7,3.8,506,4189,12.1,11.1,13.1,810,7278,11.1,10.4,11.9,5084,69.9,68.8,70.9
2024-02-29,"SUB_ICB_LOC","D4U1Y","E38000252","NHS FRIMLEY ICB - D4U1Y",5892,8776.6,67.1,60.3,73,134035,4.4,4.3,4.5,473,2533,18.7,17.2,20.2,491,6023,8.2,7.5,8.9,4274,71,69.8,72.1
2024-02-29,"SUB_ICB_LOC","D9Y0V","E38000253","NHS HAMPSHIRE AND ISLE OF WIGHT ICB - D9Y0V",15156,24706.3,61.3,55.3,66.6,370035,4.1,4,4.2,584,6981,8.4,7.7,9,1703,15549,11,10.5,11.5,10807,69.5,68.8,70.2
2024-02-29,"SUB_ICB_LOC","X2C4Y","E38000254","NHS WEST YORKSHIRE ICB - X2C4Y",3146,4921.3,63.9,57.2,69.8,79137,4,3.8,4.1,400,3753,10.7,9.7,11.7,290,3297,8.8,7.9,9.8,2456,74.5,73,76
2024-02-29,"SUB_ICB_LOC","A3A8R","E38000255","NHS NORTH EAST LONDON ICB - A3A8R",8082,13385.4,60.4,54,65.7,225878,3.6,3.5,3.7,687,7972,8.6,8,9.3,766,8460,9.1,8.5,9.7,6341,75,74,75.9
2024-02-29,"SUB_ICB_LOC","W2U3Z","E38000256","NHS NORTH WEST LONDON ICB - W2U3Z",12591,19334.9,65.1,58.4,70.7,317497,4,3.9,4,1281,10841,11.8,11.2,12.4,1124,13135,8.6,8.1,9,9542,72.6,71.9,73.4
2024-02-29,"SUB_ICB_LOC","M2L0M","E38000257","NHS SHROPSHIRE, TELFORD AND WREKIN ICB - M2L0M",4735,7754.9,61.1,54.8,66.5,120522,3.9,3.8,4,186,1321,14.1,12.3,16.1,385,4859,7.9,7.2,8.7,3298,67.9,66.5,69.2
2024-02-29,"SUB_ICB_LOC","15E","E38000258","NHS BIRMINGHAM AND SOLIHULL ICB - 15E",8712,14427.2,60.4,54.3,65.6,220727,3.9,3.9,4,593,5281,11.2,10.4,12.1,978,9047,10.8,10.2,11.5,6661,73.6,72.7,74.5
2024-02-29,"SUB_ICB_LOC","D2P2L","E38000259","NHS BLACK COUNTRY ICB - D2P2L",9158,14359.7,63.8,57.3,69.3,220286,4.2,4.1,4.2,607,8588,7.1,6.5,7.6,1026,9543,10.8,10.1,11.4,5141,53.9,52.9,54.9
2024-02-29,"SUB_ICB_LOC","06H","E38000260","NHS CAMBRIDGESHIRE AND PETERBOROUGH ICB - 06H",6473,10946.1,59.1,53.1,64.3,169270,3.8,3.7,3.9,449,3314,13.5,12.4,14.8,623,6704,9.3,8.6,10,4807,71.7,70.6,72.8
2024-02-29,"SUB_ICB_LOC","15M","E38000261","NHS DERBY AND DERBYSHIRE ICB - 15M",9907,14672.3,67.5,60.7,73.4,232312,4.3,4.2,4.3,1291,3784,34.1,32.6,35.6,1005,10419,9.6,9.1,10.2,7459,71.6,70.7,72.4
2024-02-29,"SUB_ICB_LOC","78H","E38000262","NHS NORTHAMPTONSHIRE ICB - 78H",5633,8872.8,63.5,56.9,69.1,142981,3.9,3.8,4,343,4573,7.5,6.8,8.3,598,5800,10.3,9.6,11.1,4075,70.3,69.1,71.4
2024-02-29,"SUB_ICB_LOC","01Y","E38000263","NHS GREATER MANCHESTER ICB - 01Y",1700,2337.7,72.7,64.6,79.7,38954,4.4,4.2,4.6,173,668,25.9,22.7,29.4,174,1770,9.8,8.5,11.3,1338,75.6,73.5,77.5
2024-02-29,"SUB_ICB_LOC","92A","E38000264","NHS SURREY HEARTLANDS ICB - 92A",9898,14831.4,66.7,60.1,72.5,212493,4.7,4.6,4.7,283,2425,11.7,10.5,13,928,10088,9.2,8.7,9.8,7262,72,71.1,72.9
2024-02-29,"ICB","QNC","E54000010","NHS STAFFORDSHIRE AND STOKE-ON-TRENT INTEGRATED CARE BOARD",11427,15883.6,71.9,64.7,78.1,247733,4.6,4.5,4.7,910,7846,11.6,10.9,12.3,980,11738,8.3,7.9,8.9,8573,73,72.2,73.8
2024-02-29,"ICB","QOC","E54000011","NHS SHROPSHIRE, TELFORD AND WREKIN INTEGRATED CARE BOARD",4735,7754.9,61.1,54.8,66.5,120522,3.9,3.8,4,186,1321,14.1,12.3,16.1,385,4859,7.9,7.2,8.7,3298,67.9,66.5,69.2
2024-02-29,"ICB","QJK","E54000037","NHS DEVON INTEGRATED CARE BOARD",11788,20421.3,57.7,52,62.7,308503,3.8,3.8,3.9,1036,5743,18,17.1,19.1,1070,12071,8.9,8.4,9.4,8655,71.7,70.9,72.5
2024-02-29,"ICB","QNX","E54000064","NHS SUSSEX ICB",17485,27697.1,63.1,56.9,68.5,405872,4.3,4.2,4.4,1059,9541,11.1,10.5,11.7,1482,17903,8.3,7.9,8.7,12983,72.5,71.9,73.2
2024-02-29,"NHS_REGION","Y56","E40000003","LONDON",49892,74562.3,66.9,60.1,72.6,1214381,4.1,4.1,4.1,3773,33166,11.4,11,11.7,4499,51823,8.7,8.4,8.9,37611,72.6,72.2,73
2024-02-29,"NHS_REGION","Y60","E40000011","MIDLANDS",90566,141306.2,64.1,57.7,69.5,2202318,4.1,4.1,4.1,6492,56346,11.5,11.3,11.8,9149,93944,9.7,9.6,9.9,65459,69.7,69.4,70
2024-02-29,"COUNTRY","ENG","E92000001","ENGLAND",463514,718336.1,64.5,58.1,70,11181137,4.1,4.1,4.2,35956,273211,13.2,13,13.3,42523,478822,8.9,8.8,9,343868,71.8,71.7,71.9
2024-02-29,"ICB","QYG","E54000008","NHS CHESHIRE AND MERSEYSIDE INTEGRATED CARE BOARD",22727,34042.1,66.8,60,72.4,541458,4.2,4.1,4.3,2117,14665,14.4,13.9,15,2599,23460,11.1,10.7,11.5,17327,73.9,73.3,74.4
2024-02-29,"ICB","QJM","E54000013","NHS LINCOLNSHIRE INTEGRATED CARE BOARD",8113,12335.4,65.8,59.2,71.5,192813,4.2,4.1,4.3,1035,5776,17.9,17,18.9,730,8423,8.7,8.1,9.3,5644,67,66,68
2024-03-31,"ICB","QNC","E54000010","NHS STAFFORDSHIRE AND STOKE-ON-TRENT INTEGRATED CARE BOARD",11518,15918.8,72.4,65.1,78.6,248163,4.6,4.6,4.7,1008,8437,11.9,11.3,12.7,968,11821,8.2,7.7,8.7,8972,75.9,75.1,76.7
2024-03-31,"ICB","QOC","E54000011","NHS SHROPSHIRE, TELFORD AND WREKIN INTEGRATED CARE BOARD",4735,7772.6,60.9,54.7,66.3,120827,3.9,3.8,4,197,1396,14.1,12.4,16,389,4859,8,7.3,8.8,3579,73.7,72.4,74.9
2024-03-31,"ICB","QJM","E54000013","NHS LINCOLNSHIRE INTEGRATED CARE BOARD",8152,12363.8,65.9,59.2,71.6,193183,4.2,4.1,4.3,1108,6150,18,17.1,19,746,8460,8.8,8.2,9.4,6057,71.6,70.6,72.5
2024-03-31,"ICB","QK1","E54000015","NHS LEICESTER, LEICESTERSHIRE AND RUTLAND INTEGRATED CARE BOARD",8871,13591.3,65.3,58.7,70.9,215787,4.1,4,4.2,330,6684,4.9,4.4,5.5,911,9186,9.9,9.3,10.5,6809,74.1,73.2,75
2024-03-31,"ICB","QWU","E54000018","NHS COVENTRY AND WARWICKSHIRE INTEGRATED CARE BOARD",7062,12347.4,57.2,51.4,62.1,188577,3.7,3.7,3.8,551,4454,12.4,11.4,13.4,791,7303,10.8,10.1,11.6,5453,74.7,73.7,75.7
2024-03-31,"ICB","QGH","E54000019","NHS HEREFORDSHIRE AND WORCESTERSHIRE INTEGRATED CARE BOARD",6854,12729.7,53.8,48.4,58.5,195462,3.5,3.4,3.6,252,3695,6.8,6.1,7.7,750,7049,10.6,9.9,11.4,5573,79.1,78.1,80
2024-03-31,"ICB","QMM","E54000022","NHS NORFOLK AND WAVENEY INTEGRATED CARE BOARD",10993,17868.6,61.5,55.4,66.8,268172,4.1,4,4.2,982,5581,17.6,16.6,18.6,1368,11303,12.1,11.5,12.7,8210,72.6,71.8,73.4
2024-03-31,"ICB","QJG","E54000023","NHS SUFFOLK AND NORTH EAST ESSEX INTEGRATED CARE BOARD",9740,16191,60.2,54.1,65.3,244076,4,3.9,4.1,1735,5328,32.6,31.3,33.8,1202,10031,12,11.4,12.6,7719,77,76.1,77.8
2024-03-31,"ICB","QHG","E54000024","NHS BEDFORDSHIRE, LUTON AND MILTON KEYNES INTEGRATED CARE BOARD",7069,10339.3,68.4,61.3,74.3,166963,4.2,4.1,4.3,746,5283,14.1,13.2,15.1,717,7358,9.7,9.1,10.4,5242,71.2,70.2,72.3
2024-03-31,"ICB","QM7","E54000025","NHS HERTFORDSHIRE AND WEST ESSEX INTEGRATED CARE BOARD",12182,18834.2,64.7,58.2,70.2,279478,4.4,4.3,4.4,844,6309,13.4,12.6,14.2,1095,12529,8.7,8.3,9.2,9192,73.4,72.6,74.1
2024-03-31,"ICB","QH8","E54000026","NHS MID AND SOUTH ESSEX INTEGRATED CARE BOARD",10627,16084.2,66.1,59.4,71.8,244108,4.4,4.3,4.4,1010,5391,18.7,17.7,19.8,1056,10974,9.6,9.1,10.2,8120,74,73.2,74.8
2024-03-31,"ICB","QRV","E54000027","NHS NORTH WEST LONDON INTEGRATED CARE BOARD",12618,19330.6,65.3,58.5,71,317810,4,3.9,4,1415,11547,12.3,11.7,12.9,1153,13160,8.8,8.3,9.3,10081,76.6,75.9,77.3
2024-03-31,"ICB","QJK","E54000037","NHS DEVON INTEGRATED CARE BOARD",11884,20470.6,58.1,52.3,63,309065,3.8,3.8,3.9,1126,6196,18.2,17.2,19.2,1087,12159,8.9,8.4,9.5,9087,74.7,74,75.5
2024-03-31,"ICB","QNX","E54000064","NHS SUSSEX ICB",17525,27763.3,63.1,56.9,68.5,406602,4.3,4.2,4.4,1118,10280,10.9,10.3,11.5,1549,17931,8.6,8.2,9.1,13471,75.1,74.5,75.8
2024-03-31,"NHS_REGION","Y56","E40000003","LONDON",50194,74915.5,67,60.2,72.7,1220387,4.1,4.1,4.1,4148,35705,11.6,11.3,12,4582,52129,8.8,8.5,9,39694,76.1,75.8,76.5
2024-03-31,"ICB","QYG","E54000008","NHS CHESHIRE AND MERSEYSIDE INTEGRATED CARE BOARD",22856,34119.3,67,60.3,72.7,542439,4.2,4.2,4.3,2325,16142,14.4,13.9,15,2586,23594,11,10.6,11.4,18076,76.6,76.1,77.1
2024-03-31,"ICB","QMJ","E54000028","NHS NORTH CENTRAL LONDON INTEGRATED CARE BOARD",8645,12872.9,67.2,60.2,73,206477,4.2,4.1,4.3,421,3450,12.2,11.2,13.3,752,8898,8.5,7.9,9,6827,76.7,75.8,77.6
2024-03-31,"COUNTRY","ENG","E92000001","ENGLAND",466485,720295.6,64.8,58.3,70.2,11207067,4.2,4.2,4.2,39209,295159,13.3,13.2,13.4,43358,481707,9,8.9,9.1,361986,75.1,75,75.3
2024-03-31,"NHS_REGION","Y60","E40000011","MIDLANDS",91063,141625.2,64.3,57.9,69.7,2206284,4.1,4.1,4.2,7039,60473,11.6,11.4,11.9,9263,94380,9.8,9.6,10,69150,73.3,73,73.5
2024-03-31,"SUB_ICB_LOC","09D","E38000021","NHS SUSSEX ICB - 09D",1877,2846.7,65.9,58.8,72.2,44615,4.2,4,4.4,150,870,17.2,14.9,19.9,127,1929,6.6,5.6,7.8,1456,75.5,73.5,77.3
2024-03-31,"SUB_ICB_LOC","11J","E38000045","NHS DORSET ICB - 11J",8126,14293.9,56.8,51.2,61.8,207747,3.9,3.8,4,353,7207,4.9,4.4,5.4,717,8347,8.6,8,9.2,6300,75.5,74.5,76.4
2024-03-31,"ICB","QMF","E54000029","NHS NORTH EAST LONDON INTEGRATED CARE BOARD",8096,13395.1,60.4,54.1,65.7,226069,3.6,3.5,3.7,745,8566,8.7,8.1,9.3,779,8477,9.2,8.6,9.8,6664,78.6,77.7,79.5
2024-03-31,"ICB","QKK","E54000030","NHS SOUTH EAST LONDON INTEGRATED CARE BOARD",10552,15133.1,69.7,62.6,75.8,244885,4.3,4.2,4.4,1005,7828,12.8,12.1,13.6,880,10946,8,7.5,8.6,7844,71.7,70.8,72.5
2024-03-31,"ICB","QWE","E54000031","NHS SOUTH WEST LONDON INTEGRATED CARE BOARD",10283,14183.8,72.5,65.1,78.7,225146,4.6,4.5,4.7,562,4314,13,12.1,14.1,1018,10648,9.6,9,10.1,8278,77.7,76.9,78.5
2024-03-31,"ICB","QKS","E54000032","NHS KENT AND MEDWAY INTEGRATED CARE BOARD",15011,25307.7,59.3,53.4,64.4,390710,3.8,3.8,3.9,801,5924,13.5,12.7,14.4,1311,15507,8.5,8,8.9,11529,74.3,73.7,75
2024-03-31,"ICB","QNQ","E54000034","NHS FRIMLEY INTEGRATED CARE BOARD",5969,8800.6,67.8,60.9,73.8,134253,4.4,4.3,4.6,526,2779,18.9,17.5,20.4,497,6105,8.1,7.5,8.9,4584,75.1,74,76.2
2024-03-31,"ICB","QT6","E54000036","NHS CORNWALL AND THE ISLES OF SCILLY INTEGRATED CARE BOARD",5768,9642.1,59.8,53.7,65,151231,3.8,3.7,3.9,445,2566,17.3,15.9,18.9,535,5893,9.1,8.4,9.8,4204,71.3,70.2,72.5
2024-03-31,"ICB","QSL","E54000038","NHS SOMERSET INTEGRATED CARE BOARD",5403,9857,54.8,49.3,59.6,149615,3.6,3.5,3.7,185,1124,16.5,14.4,18.7,442,5544,8,7.3,8.7,4138,74.6,73.5,75.8
2024-03-31,"ICB","QUY","E54000039","NHS BRISTOL, NORTH SOMERSET AND SOUTH GLOUCESTERSHIRE INTEGRATED CARE BOARD",8105,11799.2,68.7,61.8,74.6,177776,4.6,4.5,4.7,165,1885,8.8,7.6,10.1,637,8341,7.6,7.1,8.2,6468,77.5,76.6,78.4
2024-03-31,"ICB","QOX","E54000040","NHS BATH AND NORTH EAST SOMERSET, SWINDON AND WILTSHIRE INTEGRATED CARE BOARD",8122,13519.7,60.1,54,65.2,206364,3.9,3.9,4,607,5739,10.6,9.8,11.4,595,8331,7.1,6.6,7.7,6250,75,74.1,75.9
2024-03-31,"ICB","QVV","E54000041","NHS DORSET INTEGRATED CARE BOARD",8126,14293.9,56.8,51.2,61.8,207747,3.9,3.8,4,353,7207,4.9,4.4,5.4,717,8347,8.6,8,9.2,6300,75.5,74.5,76.4
2024-03-31,"ICB","QRL","E54000042","NHS HAMPSHIRE AND ISLE OF WIGHT INTEGRATED CARE BOARD",16776,26956.8,62.2,56.1,67.5,405249,4.1,4.1,4.2,666,8892,7.5,7,8.1,1895,17210,11,10.6,11.5,12693,73.8,73.1,74.4
2024-03-31,"ICB","QR1","E54000043","NHS GLOUCESTERSHIRE INTEGRATED CARE BOARD",6396,9831.5,65.1,58.5,70.8,149665,4.3,4.2,4.4,469,4507,10.4,9.5,11.3,660,6574,10,9.3,10.8,5052,76.8,75.8,77.9
2024-03-31,"ICB","QU9","E54000044","NHS BUCKINGHAMSHIRE, OXFORDSHIRE AND BERKSHIRE WEST INTEGRATED CARE BOARD",14281,22942.7,62.2,56.1,67.5,346377,4.1,4.1,4.2,929,4991,18.6,17.6,19.7,1182,14595,8.1,7.7,8.6,10952,75,74.3,75.7
2024-03-31,"ICB","QE1","E54000048","NHS LANCASHIRE AND SOUTH CUMBRIA INTEGRATED CARE BOARD",15993,23400.5,68.3,61.5,74.2,371634,4.3,4.2,4.4,983,10088,9.7,9.2,10.3,1177,16535,7.1,6.7,7.5,12451,75.3,74.6,76
2024-03-31,"ICB","QHM","E54000050","NHS NORTH EAST AND NORTH CUMBRIA INTEGRATED CARE BOARD",27681,40461.4,68.4,61.5,74.2,655168,4.2,4.2,4.3,2936,18915,15.5,15,16,2108,28673,7.4,7.1,7.7,21960,76.6,76.1,77.1
2024-03-31,"ICB","QOQ","E54000051","NHS HUMBER AND NORTH YORKSHIRE INTEGRATED CARE BOARD",15033,25656.7,58.6,52.7,63.5,401995,3.7,3.7,3.8,2106,13599,15.5,14.9,16.1,1066,15556,6.9,6.5,7.3,11829,76,75.4,76.7
2024-03-31,"ICB","QWO","E54000054","NHS WEST YORKSHIRE INTEGRATED CARE BOARD",18842,27383.5,68.8,61.9,74.7,437456,4.3,4.2,4.4,3099,16501,18.8,18.2,19.4,1863,19554,9.5,9.1,9.9,15313,78.3,77.7,78.9
2024-03-31,"ICB","QHL","E54000055","NHS BIRMINGHAM AND SOLIHULL INTEGRATED CARE BOARD",8799,14450.3,60.9,54.8,66.2,221045,4,3.9,4.1,656,5652,11.6,10.8,12.5,1001,9129,11,10.3,11.6,6978,76.4,75.6,77.3
2024-03-31,"ICB","QUE","E54000056","NHS CAMBRIDGESHIRE AND PETERBOROUGH INTEGRATED CARE BOARD",6507,10973.4,59.3,53.3,64.5,169641,3.8,3.7,3.9,480,3535,13.6,12.5,14.7,648,6730,9.6,8.9,10.4,5068,75.3,74.3,76.3
2024-03-31,"ICB","QOP","E54000057","NHS GREATER MANCHESTER INTEGRATED CARE BOARD",22051,30061.1,73.4,65.9,79.6,491326,4.5,4.4,4.5,1791,18420,9.7,9.3,10.2,1641,22859,7.2,6.9,7.5,17916,78.4,77.8,78.9
2024-03-31,"ICB","QJ2","E54000058","NHS DERBY AND DERBYSHIRE INTEGRATED CARE BOARD",9967,14708.5,67.8,60.9,73.6,232824,4.3,4.2,4.4,1401,4134,33.9,32.5,35.3,1033,10457,9.9,9.3,10.5,7775,74.4,73.5,75.2
2024-03-31,"ICB","QPM","E54000059","NHS NORTHAMPTONSHIRE INTEGRATED CARE BOARD",5710,8896.6,64.2,57.5,69.9,143302,4,3.9,4.1,366,4932,7.4,6.7,8.2,609,5874,10.4,9.6,11.2,4267,72.6,71.5,73.8
2024-03-31,"ICB","QT1","E54000060","NHS NOTTINGHAM AND NOTTINGHAMSHIRE INTEGRATED CARE BOARD",10209,14466.2,70.6,63.4,76.6,226729,4.5,4.4,4.6,518,5811,8.9,8.2,9.7,1030,10669,9.7,9.1,10.2,8138,76.3,75.5,77.1
2024-03-31,"ICB","QF7","E54000061","NHS SOUTH YORKSHIRE INTEGRATED CARE BOARD",12347,16347.7,75.5,67.9,82,260389,4.7,4.7,4.8,1290,9202,14,13.3,14.7,931,12838,7.3,6.8,7.7,9653,75.2,74.4,75.9
2024-03-31,"ICB","QUA","E54000062","NHS BLACK COUNTRY INTEGRATED CARE BOARD",9186,14379.9,63.9,57.5,69.4,220385,4.2,4.1,4.3,652,9128,7.1,6.6,7.7,1035,9573,10.8,10.2,11.4,5549,58,57,59
2024-03-31,"ICB","QXU","E54000063","NHS SURREY HEARTLANDS ICB",9941,14848.9,66.9,60.3,72.6,212897,4.7,4.6,4.8,305,2597,11.7,10.6,13,948,10127,9.4,8.8,9.9,7665,75.7,74.8,76.5
2024-03-31,"NHS_REGION","Y59","E40000005","SOUTH EAST",79503,126620,62.8,56.6,68,1896088,4.2,4.2,4.2,4345,35463,12.3,11.9,12.6,7382,81475,9.1,8.9,9.3,60894,74.7,74.4,75
2024-03-31,"NHS_REGION","Y58","E40000006","SOUTH WEST",53804,89414,60.2,54.3,65.2,1351463,4,3.9,4,3350,29224,11.5,11.1,11.8,4673,55189,8.5,8.2,8.7,41499,75.2,74.8,75.6
2024-03-31,"NHS_REGION","Y61","E40000007","EAST OF ENGLAND",57118,90290.7,63.3,57,68.6,1372438,4.2,4.1,4.2,5797,31427,18.4,18,18.9,6086,58925,10.3,10.1,10.6,43551,73.9,73.6,74.3
2024-03-31,"NHS_REGION","Y62","E40000010","NORTH WEST",60900,87580.9,69.5,62.6,75.4,1405399,4.3,4.3,4.4,5099,44650,11.4,11.1,11.7,5404,62988,8.6,8.4,8.8,48443,76.9,76.6,77.2
2024-03-31,"NHS_REGION","Y63","E40000012","NORTH EAST AND YORKSHIRE",73903,109849.3,67.3,60.5,73,1755008,4.2,4.2,4.2,9431,58217,16.2,15.9,16.5,5968,76621,7.8,7.6,8,58755,76.7,76.4,77
2024-03-31,"SUB_ICB_LOC","02Q","E38000008","NHS NOTTINGHAM AND NOTTINGHAMSHIRE ICB - 02Q",1315,1730.4,76,67.4,83.6,27570,4.8,4.5,5,144,766,18.8,16.2,21.7,134,1365,9.8,8.3,11.5,1061,77.7,75.4,79.9
2024-03-31,"SUB_ICB_LOC","00Q","E38000014","NHS LANCASHIRE AND SOUTH CUMBRIA ICB - 00Q",1042,1589.6,65.5,57.7,72.4,26900,3.9,3.6,4.1,79,1139,6.9,5.6,8.6,87,1089,8,6.5,9.8,876,80.4,78,82.7
2024-03-31,"SUB_ICB_LOC","00R","E38000015","NHS LANCASHIRE AND SOUTH CUMBRIA ICB - 00R",1502,2182.8,68.8,61.2,75.5,34764,4.3,4.1,4.5,74,731,10.1,8.1,12.5,131,1568,8.4,7.1,9.8,1146,73.1,70.8,75.2
2024-03-31,"SUB_ICB_LOC","00T","E38000016","NHS GREATER MANCHESTER ICB - 00T",2365,3279.3,72.1,64.3,78.9,54004,4.4,4.2,4.6,208,3246,6.4,5.6,7.3,194,2455,7.9,6.9,9,2069,84.3,82.8,85.7
2024-03-31,"SUB_ICB_LOC","00V","E38000024","NHS GREATER MANCHESTER ICB - 00V",1825,2393.5,76.2,67.9,83.5,37960,4.8,4.6,5,13,340,3.8,2.2,6.4,177,1883,9.4,8.2,10.8,1449,77,75,78.8
2024-03-31,"SUB_ICB_LOC","02T","E38000025","NHS WEST YORKSHIRE ICB - 02T",1713,2592.8,66.1,58.7,72.5,42702,4,3.8,4.2,195,2016,9.7,8.5,11,133,1781,7.5,6.3,8.8,1298,72.9,70.8,74.9
2024-03-31,"SUB_ICB_LOC","04Y","E38000028","NHS STAFFORDSHIRE AND STOKE-ON-TRENT ICB - 04Y",1415,1831.3,77.3,68.6,84.9,28999,4.9,4.6,5.1,214,640,33.4,29.9,37.2,156,1450,10.8,9.3,12.5,1104,76.1,73.9,78.3
2024-03-31,"SUB_ICB_LOC","99F","E38000030","NHS MID AND SOUTH ESSEX ICB - 99F",2078,3010.3,69,61.7,75.5,44429,4.7,4.5,4.9,220,735,29.9,26.7,33.3,165,2125,7.8,6.7,9,1505,70.8,68.9,72.7
2024-03-31,"SUB_ICB_LOC","00X","E38000034","NHS LANCASHIRE AND SOUTH CUMBRIA ICB - 00X",1696,2471.7,68.6,61,75.3,39934,4.2,4.1,4.4,66,1105,6,4.7,7.5,90,1744,5.2,4.2,6.3,1323,75.9,73.8,77.8
2024-03-31,"SUB_ICB_LOC","02X","E38000044","NHS SOUTH YORKSHIRE ICB - 02X",2708,3746.3,72.3,64.5,78.9,60819,4.5,4.3,4.6,283,3522,8,7.2,9,188,2833,6.6,5.8,7.6,1983,70,68.3,71.7
2024-03-31,"SUB_ICB_LOC","06K","E38000049","NHS HERTFORDSHIRE AND WEST ESSEX ICB - 06K",4687,7359.9,63.7,57.2,69.3,108811,4.3,4.2,4.4,255,3348,7.6,6.8,8.6,380,4824,7.9,7.2,8.7,3506,72.7,71.4,73.9
2024-03-31,"SUB_ICB_LOC","01A","E38000050","NHS LANCASHIRE AND SOUTH CUMBRIA ICB - 01A",2951,4425.6,66.7,59.5,72.8,73006,4,3.9,4.2,261,3410,7.7,6.8,8.6,228,3063,7.4,6.6,8.4,2451,80,78.6,81.4
2024-03-31,"SUB_ICB_LOC","03W","E38000051","NHS LEICESTER, LEICESTERSHIRE AND RUTLAND ICB - 03W",3320,5382.3,61.7,55.3,67.2,81220,4.1,4,4.2,92,2100,4.4,3.6,5.3,320,3407,9.4,8.5,10.4,2583,75.8,74.3,77.2
2024-03-31,"SUB_ICB_LOC","02Y","E38000052","NHS HUMBER AND NORTH YORKSHIRE ICB - 02Y",3216,5472.7,58.8,52.6,64.1,84902,3.8,3.7,3.9,458,2553,17.9,16.5,19.5,231,3296,7,6.2,7.9,2489,75.5,74,77
2024-03-31,"SUB_ICB_LOC","05D","E38000053","NHS STAFFORDSHIRE AND STOKE-ON-TRENT ICB - 05D",1194,1915.3,62.3,55.3,68.6,29833,4,3.8,4.2,127,841,15.1,12.8,17.7,66,1236,5.3,4.2,6.7,988,79.9,77.6,82.1
2024-03-31,"SUB_ICB_LOC","11M","E38000062","NHS GLOUCESTERSHIRE ICB - 11M",6396,9831.5,65.1,58.5,70.8,149665,4.3,4.2,4.4,469,4507,10.4,9.5,11.3,660,6574,10,9.3,10.8,5052,76.8,75.8,77.9
2024-03-31,"SUB_ICB_LOC","01F","E38000068","NHS CHESHIRE AND MERSEYSIDE ICB - 01F",965,1431,67.4,59.3,74.6,25333,3.8,3.6,4.1,166,656,25.3,22.1,28.8,78,1010,7.7,6.2,9.5,737,73,70.1,75.6
2024-03-31,"SUB_ICB_LOC","06N","E38000079","NHS HERTFORDSHIRE AND WEST ESSEX ICB - 06N",4606,7431.7,62,55.7,67.5,110286,4.2,4.1,4.3,495,1440,34.4,32,36.9,479,4741,10.1,9.3,11,3551,74.9,73.6,76.1
2024-03-31,"SUB_ICB_LOC","01D","E38000080","NHS GREATER MANCHESTER ICB - 01D",1754,2345.8,74.8,66.3,82.1,39998,4.4,4.2,4.6,146,1457,10,8.6,11.7,141,1849,7.6,6.5,8.9,1399,75.7,73.7,77.6
2024-03-31,"SUB_ICB_LOC","03F","E38000085","NHS HUMBER AND NORTH YORKSHIRE ICB - 03F",1922,2873.5,66.9,59.4,73.3,48826,3.9,3.8,4.1,289,1887,15.3,13.8,17,227,2012,11.3,10,12.7,1389,69,67,71
2024-03-31,"SUB_ICB_LOC","06L","E38000086","NHS SUFFOLK AND NORTH EAST ESSEX ICB - 06L",3684,6318.8,58.3,52.3,63.5,95208,3.9,3.7,4,1086,2443,44.5,42.5,46.4,345,3781,9.1,8.2,10.1,2928,77.4,76.1,78.7
2024-03-31,"SUB_ICB_LOC","11N","E38000089","NHS CORNWALL AND THE ISLES OF SCILLY ICB - 11N",5768,9642.1,59.8,53.7,65,151231,3.8,3.7,3.9,445,2566,17.3,15.9,18.9,535,5893,9.1,8.4,9.8,4204,71.3,70.2,72.5
2024-03-31,"SUB_ICB_LOC","01J","E38000091","NHS CHESHIRE AND MERSEYSIDE ICB - 01J",1007,1668.3,60.4,53,66.7,29104,3.5,3.3,3.7,262,993,26.4,23.7,29.2,113,1056,10.7,9,12.7,773,73.2,70.4,75.8
2024-03-31,"SUB_ICB_LOC","04C","E38000097","NHS LEICESTER, LEICESTERSHIRE AND RUTLAND ICB - 04C",2262,2998.1,75.4,67.1,82.5,51334,4.4,4.2,4.6,43,2723,1.6,1.2,2.1,279,2405,11.6,10.4,12.9,1771,73.6,71.8,75.4
2024-03-31,"SUB_ICB_LOC","99A","E38000101","NHS CHESHIRE AND MERSEYSIDE ICB - 99A",3235,4985.2,64.9,57.9,70.8,85340,3.8,3.7,3.9,295,2517,11.7,10.5,13,435,3362,12.9,11.8,14.1,2555,76,74.5,77.4
2024-03-31,"SUB_ICB_LOC","06Q","E38000106","NHS MID AND SOUTH ESSEX ICB - 06Q",3415,5580.8,61.2,54.8,66.7,85500,4,3.9,4.1,258,1714,15.1,13.4,16.8,383,3510,10.9,9.9,12,2555,72.8,71.3,74.2
2024-03-31,"SUB_ICB_LOC","06T","E38000117","NHS SUFFOLK AND NORTH EAST ESSEX ICB - 06T",3732,5573.3,67,60.1,72.9,83606,4.5,4.3,4.6,301,1901,15.8,14.3,17.5,596,3890,15.3,14.2,16.5,3051,78.4,77.1,79.7
2024-03-31,"SUB_ICB_LOC","03H","E38000119","NHS HUMBER AND NORTH YORKSHIRE ICB - 03H",1402,2287.6,61.3,54.4,67.3,36119,3.9,3.7,4.1,280,1185,23.6,21.3,26.1,119,1489,8,6.7,9.5,1170,78.6,76.4,80.6
2024-03-31,"SUB_ICB_LOC","03K","E38000122","NHS HUMBER AND NORTH YORKSHIRE ICB - 03K",1415,2528.7,56,49.7,61.5,40517,3.5,3.3,3.7,272,2077,13.1,11.7,14.6,107,1516,7.1,5.9,8.5,1067,70.4,68,72.6
2024-03-31,"SUB_ICB_LOC","05G","E38000126","NHS STAFFORDSHIRE AND STOKE-ON-TRENT ICB - 05G",2501,3469.4,72.1,64.5,78.7,53352,4.7,4.5,4.9,157,2373,6.6,5.7,7.7,289,2549,11.3,10.2,12.6,1883,73.9,72.1,75.5
2024-03-31,"SUB_ICB_LOC","99C","E38000127","NHS NORTH EAST AND NORTH CUMBRIA ICB - 99C",2044,2937,69.6,62,76.2,47326,4.3,4.1,4.5,93,1977,4.7,3.9,5.7,159,2108,7.5,6.5,8.7,1578,74.9,73,76.7
2024-03-31,"SUB_ICB_LOC","00L","E38000130","NHS NORTH EAST AND NORTH CUMBRIA ICB - 00L",3456,5439.6,63.5,56.8,69.3,88451,3.9,3.8,4,321,2616,12.3,11.1,13.6,208,3559,5.8,5.1,6.7,2658,74.7,73.2,76.1
2024-03-31,"SUB_ICB_LOC","15N","E38000230","NHS DEVON ICB - 15N",11884,20470.6,58.1,52.3,63,309065,3.8,3.8,3.9,1126,6196,18.2,17.2,19.2,1087,12159,8.9,8.4,9.5,9087,74.7,74,75.5
2024-03-31,"SUB_ICB_LOC","97R","E38000235","NHS SUSSEX ICB - 97R",6364,10102.3,63,56.7,68.5,148049,4.3,4.2,4.4,617,4532,13.6,12.6,14.6,708,6520,10.9,10.1,11.6,4985,76.5,75.4,77.5
2024-03-31,"SUB_ICB_LOC","70F","E38000265","NHS SUSSEX ICB - 70F",9284,14814.3,62.7,56.5,68,213938,4.3,4.3,4.4,351,4878,7.2,6.5,8,714,9482,7.5,7,8.1,7030,74.1,73.2,75
2024-03-31,"SUB_ICB_LOC","00Y","E38000135","NHS GREATER MANCHESTER ICB - 00Y",1863,2518.7,74,65.8,81,41185,4.5,4.3,4.7,211,2725,7.7,6.8,8.8,143,1939,7.4,6.3,8.6,1491,76.9,75,78.7
2024-03-31,"SUB_ICB_LOC","10Q","E38000136","NHS BUCKINGHAMSHIRE, OXFORDSHIRE AND BERKSHIRE WEST ICB - 10Q",5989,9457.1,63.3,56.9,68.9,141704,4.2,4.1,4.3,256,1635,15.7,14,17.5,511,6123,8.3,7.7,9.1,4591,75,73.9,76
2024-03-31,"SUB_ICB_LOC","10R","E38000137","NHS HAMPSHIRE AND ISLE OF WIGHT ICB - 10R",1491,2190.5,68.1,60.5,74.7,34579,4.3,4.1,4.5,33,1315,2.5,1.8,3.5,170,1537,11.1,9.6,12.7,1096,71.3,69,73.5
2024-03-31,"SUB_ICB_LOC","03L","E38000141","NHS SOUTH YORKSHIRE ICB - 03L",2784,3217.6,86.5,77.3,94.6,51797,5.4,5.2,5.6,447,2193,20.4,18.7,22.1,185,2895,6.4,5.6,7.3,2181,75.3,73.7,76.9
2024-03-31,"SUB_ICB_LOC","01G","E38000143","NHS GREATER MANCHESTER ICB - 01G",1912,2372.6,80.6,71.7,88.3,39292,4.9,4.7,5.1,232,910,25.5,22.8,28.4,132,1980,6.7,5.6,7.9,1538,77.7,75.8,79.5
2024-03-31,"SUB_ICB_LOC","03N","E38000146","NHS SOUTH YORKSHIRE ICB - 03N",4577,6306.2,72.6,65.1,78.9,96726,4.7,4.6,4.9,391,2441,16,14.6,17.5,475,4744,10,9.2,10.9,3711,78.2,77,79.4
2024-03-31,"SUB_ICB_LOC","11X","E38000150","NHS SOMERSET ICB - 11X",5403,9857,54.8,49.3,59.6,149615,3.6,3.5,3.7,185,1124,16.5,14.4,18.7,442,5544,8,7.3,8.7,4138,74.6,73.5,75.8
2024-03-31,"SUB_ICB_LOC","05Q","E38000153","NHS STAFFORDSHIRE AND STOKE-ON-TRENT ICB - 05Q",2089,3144.7,66.4,59.3,72.7,48958,4.3,4.1,4.4,245,952,25.7,23.1,28.6,112,2151,5.2,4.3,6.2,1671,77.7,75.9,79.4
2024-03-31,"SUB_ICB_LOC","01T","E38000161","NHS CHESHIRE AND MERSEYSIDE ICB - 01T",1196,2012.5,59.4,52.6,65.4,32071,3.7,3.5,3.9,241,2076,11.6,10.3,13.1,90,1222,7.4,6,9,929,76,73.5,78.3
2024-03-31,"SUB_ICB_LOC","00N","E38000163","NHS NORTH EAST AND NORTH CUMBRIA ICB - 00N",1529,2031.7,75.3,66.8,82.6,32953,4.6,4.4,4.9,180,1083,16.6,14.5,19,114,1581,7.2,6,8.6,1208,76.4,74.3,78.4
2024-03-31,"SUB_ICB_LOC","99G","E38000168","NHS MID AND SOUTH ESSEX ICB - 99G",2040,2446.9,83.4,74.5,91.2,36427,5.6,5.4,5.8,179,652,27.5,24.2,31,176,2121,8.3,7.2,9.5,1623,76.5,74.7,78.3
2024-03-31,"SUB_ICB_LOC","01V","E38000170","NHS CHESHIRE AND MERSEYSIDE ICB - 01V",1716,2387.3,71.9,64.2,78.7,34247,5,4.8,5.2,419,3090,13.6,12.4,14.8,193,1760,11,9.6,12.5,1488,84.5,82.8,86.2
2024-03-31,"SUB_ICB_LOC","01X","E38000172","NHS CHESHIRE AND MERSEYSIDE ICB - 01X",1834,2586,70.9,63.1,77.6,41412,4.4,4.2,4.6,180,1136,15.8,13.8,18.1,166,1900,8.7,7.5,10.1,1422,74.8,72.8,76.7
2024-03-31,"SUB_ICB_LOC","05V","E38000173","NHS STAFFORDSHIRE AND STOKE-ON-TRENT ICB - 05V",1423,2343.1,60.7,54,66.7,35941,4,3.8,4.2,147,695,21.2,18.3,24.3,82,1456,5.6,4.6,6.9,1059,72.7,70.4,75
2024-03-31,"SUB_ICB_LOC","01W","E38000174","NHS GREATER MANCHESTER ICB - 01W",3124,4192.9,74.5,66.7,81.2,63234,4.9,4.8,5.1,132,1087,12.1,10.3,14.2,208,3210,6.5,5.7,7.4,2460,76.6,75.1,78.1
2024-03-31,"SUB_ICB_LOC","05W","E38000175","NHS STAFFORDSHIRE AND STOKE-ON-TRENT ICB - 05W",2896,3215.1,90.1,80.5,98.3,51080,5.7,5.5,5.9,118,2936,4,3.4,4.8,263,2979,8.8,7.9,9.9,2267,76.1,74.5,77.6
2024-03-31,"SUB_ICB_LOC","00P","E38000176","NHS NORTH EAST AND NORTH CUMBRIA ICB - 00P",2325,3608.8,64.4,57.4,70.4,58763,4,3.8,4.1,236,1268,18.6,16.6,20.8,244,2402,10.2,9,11.4,1864,77.6,75.9,79.2
2024-03-31,"SUB_ICB_LOC","07G","E38000185","NHS MID AND SOUTH ESSEX ICB - 07G",1065,1581,67.4,59.5,74.3,25775,4.1,3.9,4.4,112,776,14.4,12.1,17.1,119,1103,10.8,9.1,12.8,876,79.4,76.9,81.7
2024-03-31,"SUB_ICB_LOC","02A","E38000187","NHS GREATER MANCHESTER ICB - 02A",1855,2864.3,64.8,57.8,70.9,43503,4.3,4.1,4.5,215,968,22.2,19.7,24.9,106,1908,5.6,4.6,6.7,1441,75.5,73.5,77.4
2024-03-31,"SUB_ICB_LOC","03Q","E38000188","NHS HUMBER AND NORTH YORKSHIRE ICB - 03Q",2615,5077.5,51.5,46.1,56.2,77680,3.4,3.2,3.5,183,2271,8.1,7,9.2,123,2676,4.6,3.9,5.5,2115,79,77.5,80.5
2024-03-31,"SUB_ICB_LOC","03R","E38000190","NHS WEST YORKSHIRE ICB - 03R",2845,4425.1,64.3,57.4,70.2,72577,3.9,3.8,4.1,598,3017,19.8,18.4,21.3,317,2982,10.6,9.6,11.8,2353,78.9,77.4,80.3
2024-03-31,"SUB_ICB_LOC","02E","E38000194","NHS CHESHIRE AND MERSEYSIDE ICB - 02E",1966,2719.4,72.3,64.4,79.2,43196,4.6,4.4,4.8,289,1762,16.4,14.7,18.2,245,2026,12.1,10.7,13.6,1491,73.6,71.6,75.5
2024-03-31,"SUB_ICB_LOC","07H","E38000197","NHS HERTFORDSHIRE AND WEST ESSEX ICB - 07H",2889,4042.6,71.5,64.1,78,60381,4.8,4.6,5,94,1521,6.2,5.1,7.5,236,2964,8,7,9,2135,72,70.4,73.6
2024-03-31,"SUB_ICB_LOC","02G","E38000200","NHS LANCASHIRE AND SOUTH CUMBRIA ICB - 02G",1165,1670.7,69.7,61.7,76.7,26110,4.5,4.2,4.7,72,557,12.9,10.4,16,78,1194,6.5,5.3,8.1,854,71.5,68.9,74
2024-03-31,"SUB_ICB_LOC","04V","E38000201","NHS LEICESTER, LEICESTERSHIRE AND RUTLAND ICB - 04V",3289,5210.9,63.1,56.5,68.8,83233,4,3.8,4.1,195,1861,10.5,9.2,12,312,3374,9.2,8.3,10.3,2455,72.8,71.2,74.2
2024-03-31,"SUB_ICB_LOC","07K","E38000204","NHS SUFFOLK AND NORTH EAST ESSEX ICB - 07K",2324,4298.9,54.1,48.3,59.1,65262,3.6,3.4,3.7,348,984,35.4,32.4,38.4,261,2360,11.1,9.9,12.4,1740,73.7,71.9,75.5
2024-03-31,"SUB_ICB_LOC","02H","E38000205","NHS GREATER MANCHESTER ICB - 02H",2944,3996.4,73.7,65.7,80.5,66366,4.4,4.3,4.6,297,4257,7,6.2,7.8,157,3029,5.2,4.4,6,2395,79.1,77.6,80.5
2024-03-31,"SUB_ICB_LOC","12F","E38000208","NHS CHESHIRE AND MERSEYSIDE ICB - 12F",3199,4805.3,66.6,59.6,72.6,75094,4.3,4.1,4.4,146,939,15.5,13.4,18,453,3313,13.7,12.5,14.9,2595,78.3,76.9,79.7
2024-03-31,"SUB_ICB_LOC","13T","E38000212","NHS NORTH EAST AND NORTH CUMBRIA ICB - 13T",4038,5532.2,73,65.4,79.5,86970,4.6,4.5,4.8,148,3380,4.4,3.7,5.1,359,4188,8.6,7.8,9.5,3202,76.5,75.1,77.7
2024-03-31,"SUB_ICB_LOC","01H","E38000215","NHS NORTH EAST AND NORTH CUMBRIA ICB - 01H",2927,5064.5,57.8,51.7,63.1,80562,3.6,3.5,3.8,395,1133,34.9,32.1,37.7,280,3032,9.2,8.3,10.3,2305,76,74.5,77.5
2024-03-31,"SUB_ICB_LOC","14L","E38000217","NHS GREATER MANCHESTER ICB - 14L",2718,3757.5,72.3,64.3,79.1,66771,4.1,3.9,4.2,148,2686,5.5,4.7,6.4,216,2847,7.6,6.7,8.6,2215,77.8,76.2,79.3
2024-03-31,"SUB_ICB_LOC","15A","E38000221","NHS BUCKINGHAMSHIRE, OXFORDSHIRE AND BERKSHIRE WEST ICB - 15A",3927,5998.9,65.5,58.6,71.3,93028,4.2,4.1,4.4,402,1334,30.1,27.7,32.7,346,4021,8.6,7.8,9.5,2961,73.6,72.3,75
2024-03-31,"SUB_ICB_LOC","15C","E38000222","NHS BRISTOL, NORTH SOMERSET AND SOUTH GLOUCESTERSHIRE ICB - 15C",8105,11799.2,68.7,61.8,74.6,177776,4.6,4.5,4.7,165,1885,8.8,7.6,10.1,637,8341,7.6,7.1,8.2,6468,77.5,76.6,78.4
2024-03-31,"SUB_ICB_LOC","14Y","E38000223","NHS BUCKINGHAMSHIRE, OXFORDSHIRE AND BERKSHIRE WEST ICB - 14Y",4365,7486.7,58.3,52.4,63.4,111645,3.9,3.8,4,271,2022,13.4,12,15,325,4451,7.3,6.6,8.1,3400,76.4,75.1,77.6
2024-03-31,"SUB_ICB_LOC","15F","E38000225","NHS WEST YORKSHIRE ICB - 15F",6294,8847,71.1,63.9,77.3,138223,4.6,4.4,4.7,1175,4036,29.1,27.7,30.5,370,6470,5.7,5.2,6.3,5143,79.5,78.5,80.5
2024-03-31,"SUB_ICB_LOC","02M","E38000226","NHS LANCASHIRE AND SOUTH CUMBRIA ICB - 02M",2246,3483.3,64.5,57.7,70.5,52639,4.3,4.1,4.4,208,972,21.4,18.9,24.1,136,2312,5.9,5,6.9,1660,71.8,69.9,73.6
2024-03-31,"SUB_ICB_LOC","01E","E38000227","NHS LANCASHIRE AND SOUTH CUMBRIA ICB - 01E",1703,2330.7,73.1,65.1,80.1,37058,4.6,4.4,4.8,57,1002,5.7,4.4,7.3,150,1758,8.5,7.3,9.9,1402,79.7,77.8,81.6
2024-03-31,"SUB_ICB_LOC","01K","E38000228","NHS LANCASHIRE AND SOUTH CUMBRIA ICB - 01K",3688,5246.1,70.3,63,76.6,81223,4.5,4.4,4.7,166,1172,14.2,12.3,16.3,277,3807,7.3,6.5,8.1,2739,71.9,70.5,73.4
2024-03-31,"SUB_ICB_LOC","92G","E38000231","NHS BATH AND NORTH EAST SOMERSET, SWINDON AND WILTSHIRE ICB - 92G",8122,13519.7,60.1,54,65.2,206364,3.9,3.9,4,607,5739,10.6,9.8,11.4,595,8331,7.1,6.6,7.7,6250,75,74.1,75.9
2024-03-31,"SUB_ICB_LOC","36J","E38000232","NHS WEST YORKSHIRE ICB - 36J",4826,6586.5,73.3,65.7,79.7,104670,4.6,4.5,4.7,699,3433,20.4,19,21.7,748,5008,14.9,14,16,3901,77.9,76.7,79
2024-03-31,"SUB_ICB_LOC","27D","E38000233","NHS CHESHIRE AND MERSEYSIDE ICB - 27D",7738,11524.5,67.1,60.4,72.9,176642,4.4,4.3,4.5,327,2973,11,9.9,12.2,813,7945,10.2,9.6,10.9,6086,76.6,75.7,77.5
2024-03-31,"SUB_ICB_LOC","84H","E38000234","NHS NORTH EAST AND NORTH CUMBRIA ICB - 84H",5121,7277.2,70.4,63,76.6,120390,4.3,4.1,4.4,557,2950,18.9,17.5,20.3,350,5332,6.6,5.9,7.3,4084,76.6,75.4,77.7
2024-03-31,"SUB_ICB_LOC","18C","E38000236","NHS HEREFORDSHIRE AND WORCESTERSHIRE ICB - 18C",6854,12729.7,53.8,48.4,58.5,195462,3.5,3.4,3.6,252,3695,6.8,6.1,7.7,750,7049,10.6,9.9,11.4,5573,79.1,78.1,80
2024-03-31,"SUB_ICB_LOC","91Q","E38000237","NHS KENT AND MEDWAY ICB - 91Q",15011,25307.7,59.3,53.4,64.4,390710,3.8,3.8,3.9,801,5924,13.5,12.7,14.4,1311,15507,8.5,8,8.9,11529,74.3,73.7,75
2024-03-31,"SUB_ICB_LOC","71E","E38000238","NHS LINCOLNSHIRE ICB - 71E",8152,12363.8,65.9,59.2,71.6,193183,4.2,4.1,4.3,1108,6150,18,17.1,19,746,8460,8.8,8.2,9.4,6057,71.6,70.6,72.5
2024-03-31,"SUB_ICB_LOC","26A","E38000239","NHS NORFOLK AND WAVENEY ICB - 26A",10993,17868.6,61.5,55.4,66.8,268172,4.1,4,4.2,982,5581,17.6,16.6,18.6,1368,11303,12.1,11.5,12.7,8210,72.6,71.8,73.4
2024-03-31,"SUB_ICB_LOC","93C","E38000240","NHS NORTH CENTRAL LONDON ICB - 93C",8645,12872.9,67.2,60.2,73,206477,4.2,4.1,4.3,421,3450,12.2,11.2,13.3,752,8898,8.5,7.9,9,6827,76.7,75.8,77.6
2024-03-31,"SUB_ICB_LOC","42D","E38000241","NHS HUMBER AND NORTH YORKSHIRE ICB - 42D",4463,7416.6,60.2,54,65.5,113951,3.9,3.8,4,624,3626,17.2,16,18.5,259,4567,5.7,5,6.4,3599,78.8,77.6,80
2024-03-31,"SUB_ICB_LOC","52R","E38000243","NHS NOTTINGHAM AND NOTTINGHAMSHIRE ICB - 52R",8894,12735.9,69.8,62.8,75.9,199159,4.5,4.4,4.6,374,5045,7.4,6.7,8.2,896,9304,9.6,9,10.2,7077,76.1,75.2,76.9
2024-03-31,"SUB_ICB_LOC","72Q","E38000244","NHS SOUTH EAST LONDON ICB - 72Q",10552,15133.1,69.7,62.6,75.8,244885,4.3,4.2,4.4,1005,7828,12.8,12.1,13.6,880,10946,8,7.5,8.6,7844,71.7,70.8,72.5
2024-03-31,"SUB_ICB_LOC","36L","E38000245","NHS SOUTH WEST LONDON ICB - 36L",10283,14183.8,72.5,65.1,78.7,225146,4.6,4.5,4.7,562,4314,13,12.1,14.1,1018,10648,9.6,9,10.1,8278,77.7,76.9,78.5
2024-03-31,"SUB_ICB_LOC","16C","E38000247","NHS NORTH EAST AND NORTH CUMBRIA ICB - 16C",6241,8570.2,72.8,65.3,79.2,139753,4.5,4.4,4.6,1006,4508,22.3,21.1,23.6,394,6471,6.1,5.5,6.7,5061,78.2,77.2,79.2
2024-03-31,"SUB_ICB_LOC","M1J4Y","E38000249","NHS BEDFORDSHIRE, LUTON AND MILTON KEYNES ICB - M1J4Y",7069,10339.3,68.4,61.3,74.3,166963,4.2,4.1,4.3,746,5283,14.1,13.2,15.1,717,7358,9.7,9.1,10.4,5242,71.2,70.2,72.3
2024-03-31,"SUB_ICB_LOC","B2M3M","E38000251","NHS COVENTRY AND WARWICKSHIRE ICB - B2M3M",7062,12347.4,57.2,51.4,62.1,188577,3.7,3.7,3.8,551,4454,12.4,11.4,13.4,791,7303,10.8,10.1,11.6,5453,74.7,73.7,75.7
2024-03-31,"SUB_ICB_LOC","D4U1Y","E38000252","NHS FRIMLEY ICB - D4U1Y",5969,8800.6,67.8,60.9,73.8,134253,4.4,4.3,4.6,526,2779,18.9,17.5,20.4,497,6105,8.1,7.5,8.9,4584,75.1,74,76.2
2024-03-31,"SUB_ICB_LOC","D9Y0V","E38000253","NHS HAMPSHIRE AND ISLE OF WIGHT ICB - D9Y0V",15285,24766.3,61.7,55.6,67,370670,4.1,4.1,4.2,633,7577,8.4,7.8,9,1725,15673,11,10.5,11.5,11597,74,73.3,74.7
2024-03-31,"SUB_ICB_LOC","X2C4Y","E38000254","NHS WEST YORKSHIRE ICB - X2C4Y",3164,4932.1,64.2,57.3,69.9,79284,4,3.9,4.1,432,3999,10.8,9.9,11.8,295,3313,8.9,8,9.9,2618,79,77.6,80.4
2024-03-31,"SUB_ICB_LOC","A3A8R","E38000255","NHS NORTH EAST LONDON ICB - A3A8R",8096,13395.1,60.4,54.1,65.7,226069,3.6,3.5,3.7,745,8566,8.7,8.1,9.3,779,8477,9.2,8.6,9.8,6664,78.6,77.7,79.5
2024-03-31,"SUB_ICB_LOC","W2U3Z","E38000256","NHS NORTH WEST LONDON ICB - W2U3Z",12618,19330.6,65.3,58.5,71,317810,4,3.9,4,1415,11547,12.3,11.7,12.9,1153,13160,8.8,8.3,9.3,10081,76.6,75.9,77.3
2024-03-31,"SUB_ICB_LOC","M2L0M","E38000257","NHS SHROPSHIRE, TELFORD AND WREKIN ICB - M2L0M",4735,7772.6,60.9,54.7,66.3,120827,3.9,3.8,4,197,1396,14.1,12.4,16,389,4859,8,7.3,8.8,3579,73.7,72.4,74.9
2024-03-31,"SUB_ICB_LOC","15E","E38000258","NHS BIRMINGHAM AND SOLIHULL ICB - 15E",8799,14450.3,60.9,54.8,66.2,221045,4,3.9,4.1,656,5652,11.6,10.8,12.5,1001,9129,11,10.3,11.6,6978,76.4,75.6,77.3
2024-03-31,"SUB_ICB_LOC","D2P2L","E38000259","NHS BLACK COUNTRY ICB - D2P2L",9186,14379.9,63.9,57.5,69.4,220385,4.2,4.1,4.3,652,9128,7.1,6.6,7.7,1035,9573,10.8,10.2,11.4,5549,58,57,59
2024-03-31,"SUB_ICB_LOC","06H","E38000260","NHS CAMBRIDGESHIRE AND PETERBOROUGH ICB - 06H",6507,10973.4,59.3,53.3,64.5,169641,3.8,3.7,3.9,480,3535,13.6,12.5,14.7,648,6730,9.6,8.9,10.4,5068,75.3,74.3,76.3
2024-03-31,"SUB_ICB_LOC","15M","E38000261","NHS DERBY AND DERBYSHIRE ICB - 15M",9967,14708.5,67.8,60.9,73.6,232824,4.3,4.2,4.4,1401,4134,33.9,32.5,35.3,1033,10457,9.9,9.3,10.5,7775,74.4,73.5,75.2
2024-03-31,"SUB_ICB_LOC","78H","E38000262","NHS NORTHAMPTONSHIRE ICB - 78H",5710,8896.6,64.2,57.5,69.9,143302,4,3.9,4.1,366,4932,7.4,6.7,8.2,609,5874,10.4,9.6,11.2,4267,72.6,71.5,73.8
2024-03-31,"SUB_ICB_LOC","01Y","E38000263","NHS GREATER MANCHESTER ICB - 01Y",1691,2340.1,72.3,64.2,79.2,39013,4.3,4.1,4.5,189,744,25.4,22.4,28.7,167,1759,9.5,8.2,11,1459,82.9,81.1,84.6
2024-03-31,"SUB_ICB_LOC","92A","E38000264","NHS SURREY HEARTLANDS ICB - 92A",9941,14848.9,66.9,60.3,72.6,212897,4.7,4.6,4.8,305,2597,11.7,10.6,13,948,10127,9.4,8.8,9.9,7665,75.7,74.8,76.5
2024-03-31,"SUB_ICB_LOC","02P","E38000006","NHS SOUTH YORKSHIRE ICB - 02P",2278,3077.6,74,66,80.9,51047,4.5,4.3,4.6,169,1046,16.2,14.1,18.5,83,2366,3.5,2.8,4.3,1778,75.1,73.4,76.8
2024-03-31,"SUB_ICB_LOC","99E","E38000007","NHS MID AND SOUTH ESSEX ICB - 99E",2029,3465.2,58.6,52.3,64.1,51977,3.9,3.7,4.1,241,1514,15.9,14.2,17.8,213,2115,10.1,8.9,11.4,1561,73.8,71.9,75.6
2024-04-30,"SUB_ICB_LOC","15A","E38000221","NHS BUCKINGHAMSHIRE, OXFORDSHIRE AND BERKSHIRE WEST ICB - 15A",3921,6018.7,65.1,58.4,71,93228,4.2,4.1,4.3,28,106,26.4,19,35.5,344,4014,8.6,7.7,9.5,2915,72.6,71.2,74
2024-04-30,"SUB_ICB_LOC","15C","E38000222","NHS BRISTOL, NORTH SOMERSET AND SOUTH GLOUCESTERSHIRE ICB - 15C",8131,11825.4,68.8,61.8,74.7,177956,4.6,4.5,4.7,5,151,3.3,1.4,7.5,631,8372,7.5,7,8.1,6279,75,74.1,75.9
2024-04-30,"SUB_ICB_LOC","14Y","E38000223","NHS BUCKINGHAMSHIRE, OXFORDSHIRE AND BERKSHIRE WEST ICB - 14Y",4395,7512,58.5,52.5,63.7,111912,3.9,3.8,4,17,165,10.3,6.5,15.9,333,4475,7.4,6.7,8.2,3294,73.6,72.3,74.9
2024-04-30,"SUB_ICB_LOC","15F","E38000225","NHS WEST YORKSHIRE ICB - 15F",6346,8866.6,71.6,64.2,77.8,138437,4.6,4.5,4.7,65,382,17,13.6,21.1,380,6527,5.8,5.3,6.4,5070,77.7,76.7,78.7
2024-04-30,"SUB_ICB_LOC","02M","E38000226","NHS LANCASHIRE AND SOUTH CUMBRIA ICB - 02M",2258,3495.5,64.6,57.7,70.6,52767,4.3,4.1,4.5,4,86,4.7,1.8,11.4,131,2325,5.6,4.8,6.6,1653,71.1,69.2,72.9
2024-04-30,"SUB_ICB_LOC","01E","E38000227","NHS LANCASHIRE AND SOUTH CUMBRIA ICB - 01E",1725,2329.6,74,65.9,81.1,37166,4.6,4.4,4.9,4,108,3.7,1.4,9.1,145,1779,8.2,7,9.5,1379,77.5,75.5,79.4
2024-04-30,"SUB_ICB_LOC","01K","E38000228","NHS LANCASHIRE AND SOUTH CUMBRIA ICB - 01K",3695,5258.4,70.3,63,76.5,81375,4.5,4.4,4.7,8,109,7.3,3.8,13.8,284,3815,7.4,6.7,8.3,2656,69.6,68.1,71.1
2024-04-30,"SUB_ICB_LOC","92G","E38000231","NHS BATH AND NORTH EAST SOMERSET, SWINDON AND WILTSHIRE ICB - 92G",8126,13562.2,59.9,53.9,65.1,206877,3.9,3.8,4,22,520,4.2,2.8,6.3,570,8337,6.8,6.3,7.4,5966,71.6,70.6,72.5
2024-04-30,"SUB_ICB_LOC","36J","E38000232","NHS WEST YORKSHIRE ICB - 36J",4811,6595.5,72.9,65.4,79.3,104889,4.6,4.5,4.7,39,319,12.2,9.1,16.3,729,4995,14.6,13.6,15.6,3749,75.1,73.8,76.2
2024-04-30,"SUB_ICB_LOC","27D","E38000233","NHS CHESHIRE AND MERSEYSIDE ICB - 27D",7755,11561.5,67.1,60.3,72.9,177035,4.4,4.3,4.5,23,242,9.5,6.4,13.9,822,7963,10.3,9.7,11,5794,72.8,71.8,73.7
2024-04-30,"SUB_ICB_LOC","84H","E38000234","NHS NORTH EAST AND NORTH CUMBRIA ICB - 84H",5139,7293.8,70.5,63.1,76.7,120583,4.3,4.1,4.4,31,289,10.7,7.7,14.8,340,5355,6.3,5.7,7,3901,72.8,71.6,74
2024-04-30,"SUB_ICB_LOC","18C","E38000236","NHS HEREFORDSHIRE AND WORCESTERSHIRE ICB - 18C",6867,12771.1,53.8,48.3,58.4,195796,3.5,3.4,3.6,14,319,4.4,2.6,7.2,749,7058,10.6,9.9,11.4,5424,76.8,75.9,77.8
2024-04-30,"SUB_ICB_LOC","91Q","E38000237","NHS KENT AND MEDWAY ICB - 91Q",15078,25367.1,59.4,53.5,64.5,391397,3.9,3.8,3.9,47,510,9.2,7,12,1368,15571,8.8,8.4,9.2,11154,71.6,70.9,72.3
2024-04-30,"SUB_ICB_LOC","71E","E38000238","NHS LINCOLNSHIRE ICB - 71E",8201,12396,66.2,59.5,71.9,193532,4.2,4.1,4.3,61,509,12,9.4,15.1,719,8505,8.5,7.9,9.1,5846,68.7,67.7,69.7
2024-04-30,"SUB_ICB_LOC","26A","E38000239","NHS NORFOLK AND WAVENEY ICB - 26A",11004,17900.5,61.5,55.3,66.7,268513,4.1,4,4.2,56,564,9.9,7.7,12.7,1340,11318,11.8,11.3,12.4,7966,70.4,69.5,71.2
2024-04-30,"SUB_ICB_LOC","93C","E38000240","NHS NORTH CENTRAL LONDON ICB - 93C",8652,12917.7,67,60.1,72.8,207142,4.2,4.1,4.3,18,255,7.1,4.5,10.9,742,8905,8.3,7.8,8.9,6554,73.6,72.7,74.5
2024-04-30,"SUB_ICB_LOC","42D","E38000241","NHS HUMBER AND NORTH YORKSHIRE ICB - 42D",5385,9282.6,58,52.1,63.1,143380,3.8,3.7,3.9,43,440,9.8,7.3,12.9,288,5507,5.2,4.7,5.8,4088,74.2,73.1,75.4
2024-04-30,"SUB_ICB_LOC","52R","E38000243","NHS NOTTINGHAM AND NOTTINGHAMSHIRE ICB - 52R",8877,12776.7,69.5,62.4,75.5,199613,4.4,4.4,4.5,19,443,4.3,2.8,6.6,871,9293,9.4,8.8,10,6837,73.6,72.7,74.5
2024-04-30,"SUB_ICB_LOC","72Q","E38000244","NHS SOUTH EAST LONDON ICB - 72Q",10576,15187.9,69.6,62.5,75.7,245682,4.3,4.2,4.4,48,558,8.6,6.5,11.2,881,10982,8,7.5,8.5,7654,69.7,68.8,70.5
2024-04-30,"SUB_ICB_LOC","36L","E38000245","NHS SOUTH WEST LONDON ICB - 36L",10299,14229.5,72.4,65,78.6,225731,4.6,4.5,4.6,18,291,6.2,3.9,9.6,1033,10672,9.7,9.1,10.3,8062,75.5,74.7,76.3
2024-04-30,"SUB_ICB_LOC","16C","E38000247","NHS NORTH EAST AND NORTH CUMBRIA ICB - 16C",6243,8587.9,72.7,65.1,79.1,140011,4.5,4.4,4.6,65,291,22.3,17.9,27.5,385,6477,5.9,5.4,6.5,4921,76,74.9,77
2024-04-30,"SUB_ICB_LOC","M1J4Y","E38000249","NHS BEDFORDSHIRE, LUTON AND MILTON KEYNES ICB - M1J4Y",6993,10294,67.9,60.9,73.8,166147,4.2,4.1,4.3,34,390,8.7,6.3,11.9,695,7281,9.5,8.9,10.2,5062,69.5,68.5,70.6
2024-04-30,"SUB_ICB_LOC","B2M3M","E38000251","NHS COVENTRY AND WARWICKSHIRE ICB - B2M3M",7072,12380.3,57.1,51.4,62,188904,3.7,3.7,3.8,38,422,9,6.6,12.1,804,7310,11,10.3,11.7,5279,72.2,71.2,73.2
2024-04-30,"SUB_ICB_LOC","D4U1Y","E38000252","NHS FRIMLEY ICB - D4U1Y",5991,8836.4,67.8,60.9,73.7,134652,4.4,4.3,4.6,34,270,12.6,9.2,17.1,508,6130,8.3,7.6,9,4474,73,71.9,74.1
2024-04-30,"SUB_ICB_LOC","D9Y0V","E38000253","NHS HAMPSHIRE AND ISLE OF WIGHT ICB - D9Y0V",15212,24823.7,61.3,55.2,66.5,371160,4.1,4,4.2,27,692,3.9,2.7,5.6,1712,15592,11,10.5,11.5,11226,72,71.3,72.7
2024-04-30,"SUB_ICB_LOC","X2C4Y","E38000254","NHS WEST YORKSHIRE ICB - X2C4Y",3151,4948.8,63.7,56.9,69.4,79440,4,3.8,4.1,29,359,8.1,5.7,11.4,288,3298,8.7,7.8,9.7,2513,76.2,74.7,77.6
2024-04-30,"SUB_ICB_LOC","A3A8R","E38000255","NHS NORTH EAST LONDON ICB - A3A8R",8149,13422.4,60.7,54.3,66,226375,3.6,3.5,3.7,43,437,9.8,7.4,13,785,8526,9.2,8.6,9.8,6491,76.1,75.2,77
2024-04-30,"SUB_ICB_LOC","W2U3Z","E38000256","NHS NORTH WEST LONDON ICB - W2U3Z",12632,19402.2,65.1,58.4,70.8,318971,4,3.9,4,83,1138,7.3,5.9,9,1132,13168,8.6,8.1,9.1,9646,73.3,72.5,74
2024-04-30,"SUB_ICB_LOC","M2L0M","E38000257","NHS SHROPSHIRE, TELFORD AND WREKIN ICB - M2L0M",4738,7796.5,60.8,54.5,66.1,121076,3.9,3.8,4,12,131,9.2,5.3,15.3,382,4864,7.9,7.1,8.6,3437,70.7,69.4,71.9
2024-04-30,"SUB_ICB_LOC","15E","E38000258","NHS BIRMINGHAM AND SOLIHULL ICB - 15E",8815,14480.7,60.9,54.7,66.1,221432,4,3.9,4.1,50,463,10.8,8.3,14,995,9145,10.9,10.3,11.5,6769,74,73.1,74.9
2024-04-30,"SUB_ICB_LOC","D2P2L","E38000259","NHS BLACK COUNTRY ICB - D2P2L",9208,14415.6,63.9,57.5,69.4,220670,4.2,4.1,4.3,35,698,5,3.6,6.9,1019,9591,10.6,10,11.3,5446,56.8,55.8,57.8
2024-04-30,"SUB_ICB_LOC","06H","E38000260","NHS CAMBRIDGESHIRE AND PETERBOROUGH ICB - 06H",6534,11002,59.4,53.3,64.5,169949,3.8,3.8,3.9,33,306,10.8,7.8,14.8,620,6758,9.2,8.5,9.9,4935,73,72,74.1
2024-04-30,"SUB_ICB_LOC","15M","E38000261","NHS DERBY AND DERBYSHIRE ICB - 15M",9980,14743.5,67.7,60.8,73.5,233216,4.3,4.2,4.4,73,420,17.4,14.1,21.3,998,10468,9.5,9,10.1,7534,72,71.1,72.8
2024-04-30,"SUB_ICB_LOC","78H","E38000262","NHS NORTHAMPTONSHIRE ICB - 78H",5718,8923.7,64.1,57.4,69.7,143614,4,3.9,4.1,18,415,4.3,2.8,6.8,584,5880,9.9,9.2,10.7,4105,69.8,68.6,71
2024-04-30,"SUB_ICB_LOC","01Y","E38000263","NHS GREATER MANCHESTER ICB - 01Y",1690,2342.2,72.2,64.1,79.1,39077,4.3,4.1,4.5,6,53,11.3,5.3,22.6,168,1755,9.6,8.3,11,1438,81.9,80.1,83.7
2024-04-30,"SUB_ICB_LOC","92A","E38000264","NHS SURREY HEARTLANDS ICB - 92A",9994,14888,67.1,60.5,72.9,213322,4.7,4.6,4.8,14,222,6.3,3.8,10.3,938,10186,9.2,8.7,9.8,7446,73.1,72.2,74
2024-04-30,"ICB","QHM","E54000050","NHS NORTH EAST AND NORTH CUMBRIA INTEGRATED CARE BOARD",27521,40494,68,61.1,73.7,655430,4.2,4.2,4.2,177,1599,11.1,9.6,12.7,2073,28506,7.3,7,7.6,21124,74.1,73.6,74.6
2024-04-30,"ICB","QOQ","E54000051","NHS HUMBER AND NORTH YORKSHIRE INTEGRATED CARE BOARD",15025,25719.2,58.4,52.5,63.4,402664,3.7,3.7,3.8,134,1418,9.4,8,11.1,1057,15548,6.8,6.4,7.2,11316,72.8,72.1,73.5
2024-04-30,"ICB","QWO","E54000054","NHS WEST YORKSHIRE INTEGRATED CARE BOARD",18883,27445.9,68.8,61.9,74.7,438194,4.3,4.2,4.4,194,1524,12.7,11.1,14.5,1845,19600,9.4,9,9.8,14897,76,75.4,76.6
2024-04-30,"ICB","QHL","E54000055","NHS BIRMINGHAM AND SOLIHULL INTEGRATED CARE BOARD",8815,14480.7,60.9,54.7,66.1,221432,4,3.9,4.1,50,463,10.8,8.3,14,995,9145,10.9,10.3,11.5,6769,74,73.1,74.9
2024-04-30,"ICB","QUE","E54000056","NHS CAMBRIDGESHIRE AND PETERBOROUGH INTEGRATED CARE BOARD",6534,11002,59.4,53.3,64.5,169949,3.8,3.8,3.9,33,306,10.8,7.8,14.8,620,6758,9.2,8.5,9.9,4935,73,72,74.1
2024-04-30,"ICB","QOP","E54000057","NHS GREATER MANCHESTER INTEGRATED CARE BOARD",22100,30135.2,73.3,65.9,79.6,492160,4.5,4.4,4.5,104,1580,6.6,5.5,7.9,1638,22899,7.2,6.8,7.5,17459,76.2,75.7,76.8
2024-04-30,"ICB","QJ2","E54000058","NHS DERBY AND DERBYSHIRE INTEGRATED CARE BOARD",9980,14743.5,67.7,60.8,73.5,233216,4.3,4.2,4.4,73,420,17.4,14.1,21.3,998,10468,9.5,9,10.1,7534,72,71.1,72.8
2024-04-30,"ICB","QPM","E54000059","NHS NORTHAMPTONSHIRE INTEGRATED CARE BOARD",5718,8923.7,64.1,57.4,69.7,143614,4,3.9,4.1,18,415,4.3,2.8,6.8,584,5880,9.9,9.2,10.7,4105,69.8,68.6,71
2024-04-30,"ICB","QT1","E54000060","NHS NOTTINGHAM AND NOTTINGHAMSHIRE INTEGRATED CARE BOARD",10186,14513.9,70.2,63.1,76.2,227256,4.5,4.4,4.6,24,526,4.6,3.1,6.7,1006,10648,9.4,8.9,10,7871,73.9,73.1,74.7
2024-04-30,"ICB","QF7","E54000061","NHS SOUTH YORKSHIRE INTEGRATED CARE BOARD",12306,16381.6,75.1,67.5,81.5,260762,4.7,4.6,4.8,56,727,7.7,6,9.9,924,12797,7.2,6.8,7.7,9348,73,72.3,73.8
2024-04-30,"ICB","QUA","E54000062","NHS BLACK COUNTRY INTEGRATED CARE BOARD",9208,14415.6,63.9,57.5,69.4,220670,4.2,4.1,4.3,35,698,5,3.6,6.9,1019,9591,10.6,10,11.3,5446,56.8,55.8,57.8
2024-04-30,"ICB","QXU","E54000063","NHS SURREY HEARTLANDS ICB",9994,14888,67.1,60.5,72.9,213322,4.7,4.6,4.8,14,222,6.3,3.8,10.3,938,10186,9.2,8.7,9.8,7446,73.1,72.2,74
2024-04-30,"NHS_REGION","Y59","E40000005","SOUTH EAST",79477,126916.2,62.6,56.5,67.8,1898820,4.2,4.2,4.2,227,3073,7.4,6.5,8.4,7387,81430,9.1,8.9,9.3,58954,72.4,72.1,72.7
2024-04-30,"NHS_REGION","Y58","E40000006","SOUTH WEST",53834,89364.3,60.2,54.3,65.3,1350106,4,4,4,163,2785,5.9,5,6.8,4525,55214,8.2,8,8.4,40071,72.6,72.2,72.9
2024-04-30,"ICB","QMF","E54000029","NHS NORTH EAST LONDON INTEGRATED CARE BOARD",8149,13422.4,60.7,54.3,66,226375,3.6,3.5,3.7,43,437,9.8,7.4,13,785,8526,9.2,8.6,9.8,6491,76.1,75.2,77
2024-04-30,"ICB","QKK","E54000030","NHS SOUTH EAST LONDON INTEGRATED CARE BOARD",10576,15187.9,69.6,62.5,75.7,245682,4.3,4.2,4.4,48,558,8.6,6.5,11.2,881,10982,8,7.5,8.5,7654,69.7,68.8,70.5
2024-04-30,"ICB","QWE","E54000031","NHS SOUTH WEST LONDON INTEGRATED CARE BOARD",10299,14229.5,72.4,65,78.6,225731,4.6,4.5,4.6,18,291,6.2,3.9,9.6,1033,10672,9.7,9.1,10.3,8062,75.5,74.7,76.3
2024-04-30,"ICB","QKS","E54000032","NHS KENT AND MEDWAY INTEGRATED CARE BOARD",15078,25367.1,59.4,53.5,64.5,391397,3.9,3.8,3.9,47,510,9.2,7,12,1368,15571,8.8,8.4,9.2,11154,71.6,70.9,72.3
2024-04-30,"ICB","QNQ","E54000034","NHS FRIMLEY INTEGRATED CARE BOARD",5991,8836.4,67.8,60.9,73.7,134652,4.4,4.3,4.6,34,270,12.6,9.2,17.1,508,6130,8.3,7.6,9,4474,73,71.9,74.1
2024-04-30,"ICB","QT6","E54000036","NHS CORNWALL AND THE ISLES OF SCILLY INTEGRATED CARE BOARD",5754,9658.9,59.6,53.5,64.8,151408,3.8,3.7,3.9,17,258,6.6,4.2,10.3,535,5875,9.1,8.4,9.9,3972,67.6,66.4,68.8
2024-04-30,"ICB","QSL","E54000038","NHS SOMERSET INTEGRATED CARE BOARD",5443,9880.7,55.1,49.5,59.9,149895,3.6,3.5,3.7,5,90,5.6,2.4,12.4,439,5583,7.9,7.2,8.6,4015,71.9,70.7,73.1
2024-04-30,"ICB","QUY","E54000039","NHS BRISTOL, NORTH SOMERSET AND SOUTH GLOUCESTERSHIRE INTEGRATED CARE BOARD",8131,11825.4,68.8,61.8,74.7,177956,4.6,4.5,4.7,5,151,3.3,1.4,7.5,631,8372,7.5,7,8.1,6279,75,74.1,75.9
2024-04-30,"ICB","QOX","E54000040","NHS BATH AND NORTH EAST SOMERSET, SWINDON AND WILTSHIRE INTEGRATED CARE BOARD",8126,13562.2,59.9,53.9,65.1,206877,3.9,3.8,4,22,520,4.2,2.8,6.3,570,8337,6.8,6.3,7.4,5966,71.6,70.6,72.5
2024-04-30,"ICB","QVV","E54000041","NHS DORSET INTEGRATED CARE BOARD",8155,14323.2,56.9,51.3,61.8,208090,3.9,3.8,4,13,728,1.8,1,3,690,8377,8.2,7.7,8.8,6147,73.4,72.4,74.3
2024-04-30,"ICB","QRL","E54000042","NHS HAMPSHIRE AND ISLE OF WIGHT INTEGRATED CARE BOARD",16699,27016.5,61.8,55.7,67.1,405773,4.1,4.1,4.2,29,803,3.6,2.5,5.1,1879,17123,11,10.5,11.5,12261,71.6,70.9,72.3
2024-04-30,"ICB","QR1","E54000043","NHS GLOUCESTERSHIRE INTEGRATED CARE BOARD",6298,9863.4,63.9,57.4,69.4,150039,4.2,4.1,4.3,22,400,5.5,3.7,8.2,623,6467,9.6,8.9,10.4,4855,75.1,74,76.1
2024-04-30,"ICB","QU9","E54000044","NHS BUCKINGHAMSHIRE, OXFORDSHIRE AND BERKSHIRE WEST INTEGRATED CARE BOARD",14257,22977.3,62,55.8,67.4,346456,4.1,4,4.2,55,393,14,10.9,17.8,1180,14559,8.1,7.7,8.6,10606,72.8,72.1,73.6
2024-04-30,"ICB","QE1","E54000048","NHS LANCASHIRE AND SOUTH CUMBRIA INTEGRATED CARE BOARD",16030,23451.9,68.4,61.5,74.2,372311,4.3,4.2,4.4,53,879,6,4.6,7.8,1164,16577,7,6.6,7.4,12154,73.3,72.6,74
2024-04-30,"SUB_ICB_LOC","00X","E38000034","NHS LANCASHIRE AND SOUTH CUMBRIA ICB - 00X",1704,2479.2,68.7,61.1,75.4,40003,4.3,4.1,4.5,5,83,6,2.6,13.3,94,1752,5.4,4.4,6.5,1293,73.8,71.7,75.8
2024-04-30,"SUB_ICB_LOC","02X","E38000044","NHS SOUTH YORKSHIRE ICB - 02X",2717,3757.3,72.3,64.5,79,60916,4.5,4.3,4.6,13,288,4.5,2.7,7.6,189,2842,6.7,5.8,7.6,1908,67.1,65.4,68.8
2024-04-30,"NHS_REGION","Y61","E40000007","EAST OF ENGLAND",57010,90441.6,63,56.8,68.3,1373702,4.2,4.1,4.2,336,2780,12.1,10.9,13.4,5935,58813,10.1,9.9,10.3,42270,71.9,71.5,72.2
2024-04-30,"NHS_REGION","Y62","E40000010","NORTH WEST",61049,87812.5,69.5,62.5,75.4,1408144,4.3,4.3,4.4,280,3731,7.5,6.7,8.4,5386,63128,8.5,8.3,8.8,47003,74.5,74.1,74.8
2024-04-30,"NHS_REGION","Y63","E40000012","NORTH EAST AND YORKSHIRE",73735,110040.7,67,60.3,72.7,1757050,4.2,4.2,4.2,561,5268,10.6,9.8,11.5,5899,76451,7.7,7.5,7.9,56685,74.1,73.8,74.5
2024-04-30,"SUB_ICB_LOC","02P","E38000006","NHS SOUTH YORKSHIRE ICB - 02P",2255,3083.5,73.1,65.1,80,51144,4.4,4.2,4.6,12,67,17.9,10.6,28.7,78,2342,3.3,2.7,4.1,1726,73.7,71.9,75.4
2024-04-30,"SUB_ICB_LOC","99E","E38000007","NHS MID AND SOUTH ESSEX ICB - 99E",2019,3474,58.1,51.9,63.6,52081,3.9,3.7,4,13,151,8.6,5.1,14.2,195,2104,9.3,8.1,10.6,1531,72.8,70.8,74.6
2024-04-30,"SUB_ICB_LOC","02Q","E38000008","NHS NOTTINGHAM AND NOTTINGHAMSHIRE ICB - 02Q",1309,1737.2,75.4,66.9,82.8,27643,4.7,4.5,5,5,83,6,2.6,13.3,135,1355,10,8.5,11.7,1034,76.3,74,78.5
2024-04-30,"SUB_ICB_LOC","00Q","E38000014","NHS LANCASHIRE AND SOUTH CUMBRIA ICB - 00Q",1038,1591.1,65.2,57.5,72,26933,3.9,3.6,4.1,4,68,5.9,2.3,14.2,86,1086,7.9,6.5,9.7,839,77.3,74.7,79.7
2024-04-30,"SUB_ICB_LOC","00R","E38000015","NHS LANCASHIRE AND SOUTH CUMBRIA ICB - 00R",1497,2184.1,68.5,60.9,75.3,34791,4.3,4.1,4.5,2,64,3.1,0.9,10.7,128,1562,8.2,6.9,9.7,1109,71,68.7,73.2
2024-04-30,"SUB_ICB_LOC","00T","E38000016","NHS GREATER MANCHESTER ICB - 00T",2367,3286.3,72,64.3,78.7,54083,4.4,4.2,4.6,17,243,7,4.4,10.9,192,2459,7.8,6.8,8.9,2023,82.3,80.7,83.7
2024-04-30,"SUB_ICB_LOC","00V","E38000024","NHS GREATER MANCHESTER ICB - 00V",1850,2401.4,77,68.6,84.4,38044,4.9,4.7,5.1,2,25,8,2.2,25,177,1908,9.3,8.1,10.7,1391,72.9,70.9,74.9
2024-04-30,"SUB_ICB_LOC","02T","E38000025","NHS WEST YORKSHIRE ICB - 02T",1737,2603.2,66.7,59.3,73.2,42773,4.1,3.9,4.3,15,219,6.8,4.2,11,131,1803,7.3,6.2,8.6,1285,71.3,69.1,73.3
2024-04-30,"SUB_ICB_LOC","04Y","E38000028","NHS STAFFORDSHIRE AND STOKE-ON-TRENT ICB - 04Y",1414,1835.7,77,68.4,84.6,29061,4.9,4.6,5.1,13,52,25,15.2,38.2,150,1448,10.4,8.9,12,1071,74,71.6,76.2
2024-04-30,"SUB_ICB_LOC","99F","E38000030","NHS MID AND SOUTH ESSEX ICB - 99F",2079,3018.4,68.9,61.6,75.4,44491,4.7,4.5,4.9,14,66,21.2,13.1,32.5,161,2127,7.6,6.5,8.8,1481,69.6,67.6,71.5
2024-04-30,"ICB","QNC","E54000010","NHS STAFFORDSHIRE AND STOKE-ON-TRENT INTEGRATED CARE BOARD",11555,15962.9,72.4,65.1,78.6,248645,4.6,4.6,4.7,53,672,7.9,6.1,10.2,973,11854,8.2,7.7,8.7,8717,73.5,72.7,74.3
2024-04-30,"ICB","QOC","E54000011","NHS SHROPSHIRE, TELFORD AND WREKIN INTEGRATED CARE BOARD",4738,7796.5,60.8,54.5,66.1,121076,3.9,3.8,4,12,131,9.2,5.3,15.3,382,4864,7.9,7.1,8.6,3437,70.7,69.4,71.9
2024-04-30,"ICB","QJM","E54000013","NHS LINCOLNSHIRE INTEGRATED CARE BOARD",8201,12396,66.2,59.5,71.9,193532,4.2,4.1,4.3,61,509,12,9.4,15.1,719,8505,8.5,7.9,9.1,5846,68.7,67.7,69.7
2024-04-30,"ICB","QK1","E54000015","NHS LEICESTER, LEICESTERSHIRE AND RUTLAND INTEGRATED CARE BOARD",8857,13629.6,65,58.4,70.7,216195,4.1,4,4.2,28,610,4.6,3.2,6.6,887,9171,9.7,9.1,10.3,6606,72,71.1,72.9
2024-04-30,"ICB","QWU","E54000018","NHS COVENTRY AND WARWICKSHIRE INTEGRATED CARE BOARD",7072,12380.3,57.1,51.4,62,188904,3.7,3.7,3.8,38,422,9,6.6,12.1,804,7310,11,10.3,11.7,5279,72.2,71.2,73.2
2024-04-30,"ICB","QGH","E54000019","NHS HEREFORDSHIRE AND WORCESTERSHIRE INTEGRATED CARE BOARD",6867,12771.1,53.8,48.3,58.4,195796,3.5,3.4,3.6,14,319,4.4,2.6,7.2,749,7058,10.6,9.9,11.4,5424,76.8,75.9,77.8
2024-04-30,"ICB","QMM","E54000022","NHS NORFOLK AND WAVENEY INTEGRATED CARE BOARD",11004,17900.5,61.5,55.3,66.7,268513,4.1,4,4.2,56,564,9.9,7.7,12.7,1340,11318,11.8,11.3,12.4,7966,70.4,69.5,71.2
2024-04-30,"ICB","QJG","E54000023","NHS SUFFOLK AND NORTH EAST ESSEX INTEGRATED CARE BOARD",9681,16229.6,59.7,53.7,64.7,244516,4,3.9,4,132,545,24.2,20.8,28,1164,9970,11.7,11.1,12.3,7476,75,74.1,75.8
2024-04-30,"ICB","QHG","E54000024","NHS BEDFORDSHIRE, LUTON AND MILTON KEYNES INTEGRATED CARE BOARD",6993,10294,67.9,60.9,73.8,166147,4.2,4.1,4.3,34,390,8.7,6.3,11.9,695,7281,9.5,8.9,10.2,5062,69.5,68.5,70.6
2024-04-30,"ICB","QM7","E54000025","NHS HERTFORDSHIRE AND WEST ESSEX INTEGRATED CARE BOARD",12154,18887,64.4,57.9,69.8,280068,4.3,4.3,4.4,36,454,7.9,5.8,10.8,1087,12498,8.7,8.2,9.2,8891,71.1,70.3,71.9
2024-04-30,"ICB","QH8","E54000026","NHS MID AND SOUTH ESSEX INTEGRATED CARE BOARD",10644,16128.4,66,59.4,71.7,244509,4.4,4.3,4.4,45,521,8.6,6.5,11.4,1029,10988,9.4,8.8,9.9,7940,72.3,71.4,73.1
2024-04-30,"ICB","QRV","E54000027","NHS NORTH WEST LONDON INTEGRATED CARE BOARD",12632,19402.2,65.1,58.4,70.8,318971,4,3.9,4,83,1138,7.3,5.9,9,1132,13168,8.6,8.1,9.1,9646,73.3,72.5,74
2024-04-30,"ICB","QMJ","E54000028","NHS NORTH CENTRAL LONDON INTEGRATED CARE BOARD",8652,12917.7,67,60.1,72.8,207142,4.2,4.1,4.3,18,255,7.1,4.5,10.9,742,8905,8.3,7.8,8.9,6554,73.6,72.7,74.5
2024-04-30,"ICB","QJK","E54000037","NHS DEVON INTEGRATED CARE BOARD",11927,20250.5,58.9,53,64,305841,3.9,3.8,4,79,638,12.4,10,15.2,1037,12203,8.5,8,9,8837,72.4,71.6,73.2
2024-04-30,"ICB","QNX","E54000064","NHS SUSSEX ICB",17458,27830.9,62.7,56.6,68.1,407220,4.3,4.2,4.3,48,875,5.5,4.2,7.2,1514,17861,8.5,8.1,8.9,13013,72.9,72.2,73.5
2024-04-30,"NHS_REGION","Y56","E40000003","LONDON",50308,75159.7,66.9,60.1,72.6,1223901,4.1,4.1,4.1,210,2679,7.8,6.9,8.9,4573,52253,8.8,8.5,9,38407,73.5,73.1,73.9
2024-04-30,"NHS_REGION","Y60","E40000011","MIDLANDS",91197,142013.6,64.2,57.9,69.6,2210336,4.1,4.1,4.2,406,5185,7.8,7.1,8.6,9116,94494,9.6,9.5,9.8,67034,70.9,70.6,71.2
2024-04-30,"SUB_ICB_LOC","09D","E38000021","NHS SUSSEX ICB - 09D",1875,2856.8,65.6,58.5,71.9,44729,4.2,4,4.4,9,63,14.3,7.7,25,118,1927,6.1,5.1,7.3,1401,72.7,70.7,74.6
2024-04-30,"COUNTRY","ENG","E92000001","ENGLAND",466610,721748.6,64.6,58.3,70.1,11222059,4.2,4.1,4.2,2183,25501,8.6,8.2,8.9,42821,481783,8.9,8.8,9,350424,72.7,72.6,72.9
2024-04-30,"ICB","QYG","E54000008","NHS CHESHIRE AND MERSEYSIDE INTEGRATED CARE BOARD",22919,34225.4,67,60.2,72.6,543673,4.2,4.2,4.3,123,1272,9.7,8.2,11.4,2584,23652,10.9,10.5,11.3,17390,73.5,73,74.1
2024-04-30,"SUB_ICB_LOC","11J","E38000045","NHS DORSET ICB - 11J",8155,14323.2,56.9,51.3,61.8,208090,3.9,3.8,4,13,728,1.8,1,3,690,8377,8.2,7.7,8.8,6147,73.4,72.4,74.3
2024-04-30,"SUB_ICB_LOC","06K","E38000049","NHS HERTFORDSHIRE AND WEST ESSEX ICB - 06K",4642,7374.2,62.9,56.5,68.5,109016,4.3,4.1,4.4,10,246,4.1,2.2,7.3,370,4774,7.8,7,8.5,3383,70.9,69.6,72.1
2024-04-30,"SUB_ICB_LOC","01A","E38000050","NHS LANCASHIRE AND SOUTH CUMBRIA ICB - 01A",2951,4437.5,66.5,59.4,72.6,73130,4,3.9,4.2,22,312,7.1,4.7,10.4,216,3066,7,6.2,8,2393,78,76.5,79.5
2024-04-30,"SUB_ICB_LOC","03W","E38000051","NHS LEICESTER, LEICESTERSHIRE AND RUTLAND ICB - 03W",3316,5397.2,61.4,55.1,67,81373,4.1,3.9,4.2,8,188,4.3,2.2,8.2,323,3404,9.5,8.5,10.5,2537,74.5,73,76
2024-04-30,"SUB_ICB_LOC","02Y","E38000052","NHS HUMBER AND NORTH YORKSHIRE ICB - 02Y",3205,5487.8,58.4,52.3,63.7,85058,3.8,3.6,3.9,29,269,10.8,7.6,15.1,227,3287,6.9,6.1,7.8,2430,73.9,72.4,75.4
2024-04-30,"SUB_ICB_LOC","05D","E38000053","NHS STAFFORDSHIRE AND STOKE-ON-TRENT ICB - 05D",1196,1919.2,62.3,55.2,68.6,29892,4,3.8,4.2,5,44,11.4,5,24,67,1237,5.4,4.3,6.8,945,76.4,73.9,78.7
2024-04-30,"SUB_ICB_LOC","11M","E38000062","NHS GLOUCESTERSHIRE ICB - 11M",6298,9863.4,63.9,57.4,69.4,150039,4.2,4.1,4.3,22,400,5.5,3.7,8.2,623,6467,9.6,8.9,10.4,4855,75.1,74,76.1
2024-04-30,"SUB_ICB_LOC","01F","E38000068","NHS CHESHIRE AND MERSEYSIDE ICB - 01F",962,1435.9,67,58.8,74.1,25405,3.8,3.6,4,8,64,12.5,6.5,22.8,84,1006,8.3,6.8,10.2,711,70.7,67.8,73.4
2024-04-30,"SUB_ICB_LOC","06N","E38000079","NHS HERTFORDSHIRE AND WEST ESSEX ICB - 06N",4622,7457.4,62,55.7,67.4,110550,4.2,4.1,4.3,20,90,22.2,14.9,31.8,479,4757,10.1,9.2,11,3433,72.2,70.9,73.4
2024-04-30,"SUB_ICB_LOC","01D","E38000080","NHS GREATER MANCHESTER ICB - 01D",1765,2351,75.1,66.6,82.3,40058,4.4,4.2,4.6,7,137,5.1,2.5,10.2,144,1854,7.8,6.6,9.1,1364,73.6,71.5,75.5
2024-04-30,"SUB_ICB_LOC","03F","E38000085","NHS HUMBER AND NORTH YORKSHIRE ICB - 03F",1915,2877.2,66.6,59.1,72.9,48862,3.9,3.8,4.1,20,175,11.4,7.5,17,228,2003,11.4,10.1,12.8,1370,68.4,66.3,70.4
2024-04-30,"SUB_ICB_LOC","06L","E38000086","NHS SUFFOLK AND NORTH EAST ESSEX ICB - 06L",3680,6334.5,58.1,52.1,63.3,95374,3.9,3.7,4,77,280,27.5,22.6,33,328,3776,8.7,7.8,9.6,2853,75.6,74.2,76.9
2024-04-30,"SUB_ICB_LOC","11N","E38000089","NHS CORNWALL AND THE ISLES OF SCILLY ICB - 11N",5754,9658.9,59.6,53.5,64.8,151408,3.8,3.7,3.9,17,258,6.6,4.2,10.3,535,5875,9.1,8.4,9.9,3972,67.6,66.4,68.8
2024-04-30,"SUB_ICB_LOC","01J","E38000091","NHS CHESHIRE AND MERSEYSIDE ICB - 01J",1010,1671.5,60.4,53.1,66.7,29168,3.5,3.3,3.7,16,77,20.8,13.2,31.1,114,1060,10.8,9,12.8,740,69.8,67,72.5
2024-04-30,"SUB_ICB_LOC","04C","E38000097","NHS LEICESTER, LEICESTERSHIRE AND RUTLAND ICB - 04C",2263,3002,75.4,67,82.5,51434,4.4,4.2,4.6,5,215,2.3,1,5.3,275,2404,11.4,10.2,12.8,1731,72,70.2,73.8
2024-04-30,"SUB_ICB_LOC","99A","E38000101","NHS CHESHIRE AND MERSEYSIDE ICB - 99A",3277,4999.4,65.5,58.4,71.5,85543,3.8,3.7,4,22,207,10.6,7.1,15.6,430,3403,12.6,11.6,13.8,2478,72.8,71.3,74.3
2024-04-30,"SUB_ICB_LOC","06Q","E38000106","NHS MID AND SOUTH ESSEX ICB - 06Q",3432,5597.7,61.3,54.9,66.8,85608,4,3.9,4.1,5,158,3.2,1.4,7.2,381,3528,10.8,9.8,11.9,2470,70,68.5,71.5
2024-04-30,"SUB_ICB_LOC","06T","E38000117","NHS SUFFOLK AND NORTH EAST ESSEX ICB - 06T",3697,5582.7,66.2,59.4,72.2,83744,4.4,4.3,4.6,15,140,10.7,6.6,16.9,589,3854,15.3,14.2,16.5,2938,76.2,74.9,77.5
2024-04-30,"SUB_ICB_LOC","03H","E38000119","NHS HUMBER AND NORTH YORKSHIRE ICB - 03H",1414,2294.8,61.6,54.7,67.7,36210,3.9,3.7,4.1,23,141,16.3,11.1,23.3,123,1501,8.2,6.9,9.7,1091,72.7,70.4,74.9
2024-04-30,"SUB_ICB_LOC","03K","E38000122","NHS HUMBER AND NORTH YORKSHIRE ICB - 03K",1412,2535.8,55.7,49.4,61.1,40574,3.5,3.3,3.7,12,185,6.5,3.7,11,106,1512,7,5.8,8.4,1004,66.4,64,68.7
2024-04-30,"SUB_ICB_LOC","05G","E38000126","NHS STAFFORDSHIRE AND STOKE-ON-TRENT ICB - 05G",2522,3481.2,72.4,64.8,79.1,53460,4.7,4.5,4.9,7,166,4.2,2.1,8.4,294,2568,11.4,10.3,12.7,1867,72.7,70.9,74.4
2024-04-30,"SUB_ICB_LOC","99C","E38000127","NHS NORTH EAST AND NORTH CUMBRIA ICB - 99C",1995,2878.3,69.3,61.7,75.9,46372,4.3,4.1,4.5,6,216,2.8,1.3,5.9,163,2058,7.9,6.8,9.2,1482,72,70,73.9
2024-04-30,"SUB_ICB_LOC","00L","E38000130","NHS NORTH EAST AND NORTH CUMBRIA ICB - 00L",3445,5458,63.1,56.4,68.8,88688,3.9,3.8,4,12,242,5,2.9,8.5,202,3546,5.7,5,6.5,2598,73.3,71.8,74.7
2024-04-30,"SUB_ICB_LOC","00Y","E38000135","NHS GREATER MANCHESTER ICB - 00Y",1868,2520.5,74.1,66,81.2,41199,4.5,4.3,4.7,14,262,5.3,3.2,8.8,140,1943,7.2,6.1,8.4,1441,74.2,72.2,76.1
2024-04-30,"SUB_ICB_LOC","10Q","E38000136","NHS BUCKINGHAMSHIRE, OXFORDSHIRE AND BERKSHIRE WEST ICB - 10Q",5941,9446.6,62.9,56.6,68.3,141316,4.2,4.1,4.3,10,122,8.2,4.5,14.4,503,6070,8.3,7.6,9,4397,72.4,71.3,73.5
2024-04-30,"SUB_ICB_LOC","10R","E38000137","NHS HAMPSHIRE AND ISLE OF WIGHT ICB - 10R",1487,2192.8,67.8,60.2,74.4,34613,4.3,4.1,4.5,2,111,1.8,0.5,6.3,167,1531,10.9,9.4,12.6,1035,67.6,65.2,69.9
2024-04-30,"SUB_ICB_LOC","03L","E38000141","NHS SOUTH YORKSHIRE ICB - 03L",2795,3224.5,86.7,77.4,94.7,51834,5.4,5.2,5.6,16,176,9.1,5.7,14.3,182,2905,6.3,5.4,7.2,2137,73.6,71.9,75.1
2024-04-30,"SUB_ICB_LOC","01G","E38000143","NHS GREATER MANCHESTER ICB - 01G",1911,2377.4,80.4,71.5,88,39373,4.9,4.6,5.1,10,88,11.4,6.3,19.7,138,1980,7,5.9,8.2,1530,77.3,75.4,79.1
2024-04-30,"SUB_ICB_LOC","03N","E38000146","NHS SOUTH YORKSHIRE ICB - 03N",4539,6316.3,71.9,64.5,78.3,96868,4.7,4.6,4.8,15,196,7.7,4.7,12.2,475,4708,10.1,9.3,11,3577,76,74.7,77.2
2024-04-30,"SUB_ICB_LOC","11X","E38000150","NHS SOMERSET ICB - 11X",5443,9880.7,55.1,49.5,59.9,149895,3.6,3.5,3.7,5,90,5.6,2.4,12.4,439,5583,7.9,7.2,8.6,4015,71.9,70.7,73.1
2024-04-30,"SUB_ICB_LOC","05Q","E38000153","NHS STAFFORDSHIRE AND STOKE-ON-TRENT ICB - 05Q",2083,3157.9,66,58.8,72.2,49079,4.2,4.1,4.4,10,89,11.2,6.2,19.5,118,2143,5.5,4.6,6.6,1630,76.1,74.2,77.8
2024-04-30,"SUB_ICB_LOC","01T","E38000161","NHS CHESHIRE AND MERSEYSIDE ICB - 01T",1190,2020.1,58.9,52.2,64.8,32184,3.7,3.5,3.9,11,132,8.3,4.7,14.3,95,1216,7.8,6.4,9.5,887,72.9,70.4,75.4
2024-04-30,"SUB_ICB_LOC","00N","E38000163","NHS NORTH EAST AND NORTH CUMBRIA ICB - 00N",1465,2035.3,72,63.9,79,32998,4.4,4.2,4.7,9,86,10.5,5.6,18.7,108,1514,7.1,5.9,8.5,1125,74.3,72,76.4
2024-04-30,"SUB_ICB_LOC","99G","E38000168","NHS MID AND SOUTH ESSEX ICB - 99G",2040,2452.3,83.2,74.3,90.9,36480,5.6,5.4,5.8,8,47,17,8.9,30.1,176,2118,8.3,7.2,9.6,1600,75.5,73.7,77.3
2024-04-30,"SUB_ICB_LOC","01V","E38000170","NHS CHESHIRE AND MERSEYSIDE ICB - 01V",1728,2387.8,72.4,64.6,79.2,34252,5,4.8,5.3,18,195,9.2,5.9,14.1,188,1774,10.6,9.2,12.1,1421,80.1,78.2,81.9
2024-04-30,"SUB_ICB_LOC","01X","E38000172","NHS CHESHIRE AND MERSEYSIDE ICB - 01X",1843,2596.9,71,63.2,77.7,41496,4.4,4.2,4.6,6,87,6.9,3.2,14.2,157,1907,8.2,7.1,9.6,1397,73.3,71.2,75.2
2024-04-30,"SUB_ICB_LOC","05V","E38000173","NHS STAFFORDSHIRE AND STOKE-ON-TRENT ICB - 05V",1408,2347.7,60,53.3,65.9,35981,3.9,3.7,4.1,13,90,14.4,8.6,23.2,82,1440,5.7,4.6,7,1001,69.5,67.1,71.8
2024-04-30,"SUB_ICB_LOC","01W","E38000174","NHS GREATER MANCHESTER ICB - 01W",3128,4202.5,74.4,66.7,81.2,63303,4.9,4.8,5.1,4,87,4.6,1.8,11.2,209,3215,6.5,5.7,7.4,2430,75.6,74.1,77
2024-04-30,"SUB_ICB_LOC","05W","E38000175","NHS STAFFORDSHIRE AND STOKE-ON-TRENT ICB - 05W",2932,3221.1,91,81.4,99.4,51172,5.7,5.5,5.9,5,231,2.2,0.9,5,262,3018,8.7,7.7,9.7,2203,73,71.4,74.5
2024-04-30,"SUB_ICB_LOC","00P","E38000176","NHS NORTH EAST AND NORTH CUMBRIA ICB - 00P",2327,3617.5,64.3,57.3,70.3,58914,3.9,3.8,4.1,14,115,12.2,7.4,19.4,241,2403,10,8.9,11.3,1806,75.2,73.4,76.8
2024-04-30,"SUB_ICB_LOC","07G","E38000185","NHS MID AND SOUTH ESSEX ICB - 07G",1074,1586.2,67.7,59.8,74.6,25849,4.2,3.9,4.4,5,99,5.1,2.2,11.3,116,1111,10.4,8.8,12.4,858,77.2,74.7,79.6
2024-04-30,"SUB_ICB_LOC","02A","E38000187","NHS GREATER MANCHESTER ICB - 02A",1859,2872.6,64.7,57.7,70.8,43565,4.3,4.1,4.5,16,89,18,11.4,27.2,111,1911,5.8,4.8,6.9,1394,72.9,70.9,74.9
2024-04-30,"SUB_ICB_LOC","03Q","E38000188","NHS HUMBER AND NORTH YORKSHIRE ICB - 03Q",1694,3241,52.3,46.6,57.3,48580,3.5,3.3,3.7,7,208,3.4,1.6,6.8,85,1738,4.9,4,6,1333,76.7,74.7,78.6
2024-04-30,"SUB_ICB_LOC","03R","E38000190","NHS WEST YORKSHIRE ICB - 03R",2838,4431.8,64,57.2,69.9,72655,3.9,3.8,4,46,245,18.8,14.4,24.1,317,2977,10.6,9.6,11.8,2280,76.6,75,78.1
2024-04-30,"SUB_ICB_LOC","02E","E38000194","NHS CHESHIRE AND MERSEYSIDE ICB - 02E",1970,2727.7,72.2,64.3,79.1,43293,4.6,4.4,4.8,12,213,5.6,3.3,9.6,241,2028,11.9,10.5,13.4,1443,71.2,69.1,73.1
2024-04-30,"SUB_ICB_LOC","07H","E38000197","NHS HERTFORDSHIRE AND WEST ESSEX ICB - 07H",2890,4055.4,71.3,63.9,77.7,60502,4.8,4.6,4.9,6,118,5.1,2.4,10.7,238,2967,8,7.1,9.1,2075,69.9,68.3,71.6
2024-04-30,"SUB_ICB_LOC","02G","E38000200","NHS LANCASHIRE AND SOUTH CUMBRIA ICB - 02G",1162,1676.5,69.3,61.4,76.3,26146,4.4,4.2,4.7,4,49,8.2,3.2,19.2,80,1192,6.7,5.4,8.3,832,69.8,67.1,72.3
2024-04-30,"SUB_ICB_LOC","04V","E38000201","NHS LEICESTER, LEICESTERSHIRE AND RUTLAND ICB - 04V",3278,5230.4,62.7,56.1,68.3,83388,3.9,3.8,4.1,15,207,7.2,4.4,11.6,289,3363,8.6,7.7,9.6,2338,69.5,67.9,71.1
2024-04-30,"SUB_ICB_LOC","07K","E38000204","NHS SUFFOLK AND NORTH EAST ESSEX ICB - 07K",2304,4312.4,53.4,47.7,58.4,65398,3.5,3.4,3.7,40,125,32,24.5,40.6,247,2340,10.6,9.4,11.9,1685,72,70.2,73.8
2024-04-30,"SUB_ICB_LOC","15N","E38000230","NHS DEVON ICB - 15N",11927,20250.5,58.9,53,64,305841,3.9,3.8,4,79,638,12.4,10,15.2,1037,12203,8.5,8,9,8837,72.4,71.6,73.2
2024-04-30,"SUB_ICB_LOC","97R","E38000235","NHS SUSSEX ICB - 97R",6360,10131.7,62.8,56.5,68.3,148262,4.3,4.2,4.4,16,406,3.9,2.4,6.3,693,6513,10.6,9.9,11.4,4795,73.6,72.5,74.7
2024-04-30,"SUB_ICB_LOC","70F","E38000265","NHS SUSSEX ICB - 70F",9223,14842.4,62.1,56,67.5,214229,4.3,4.2,4.4,23,406,5.7,3.8,8.4,703,9421,7.5,6.9,8,6817,72.4,71.4,73.3
2024-04-30,"SUB_ICB_LOC","02H","E38000205","NHS GREATER MANCHESTER ICB - 02H",2923,4008.7,72.9,65.1,79.6,66480,4.4,4.2,4.6,18,342,5.3,3.4,8.2,143,3005,4.8,4.1,5.6,2312,76.9,75.4,78.4
2024-04-30,"SUB_ICB_LOC","12F","E38000208","NHS CHESHIRE AND MERSEYSIDE ICB - 12F",3184,4824.7,66,59.1,72,75297,4.2,4.1,4.4,7,55,12.7,6.3,24,453,3295,13.7,12.6,15,2519,76.4,75,77.9
2024-04-30,"SUB_ICB_LOC","13T","E38000212","NHS NORTH EAST AND NORTH CUMBRIA ICB - 13T",4040,5547.4,72.8,65.2,79.3,87137,4.6,4.5,4.8,14,252,5.6,3.3,9.1,359,4188,8.6,7.8,9.5,3090,73.8,72.4,75.1
2024-04-30,"SUB_ICB_LOC","01H","E38000215","NHS NORTH EAST AND NORTH CUMBRIA ICB - 01H",2867,5075.7,56.5,50.5,61.6,80727,3.6,3.4,3.7,26,108,24.1,17,32.9,275,2965,9.3,8.3,10.4,2201,74.2,72.6,75.8
2024-04-30,"SUB_ICB_LOC","14L","E38000217","NHS GREATER MANCHESTER ICB - 14L",2739,3772.5,72.6,64.5,79.4,66978,4.1,3.9,4.2,10,254,3.9,2.2,7.1,216,2869,7.5,6.6,8.6,2136,74.5,72.8,76
2024-05-31,"SUB_ICB_LOC","99E","E38000007","NHS MID AND SOUTH ESSEX ICB - 99E",2050,3484.9,58.8,52.5,64.4,52173,3.9,3.8,4.1,29,303,9.6,6.7,13.4,192,2131,9,7.9,10.3,1504,70.6,68.6,72.5
2024-05-31,"SUB_ICB_LOC","02Q","E38000008","NHS NOTTINGHAM AND NOTTINGHAMSHIRE ICB - 02Q",1323,1746.1,75.8,67.1,83.3,27717,4.8,4.5,5,19,173,11,7.1,16.5,131,1369,9.6,8.1,11.2,992,72.5,70,74.8
2024-05-31,"SUB_ICB_LOC","00Q","E38000014","NHS LANCASHIRE AND SOUTH CUMBRIA ICB - 00Q",1040,1595.5,65.2,57.4,72,26996,3.9,3.6,4.1,8,158,5.1,2.6,9.7,87,1087,8,6.5,9.8,819,75.3,72.7,77.8
2024-05-31,"SUB_ICB_LOC","00R","E38000015","NHS LANCASHIRE AND SOUTH CUMBRIA ICB - 00R",1511,2191.7,68.9,61.3,75.7,34849,4.3,4.1,4.6,3,143,2.1,0.7,6,126,1574,8,6.8,9.5,1102,70,67.7,72.2
2024-05-31,"SUB_ICB_LOC","00T","E38000016","NHS GREATER MANCHESTER ICB - 00T",2390,3297.7,72.5,64.6,79.2,54162,4.4,4.2,4.6,47,458,10.3,7.8,13.4,192,2481,7.7,6.8,8.9,1956,78.8,77.2,80.4
2024-05-31,"SUB_ICB_LOC","00V","E38000024","NHS GREATER MANCHESTER ICB - 00V",1863,2409,77.3,68.9,84.7,38128,4.9,4.7,5.1,5,56,8.9,3.9,19.3,174,1920,9.1,7.9,10.4,1347,70.2,68.1,72.2
2024-05-31,"SUB_ICB_LOC","02T","E38000025","NHS WEST YORKSHIRE ICB - 02T",1754,2612.3,67.1,59.7,73.6,42840,4.1,3.9,4.3,24,403,6,4,8.7,139,1820,7.6,6.5,8.9,1265,69.5,67.4,71.6
2024-05-31,"SUB_ICB_LOC","04Y","E38000028","NHS STAFFORDSHIRE AND STOKE-ON-TRENT ICB - 04Y",1413,1840.2,76.8,68.2,84.3,29101,4.9,4.6,5.1,20,91,22,14.7,31.5,159,1451,11,9.5,12.7,1038,71.5,69.2,73.8
2024-05-31,"SUB_ICB_LOC","99F","E38000030","NHS MID AND SOUTH ESSEX ICB - 99F",2075,3029.4,68.5,61.2,74.9,44570,4.7,4.5,4.9,34,134,25.4,18.8,33.4,165,2120,7.8,6.7,9,1443,68.1,66.1,70
2024-05-31,"SUB_ICB_LOC","00X","E38000034","NHS LANCASHIRE AND SOUTH CUMBRIA ICB - 00X",1717,2488.7,69,61.3,75.7,40058,4.3,4.1,4.5,9,157,5.7,3,10.5,104,1766,5.9,4.9,7.1,1243,70.4,68.2,72.5
2024-05-31,"SUB_ICB_LOC","02X","E38000044","NHS SOUTH YORKSHIRE ICB - 02X",2728,3761.9,72.5,64.7,79.2,61015,4.5,4.3,4.6,29,547,5.3,3.7,7.5,188,2853,6.6,5.7,7.6,1828,64.1,62.3,65.8
2024-05-31,"SUB_ICB_LOC","11J","E38000045","NHS DORSET ICB - 11J",8257,14370.3,57.5,51.7,62.4,208398,4,3.9,4,43,1299,3.3,2.5,4.4,692,8477,8.2,7.6,8.8,5944,70.1,69.1,71.1
2024-05-31,"SUB_ICB_LOC","06K","E38000049","NHS HERTFORDSHIRE AND WEST ESSEX ICB - 06K",4650,7391.7,62.9,56.5,68.5,109209,4.3,4.1,4.4,26,449,5.8,4,8.3,360,4778,7.5,6.8,8.3,3245,67.9,66.6,69.2
2024-05-31,"SUB_ICB_LOC","01A","E38000050","NHS LANCASHIRE AND SOUTH CUMBRIA ICB - 01A",2973,4452.3,66.8,59.6,72.9,73256,4.1,3.9,4.2,53,616,8.6,6.6,11.1,215,3090,7,6.1,7.9,2316,75,73.4,76.4
2024-05-31,"SUB_ICB_LOC","03W","E38000051","NHS LEICESTER, LEICESTERSHIRE AND RUTLAND ICB - 03W",3358,5415.4,62,55.6,67.6,81521,4.1,4,4.3,17,376,4.5,2.8,7.1,316,3449,9.2,8.2,10.2,2471,71.6,70.1,73.1
2024-05-31,"SUB_ICB_LOC","02Y","E38000052","NHS HUMBER AND NORTH YORKSHIRE ICB - 02Y",3236,5511.5,58.7,52.5,64,85318,3.8,3.7,3.9,76,505,15,12.2,18.4,232,3323,7,6.2,7.9,2357,70.9,69.4,72.4
2024-05-31,"SUB_ICB_LOC","05D","E38000053","NHS STAFFORDSHIRE AND STOKE-ON-TRENT ICB - 05D",1193,1926.4,61.9,54.9,68.1,29959,4,3.8,4.2,12,86,14,8.2,22.8,66,1233,5.4,4.2,6.8,907,73.6,71,75.9
2024-05-31,"SUB_ICB_LOC","11M","E38000062","NHS GLOUCESTERSHIRE ICB - 11M",6343,9896.8,64.1,57.6,69.7,150350,4.2,4.1,4.3,55,760,7.2,5.6,9.3,603,6515,9.3,8.6,10,4709,72.3,71.2,73.4
2024-05-31,"SUB_ICB_LOC","01F","E38000068","NHS CHESHIRE AND MERSEYSIDE ICB - 01F",973,1441.8,67.5,59.3,74.6,25458,3.8,3.6,4.1,19,122,15.6,10.2,23,82,1014,8.1,6.6,9.9,695,68.5,65.6,71.3
2024-05-31,"SUB_ICB_LOC","06N","E38000079","NHS HERTFORDSHIRE AND WEST ESSEX ICB - 06N",4687,7484.6,62.6,56.2,68.1,110780,4.2,4.1,4.4,51,186,27.4,21.5,34.2,465,4824,9.6,8.8,10.5,3309,68.6,67.3,69.9
2024-05-31,"SUB_ICB_LOC","01D","E38000080","NHS GREATER MANCHESTER ICB - 01D",1780,2357.5,75.5,67,82.8,40181,4.4,4.2,4.6,17,292,5.8,3.7,9.1,140,1869,7.5,6.4,8.8,1326,70.9,68.8,73
2024-05-31,"SUB_ICB_LOC","03F","E38000085","NHS HUMBER AND NORTH YORKSHIRE ICB - 03F",1906,2880.3,66.2,58.8,72.5,48885,3.9,3.7,4.1,51,342,14.9,11.5,19.1,220,1992,11,9.7,12.5,1365,68.5,66.5,70.5
2024-05-31,"SUB_ICB_LOC","06L","E38000086","NHS SUFFOLK AND NORTH EAST ESSEX ICB - 06L",3688,6352.7,58.1,52.1,63.2,95543,3.9,3.7,4,160,519,30.8,27,34.9,319,3782,8.4,7.6,9.4,2768,73.2,71.8,74.6
2024-05-31,"SUB_ICB_LOC","11N","E38000089","NHS CORNWALL AND THE ISLES OF SCILLY ICB - 11N",5851,9777.5,59.8,53.7,65.1,153138,3.8,3.7,3.9,47,537,8.8,6.6,11.4,532,5974,8.9,8.2,9.7,3810,63.8,62.5,65
2024-05-31,"SUB_ICB_LOC","01J","E38000091","NHS CHESHIRE AND MERSEYSIDE ICB - 01J",1017,1673.1,60.8,53.5,67.1,29226,3.5,3.3,3.7,35,158,22.2,16.4,29.2,108,1067,10.1,8.5,12.1,717,67.2,64.3,69.9
2024-05-31,"SUB_ICB_LOC","04C","E38000097","NHS LEICESTER, LEICESTERSHIRE AND RUTLAND ICB - 04C",2291,3006,76.2,67.8,83.4,51544,4.4,4.3,4.6,6,490,1.2,0.6,2.6,277,2428,11.4,10.2,12.7,1656,68.2,66.3,70
2024-05-31,"SUB_ICB_LOC","99A","E38000101","NHS CHESHIRE AND MERSEYSIDE ICB - 99A",3292,5013.3,65.7,58.5,71.7,85781,3.8,3.7,4,49,403,12.2,9.3,15.7,436,3419,12.8,11.7,13.9,2453,71.7,70.2,73.2
2024-05-31,"SUB_ICB_LOC","06Q","E38000106","NHS MID AND SOUTH ESSEX ICB - 06Q",3463,5614.7,61.7,55.3,67.3,85728,4,3.9,4.2,39,328,11.9,8.8,15.8,390,3561,11,10,12,2378,66.8,65.2,68.3
2024-05-31,"SUB_ICB_LOC","06T","E38000117","NHS SUFFOLK AND NORTH EAST ESSEX ICB - 06T",3763,5599.8,67.2,60.3,73.2,83860,4.5,4.3,4.6,39,313,12.5,9.3,16.6,600,3916,15.3,14.2,16.5,2893,73.9,72.5,75.2
2024-05-31,"SUB_ICB_LOC","03H","E38000119","NHS HUMBER AND NORTH YORKSHIRE ICB - 03H",1441,2300.6,62.6,55.6,68.8,36271,4,3.8,4.2,43,248,17.3,13.1,22.5,115,1526,7.5,6.3,9,1035,67.8,65.4,70.1
2024-05-31,"SUB_ICB_LOC","03K","E38000122","NHS HUMBER AND NORTH YORKSHIRE ICB - 03K",1413,2541.7,55.6,49.4,61.1,40642,3.5,3.3,3.7,38,352,10.8,8,14.5,108,1514,7.1,5.9,8.5,951,62.8,60.3,65.2
2024-05-31,"SUB_ICB_LOC","05G","E38000126","NHS STAFFORDSHIRE AND STOKE-ON-TRENT ICB - 05G",2554,3488.3,73.2,65.5,79.9,53508,4.8,4.6,5,16,355,4.5,2.8,7.2,296,2599,11.4,10.2,12.7,1801,69.3,67.5,71
2024-05-31,"SUB_ICB_LOC","99C","E38000127","NHS NORTH EAST AND NORTH CUMBRIA ICB - 99C",2027,2889.4,70.2,62.5,76.8,46475,4.4,4.2,4.6,12,415,2.9,1.7,5,165,2090,7.9,6.8,9.1,1401,67,65,69
2024-05-31,"SUB_ICB_LOC","00L","E38000130","NHS NORTH EAST AND NORTH CUMBRIA ICB - 00L",3451,5475.2,63,56.4,68.7,88870,3.9,3.8,4,35,488,7.2,5.2,9.8,202,3554,5.7,5,6.5,2499,70.3,68.8,71.8
2024-05-31,"SUB_ICB_LOC","00Y","E38000135","NHS GREATER MANCHESTER ICB - 00Y",1870,2527.3,74,65.9,81.1,41309,4.5,4.3,4.7,23,523,4.4,2.9,6.5,139,1946,7.1,6.1,8.4,1376,70.7,68.6,72.7
2024-05-31,"SUB_ICB_LOC","10Q","E38000136","NHS BUCKINGHAMSHIRE, OXFORDSHIRE AND BERKSHIRE WEST ICB - 10Q",6010,9522.7,63.1,56.7,68.6,142361,4.2,4.1,4.3,28,253,11.1,7.8,15.5,524,6137,8.5,7.9,9.3,4229,68.9,67.7,70.1
2024-05-31,"SUB_ICB_LOC","10R","E38000137","NHS HAMPSHIRE AND ISLE OF WIGHT ICB - 10R",1496,2201.9,67.9,60.4,74.6,34689,4.3,4.1,4.5,3,229,1.3,0.4,3.8,168,1538,10.9,9.5,12.6,1007,65.5,63.1,67.8
2024-05-31,"SUB_ICB_LOC","03L","E38000141","NHS SOUTH YORKSHIRE ICB - 03L",2852,3235.3,88.2,78.8,96.3,51904,5.5,5.3,5.7,42,364,11.5,8.7,15.2,193,2961,6.5,5.7,7.5,2131,72,70.3,73.6
2024-05-31,"SUB_ICB_LOC","01G","E38000143","NHS GREATER MANCHESTER ICB - 01G",1915,2383,80.4,71.5,88,39455,4.9,4.6,5.1,30,176,17,12.2,23.3,135,1981,6.8,5.8,8,1497,75.6,73.6,77.4
2024-05-31,"SUB_ICB_LOC","03N","E38000146","NHS SOUTH YORKSHIRE ICB - 03N",4495,6325,71.1,63.7,77.3,97009,4.6,4.5,4.8,36,416,8.7,6.3,11.7,464,4666,9.9,9.1,10.8,3399,72.8,71.6,74.1
2024-05-31,"SUB_ICB_LOC","11X","E38000150","NHS SOMERSET ICB - 11X",5449,9913,55,49.4,59.8,150142,3.6,3.5,3.7,17,200,8.5,5.4,13.2,450,5591,8,7.4,8.8,3854,68.9,67.7,70.1
2024-05-31,"SUB_ICB_LOC","05Q","E38000153","NHS STAFFORDSHIRE AND STOKE-ON-TRENT ICB - 05Q",2079,3172.6,65.5,58.5,71.7,49189,4.2,4.1,4.4,31,176,17.6,12.7,23.9,116,2140,5.4,4.5,6.5,1584,74,72.1,75.8
2024-05-31,"SUB_ICB_LOC","01T","E38000161","NHS CHESHIRE AND MERSEYSIDE ICB - 01T",1214,2028.7,59.8,53,65.8,32309,3.8,3.6,4,26,265,9.8,6.8,14,96,1239,7.7,6.4,9.4,845,68.2,65.6,70.7
2024-05-31,"SUB_ICB_LOC","00N","E38000163","NHS NORTH EAST AND NORTH CUMBRIA ICB - 00N",1480,2040.3,72.5,64.4,79.6,33085,4.5,4.3,4.7,16,166,9.6,6,15.1,109,1527,7.1,6,8.5,1079,70.7,68.3,72.9
2024-05-31,"SUB_ICB_LOC","99G","E38000168","NHS MID AND SOUTH ESSEX ICB - 99G",2056,2454.4,83.8,74.8,91.7,36510,5.6,5.4,5.9,21,109,19.3,13,27.7,171,2130,8,6.9,9.3,1588,74.6,72.7,76.4
2024-05-31,"SUB_ICB_LOC","01V","E38000170","NHS CHESHIRE AND MERSEYSIDE ICB - 01V",1737,2397.3,72.5,64.7,79.3,34314,5.1,4.8,5.3,52,416,12.5,9.7,16,196,1783,11,9.6,12.5,1354,75.9,73.9,77.9
2024-05-31,"SUB_ICB_LOC","01X","E38000172","NHS CHESHIRE AND MERSEYSIDE ICB - 01X",1828,2602.6,70.2,62.5,76.9,41539,4.4,4.2,4.6,22,188,11.7,7.9,17.1,150,1893,7.9,6.8,9.2,1329,70.2,68.1,72.2
2024-05-31,"SUB_ICB_LOC","05V","E38000173","NHS STAFFORDSHIRE AND STOKE-ON-TRENT ICB - 05V",1425,2356.2,60.5,53.8,66.5,36056,4,3.8,4.2,24,176,13.6,9.3,19.5,78,1456,5.4,4.3,6.6,961,66,63.5,68.4
2024-05-31,"SUB_ICB_LOC","01W","E38000174","NHS GREATER MANCHESTER ICB - 01W",3142,4216.2,74.5,66.8,81.2,63381,5,4.8,5.1,8,190,4.2,2.1,8.1,204,3230,6.3,5.5,7.2,2398,74.2,72.7,75.7
2024-05-31,"SUB_ICB_LOC","00P","E38000176","NHS NORTH EAST AND NORTH CUMBRIA ICB - 00P",2329,3626,64.2,57.3,70.2,59020,3.9,3.8,4.1,35,230,15.2,11.1,20.4,251,2406,10.4,9.3,11.7,1740,72.3,70.5,74.1
2024-05-31,"SUB_ICB_LOC","07G","E38000185","NHS MID AND SOUTH ESSEX ICB - 07G",1080,1589.6,67.9,60,74.9,25875,4.2,3.9,4.4,14,194,7.2,4.3,11.7,107,1116,9.6,8,11.5,834,74.7,72.1,77.2
2024-05-31,"SUB_ICB_LOC","02A","E38000187","NHS GREATER MANCHESTER ICB - 02A",1890,2881,65.6,58.5,71.8,43671,4.3,4.1,4.5,32,162,19.8,14.4,26.6,108,1941,5.6,4.6,6.7,1362,70.2,68.1,72.2
2024-05-31,"SUB_ICB_LOC","03Q","E38000188","NHS HUMBER AND NORTH YORKSHIRE ICB - 03Q",1706,3252.3,52.5,46.8,57.4,48691,3.5,3.3,3.7,27,440,6.1,4.3,8.8,84,1754,4.8,3.9,5.9,1279,72.9,70.8,74.9
2024-05-31,"SUB_ICB_LOC","03R","E38000190","NHS WEST YORKSHIRE ICB - 03R",2877,4450.7,64.6,57.7,70.6,72802,4,3.8,4.1,99,501,19.8,16.5,23.5,316,3018,10.5,9.4,11.6,2238,74.2,72.6,75.7
2024-05-31,"SUB_ICB_LOC","02E","E38000194","NHS CHESHIRE AND MERSEYSIDE ICB - 02E",1989,2739,72.6,64.8,79.5,43414,4.6,4.4,4.8,27,422,6.4,4.4,9.1,247,2047,12.1,10.7,13.5,1378,67.3,65.3,69.3
2024-05-31,"SUB_ICB_LOC","07H","E38000197","NHS HERTFORDSHIRE AND WEST ESSEX ICB - 07H",2914,4066.9,71.7,64.2,78.1,60618,4.8,4.6,5,11,232,4.7,2.7,8.3,233,2992,7.8,6.9,8.8,2000,66.8,65.1,68.5
2024-05-31,"SUB_ICB_LOC","02G","E38000200","NHS LANCASHIRE AND SOUTH CUMBRIA ICB - 02G",1167,1683.6,69.3,61.4,76.3,26195,4.5,4.2,4.7,11,102,10.8,6.1,18.3,81,1197,6.8,5.5,8.3,802,67,64.3,69.6
2024-05-31,"SUB_ICB_LOC","04V","E38000201","NHS LEICESTER, LEICESTERSHIRE AND RUTLAND ICB - 04V",3262,5247.2,62.2,55.6,67.8,83590,3.9,3.8,4,39,382,10.2,7.6,13.7,284,3349,8.5,7.6,9.5,2274,67.9,66.3,69.5
2024-05-31,"SUB_ICB_LOC","07K","E38000204","NHS SUFFOLK AND NORTH EAST ESSEX ICB - 07K",2321,4327.1,53.6,47.9,58.6,65508,3.5,3.4,3.7,54,174,31,24.6,38.3,244,2358,10.3,9.2,11.6,1611,68.3,66.4,70.2
2024-05-31,"SUB_ICB_LOC","02H","E38000205","NHS GREATER MANCHESTER ICB - 02H",2961,4017.3,73.7,65.8,80.5,66573,4.4,4.3,4.6,35,729,4.8,3.5,6.6,148,3041,4.9,4.2,5.7,2224,73.1,71.5,74.7
2024-05-31,"SUB_ICB_LOC","12F","E38000208","NHS CHESHIRE AND MERSEYSIDE ICB - 12F",3221,4844,66.5,59.5,72.5,75422,4.3,4.1,4.4,9,98,9.2,4.9,16.5,460,3333,13.8,12.7,15,2456,73.7,72.2,75.2
2024-05-31,"SUB_ICB_LOC","13T","E38000212","NHS NORTH EAST AND NORTH CUMBRIA ICB - 13T",4087,5565.8,73.4,65.8,80,87393,4.7,4.5,4.8,37,537,6.9,5,9.4,366,4234,8.6,7.8,9.5,2985,70.5,69.1,71.9
2024-05-31,"SUB_ICB_LOC","01H","E38000215","NHS NORTH EAST AND NORTH CUMBRIA ICB - 01H",2905,5088.9,57.1,51.1,62.2,80909,3.6,3.5,3.7,63,206,30.6,24.7,37.2,278,3001,9.3,8.3,10.4,2131,71,69.4,72.6
2024-05-31,"SUB_ICB_LOC","14L","E38000217","NHS GREATER MANCHESTER ICB - 14L",2751,3780,72.8,64.8,79.6,67156,4.1,3.9,4.2,17,511,3.3,2.1,5.3,219,2882,7.6,6.7,8.6,2061,71.5,69.8,73.1
2024-05-31,"SUB_ICB_LOC","15A","E38000221","NHS BUCKINGHAMSHIRE, OXFORDSHIRE AND BERKSHIRE WEST ICB - 15A",3906,6033.3,64.7,58,70.5,93351,4.2,4.1,4.3,48,239,20.1,15.5,25.6,340,3997,8.5,7.7,9.4,2822,70.6,69.2,72
2024-05-31,"SUB_ICB_LOC","15C","E38000222","NHS BRISTOL, NORTH SOMERSET AND SOUTH GLOUCESTERSHIRE ICB - 15C",8163,11843.4,68.9,62,74.9,178176,4.6,4.5,4.7,9,321,2.8,1.5,5.2,630,8407,7.5,7,8.1,6048,71.9,71,72.9
2024-05-31,"SUB_ICB_LOC","14Y","E38000223","NHS BUCKINGHAMSHIRE, OXFORDSHIRE AND BERKSHIRE WEST ICB - 14Y",4407,7537.3,58.5,52.5,63.6,112176,3.9,3.8,4,32,324,9.9,7.1,13.6,324,4490,7.2,6.5,8,3159,70.4,69,71.7
2024-05-31,"SUB_ICB_LOC","15F","E38000225","NHS WEST YORKSHIRE ICB - 15F",6390,8895.8,71.8,64.5,78.1,138724,4.6,4.5,4.7,170,803,21.2,18.5,24.1,387,6575,5.9,5.3,6.5,4924,74.9,73.8,75.9
2024-05-31,"SUB_ICB_LOC","02M","E38000226","NHS LANCASHIRE AND SOUTH CUMBRIA ICB - 02M",2281,3509.9,65,58.1,71,52883,4.3,4.1,4.5,8,169,4.7,2.4,9.1,128,2348,5.5,4.6,6.4,1600,68.1,66.2,70
2024-05-31,"SUB_ICB_LOC","01E","E38000227","NHS LANCASHIRE AND SOUTH CUMBRIA ICB - 01E",1734,2337,74.2,66,81.3,37237,4.7,4.4,4.9,10,201,5,2.7,8.9,145,1787,8.1,6.9,9.5,1348,75.4,73.4,77.4
2024-05-31,"SUB_ICB_LOC","01K","E38000228","NHS LANCASHIRE AND SOUTH CUMBRIA ICB - 01K",3696,5278.4,70,62.7,76.3,81586,4.5,4.4,4.7,21,230,9.1,6,13.6,278,3817,7.3,6.5,8.2,2572,67.4,65.9,68.9
2024-05-31,"SUB_ICB_LOC","15N","E38000230","NHS DEVON ICB - 15N",11763,20259.2,58.1,52.3,63,305699,3.8,3.8,3.9,131,1047,12.5,10.6,14.7,1020,12038,8.5,8,9,8321,69.1,68.3,69.9
2024-05-31,"SUB_ICB_LOC","92G","E38000231","NHS BATH AND NORTH EAST SOMERSET, SWINDON AND WILTSHIRE ICB - 92G",8163,13603.9,60,53.9,65.2,207337,3.9,3.9,4,68,1059,6.4,5.1,8.1,572,8375,6.8,6.3,7.4,5746,68.6,67.6,69.6
2024-05-31,"SUB_ICB_LOC","36J","E38000232","NHS WEST YORKSHIRE ICB - 36J",4806,6609,72.7,65.2,79.1,105071,4.6,4.4,4.7,96,648,14.8,12.3,17.8,729,4984,14.6,13.7,15.6,3592,72.1,70.8,73.3
2024-05-31,"SUB_ICB_LOC","27D","E38000233","NHS CHESHIRE AND MERSEYSIDE ICB - 27D",7802,11598.9,67.3,60.5,73.2,177386,4.4,4.3,4.5,67,512,13.1,10.4,16.3,832,8014,10.4,9.7,11.1,5621,70.1,69.1,71.1
2024-05-31,"SUB_ICB_LOC","84H","E38000234","NHS NORTH EAST AND NORTH CUMBRIA ICB - 84H",5169,7321.9,70.6,63.2,76.8,120853,4.3,4.2,4.4,69,540,12.8,10.2,15.9,340,5387,6.3,5.7,7,3693,68.6,67.3,69.8
2024-05-31,"SUB_ICB_LOC","97R","E38000235","NHS SUSSEX ICB - 97R",6370,10155.5,62.7,56.4,68.2,148495,4.3,4.2,4.4,39,802,4.9,3.6,6.6,698,6518,10.7,10,11.5,4640,71.2,70.1,72.3
2024-05-31,"SUB_ICB_LOC","18C","E38000236","NHS HEREFORDSHIRE AND WORCESTERSHIRE ICB - 18C",6896,12812.1,53.8,48.4,58.5,196175,3.5,3.4,3.6,42,693,6.1,4.5,8.1,759,7087,10.7,10,11.5,5247,74,73,75
2024-05-31,"SUB_ICB_LOC","91Q","E38000237","NHS KENT AND MEDWAY ICB - 91Q",15173,25452.5,59.6,53.7,64.7,392272,3.9,3.8,3.9,109,1047,10.4,8.7,12.4,1356,15661,8.7,8.2,9.1,10793,68.9,68.2,69.6
2024-05-31,"SUB_ICB_LOC","71E","E38000238","NHS LINCOLNSHIRE ICB - 71E",8296,12437.4,66.7,59.9,72.5,193793,4.3,4.2,4.4,149,1010,14.8,12.7,17.1,739,8600,8.6,8,9.2,5684,66.1,65.1,67.1
2024-05-31,"SUB_ICB_LOC","26A","E38000239","NHS NORFOLK AND WAVENEY ICB - 26A",11030,17945.7,61.5,55.4,66.7,268889,4.1,4,4.2,143,1048,13.6,11.7,15.9,1347,11338,11.9,11.3,12.5,7683,67.8,66.9,68.6
2024-05-31,"SUB_ICB_LOC","70F","E38000265","NHS SUSSEX ICB - 70F",9256,14884.3,62.2,56,67.5,214632,4.3,4.2,4.4,52,834,6.2,4.8,8.1,720,9458,7.6,7.1,8.2,6547,69.2,68.3,70.1
2024-05-31,"SUB_ICB_LOC","93C","E38000240","NHS NORTH CENTRAL LONDON ICB - 93C",8726,12956.3,67.3,60.4,73.2,207641,4.2,4.1,4.3,41,522,7.9,5.8,10.5,757,8978,8.4,7.9,9,6241,69.5,68.6,70.5
2024-05-31,"SUB_ICB_LOC","42D","E38000241","NHS HUMBER AND NORTH YORKSHIRE ICB - 42D",5417,9314.8,58.2,52.2,63.2,143723,3.8,3.7,3.9,99,799,12.4,10.3,14.9,285,5536,5.1,4.6,5.8,3954,71.4,70.2,72.6
2024-05-31,"SUB_ICB_LOC","52R","E38000243","NHS NOTTINGHAM AND NOTTINGHAMSHIRE ICB - 52R",8920,12818.4,69.6,62.6,75.6,199968,4.5,4.4,4.6,54,929,5.8,4.5,7.5,870,9340,9.3,8.7,9.9,6605,70.7,69.8,71.6
2024-05-31,"SUB_ICB_LOC","72Q","E38000244","NHS SOUTH EAST LONDON ICB - 72Q",10641,15227.8,69.9,62.7,75.9,246327,4.3,4.2,4.4,126,1161,10.9,9.2,12.8,902,11045,8.2,7.7,8.7,7466,67.6,66.7,68.5
2024-05-31,"SUB_ICB_LOC","36L","E38000245","NHS SOUTH WEST LONDON ICB - 36L",10338,14279.7,72.4,65,78.6,226422,4.6,4.5,4.7,66,586,11.3,9,14.1,1034,10712,9.7,9.1,10.2,7757,72.4,71.6,73.3
2024-05-31,"SUB_ICB_LOC","16C","E38000247","NHS NORTH EAST AND NORTH CUMBRIA ICB - 16C",6263,8614.9,72.7,65.2,79.1,140354,4.5,4.4,4.6,150,610,24.6,21.3,28.2,395,6503,6.1,5.5,6.7,4733,72.8,71.7,73.8
2024-05-31,"SUB_ICB_LOC","M1J4Y","E38000249","NHS BEDFORDSHIRE, LUTON AND MILTON KEYNES ICB - M1J4Y",7094,10416.2,68.1,61.1,74,167864,4.2,4.1,4.3,92,844,10.9,9,13.2,691,7389,9.4,8.7,10,4978,67.4,66.3,68.4
2024-05-31,"SUB_ICB_LOC","B2M3M","E38000251","NHS COVENTRY AND WARWICKSHIRE ICB - B2M3M",7124,12418.5,57.4,51.6,62.4,189301,3.8,3.7,3.8,96,838,11.5,9.5,13.8,810,7364,11,10.3,11.7,5081,69,67.9,70
2024-05-31,"SUB_ICB_LOC","D4U1Y","E38000252","NHS FRIMLEY ICB - D4U1Y",6041,8868.8,68.1,61.2,74.1,135009,4.5,4.4,4.6,74,529,14,11.3,17.2,514,6183,8.3,7.7,9,4313,69.8,68.6,70.9
2024-05-31,"SUB_ICB_LOC","D9Y0V","E38000253","NHS HAMPSHIRE AND ISLE OF WIGHT ICB - D9Y0V",15251,24903.1,61.2,55.2,66.5,371864,4.1,4,4.2,78,1370,5.7,4.6,7,1705,15622,10.9,10.4,11.4,10782,69,68.3,69.7
2024-05-31,"SUB_ICB_LOC","X2C4Y","E38000254","NHS WEST YORKSHIRE ICB - X2C4Y",3156,4957.9,63.7,57,69.4,79586,4,3.8,4.1,62,699,8.9,7,11.2,283,3303,8.6,7.7,9.6,2414,73.1,71.5,74.6
2024-05-31,"SUB_ICB_LOC","A3A8R","E38000255","NHS NORTH EAST LONDON ICB - A3A8R",8145,13439.1,60.6,54.2,65.9,226742,3.6,3.5,3.7,100,1015,9.9,8.2,11.8,773,8526,9.1,8.5,9.7,6245,73.2,72.3,74.2
2024-05-31,"SUB_ICB_LOC","W2U3Z","E38000256","NHS NORTH WEST LONDON ICB - W2U3Z",12698,19468.1,65.2,58.5,70.8,319953,4,3.9,4,192,2333,8.2,7.2,9.4,1133,13235,8.6,8.1,9,9258,70,69.2,70.7
2024-05-31,"SUB_ICB_LOC","M2L0M","E38000257","NHS SHROPSHIRE, TELFORD AND WREKIN ICB - M2L0M",4788,7817.7,61.2,55,66.6,121285,3.9,3.8,4.1,27,254,10.6,7.4,15,382,4918,7.8,7.1,8.5,3328,67.7,66.3,69
2024-05-31,"SUB_ICB_LOC","15E","E38000258","NHS BIRMINGHAM AND SOLIHULL ICB - 15E",8804,14502.2,60.7,54.6,66,221831,4,3.9,4.1,96,899,10.7,8.8,12.9,942,9149,10.3,9.7,10.9,6524,71.3,70.4,72.2
2024-05-31,"SUB_ICB_LOC","D2P2L","E38000259","NHS BLACK COUNTRY ICB - D2P2L",9266,14435,64.2,57.8,69.6,220927,4.2,4.1,4.3,82,1431,5.7,4.6,7.1,1036,9654,10.7,10.1,11.4,5286,54.8,53.8,55.7
2024-05-31,"SUB_ICB_LOC","06H","E38000260","NHS CAMBRIDGESHIRE AND PETERBOROUGH ICB - 06H",6577,11037,59.6,53.5,64.8,170271,3.9,3.8,4,77,611,12.6,10.2,15.5,617,6796,9.1,8.4,9.8,4790,70.5,69.4,71.6
2024-05-31,"SUB_ICB_LOC","15M","E38000261","NHS DERBY AND DERBYSHIRE ICB - 15M",10013,14795.7,67.7,60.8,73.5,233646,4.3,4.2,4.4,178,818,21.8,19.1,24.7,984,10503,9.4,8.8,9.9,7202,68.6,67.7,69.5
2024-05-31,"SUB_ICB_LOC","78H","E38000262","NHS NORTHAMPTONSHIRE ICB - 78H",5772,8957.9,64.4,57.8,70.1,143992,4,3.9,4.1,48,850,5.6,4.3,7.4,591,5929,10,9.2,10.8,3943,66.5,65.3,67.7
2024-05-31,"SUB_ICB_LOC","01Y","E38000263","NHS GREATER MANCHESTER ICB - 01Y",1677,2348,71.4,63.4,78.4,39151,4.3,4.1,4.5,19,130,14.6,9.6,21.7,167,1741,9.6,8.3,11.1,1415,81.3,79.4,83
2024-05-31,"SUB_ICB_LOC","92A","E38000264","NHS SURREY HEARTLANDS ICB - 92A",9978,14940.9,66.8,60.2,72.6,213841,4.7,4.6,4.8,37,406,9.1,6.7,12.3,963,10171,9.5,8.9,10.1,7163,70.4,69.5,71.3
2024-05-31,"SUB_ICB_LOC","05W","E38000175","NHS STAFFORDSHIRE AND STOKE-ON-TRENT ICB - 05W",2966,3231.5,91.8,82.1,100.1,51274,5.8,5.6,6,13,475,2.7,1.6,4.6,259,3050,8.5,7.6,9.5,2159,70.8,69.1,72.4
2024-05-31,"ICB","QUE","E54000056","NHS CAMBRIDGESHIRE AND PETERBOROUGH INTEGRATED CARE BOARD",6577,11037,59.6,53.5,64.8,170271,3.9,3.8,4,77,611,12.6,10.2,15.5,617,6796,9.1,8.4,9.8,4790,70.5,69.4,71.6
2024-05-31,"ICB","QOP","E54000057","NHS GREATER MANCHESTER INTEGRATED CARE BOARD",22239,30217,73.6,66.2,79.9,493167,4.5,4.5,4.6,233,3227,7.2,6.4,8.2,1626,23032,7.1,6.7,7.4,16962,73.6,73.1,74.2
2024-05-31,"ICB","QJ2","E54000058","NHS DERBY AND DERBYSHIRE INTEGRATED CARE BOARD",10013,14795.7,67.7,60.8,73.5,233646,4.3,4.2,4.4,178,818,21.8,19.1,24.7,984,10503,9.4,8.8,9.9,7202,68.6,67.7,69.5
2024-05-31,"ICB","QPM","E54000059","NHS NORTHAMPTONSHIRE INTEGRATED CARE BOARD",5772,8957.9,64.4,57.8,70.1,143992,4,3.9,4.1,48,850,5.6,4.3,7.4,591,5929,10,9.2,10.8,3943,66.5,65.3,67.7
2024-05-31,"ICB","QT1","E54000060","NHS NOTTINGHAM AND NOTTINGHAMSHIRE INTEGRATED CARE BOARD",10243,14564.4,70.3,63.3,76.4,227685,4.5,4.4,4.6,73,1102,6.6,5.3,8.2,1001,10709,9.3,8.8,9.9,7597,70.9,70.1,71.8
2024-05-31,"ICB","QF7","E54000061","NHS SOUTH YORKSHIRE INTEGRATED CARE BOARD",12349,16415.7,75.2,67.6,81.7,261186,4.7,4.6,4.8,134,1473,9.1,7.7,10.7,927,12840,7.2,6.8,7.7,9015,70.2,69.4,71
2024-05-31,"ICB","QUA","E54000062","NHS BLACK COUNTRY INTEGRATED CARE BOARD",9266,14435,64.2,57.8,69.6,220927,4.2,4.1,4.3,82,1431,5.7,4.6,7.1,1036,9654,10.7,10.1,11.4,5286,54.8,53.8,55.7
2024-05-31,"ICB","QXU","E54000063","NHS SURREY HEARTLANDS ICB",9978,14940.9,66.8,60.2,72.6,213841,4.7,4.6,4.8,37,406,9.1,6.7,12.3,963,10171,9.5,8.9,10.1,7163,70.4,69.5,71.3
2024-05-31,"NHS_REGION","Y59","E40000005","SOUTH EAST",79772,127368.7,62.6,56.5,67.8,1903536,4.2,4.2,4.2,522,6185,8.4,7.8,9.2,7427,81711,9.1,8.9,9.3,56782,69.5,69.2,69.8
2024-05-31,"NHS_REGION","Y58","E40000006","SOUTH WEST",53989,89664.1,60.2,54.3,65.3,1353240,4,4,4,370,5223,7.1,6.4,7.8,4499,55377,8.1,7.9,8.4,38432,69.4,69,69.8
2024-05-31,"NHS_REGION","Y61","E40000007","EAST OF ENGLAND",57448,90794.7,63.3,57,68.6,1377398,4.2,4.1,4.2,790,5444,14.5,13.6,15.5,5901,59231,10,9.7,10.2,41024,69.3,68.9,69.6
2024-05-31,"NHS_REGION","Y62","E40000010","NORTH WEST",61431,88092.7,69.7,62.7,75.7,1411076,4.4,4.3,4.4,662,7587,8.7,8.1,9.4,5397,63507,8.5,8.3,8.7,45612,71.8,71.5,72.2
2024-05-31,"NHS_REGION","Y63","E40000012","NORTH EAST AND YORKSHIRE",74162,110364.9,67.2,60.5,72.9,1760698,4.2,4.2,4.2,1336,10405,12.8,12.2,13.5,5931,76887,7.7,7.5,7.9,54650,71.1,70.8,71.4
2024-05-31,"SUB_ICB_LOC","02P","E38000006","NHS SOUTH YORKSHIRE ICB - 02P",2274,3093.5,73.5,65.5,80.4,51258,4.4,4.3,4.6,27,146,18.5,13,25.6,82,2360,3.5,2.8,4.3,1657,70.2,68.3,72
2024-05-31,"ICB","QYG","E54000008","NHS CHESHIRE AND MERSEYSIDE INTEGRATED CARE BOARD",23073,34338.7,67.2,60.4,72.9,544849,4.2,4.2,4.3,306,2584,11.8,10.7,13.1,2607,23809,10.9,10.6,11.4,16848,70.8,70.2,71.3
2024-05-31,"ICB","QNC","E54000010","NHS STAFFORDSHIRE AND STOKE-ON-TRENT INTEGRATED CARE BOARD",11630,16015.1,72.6,65.4,78.8,249087,4.7,4.6,4.8,116,1359,8.5,7.2,10.1,974,11929,8.2,7.7,8.7,8450,70.8,70,71.6
2024-05-31,"ICB","QOC","E54000011","NHS SHROPSHIRE, TELFORD AND WREKIN INTEGRATED CARE BOARD",4788,7817.7,61.2,55,66.6,121285,3.9,3.8,4.1,27,254,10.6,7.4,15,382,4918,7.8,7.1,8.5,3328,67.7,66.3,69
2024-05-31,"ICB","QJM","E54000013","NHS LINCOLNSHIRE INTEGRATED CARE BOARD",8296,12437.4,66.7,59.9,72.5,193793,4.3,4.2,4.4,149,1010,14.8,12.7,17.1,739,8600,8.6,8,9.2,5684,66.1,65.1,67.1
2024-05-31,"ICB","QK1","E54000015","NHS LEICESTER, LEICESTERSHIRE AND RUTLAND INTEGRATED CARE BOARD",8911,13668.5,65.2,58.6,70.9,216655,4.1,4,4.2,62,1248,5,3.9,6.3,877,9226,9.5,8.9,10.1,6401,69.4,68.4,70.3
2024-05-31,"COUNTRY","ENG","E92000001","ENGLAND",469093,724080.6,64.8,58.4,70.2,11247410,4.2,4.2,4.2,5174,50963,10.2,9.9,10.4,42849,484277,8.8,8.8,8.9,338210,69.8,69.7,70
2024-05-31,"ICB","QJK","E54000037","NHS DEVON INTEGRATED CARE BOARD",11763,20259.2,58.1,52.3,63,305699,3.8,3.8,3.9,131,1047,12.5,10.6,14.7,1020,12038,8.5,8,9,8321,69.1,68.3,69.9
2024-05-31,"ICB","QNX","E54000064","NHS SUSSEX ICB",17510,27908.4,62.7,56.6,68.1,407973,4.3,4.2,4.4,113,1788,6.3,5.3,7.5,1533,17912,8.6,8.2,9,12514,69.9,69.2,70.5
2024-05-31,"NHS_REGION","Y56","E40000003","LONDON",50548,75371,67.1,60.2,72.8,1227085,4.1,4.1,4.2,525,5617,9.3,8.6,10.1,4599,52496,8.8,8.5,9,36967,70.4,70,70.8
2024-05-31,"ICB","QT6","E54000036","NHS CORNWALL AND THE ISLES OF SCILLY INTEGRATED CARE BOARD",5851,9777.5,59.8,53.7,65.1,153138,3.8,3.7,3.9,47,537,8.8,6.6,11.4,532,5974,8.9,8.2,9.7,3810,63.8,62.5,65
2024-05-31,"ICB","QSL","E54000038","NHS SOMERSET INTEGRATED CARE BOARD",5449,9913,55,49.4,59.8,150142,3.6,3.5,3.7,17,200,8.5,5.4,13.2,450,5591,8,7.4,8.8,3854,68.9,67.7,70.1
2024-05-31,"ICB","QUY","E54000039","NHS BRISTOL, NORTH SOMERSET AND SOUTH GLOUCESTERSHIRE INTEGRATED CARE BOARD",8163,11843.4,68.9,62,74.9,178176,4.6,4.5,4.7,9,321,2.8,1.5,5.2,630,8407,7.5,7,8.1,6048,71.9,71,72.9
2024-05-31,"ICB","QOX","E54000040","NHS BATH AND NORTH EAST SOMERSET, SWINDON AND WILTSHIRE INTEGRATED CARE BOARD",8163,13603.9,60,53.9,65.2,207337,3.9,3.9,4,68,1059,6.4,5.1,8.1,572,8375,6.8,6.3,7.4,5746,68.6,67.6,69.6
2024-05-31,"ICB","QVV","E54000041","NHS DORSET INTEGRATED CARE BOARD",8257,14370.3,57.5,51.7,62.4,208398,4,3.9,4,43,1299,3.3,2.5,4.4,692,8477,8.2,7.6,8.8,5944,70.1,69.1,71.1
2024-05-31,"ICB","QRL","E54000042","NHS HAMPSHIRE AND ISLE OF WIGHT INTEGRATED CARE BOARD",16747,27104.9,61.8,55.6,67,406553,4.1,4.1,4.2,81,1599,5.1,4.1,6.3,1873,17160,10.9,10.5,11.4,11789,68.7,68,69.4
2024-05-31,"ICB","QR1","E54000043","NHS GLOUCESTERSHIRE INTEGRATED CARE BOARD",6343,9896.8,64.1,57.6,69.7,150350,4.2,4.1,4.3,55,760,7.2,5.6,9.3,603,6515,9.3,8.6,10,4709,72.3,71.2,73.4
2024-05-31,"ICB","QU9","E54000044","NHS BUCKINGHAMSHIRE, OXFORDSHIRE AND BERKSHIRE WEST INTEGRATED CARE BOARD",14323,23093.3,62,55.8,67.3,347888,4.1,4.1,4.2,108,816,13.2,11.1,15.7,1188,14624,8.1,7.7,8.6,10210,69.8,69.1,70.6
2024-05-31,"ICB","QE1","E54000048","NHS LANCASHIRE AND SOUTH CUMBRIA INTEGRATED CARE BOARD",16119,23537,68.5,61.6,74.3,373060,4.3,4.3,4.4,123,1776,6.9,5.8,8.2,1164,16666,7,6.6,7.4,11802,70.8,70.1,71.5
2024-05-31,"ICB","QHM","E54000050","NHS NORTH EAST AND NORTH CUMBRIA INTEGRATED CARE BOARD",27711,40622.3,68.2,61.3,74,656959,4.2,4.2,4.3,417,3192,13.1,11.9,14.3,2106,28702,7.3,7,7.6,20261,70.6,70.1,71.1
2024-05-31,"ICB","QOQ","E54000051","NHS HUMBER AND NORTH YORKSHIRE INTEGRATED CARE BOARD",15119,25801.2,58.6,52.7,63.6,403530,3.7,3.7,3.8,334,2686,12.4,11.2,13.7,1044,15645,6.7,6.3,7.1,10941,69.9,69.2,70.6
2024-05-31,"ICB","QWO","E54000054","NHS WEST YORKSHIRE INTEGRATED CARE BOARD",18983,27525.7,69,62,74.8,439023,4.3,4.3,4.4,451,3054,14.8,13.6,16.1,1854,19700,9.4,9,9.8,14433,73.3,72.6,73.9
2024-05-31,"ICB","QHL","E54000055","NHS BIRMINGHAM AND SOLIHULL INTEGRATED CARE BOARD",8804,14502.2,60.7,54.6,66,221831,4,3.9,4.1,96,899,10.7,8.8,12.9,942,9149,10.3,9.7,10.9,6524,71.3,70.4,72.2
2024-05-31,"ICB","QWU","E54000018","NHS COVENTRY AND WARWICKSHIRE INTEGRATED CARE BOARD",7124,12418.5,57.4,51.6,62.4,189301,3.8,3.7,3.8,96,838,11.5,9.5,13.8,810,7364,11,10.3,11.7,5081,69,67.9,70
2024-05-31,"ICB","QGH","E54000019","NHS HEREFORDSHIRE AND WORCESTERSHIRE INTEGRATED CARE BOARD",6896,12812.1,53.8,48.4,58.5,196175,3.5,3.4,3.6,42,693,6.1,4.5,8.1,759,7087,10.7,10,11.5,5247,74,73,75
2024-05-31,"ICB","QMM","E54000022","NHS NORFOLK AND WAVENEY INTEGRATED CARE BOARD",11030,17945.7,61.5,55.4,66.7,268889,4.1,4,4.2,143,1048,13.6,11.7,15.9,1347,11338,11.9,11.3,12.5,7683,67.8,66.9,68.6
2024-05-31,"ICB","QJG","E54000023","NHS SUFFOLK AND NORTH EAST ESSEX INTEGRATED CARE BOARD",9772,16279.5,60,54,65.2,244911,4,3.9,4.1,253,1006,25.1,22.6,27.9,1163,10056,11.6,11,12.2,7272,72.3,71.4,73.2
2024-05-31,"ICB","QHG","E54000024","NHS BEDFORDSHIRE, LUTON AND MILTON KEYNES INTEGRATED CARE BOARD",7094,10416.2,68.1,61.1,74,167864,4.2,4.1,4.3,92,844,10.9,9,13.2,691,7389,9.4,8.7,10,4978,67.4,66.3,68.4
2024-05-31,"ICB","QM7","E54000025","NHS HERTFORDSHIRE AND WEST ESSEX INTEGRATED CARE BOARD",12251,18943.2,64.7,58.2,70.2,280607,4.4,4.3,4.4,88,867,10.1,8.3,12.3,1058,12594,8.4,7.9,8.9,8554,67.9,67.1,68.7
2024-05-31,"ICB","QH8","E54000026","NHS MID AND SOUTH ESSEX INTEGRATED CARE BOARD",10724,16173,66.3,59.7,72,244856,4.4,4.3,4.5,137,1068,12.8,11,15,1025,11058,9.3,8.7,9.8,7747,70.1,69.2,70.9
2024-05-31,"ICB","QRV","E54000027","NHS NORTH WEST LONDON INTEGRATED CARE BOARD",12698,19468.1,65.2,58.5,70.8,319953,4,3.9,4,192,2333,8.2,7.2,9.4,1133,13235,8.6,8.1,9,9258,70,69.2,70.7
2024-05-31,"ICB","QMJ","E54000028","NHS NORTH CENTRAL LONDON INTEGRATED CARE BOARD",8726,12956.3,67.3,60.4,73.2,207641,4.2,4.1,4.3,41,522,7.9,5.8,10.5,757,8978,8.4,7.9,9,6241,69.5,68.6,70.5
2024-05-31,"ICB","QMF","E54000029","NHS NORTH EAST LONDON INTEGRATED CARE BOARD",8145,13439.1,60.6,54.2,65.9,226742,3.6,3.5,3.7,100,1015,9.9,8.2,11.8,773,8526,9.1,8.5,9.7,6245,73.2,72.3,74.2
2024-05-31,"ICB","QKK","E54000030","NHS SOUTH EAST LONDON INTEGRATED CARE BOARD",10641,15227.8,69.9,62.7,75.9,246327,4.3,4.2,4.4,126,1161,10.9,9.2,12.8,902,11045,8.2,7.7,8.7,7466,67.6,66.7,68.5
2024-05-31,"ICB","QWE","E54000031","NHS SOUTH WEST LONDON INTEGRATED CARE BOARD",10338,14279.7,72.4,65,78.6,226422,4.6,4.5,4.7,66,586,11.3,9,14.1,1034,10712,9.7,9.1,10.2,7757,72.4,71.6,73.3
2024-05-31,"ICB","QKS","E54000032","NHS KENT AND MEDWAY INTEGRATED CARE BOARD",15173,25452.5,59.6,53.7,64.7,392272,3.9,3.8,3.9,109,1047,10.4,8.7,12.4,1356,15661,8.7,8.2,9.1,10793,68.9,68.2,69.6
2024-05-31,"ICB","QNQ","E54000034","NHS FRIMLEY INTEGRATED CARE BOARD",6041,8868.8,68.1,61.2,74.1,135009,4.5,4.4,4.6,74,529,14,11.3,17.2,514,6183,8.3,7.7,9,4313,69.8,68.6,70.9
2024-05-31,"NHS_REGION","Y60","E40000011","MIDLANDS",91743,142424.6,64.4,58,69.8,2214377,4.1,4.1,4.2,969,10502,9.2,8.7,9.8,9095,95068,9.6,9.4,9.8,64743,68.1,67.8,68.4
2024-05-31,"SUB_ICB_LOC","09D","E38000021","NHS SUSSEX ICB - 09D",1884,2868.6,65.7,58.5,71.9,44846,4.2,4,4.4,22,152,14.5,9.8,20.9,115,1936,5.9,5,7.1,1327,68.5,66.4,70.6
2024-06-30,"ICB","QSL","E54000038","NHS SOMERSET INTEGRATED CARE BOARD",5465,9944.2,55,49.4,59.8,150348,3.6,3.5,3.7,28,291,9.6,6.7,13.6,443,5609,7.9,7.2,8.6,3698,65.9,64.7,67.2
2024-06-30,"ICB","QUY","E54000039","NHS BRISTOL, NORTH SOMERSET AND SOUTH GLOUCESTERSHIRE INTEGRATED CARE BOARD",8224,11881,69.2,62.3,75.2,178485,4.6,4.5,4.7,15,496,3,1.8,4.9,652,8464,7.7,7.2,8.3,5928,70,69.1,71
2024-06-30,"ICB","QOX","E54000040","NHS BATH AND NORTH EAST SOMERSET, SWINDON AND WILTSHIRE INTEGRATED CARE BOARD",8235,13645.8,60.3,54.3,65.5,207709,4,3.9,4,132,1566,8.4,7.2,9.9,600,8454,7.1,6.6,7.7,5540,65.5,64.5,66.5
2024-06-30,"ICB","QVV","E54000041","NHS DORSET INTEGRATED CARE BOARD",8337,14401.1,57.9,52.1,62.8,208589,4,3.9,4.1,70,1928,3.6,2.9,4.6,675,8557,7.9,7.3,8.5,5749,67.2,66.2,68.2
2024-06-30,"ICB","QRL","E54000042","NHS HAMPSHIRE AND ISLE OF WIGHT INTEGRATED CARE BOARD",16825,27189.9,61.9,55.8,67.2,407375,4.1,4.1,4.2,119,2348,5.1,4.3,6,1919,17236,11.1,10.7,11.6,11465,66.5,65.8,67.2
2024-06-30,"ICB","QR1","E54000043","NHS GLOUCESTERSHIRE INTEGRATED CARE BOARD",6396,9926.4,64.4,57.9,70.1,150615,4.2,4.1,4.3,85,1119,7.6,6.2,9.3,603,6565,9.2,8.5,9.9,4558,69.4,68.3,70.5
2024-06-30,"ICB","QU9","E54000044","NHS BUCKINGHAMSHIRE, OXFORDSHIRE AND BERKSHIRE WEST INTEGRATED CARE BOARD",14424,23179.5,62.2,56,67.5,348747,4.1,4.1,4.2,173,1178,14.7,12.8,16.8,1246,14733,8.5,8,8.9,9905,67.2,66.5,68
2024-06-30,"ICB","QE1","E54000048","NHS LANCASHIRE AND SOUTH CUMBRIA INTEGRATED CARE BOARD",16161,23613.1,68.4,61.6,74.2,373805,4.3,4.3,4.4,180,2582,7,6.1,8,1157,16708,6.9,6.5,7.3,11444,68.5,67.8,69.2
2024-06-30,"ICB","QHM","E54000050","NHS NORTH EAST AND NORTH CUMBRIA INTEGRATED CARE BOARD",27850,40807.6,68.2,61.4,74.1,659130,4.2,4.2,4.3,669,4798,13.9,13,15,2089,28850,7.2,6.9,7.5,19549,67.8,67.2,68.3
2024-06-30,"ICB","QOQ","E54000051","NHS HUMBER AND NORTH YORKSHIRE INTEGRATED CARE BOARD",15324,25890,59.2,53.3,64.3,404347,3.8,3.7,3.8,509,3930,13,11.9,14,1081,15858,6.8,6.4,7.2,10701,67.5,66.7,68.2
2024-06-30,"ICB","QWO","E54000054","NHS WEST YORKSHIRE INTEGRATED CARE BOARD",19154,27588.3,69.4,62.4,75.3,439731,4.4,4.3,4.4,731,4476,16.3,15.3,17.4,1830,19872,9.2,8.8,9.6,13999,70.4,69.8,71.1
2024-06-30,"ICB","QHL","E54000055","NHS BIRMINGHAM AND SOLIHULL INTEGRATED CARE BOARD",8877,14534.1,61.1,54.9,66.3,222226,4,3.9,4.1,150,1341,11.2,9.6,13,971,9221,10.5,9.9,11.2,6359,69,68,69.9
2024-06-30,"ICB","QUE","E54000056","NHS CAMBRIDGESHIRE AND PETERBOROUGH INTEGRATED CARE BOARD",6626,11069,59.9,53.8,65.1,170556,3.9,3.8,4,130,901,14.4,12.3,16.9,642,6849,9.4,8.7,10.1,4652,67.9,66.8,69
2024-06-30,"ICB","QOP","E54000057","NHS GREATER MANCHESTER INTEGRATED CARE BOARD",22369,30286.5,73.9,66.4,80.1,494166,4.5,4.5,4.6,365,4625,7.9,7.1,8.7,1634,23175,7.1,6.7,7.4,16559,71.5,70.9,72
2024-06-30,"ICB","QJ2","E54000058","NHS DERBY AND DERBYSHIRE INTEGRATED CARE BOARD",10115,14845.1,68.1,61.3,74,234157,4.3,4.2,4.4,281,1219,23.1,20.8,25.5,988,10603,9.3,8.8,9.9,6921,65.3,64.4,66.2
2024-06-30,"ICB","QPM","E54000059","NHS NORTHAMPTONSHIRE INTEGRATED CARE BOARD",5800,8988.2,64.5,57.9,70.2,144323,4,3.9,4.1,75,1255,6,4.8,7.4,599,5962,10,9.3,10.8,3812,63.9,62.7,65.1
2024-06-30,"ICB","QT1","E54000060","NHS NOTTINGHAM AND NOTTINGHAMSHIRE INTEGRATED CARE BOARD",10292,14603.7,70.5,63.4,76.5,228125,4.5,4.4,4.6,109,1570,6.9,5.8,8.3,1011,10757,9.4,8.9,10,7404,68.8,67.9,69.7
2024-06-30,"ICB","QF7","E54000061","NHS SOUTH YORKSHIRE INTEGRATED CARE BOARD",12414,16453.5,75.4,67.8,81.9,261597,4.7,4.7,4.8,215,2135,10.1,8.9,11.4,941,12909,7.3,6.9,7.8,8804,68.2,67.4,69
2024-06-30,"ICB","QUA","E54000062","NHS BLACK COUNTRY INTEGRATED CARE BOARD",9309,14464.8,64.4,57.9,69.9,221214,4.2,4.1,4.3,141,2101,6.7,5.7,7.9,1041,9692,10.7,10.1,11.4,5128,52.9,51.9,53.9
2024-06-30,"ICB","QXU","E54000063","NHS SURREY HEARTLANDS ICB",10040,14987.6,67,60.4,72.7,214319,4.7,4.6,4.8,53,611,8.7,6.7,11.2,979,10227,9.6,9,10.2,6912,67.6,66.7,68.5
2024-06-30,"NHS_REGION","Y59","E40000005","SOUTH EAST",80261,127787.6,62.8,56.7,68.1,1907521,4.2,4.2,4.2,811,9140,8.9,8.3,9.5,7564,82208,9.2,9,9.4,55066,67,66.7,67.3
2024-06-30,"NHS_REGION","Y58","E40000006","SOUTH WEST",54399,89979.6,60.5,54.5,65.5,1356148,4,4,4,635,7802,8.1,7.6,8.8,4564,55786,8.2,8,8.4,37171,66.6,66.2,67
2024-06-30,"NHS_REGION","Y63","E40000012","NORTH EAST AND YORKSHIRE",74742,110739.3,67.5,60.8,73.2,1764805,4.2,4.2,4.3,2124,15339,13.8,13.3,14.4,5941,77489,7.7,7.5,7.9,53053,68.5,68.1,68.8
2024-06-30,"NHS_REGION","Y61","E40000013","EAST OF ENGLAND",57844,91086.1,63.5,57.2,68.8,1380108,4.2,4.2,4.2,1296,8120,16,15.2,16.8,5953,59636,10,9.7,10.2,39861,66.8,66.5,67.2
2024-06-30,"NHS_REGION","Y62","E40000014","NORTH WEST",61747,88350.7,69.9,62.9,75.8,1414033,4.4,4.3,4.4,1044,11103,9.4,8.9,10,5429,63832,8.5,8.3,8.7,44299,69.4,69,69.8
2024-06-30,"SUB_ICB_LOC","02P","E38000006","NHS SOUTH YORKSHIRE ICB - 02P",2287,3105.6,73.6,65.6,80.5,51334,4.5,4.3,4.6,39,230,17,12.7,22.3,90,2374,3.8,3.1,4.6,1613,67.9,66,69.8
2024-06-30,"SUB_ICB_LOC","99E","E38000007","NHS MID AND SOUTH ESSEX ICB - 99E",2076,3497.3,59.4,53,64.9,52256,4,3.8,4.1,53,487,10.9,8.4,14,194,2156,9,7.9,10.3,1464,67.9,65.9,69.8
2024-06-30,"SUB_ICB_LOC","02Q","E38000008","NHS NOTTINGHAM AND NOTTINGHAMSHIRE ICB - 02Q",1330,1753.3,75.9,67.3,83.4,27774,4.8,4.5,5,34,243,14,10.2,18.9,129,1380,9.3,7.9,11,952,69,66.5,71.4
2024-06-30,"SUB_ICB_LOC","00Q","E38000014","NHS LANCASHIRE AND SOUTH CUMBRIA ICB - 00Q",1042,1600.7,65.1,57.4,71.9,27062,3.9,3.6,4.1,13,237,5.5,3.2,9.2,85,1088,7.8,6.4,9.6,768,70.6,67.8,73.2
2024-06-30,"SUB_ICB_LOC","00R","E38000015","NHS LANCASHIRE AND SOUTH CUMBRIA ICB - 00R",1509,2196.1,68.7,61,75.4,34861,4.3,4.1,4.5,4,200,2,0.8,5,126,1575,8,6.8,9.4,1046,66.4,64,68.7
2024-06-30,"SUB_ICB_LOC","00T","E38000016","NHS GREATER MANCHESTER ICB - 00T",2396,3308.1,72.4,64.6,79.1,54257,4.4,4.2,4.6,64,623,10.3,8.1,12.9,187,2486,7.5,6.5,8.6,1907,76.7,75,78.3
2024-06-30,"SUB_ICB_LOC","09D","E38000021","NHS SUSSEX ICB - 09D",1883,2876.9,65.5,58.3,71.7,44926,4.2,4,4.4,39,224,17.4,13,22.9,117,1938,6,5.1,7.2,1261,65.1,62.9,67.2
2024-06-30,"SUB_ICB_LOC","00V","E38000024","NHS GREATER MANCHESTER ICB - 00V",1850,2411.2,76.7,68.3,84,38165,4.8,4.6,5.1,7,75,9.3,4.6,18,175,1909,9.2,8,10.5,1274,66.7,64.6,68.8
2024-06-30,"SUB_ICB_LOC","02T","E38000025","NHS WEST YORKSHIRE ICB - 02T",1779,2621.4,67.9,60.3,74.4,42971,4.1,4,4.3,38,605,6.3,4.6,8.5,142,1846,7.7,6.6,9,1244,67.4,65.2,69.5
2024-06-30,"SUB_ICB_LOC","04Y","E38000028","NHS STAFFORDSHIRE AND STOKE-ON-TRENT ICB - 04Y",1425,1843.1,77.3,68.7,84.9,29150,4.9,4.6,5.1,46,145,31.7,24.7,39.7,152,1465,10.4,8.9,12,1012,69.1,66.7,71.4
2024-06-30,"SUB_ICB_LOC","99F","E38000030","NHS MID AND SOUTH ESSEX ICB - 99F",2061,3035.6,67.9,60.6,74.2,44650,4.6,4.4,4.8,42,194,21.6,16.4,28,159,2107,7.5,6.5,8.8,1362,64.6,62.6,66.7
2024-06-30,"SUB_ICB_LOC","00X","E38000034","NHS LANCASHIRE AND SOUTH CUMBRIA ICB - 00X",1721,2499.9,68.8,61.2,75.5,40144,4.3,4.1,4.5,14,253,5.5,3.3,9.1,94,1771,5.3,4.4,6.5,1212,68.4,66.2,70.6
2024-06-30,"SUB_ICB_LOC","02X","E38000044","NHS SOUTH YORKSHIRE ICB - 02X",2757,3768.4,73.2,65.3,79.8,61139,4.5,4.3,4.7,41,756,5.4,4,7.3,184,2881,6.4,5.6,7.3,1798,62.4,60.6,64.2
2024-06-30,"SUB_ICB_LOC","11J","E38000045","NHS DORSET ICB - 11J",8337,14401.1,57.9,52.1,62.8,208589,4,3.9,4.1,70,1928,3.6,2.9,4.6,675,8557,7.9,7.3,8.5,5749,67.2,66.2,68.2
2024-06-30,"SUB_ICB_LOC","06K","E38000049","NHS HERTFORDSHIRE AND WEST ESSEX ICB - 06K",4676,7410.1,63.1,56.7,68.6,109431,4.3,4.2,4.4,41,679,6,4.5,8.1,358,4806,7.4,6.7,8.2,3140,65.3,64,66.7
2024-06-30,"SUB_ICB_LOC","01A","E38000050","NHS LANCASHIRE AND SOUTH CUMBRIA ICB - 01A",2993,4466.5,67,59.9,73.1,73408,4.1,3.9,4.2,75,864,8.7,7,10.7,221,3106,7.1,6.3,8.1,2252,72.5,70.9,74
2024-06-30,"SUB_ICB_LOC","03W","E38000051","NHS LEICESTER, LEICESTERSHIRE AND RUTLAND ICB - 03W",3339,5431.1,61.5,55.1,67,81672,4.1,4,4.2,30,513,5.8,4.1,8.2,314,3429,9.2,8.2,10.2,2385,69.6,68,71.1
2024-06-30,"SUB_ICB_LOC","02Y","E38000052","NHS HUMBER AND NORTH YORKSHIRE ICB - 02Y",3280,5527.8,59.3,53.1,64.7,85475,3.8,3.7,4,114,765,14.9,12.6,17.6,237,3369,7,6.2,7.9,2300,68.3,66.7,69.8
2024-06-30,"SUB_ICB_LOC","05D","E38000053","NHS STAFFORDSHIRE AND STOKE-ON-TRENT ICB - 05D",1205,1933,62.3,55.2,68.6,30046,4,3.8,4.2,24,132,18.2,12.5,25.6,61,1247,4.9,3.8,6.2,876,70.2,67.7,72.7
2024-06-30,"SUB_ICB_LOC","11M","E38000062","NHS GLOUCESTERSHIRE ICB - 11M",6396,9926.4,64.4,57.9,70.1,150615,4.2,4.1,4.3,85,1119,7.6,6.2,9.3,603,6565,9.2,8.5,9.9,4558,69.4,68.3,70.5
2024-06-30,"SUB_ICB_LOC","15N","E38000230","NHS DEVON ICB - 15N",11860,20367.5,58.2,52.4,63.2,306946,3.9,3.8,3.9,227,1602,14.2,12.5,16,1056,12132,8.7,8.2,9.2,8083,66.6,65.8,67.5
2024-06-30,"SUB_ICB_LOC","97R","E38000235","NHS SUSSEX ICB - 97R",6408,10181,62.9,56.6,68.4,148691,4.3,4.2,4.4,65,1191,5.5,4.3,6.9,717,6558,10.9,10.2,11.7,4466,68.1,67,69.2
2024-06-30,"SUB_ICB_LOC","70F","E38000265","NHS SUSSEX ICB - 70F",9305,14924.6,62.3,56.2,67.7,215007,4.3,4.2,4.4,77,1278,6,4.8,7.5,710,9505,7.5,7,8,6396,67.3,66.3,68.2
2024-06-30,"SUB_ICB_LOC","01F","E38000068","NHS CHESHIRE AND MERSEYSIDE ICB - 01F",991,1447.2,68.5,60.1,75.7,25519,3.9,3.7,4.1,36,181,19.9,14.7,26.3,84,1032,8.1,6.6,10,700,67.8,64.9,70.6
2024-06-30,"SUB_ICB_LOC","06N","E38000079","NHS HERTFORDSHIRE AND WEST ESSEX ICB - 06N",4701,7517.1,62.5,56.2,68,111110,4.2,4.1,4.4,90,292,30.8,25.8,36.3,469,4838,9.7,8.9,10.6,3147,65,63.7,66.4
2024-06-30,"SUB_ICB_LOC","11N","E38000089","NHS CORNWALL AND THE ISLES OF SCILLY ICB - 11N",5882,9813.6,59.9,53.8,65.2,153456,3.8,3.7,3.9,78,800,9.8,7.9,12,535,6005,8.9,8.2,9.7,3615,60.2,59,61.4
2024-06-30,"SUB_ICB_LOC","01J","E38000091","NHS CHESHIRE AND MERSEYSIDE ICB - 01J",1032,1681.6,61.4,53.9,67.7,29343,3.5,3.3,3.7,54,240,22.5,17.7,28.2,109,1081,10.1,8.4,12,721,66.7,63.8,69.4
2024-06-30,"SUB_ICB_LOC","04C","E38000097","NHS LEICESTER, LEICESTERSHIRE AND RUTLAND ICB - 04C",2294,3015.5,76.1,67.7,83.2,51682,4.4,4.3,4.6,7,805,0.9,0.4,1.8,279,2437,11.4,10.2,12.8,1566,64.3,62.3,66.1
2024-06-30,"SUB_ICB_LOC","99A","E38000101","NHS CHESHIRE AND MERSEYSIDE ICB - 99A",3306,5024.4,65.8,58.7,71.8,86001,3.8,3.7,4,80,629,12.7,10.3,15.6,425,3432,12.4,11.3,13.5,2409,70.2,68.6,71.7
2024-06-30,"SUB_ICB_LOC","06Q","E38000106","NHS MID AND SOUTH ESSEX ICB - 06Q",3486,5633.9,61.9,55.5,67.4,85902,4.1,3.9,4.2,56,508,11,8.6,14,385,3582,10.7,9.8,11.8,2375,66.3,64.7,67.8
2024-06-30,"SUB_ICB_LOC","06T","E38000117","NHS SUFFOLK AND NORTH EAST ESSEX ICB - 06T",3800,5616.3,67.7,60.7,73.7,83982,4.5,4.4,4.7,62,467,13.3,10.5,16.7,608,3952,15.4,14.3,16.5,2822,71.4,70,72.8
2024-06-30,"SUB_ICB_LOC","03H","E38000119","NHS HUMBER AND NORTH YORKSHIRE ICB - 03H",1523,2307.7,66,58.7,72.4,36351,4.2,4,4.4,75,372,20.2,16.4,24.5,136,1621,8.4,7.1,9.8,1023,63.1,60.7,65.4
2024-06-30,"SUB_ICB_LOC","03K","E38000122","NHS HUMBER AND NORTH YORKSHIRE ICB - 03K",1431,2550.5,56.1,49.8,61.6,40711,3.5,3.3,3.7,50,525,9.5,7.3,12.3,105,1530,6.9,5.7,8.2,893,58.4,55.9,60.8
2024-06-30,"SUB_ICB_LOC","05G","E38000126","NHS STAFFORDSHIRE AND STOKE-ON-TRENT ICB - 05G",2557,3496.5,73.1,65.5,79.8,53601,4.8,4.6,5,29,591,4.9,3.4,7,289,2601,11.1,10,12.4,1673,64.3,62.5,66.1
2024-06-30,"SUB_ICB_LOC","99C","E38000127","NHS NORTH EAST AND NORTH CUMBRIA ICB - 99C",2078,2959,70.2,62.6,76.8,47552,4.4,4.2,4.6,21,591,3.6,2.3,5.4,165,2142,7.7,6.6,8.9,1381,64.5,62.4,66.5
2024-06-30,"SUB_ICB_LOC","00L","E38000130","NHS NORTH EAST AND NORTH CUMBRIA ICB - 00L",3475,5499.7,63.2,56.5,68.9,89108,3.9,3.8,4,58,694,8.4,6.5,10.7,205,3579,5.7,5,6.5,2474,69.1,67.6,70.6
2024-06-30,"SUB_ICB_LOC","00Y","E38000135","NHS GREATER MANCHESTER ICB - 00Y",1890,2533.1,74.6,66.4,81.7,41427,4.6,4.4,4.8,42,671,6.3,4.7,8.4,142,1971,7.2,6.1,8.4,1359,68.9,66.9,71
2024-06-30,"SUB_ICB_LOC","10Q","E38000136","NHS BUCKINGHAMSHIRE, OXFORDSHIRE AND BERKSHIRE WEST ICB - 10Q",6033,9562.8,63.1,56.8,68.6,142718,4.2,4.1,4.3,37,367,10.1,7.4,13.6,540,6160,8.8,8.1,9.5,4097,66.5,65.3,67.7
2024-06-30,"SUB_ICB_LOC","10R","E38000137","NHS HAMPSHIRE AND ISLE OF WIGHT ICB - 10R",1509,2207.6,68.4,60.7,75,34809,4.3,4.1,4.6,3,346,0.9,0.3,2.5,170,1554,10.9,9.5,12.6,972,62.5,60.1,64.9
2024-06-30,"SUB_ICB_LOC","03L","E38000141","NHS SOUTH YORKSHIRE ICB - 03L",2892,3244.4,89.1,79.7,97.2,51977,5.6,5.4,5.8,71,549,12.9,10.4,16,194,3006,6.5,5.6,7.4,2123,70.6,69,72.2
2024-06-30,"SUB_ICB_LOC","01G","E38000143","NHS GREATER MANCHESTER ICB - 01G",1917,2386.7,80.3,71.5,87.9,39546,4.8,4.6,5.1,41,241,17,12.8,22.3,137,1985,6.9,5.9,8.1,1477,74.4,72.4,76.3
2024-06-30,"SUB_ICB_LOC","03N","E38000146","NHS SOUTH YORKSHIRE ICB - 03N",4478,6335.1,70.7,63.4,76.9,97147,4.6,4.5,4.7,64,600,10.7,8.4,13.4,473,4648,10.2,9.3,11.1,3270,70.4,69,71.6
2024-06-30,"SUB_ICB_LOC","11X","E38000150","NHS SOMERSET ICB - 11X",5465,9944.2,55,49.4,59.8,150348,3.6,3.5,3.7,28,291,9.6,6.7,13.6,443,5609,7.9,7.2,8.6,3698,65.9,64.7,67.2
2024-06-30,"SUB_ICB_LOC","05Q","E38000153","NHS STAFFORDSHIRE AND STOKE-ON-TRENT ICB - 05Q",2112,3186.3,66.3,59.2,72.5,49260,4.3,4.1,4.5,53,248,21.4,16.7,26.9,123,2173,5.7,4.8,6.7,1530,70.4,68.5,72.3
2024-06-30,"SUB_ICB_LOC","01T","E38000161","NHS CHESHIRE AND MERSEYSIDE ICB - 01T",1211,2033.5,59.6,52.7,65.5,32377,3.7,3.5,4,51,453,11.3,8.7,14.5,94,1233,7.6,6.3,9.2,781,63.3,60.6,66
2024-06-30,"SUB_ICB_LOC","00N","E38000163","NHS NORTH EAST AND NORTH CUMBRIA ICB - 00N",1477,2046.5,72.2,64,79.2,33135,4.5,4.2,4.7,28,269,10.4,7.3,14.6,107,1525,7,5.8,8.4,1032,67.7,65.3,70
2024-06-30,"SUB_ICB_LOC","99G","E38000168","NHS MID AND SOUTH ESSEX ICB - 99G",2084,2462.8,84.6,75.6,92.5,36546,5.7,5.5,5.9,43,185,23.2,17.7,29.8,176,2157,8.2,7.1,9.4,1558,72.2,70.3,74.1
2024-06-30,"SUB_ICB_LOC","01V","E38000170","NHS CHESHIRE AND MERSEYSIDE ICB - 01V",1776,2407.8,73.8,65.9,80.7,34393,5.2,4.9,5.4,84,609,13.8,11.3,16.8,194,1823,10.6,9.3,12.1,1272,69.8,67.6,71.8
2024-06-30,"SUB_ICB_LOC","01X","E38000172","NHS CHESHIRE AND MERSEYSIDE ICB - 01X",1824,2608.6,69.9,62.3,76.6,41608,4.4,4.2,4.6,36,311,11.6,8.5,15.6,156,1891,8.2,7.1,9.6,1269,67.1,65,69.2
2024-06-30,"SUB_ICB_LOC","05V","E38000173","NHS STAFFORDSHIRE AND STOKE-ON-TRENT ICB - 05V",1431,2365.9,60.5,53.7,66.4,36103,4,3.8,4.2,31,274,11.3,8.1,15.6,79,1464,5.4,4.4,6.7,948,64.8,62.3,67.2
2024-06-30,"SUB_ICB_LOC","01W","E38000174","NHS GREATER MANCHESTER ICB - 01W",3158,4228.2,74.7,67,81.4,63515,5,4.8,5.1,16,298,5.4,3.3,8.5,209,3247,6.4,5.6,7.3,2353,72.5,70.9,74
2024-06-30,"SUB_ICB_LOC","05W","E38000175","NHS STAFFORDSHIRE AND STOKE-ON-TRENT ICB - 05W",3024,3242.1,93.3,83.4,101.8,51329,5.9,5.7,6.1,16,695,2.3,1.4,3.7,262,3112,8.4,7.5,9.4,2104,67.6,65.9,69.2
2024-06-30,"SUB_ICB_LOC","00P","E38000176","NHS NORTH EAST AND NORTH CUMBRIA ICB - 00P",2352,3637,64.7,57.7,70.6,59118,4,3.8,4.1,58,353,16.4,12.9,20.7,251,2428,10.3,9.2,11.6,1681,69.2,67.4,71
2024-06-30,"SUB_ICB_LOC","07G","E38000185","NHS MID AND SOUTH ESSEX ICB - 07G",1082,1591.2,68,60.1,75,25916,4.2,3.9,4.4,26,285,9.1,6.3,13,114,1119,10.2,8.5,12.1,830,74.2,71.5,76.7
2024-06-30,"SUB_ICB_LOC","02A","E38000187","NHS GREATER MANCHESTER ICB - 02A",1882,2887.1,65.2,58.2,71.3,43736,4.3,4.1,4.5,51,237,21.5,16.8,27.2,107,1932,5.5,4.6,6.6,1308,67.7,65.6,69.8
2024-06-30,"SUB_ICB_LOC","03Q","E38000188","NHS HUMBER AND NORTH YORKSHIRE ICB - 03Q",1727,3259.8,53,47.2,58,48729,3.5,3.4,3.7,36,604,6,4.3,8.1,85,1776,4.8,3.9,5.9,1255,70.7,68.5,72.7
2024-06-30,"SUB_ICB_LOC","03R","E38000190","NHS WEST YORKSHIRE ICB - 03R",2905,4465.4,65.1,58.1,71,72935,4,3.8,4.1,163,743,21.9,19.1,25.1,306,3042,10.1,9,11.2,2190,72,70.4,73.6
2024-06-30,"SUB_ICB_LOC","02E","E38000194","NHS CHESHIRE AND MERSEYSIDE ICB - 02E",2004,2747.7,72.9,65,79.9,43507,4.6,4.4,4.8,41,578,7.1,5.3,9.5,254,2064,12.3,11,13.8,1330,64.4,62.3,66.5
2024-06-30,"SUB_ICB_LOC","07H","E38000197","NHS HERTFORDSHIRE AND WEST ESSEX ICB - 07H",2962,4076.7,72.7,65.1,79.2,60769,4.9,4.7,5,19,332,5.7,3.7,8.8,235,3045,7.7,6.8,8.7,1952,64.1,62.4,65.8
2024-06-30,"SUB_ICB_LOC","02G","E38000200","NHS LANCASHIRE AND SOUTH CUMBRIA ICB - 02G",1172,1692.5,69.2,61.4,76.2,26251,4.5,4.2,4.7,17,148,11.5,7.3,17.6,86,1200,7.2,5.8,8.8,762,63.5,60.7,66.2
2024-06-30,"SUB_ICB_LOC","04V","E38000201","NHS LEICESTER, LEICESTERSHIRE AND RUTLAND ICB - 04V",3280,5261.7,62.3,55.8,68,83763,3.9,3.8,4,55,498,11,8.6,14.1,284,3366,8.4,7.5,9.4,2218,65.9,64.3,67.5
2024-06-30,"SUB_ICB_LOC","07K","E38000204","NHS SUFFOLK AND NORTH EAST ESSEX ICB - 07K",2347,4347.3,54,48.2,59,65628,3.6,3.4,3.7,87,260,33.5,28,39.4,249,2387,10.4,9.3,11.7,1565,65.6,63.6,67.4
2024-06-30,"SUB_ICB_LOC","02H","E38000205","NHS GREATER MANCHESTER ICB - 02H",2983,4030.3,74,66.1,80.9,66682,4.5,4.3,4.6,56,1105,5.1,3.9,6.5,148,3063,4.8,4.1,5.6,2161,70.6,68.9,72.1
2024-06-30,"SUB_ICB_LOC","12F","E38000208","NHS CHESHIRE AND MERSEYSIDE ICB - 12F",3244,4862.9,66.7,59.8,72.7,75590,4.3,4.1,4.4,17,155,11,7,16.9,471,3355,14,12.9,15.3,2388,71.2,69.6,72.7
2024-06-30,"SUB_ICB_LOC","13T","E38000212","NHS NORTH EAST AND NORTH CUMBRIA ICB - 13T",4090,5580.1,73.3,65.7,79.8,87570,4.7,4.5,4.8,55,842,6.5,5.1,8.4,355,4241,8.4,7.6,9.2,2867,67.6,66.2,69
2024-06-30,"SUB_ICB_LOC","01H","E38000215","NHS NORTH EAST AND NORTH CUMBRIA ICB - 01H",2916,5105.4,57.1,51.1,62.3,81004,3.6,3.5,3.7,102,302,33.8,28.7,39.3,273,3015,9.1,8.1,10.1,2048,67.9,66.2,69.6
2024-06-30,"SUB_ICB_LOC","14L","E38000217","NHS GREATER MANCHESTER ICB - 14L",2788,3788.7,73.6,65.4,80.4,67364,4.1,4,4.3,26,723,3.6,2.5,5.2,226,2919,7.7,6.8,8.8,1988,68.1,66.4,69.8
2024-06-30,"SUB_ICB_LOC","15A","E38000221","NHS BUCKINGHAMSHIRE, OXFORDSHIRE AND BERKSHIRE WEST ICB - 15A",3925,6052.1,64.9,58.1,70.6,93569,4.2,4.1,4.3,81,330,24.5,20.2,29.5,356,4022,8.9,8,9.8,2750,68.4,66.9,69.8
2024-06-30,"SUB_ICB_LOC","15C","E38000222","NHS BRISTOL, NORTH SOMERSET AND SOUTH GLOUCESTERSHIRE ICB - 15C",8224,11881,69.2,62.3,75.2,178485,4.6,4.5,4.7,15,496,3,1.8,4.9,652,8464,7.7,7.2,8.3,5928,70,69.1,71
2024-06-30,"SUB_ICB_LOC","14Y","E38000223","NHS BUCKINGHAMSHIRE, OXFORDSHIRE AND BERKSHIRE WEST ICB - 14Y",4466,7564.6,59,53,64.2,112460,4,3.9,4.1,55,481,11.4,8.9,14.6,350,4551,7.7,7,8.5,3058,67.2,65.8,68.5
2024-06-30,"SUB_ICB_LOC","15F","E38000225","NHS WEST YORKSHIRE ICB - 15F",6516,8922.1,73,65.6,79.4,138975,4.7,4.6,4.8,264,1185,22.3,20,24.7,384,6706,5.7,5.2,6.3,4807,71.7,70.6,72.7
2024-06-30,"SUB_ICB_LOC","02M","E38000226","NHS LANCASHIRE AND SOUTH CUMBRIA ICB - 02M",2270,3518.7,64.5,57.6,70.4,52969,4.3,4.1,4.5,10,241,4.1,2.3,7.5,126,2338,5.4,4.5,6.4,1584,67.8,65.8,69.6
2024-06-30,"SUB_ICB_LOC","01E","E38000227","NHS LANCASHIRE AND SOUTH CUMBRIA ICB - 01E",1752,2345.8,74.7,66.5,81.8,37330,4.7,4.5,4.9,14,313,4.5,2.7,7.4,142,1807,7.9,6.7,9.2,1337,74,71.9,76
2024-06-30,"SUB_ICB_LOC","01K","E38000228","NHS LANCASHIRE AND SOUTH CUMBRIA ICB - 01K",3702,5292.8,69.9,62.7,76.2,81780,4.5,4.4,4.7,33,326,10.1,7.3,13.9,277,3823,7.2,6.5,8.1,2483,64.9,63.4,66.4
2024-06-30,"SUB_ICB_LOC","92G","E38000231","NHS BATH AND NORTH EAST SOMERSET, SWINDON AND WILTSHIRE ICB - 92G",8235,13645.8,60.3,54.3,65.5,207709,4,3.9,4,132,1566,8.4,7.2,9.9,600,8454,7.1,6.6,7.7,5540,65.5,64.5,66.5
2024-06-30,"SUB_ICB_LOC","36J","E38000232","NHS WEST YORKSHIRE ICB - 36J",4796,6612.2,72.5,65.1,78.9,105150,4.6,4.4,4.7,161,946,17,14.8,19.5,712,4973,14.3,13.4,15.3,3412,68.6,67.3,69.9
2024-06-30,"SUB_ICB_LOC","27D","E38000233","NHS CHESHIRE AND MERSEYSIDE ICB - 27D",7829,11637.3,67.3,60.5,73.1,177724,4.4,4.3,4.5,100,740,13.5,11.2,16.2,851,8038,10.6,9.9,11.3,5426,67.5,66.5,68.5
2024-06-30,"SUB_ICB_LOC","84H","E38000234","NHS NORTH EAST AND NORTH CUMBRIA ICB - 84H",5205,7340.2,70.9,63.5,77.2,121023,4.3,4.2,4.4,120,794,15.1,12.8,17.8,341,5425,6.3,5.7,7,3562,65.7,64.4,66.9
2024-06-30,"SUB_ICB_LOC","18C","E38000236","NHS HEREFORDSHIRE AND WORCESTERSHIRE ICB - 18C",6946,12861.3,54,48.5,58.7,196565,3.5,3.5,3.6,61,972,6.3,4.9,8,774,7138,10.8,10.1,11.6,5111,71.6,70.5,72.6
2024-06-30,"SUB_ICB_LOC","91Q","E38000237","NHS KENT AND MEDWAY ICB - 91Q",15330,25552.2,60,54,65.1,393125,3.9,3.8,4,177,1578,11.2,9.8,12.9,1356,15821,8.6,8.1,9,10526,66.5,65.8,67.3
2024-06-30,"SUB_ICB_LOC","71E","E38000238","NHS LINCOLNSHIRE ICB - 71E",8396,12473.3,67.3,60.5,73.1,194121,4.3,4.2,4.4,243,1488,16.3,14.5,18.3,739,8701,8.5,7.9,9.1,5453,62.7,61.6,63.7
2024-06-30,"SUB_ICB_LOC","26A","E38000239","NHS NORFOLK AND WAVENEY ICB - 26A",11097,17997.5,61.7,55.5,66.9,269332,4.1,4,4.2,222,1492,14.9,13.2,16.8,1340,11404,11.8,11.2,12.4,7488,65.7,64.8,66.5
2024-06-30,"SUB_ICB_LOC","93C","E38000240","NHS NORTH CENTRAL LONDON ICB - 93C",8816,13001.4,67.8,60.8,73.7,208229,4.2,4.1,4.3,72,807,8.9,7.1,11.1,768,9069,8.5,7.9,9.1,6029,66.5,65.5,67.4
2024-06-30,"SUB_ICB_LOC","42D","E38000241","NHS HUMBER AND NORTH YORKSHIRE ICB - 42D",5466,9358.6,58.4,52.5,63.5,144099,3.8,3.7,3.9,150,1163,12.9,11.1,14.9,301,5580,5.4,4.8,6,3903,69.9,68.7,71.1
2024-06-30,"SUB_ICB_LOC","52R","E38000243","NHS NOTTINGHAM AND NOTTINGHAMSHIRE ICB - 52R",8962,12850.4,69.7,62.7,75.7,200351,4.5,4.4,4.6,75,1327,5.7,4.5,7,882,9377,9.4,8.8,10,6452,68.8,67.9,69.7
2024-06-30,"SUB_ICB_LOC","72Q","E38000244","NHS SOUTH EAST LONDON ICB - 72Q",10724,15279.2,70.2,62.9,76.3,247044,4.3,4.3,4.4,214,1774,12.1,10.6,13.7,889,11125,8,7.5,8.5,7245,65.1,64.2,66
2024-06-30,"SUB_ICB_LOC","36L","E38000245","NHS SOUTH WEST LONDON ICB - 36L",10398,14318.7,72.6,65.2,78.8,226922,4.6,4.5,4.7,107,903,11.8,9.9,14.1,1043,10772,9.7,9.1,10.3,7441,69.1,68.2,69.9
2024-06-30,"SUB_ICB_LOC","16C","E38000247","NHS NORTH EAST AND NORTH CUMBRIA ICB - 16C",6257,8639.8,72.4,64.9,78.8,140620,4.4,4.3,4.6,227,953,23.8,21.2,26.6,392,6495,6,5.5,6.6,4504,69.3,68.2,70.5
2024-06-30,"SUB_ICB_LOC","M1J4Y","E38000249","NHS BEDFORDSHIRE, LUTON AND MILTON KEYNES ICB - M1J4Y",7145,10453.2,68.4,61.3,74.2,168287,4.2,4.2,4.3,164,1283,12.8,11.1,14.7,704,7441,9.5,8.8,10.1,4829,64.9,63.8,66
2024-06-30,"SUB_ICB_LOC","B2M3M","E38000251","NHS COVENTRY AND WARWICKSHIRE ICB - B2M3M",7159,12460.9,57.5,51.7,62.4,189611,3.8,3.7,3.9,135,1185,11.4,9.7,13.3,815,7397,11,10.3,11.8,4867,65.8,64.7,66.9
2024-06-30,"SUB_ICB_LOC","D4U1Y","E38000252","NHS FRIMLEY ICB - D4U1Y",6046,8895.9,68,61.1,73.9,135331,4.5,4.4,4.6,108,732,14.8,12.4,17.5,520,6190,8.4,7.7,9.1,4135,66.8,65.6,68
2024-06-30,"SUB_ICB_LOC","D9Y0V","E38000253","NHS HAMPSHIRE AND ISLE OF WIGHT ICB - D9Y0V",15316,24982.3,61.3,55.2,66.5,372566,4.1,4,4.2,116,2002,5.8,4.9,6.9,1749,15682,11.2,10.7,11.7,10493,66.9,66.2,67.6
2024-06-30,"SUB_ICB_LOC","X2C4Y","E38000254","NHS WEST YORKSHIRE ICB - X2C4Y",3158,4967.2,63.6,56.9,69.4,79700,4,3.8,4.1,105,997,10.5,8.8,12.6,286,3305,8.7,7.7,9.7,2346,71,69.4,72.5
2024-06-30,"SUB_ICB_LOC","A3A8R","E38000255","NHS NORTH EAST LONDON ICB - A3A8R",8203,13478.4,60.9,54.4,66.3,227249,3.6,3.5,3.7,149,1532,9.7,8.3,11.3,770,8581,9,8.4,9.6,6005,70,69,70.9
2024-06-30,"SUB_ICB_LOC","W2U3Z","E38000256","NHS NORTH WEST LONDON ICB - W2U3Z",12710,19528.4,65.1,58.3,70.7,320712,4,3.9,4,317,3459,9.2,8.2,10.2,1126,13244,8.5,8,9,8903,67.2,66.4,68
2024-06-30,"SUB_ICB_LOC","M2L0M","E38000257","NHS SHROPSHIRE, TELFORD AND WREKIN ICB - M2L0M",4793,7835.6,61.2,54.9,66.6,121459,3.9,3.8,4.1,42,374,11.2,8.4,14.8,384,4925,7.8,7.1,8.6,3190,64.8,63.4,66.1
2024-06-30,"SUB_ICB_LOC","15E","E38000258","NHS BIRMINGHAM AND SOLIHULL ICB - 15E",8877,14534.1,61.1,54.9,66.3,222226,4,3.9,4.1,150,1341,11.2,9.6,13,971,9221,10.5,9.9,11.2,6359,69,68,69.9
2024-06-30,"SUB_ICB_LOC","D2P2L","E38000259","NHS BLACK COUNTRY ICB - D2P2L",9309,14464.8,64.4,57.9,69.9,221214,4.2,4.1,4.3,141,2101,6.7,5.7,7.9,1041,9692,10.7,10.1,11.4,5128,52.9,51.9,53.9
2024-06-30,"SUB_ICB_LOC","06H","E38000260","NHS CAMBRIDGESHIRE AND PETERBOROUGH ICB - 06H",6626,11069,59.9,53.8,65.1,170556,3.9,3.8,4,130,901,14.4,12.3,16.9,642,6849,9.4,8.7,10.1,4652,67.9,66.8,69
2024-06-30,"SUB_ICB_LOC","15M","E38000261","NHS DERBY AND DERBYSHIRE ICB - 15M",10115,14845.1,68.1,61.3,74,234157,4.3,4.2,4.4,281,1219,23.1,20.8,25.5,988,10603,9.3,8.8,9.9,6921,65.3,64.4,66.2
2024-06-30,"SUB_ICB_LOC","78H","E38000262","NHS NORTHAMPTONSHIRE ICB - 78H",5800,8988.2,64.5,57.9,70.2,144323,4,3.9,4.1,75,1255,6,4.8,7.4,599,5962,10,9.3,10.8,3812,63.9,62.7,65.1
2024-06-30,"SUB_ICB_LOC","01Y","E38000263","NHS GREATER MANCHESTER ICB - 01Y",1686,2350,71.7,63.7,78.7,39230,4.3,4.1,4.5,32,187,17.1,12.4,23.2,160,1753,9.1,7.9,10.6,1416,80.8,78.9,82.6
2024-06-30,"SUB_ICB_LOC","92A","E38000264","NHS SURREY HEARTLANDS ICB - 92A",10040,14987.6,67,60.4,72.7,214319,4.7,4.6,4.8,53,611,8.7,6.7,11.2,979,10227,9.6,9,10.2,6912,67.6,66.7,68.5
2024-06-30,"ICB","QGH","E54000019","NHS HEREFORDSHIRE AND WORCESTERSHIRE INTEGRATED CARE BOARD",6946,12861.3,54,48.5,58.7,196565,3.5,3.5,3.6,61,972,6.3,4.9,8,774,7138,10.8,10.1,11.6,5111,71.6,70.5,72.6
2024-06-30,"ICB","QMM","E54000022","NHS NORFOLK AND WAVENEY INTEGRATED CARE BOARD",11097,17997.5,61.7,55.5,66.9,269332,4.1,4,4.2,222,1492,14.9,13.2,16.8,1340,11404,11.8,11.2,12.4,7488,65.7,64.8,66.5
2024-06-30,"ICB","QJG","E54000023","NHS SUFFOLK AND NORTH EAST ESSEX INTEGRATED CARE BOARD",9848,16341.8,60.3,54.2,65.4,245353,4,3.9,4.1,410,1482,27.7,25.4,30,1177,10132,11.6,11,12.3,7064,69.7,68.8,70.6
2024-06-30,"ICB","QHG","E54000024","NHS BEDFORDSHIRE, LUTON AND MILTON KEYNES INTEGRATED CARE BOARD",7145,10453.2,68.4,61.3,74.2,168287,4.2,4.2,4.3,164,1283,12.8,11.1,14.7,704,7441,9.5,8.8,10.1,4829,64.9,63.8,66
2024-06-30,"ICB","QM7","E54000025","NHS HERTFORDSHIRE AND WEST ESSEX INTEGRATED CARE BOARD",12339,19003.9,64.9,58.5,70.5,281310,4.4,4.3,4.5,150,1303,11.5,9.9,13.4,1062,12689,8.4,7.9,8.9,8239,64.9,64.1,65.8
2024-06-30,"ICB","QH8","E54000026","NHS MID AND SOUTH ESSEX INTEGRATED CARE BOARD",10789,16220.8,66.5,59.9,72.2,245270,4.4,4.3,4.5,220,1659,13.3,11.7,15,1028,11121,9.2,8.7,9.8,7589,68.2,67.4,69.1
2024-06-30,"ICB","QRV","E54000027","NHS NORTH WEST LONDON INTEGRATED CARE BOARD",12710,19528.4,65.1,58.3,70.7,320712,4,3.9,4,317,3459,9.2,8.2,10.2,1126,13244,8.5,8,9,8903,67.2,66.4,68
2024-06-30,"ICB","QMJ","E54000028","NHS NORTH CENTRAL LONDON INTEGRATED CARE BOARD",8816,13001.4,67.8,60.8,73.7,208229,4.2,4.1,4.3,72,807,8.9,7.1,11.1,768,9069,8.5,7.9,9.1,6029,66.5,65.5,67.4
2024-06-30,"ICB","QMF","E54000029","NHS NORTH EAST LONDON INTEGRATED CARE BOARD",8203,13478.4,60.9,54.4,66.3,227249,3.6,3.5,3.7,149,1532,9.7,8.3,11.3,770,8581,9,8.4,9.6,6005,70,69,70.9
2024-06-30,"ICB","QKK","E54000030","NHS SOUTH EAST LONDON INTEGRATED CARE BOARD",10724,15279.2,70.2,62.9,76.3,247044,4.3,4.3,4.4,214,1774,12.1,10.6,13.7,889,11125,8,7.5,8.5,7245,65.1,64.2,66
2024-06-30,"ICB","QWE","E54000031","NHS SOUTH WEST LONDON INTEGRATED CARE BOARD",10398,14318.7,72.6,65.2,78.8,226922,4.6,4.5,4.7,107,903,11.8,9.9,14.1,1043,10772,9.7,9.1,10.3,7441,69.1,68.2,69.9
2024-06-30,"ICB","QKS","E54000032","NHS KENT AND MEDWAY INTEGRATED CARE BOARD",15330,25552.2,60,54,65.1,393125,3.9,3.8,4,177,1578,11.2,9.8,12.9,1356,15821,8.6,8.1,9,10526,66.5,65.8,67.3
2024-06-30,"ICB","QNQ","E54000034","NHS FRIMLEY INTEGRATED CARE BOARD",6046,8895.9,68,61.1,73.9,135331,4.5,4.4,4.6,108,732,14.8,12.4,17.5,520,6190,8.4,7.7,9.1,4135,66.8,65.6,68
2024-06-30,"ICB","QT6","E54000036","NHS CORNWALL AND THE ISLES OF SCILLY INTEGRATED CARE BOARD",5882,9813.6,59.9,53.8,65.2,153456,3.8,3.7,3.9,78,800,9.8,7.9,12,535,6005,8.9,8.2,9.7,3615,60.2,59,61.4
2024-06-30,"ICB","QYG","E54000008","NHS CHESHIRE AND MERSEYSIDE INTEGRATED CARE BOARD",23217,34451.1,67.4,60.6,73.2,546062,4.3,4.2,4.3,499,3896,12.8,11.8,13.9,2638,23949,11,10.6,11.4,16296,68,67.5,68.6
2024-06-30,"ICB","QNC","E54000010","NHS STAFFORDSHIRE AND STOKE-ON-TRENT INTEGRATED CARE BOARD",11754,16066.8,73.2,65.9,79.4,249489,4.7,4.6,4.8,199,2085,9.5,8.4,10.9,966,12062,8,7.5,8.5,8143,67.5,66.7,68.3
2024-06-30,"ICB","QOC","E54000011","NHS SHROPSHIRE, TELFORD AND WREKIN INTEGRATED CARE BOARD",4793,7835.6,61.2,54.9,66.6,121459,3.9,3.8,4.1,42,374,11.2,8.4,14.8,384,4925,7.8,7.1,8.6,3190,64.8,63.4,66.1
2024-06-30,"ICB","QJM","E54000013","NHS LINCOLNSHIRE INTEGRATED CARE BOARD",8396,12473.3,67.3,60.5,73.1,194121,4.3,4.2,4.4,243,1488,16.3,14.5,18.3,739,8701,8.5,7.9,9.1,5453,62.7,61.6,63.7
2024-06-30,"ICB","QK1","E54000015","NHS LEICESTER, LEICESTERSHIRE AND RUTLAND INTEGRATED CARE BOARD",8913,13708.3,65,58.4,70.7,217117,4.1,4,4.2,92,1816,5.1,4.1,6.2,877,9232,9.5,8.9,10.1,6169,66.8,65.9,67.8
2024-06-30,"ICB","QWU","E54000018","NHS COVENTRY AND WARWICKSHIRE INTEGRATED CARE BOARD",7159,12460.9,57.5,51.7,62.4,189611,3.8,3.7,3.9,135,1185,11.4,9.7,13.3,815,7397,11,10.3,11.8,4867,65.8,64.7,66.9
2024-06-30,"ICB","QJK","E54000037","NHS DEVON INTEGRATED CARE BOARD",11860,20367.5,58.2,52.4,63.2,306946,3.9,3.8,3.9,227,1602,14.2,12.5,16,1056,12132,8.7,8.2,9.2,8083,66.6,65.8,67.5
2024-06-30,"ICB","QNX","E54000064","NHS SUSSEX ICB",17596,27982.5,62.9,56.7,68.2,408624,4.3,4.2,4.4,181,2693,6.7,5.8,7.7,1544,18001,8.6,8.2,9,12123,67.3,66.7,68
2024-06-30,"NHS_REGION","Y56","E40000003","LONDON",50851,75606.1,67.3,60.4,73,1230156,4.1,4.1,4.2,859,8475,10.1,9.5,10.8,4596,52791,8.7,8.5,8.9,35623,67.5,67.1,67.9
2024-06-30,"SUB_ICB_LOC","01D","E38000080","NHS GREATER MANCHESTER ICB - 01D",1819,2363.1,77,68.3,84.5,40244,4.5,4.3,4.7,30,465,6.5,4.6,9.1,143,1910,7.5,6.4,8.8,1316,68.9,66.8,70.9
2024-06-30,"SUB_ICB_LOC","03F","E38000085","NHS HUMBER AND NORTH YORKSHIRE ICB - 03F",1897,2885.6,65.7,58.4,72.1,48982,3.9,3.7,4,84,501,16.8,13.8,20.3,217,1982,10.9,9.6,12.4,1327,67,64.9,69
2024-06-30,"SUB_ICB_LOC","06L","E38000086","NHS SUFFOLK AND NORTH EAST ESSEX ICB - 06L",3701,6378.1,58,52.1,63.2,95743,3.9,3.7,4,261,755,34.6,31.3,38,320,3793,8.4,7.6,9.4,2677,70.6,69.1,72
2024-06-30,"COUNTRY","ENG","E92000001","ENGLAND",472198,726391.4,65,58.6,70.5,11271178,4.2,4.2,4.2,8297,75385,11,10.8,11.2,43212,487432,8.9,8.8,8.9,327630,67.2,67.1,67.3
2024-06-30,"NHS_REGION","Y60","E40000011","MIDLANDS",92354,142842,64.7,58.2,70.1,2218407,4.2,4.1,4.2,1528,15406,9.9,9.5,10.4,9165,95690,9.6,9.4,9.8,62557,65.4,65.1,65.7
2024-07-31,"SUB_ICB_LOC","02X","E38000044","NHS SOUTH YORKSHIRE ICB - 02X",2758,3778.3,73,65.2,79.7,61238,4.5,4.3,4.7,80,1041,7.7,6.2,9.5,184,2883,6.4,5.5,7.3,1777,61.6,59.8,63.4
2024-07-31,"SUB_ICB_LOC","11J","E38000045","NHS DORSET ICB - 11J",8386,14441.8,58.1,52.3,63.1,208888,4,3.9,4.1,104,2624,4,3.3,4.8,666,8605,7.7,7.2,8.3,5650,65.7,64.6,66.7
2024-07-31,"SUB_ICB_LOC","06K","E38000049","NHS HERTFORDSHIRE AND WEST ESSEX ICB - 06K",4680,7439.7,62.9,56.5,68.5,109705,4.3,4.1,4.4,56,936,6,4.6,7.7,364,4815,7.6,6.8,8.3,3100,64.4,63,65.7
2024-07-31,"SUB_ICB_LOC","01A","E38000050","NHS LANCASHIRE AND SOUTH CUMBRIA ICB - 01A",3009,4475.4,67.2,60,73.4,73551,4.1,4,4.2,106,1177,9,7.5,10.8,226,3122,7.2,6.4,8.2,2188,70.1,68.5,71.7
2024-07-31,"SUB_ICB_LOC","03W","E38000051","NHS LEICESTER, LEICESTERSHIRE AND RUTLAND ICB - 03W",3362,5452.3,61.7,55.3,67.1,81833,4.1,4,4.2,33,715,4.6,3.3,6.4,319,3458,9.2,8.3,10.2,2348,67.9,66.3,69.4
2024-07-31,"SUB_ICB_LOC","02Y","E38000052","NHS HUMBER AND NORTH YORKSHIRE ICB - 02Y",3293,5546,59.4,53.2,64.7,85701,3.8,3.7,4,152,990,15.4,13.2,17.7,241,3380,7.1,6.3,8,2218,65.6,64,67.2
2024-07-31,"SUB_ICB_LOC","05D","E38000053","NHS STAFFORDSHIRE AND STOKE-ON-TRENT ICB - 05D",1207,1938.7,62.3,55.2,68.5,30109,4,3.8,4.2,35,172,20.3,15,27,61,1247,4.9,3.8,6.2,861,69,66.4,71.5
2024-07-31,"SUB_ICB_LOC","11M","E38000062","NHS GLOUCESTERSHIRE ICB - 11M",6447,9949.6,64.8,58.3,70.4,150814,4.3,4.2,4.4,134,1539,8.7,7.4,10.2,592,6614,9,8.3,9.7,4433,67,65.9,68.1
2024-07-31,"SUB_ICB_LOC","01F","E38000068","NHS CHESHIRE AND MERSEYSIDE ICB - 01F",1007,1449,69.5,61.1,76.8,25563,3.9,3.7,4.2,50,228,21.9,17,27.7,86,1049,8.2,6.7,10,675,64.3,61.4,67.2
2024-07-31,"SUB_ICB_LOC","06N","E38000079","NHS HERTFORDSHIRE AND WEST ESSEX ICB - 06N",4829,7747.2,62.3,56,67.8,114359,4.2,4.1,4.3,130,375,34.7,30,39.6,483,4967,9.7,8.9,10.6,3122,62.9,61.5,64.2
2024-07-31,"SUB_ICB_LOC","01D","E38000080","NHS GREATER MANCHESTER ICB - 01D",1874,2369.5,79.1,70.2,86.6,40305,4.6,4.4,4.9,45,643,7,5.3,9.2,140,1960,7.1,6.1,8.4,1320,67.3,65.2,69.4
2024-07-31,"SUB_ICB_LOC","03F","E38000085","NHS HUMBER AND NORTH YORKSHIRE ICB - 03F",1923,2889.1,66.6,59.1,72.9,49030,3.9,3.8,4.1,111,671,16.5,13.9,19.5,219,2005,10.9,9.6,12.4,1319,65.8,63.7,67.8
2024-07-31,"SUB_ICB_LOC","06L","E38000086","NHS SUFFOLK AND NORTH EAST ESSEX ICB - 06L",3715,6395.7,58.1,52.1,63.3,95928,3.9,3.8,4,368,981,37.5,34.5,40.6,328,3812,8.6,7.8,9.5,2701,70.9,69.4,72.3
2024-07-31,"SUB_ICB_LOC","11N","E38000089","NHS CORNWALL AND THE ISLES OF SCILLY ICB - 11N",5937,9838.8,60.3,54.2,65.7,153675,3.9,3.8,4,131,1056,12.4,10.6,14.5,537,6057,8.9,8.2,9.6,3451,57,55.7,58.2
2024-07-31,"SUB_ICB_LOC","01J","E38000091","NHS CHESHIRE AND MERSEYSIDE ICB - 01J",1040,1680,61.9,54.4,68.4,29407,3.5,3.3,3.8,66,321,20.6,16.5,25.3,111,1093,10.2,8.5,12.1,698,63.9,61,66.7
2024-07-31,"NHS_REGION","Y58","E40000006","SOUTH WEST",54848,90231.6,60.8,54.8,65.9,1358486,4,4,4.1,964,10557,9.1,8.6,9.7,4550,56244,8.1,7.9,8.3,36316,64.6,64.2,65
2024-07-31,"NHS_REGION","Y63","E40000012","NORTH EAST AND YORKSHIRE",75205,111031.8,67.7,60.9,73.4,1768070,4.3,4.2,4.3,2997,20645,14.5,14,15,6010,77979,7.7,7.5,7.9,51852,66.5,66.2,66.8
2024-07-31,"NHS_REGION","Y61","E40000013","EAST OF ENGLAND",58285,91581.1,63.6,57.4,69,1385802,4.2,4.2,4.2,1820,10924,16.7,16,17.4,6043,60094,10.1,9.8,10.3,39228,65.3,64.9,65.7
2024-07-31,"NHS_REGION","Y62","E40000014","NORTH WEST",62247,88549.7,70.3,63.2,76.2,1416238,4.4,4.4,4.4,1442,15092,9.6,9.1,10,5481,64339,8.5,8.3,8.7,43369,67.4,67,67.8
2024-07-31,"SUB_ICB_LOC","02P","E38000006","NHS SOUTH YORKSHIRE ICB - 02P",2306,3116,74,65.9,80.9,51413,4.5,4.3,4.7,52,359,14.5,11.2,18.5,88,2394,3.7,3,4.5,1585,66.2,64.3,68.1
2024-07-31,"SUB_ICB_LOC","99E","E38000007","NHS MID AND SOUTH ESSEX ICB - 99E",2115,3503.3,60.4,53.9,66,52350,4,3.9,4.2,87,669,13,10.7,15.8,207,2194,9.4,8.3,10.7,1468,66.9,64.9,68.8
2024-07-31,"SUB_ICB_LOC","02Q","E38000008","NHS NOTTINGHAM AND NOTTINGHAMSHIRE ICB - 02Q",1349,1759.9,76.7,68.1,84.2,27832,4.8,4.6,5.1,48,300,16,12.3,20.6,131,1396,9.4,8,11,934,66.9,64.4,69.3
2024-07-31,"SUB_ICB_LOC","00Q","E38000014","NHS LANCASHIRE AND SOUTH CUMBRIA ICB - 00Q",1062,1602.1,66.3,58.5,73.1,27036,3.9,3.7,4.2,18,333,5.4,3.4,8.4,94,1106,8.5,7,10.3,764,69.1,66.3,71.7
2024-07-31,"SUB_ICB_LOC","00R","E38000015","NHS LANCASHIRE AND SOUTH CUMBRIA ICB - 00R",1517,2193.5,69.2,61.4,75.9,34900,4.3,4.1,4.6,14,277,5.1,3,8.3,124,1581,7.8,6.6,9.3,992,62.7,60.3,65.1
2024-07-31,"SUB_ICB_LOC","00T","E38000016","NHS GREATER MANCHESTER ICB - 00T",2419,3317.8,72.9,65,79.7,54331,4.5,4.3,4.6,85,818,10.4,8.5,12.7,195,2513,7.8,6.8,8.9,1889,75.2,73.4,76.8
2024-07-31,"SUB_ICB_LOC","00V","E38000024","NHS GREATER MANCHESTER ICB - 00V",1840,2415.8,76.2,67.9,83.4,38188,4.8,4.6,5,11,116,9.5,5.4,16.2,176,1901,9.3,8,10.6,1218,64.1,61.9,66.2
2024-07-31,"SUB_ICB_LOC","02T","E38000025","NHS WEST YORKSHIRE ICB - 02T",1778,2630,67.6,60.1,74.1,43055,4.1,3.9,4.3,51,788,6.5,5,8.4,140,1850,7.6,6.4,8.9,1210,65.4,63.2,67.5
2024-07-31,"SUB_ICB_LOC","04Y","E38000028","NHS STAFFORDSHIRE AND STOKE-ON-TRENT ICB - 04Y",1409,1844.2,76.4,67.8,83.9,29158,4.8,4.6,5.1,65,212,30.7,24.8,37.2,147,1450,10.1,8.7,11.8,985,67.9,65.5,70.3
2024-07-31,"SUB_ICB_LOC","99F","E38000030","NHS MID AND SOUTH ESSEX ICB - 99F",2070,3044.1,68,60.8,74.3,44721,4.6,4.4,4.8,68,266,25.6,20.7,31.1,160,2118,7.6,6.5,8.8,1351,63.8,61.7,65.8
2024-07-31,"SUB_ICB_LOC","00X","E38000034","NHS LANCASHIRE AND SOUTH CUMBRIA ICB - 00X",1744,2508.4,69.5,61.9,76.2,40225,4.3,4.1,4.5,17,353,4.8,3,7.6,100,1793,5.6,4.6,6.7,1223,68.2,66,70.3
2024-07-31,"ICB","QE1","E54000048","NHS LANCASHIRE AND SOUTH CUMBRIA INTEGRATED CARE BOARD",16297,23657.9,68.9,61.9,74.7,374336,4.4,4.3,4.4,244,3485,7,6.2,7.9,1160,16834,6.9,6.5,7.3,11159,66.3,65.6,67
2024-07-31,"ICB","QHM","E54000050","NHS NORTH EAST AND NORTH CUMBRIA INTEGRATED CARE BOARD",28020,40917.4,68.5,61.6,74.3,660463,4.2,4.2,4.3,978,6462,15.1,14.3,16,2109,29027,7.3,7,7.6,19014,65.5,65,66
2024-07-31,"ICB","QOQ","E54000051","NHS HUMBER AND NORTH YORKSHIRE INTEGRATED CARE BOARD",15466,25962.1,59.6,53.6,64.6,405227,3.8,3.8,3.9,683,5224,13.1,12.2,14,1109,16008,6.9,6.5,7.3,10353,64.7,63.9,65.4
2024-07-31,"ICB","QWO","E54000054","NHS WEST YORKSHIRE INTEGRATED CARE BOARD",19251,27655.5,69.6,62.6,75.6,440384,4.4,4.3,4.4,1010,5995,16.8,15.9,17.8,1854,19971,9.3,8.9,9.7,13842,69.3,68.7,69.9
2024-07-31,"ICB","QHL","E54000055","NHS BIRMINGHAM AND SOLIHULL INTEGRATED CARE BOARD",8855,14542.6,60.9,54.8,66.2,222186,4,3.9,4.1,198,1810,10.9,9.6,12.5,955,9191,10.4,9.8,11,6178,67.2,66.3,68.2
2024-07-31,"ICB","QUE","E54000056","NHS CAMBRIDGESHIRE AND PETERBOROUGH INTEGRATED CARE BOARD",6722,11103.3,60.5,54.4,65.8,170824,3.9,3.8,4,173,1232,14,12.2,16.1,639,6939,9.2,8.6,9.9,4603,66.3,65.2,67.4
2024-07-31,"ICB","QOP","E54000057","NHS GREATER MANCHESTER INTEGRATED CARE BOARD",22585,30356.3,74.4,66.9,80.7,494910,4.6,4.5,4.6,516,6201,8.3,7.7,9,1658,23398,7.1,6.8,7.4,16298,69.7,69.1,70.2
2024-07-31,"ICB","QJ2","E54000058","NHS DERBY AND DERBYSHIRE INTEGRATED CARE BOARD",10157,14879.5,68.3,61.4,74.1,234440,4.3,4.3,4.4,426,1639,26,23.9,28.2,1023,10642,9.6,9.1,10.2,6769,63.6,62.7,64.5
2024-07-31,"ICB","QPM","E54000059","NHS NORTHAMPTONSHIRE INTEGRATED CARE BOARD",5813,8961.2,64.9,58.2,70.5,143693,4,3.9,4.1,126,1748,7.2,6.1,8.5,588,5972,9.8,9.1,10.6,3724,62.4,61.1,63.6
2024-07-31,"ICB","QT1","E54000060","NHS NOTTINGHAM AND NOTTINGHAMSHIRE INTEGRATED CARE BOARD",10357,14646.8,70.7,63.6,76.8,228556,4.5,4.4,4.6,155,2103,7.4,6.3,8.6,1001,10824,9.2,8.7,9.8,7314,67.6,66.7,68.4
2024-07-31,"ICB","QF7","E54000061","NHS SOUTH YORKSHIRE INTEGRATED CARE BOARD",12468,16496.7,75.6,67.9,82.1,261996,4.8,4.7,4.8,326,2964,11,9.9,12.2,938,12973,7.2,6.8,7.7,8643,66.6,65.8,67.4
2024-07-31,"ICB","QUA","E54000062","NHS BLACK COUNTRY INTEGRATED CARE BOARD",9371,14495.1,64.6,58.2,70.1,221402,4.2,4.1,4.3,201,2826,7.1,6.2,8.1,1030,9753,10.6,10,11.2,5004,51.3,50.3,52.3
2024-07-31,"ICB","QXU","E54000063","NHS SURREY HEARTLANDS ICB",10064,15025.2,67,60.3,72.8,214730,4.7,4.6,4.8,67,787,8.5,6.8,10.7,992,10251,9.7,9.1,10.3,6777,66.1,65.2,67
2024-07-31,"NHS_REGION","Y59","E40000005","SOUTH EAST",80505,128164.9,62.8,56.6,68.1,1911096,4.2,4.2,4.2,1130,12355,9.1,8.7,9.7,7571,82448,9.2,9,9.4,53886,65.4,65,65.7
2024-07-31,"SUB_ICB_LOC","04C","E38000097","NHS LEICESTER, LEICESTERSHIRE AND RUTLAND ICB - 04C",2306,3019.4,76.4,67.9,83.5,51798,4.5,4.3,4.6,7,1154,0.6,0.3,1.2,280,2446,11.4,10.2,12.8,1505,61.5,59.6,63.4
2024-07-31,"SUB_ICB_LOC","99A","E38000101","NHS CHESHIRE AND MERSEYSIDE ICB - 99A",3334,5035.3,66.2,59,72.3,86169,3.9,3.7,4,112,911,12.3,10.3,14.6,424,3462,12.2,11.2,13.4,2386,68.9,67.4,70.4
2024-07-31,"ICB","QMJ","E54000028","NHS NORTH CENTRAL LONDON INTEGRATED CARE BOARD",8786,13043.8,67.4,60.4,73.2,208855,4.2,4.1,4.3,99,1065,9.3,7.7,11.2,777,9038,8.6,8,9.2,5739,63.5,62.5,64.5
2024-07-31,"ICB","QMF","E54000029","NHS NORTH EAST LONDON INTEGRATED CARE BOARD",8280,13488.5,61.4,55,66.8,227306,3.6,3.6,3.7,218,2212,9.9,8.7,11.2,775,8657,9,8.4,9.6,5907,68.2,67.2,69.2
2024-07-31,"ICB","QKK","E54000030","NHS SOUTH EAST LONDON INTEGRATED CARE BOARD",10749,15329.3,70.1,62.9,76.2,247735,4.3,4.3,4.4,291,2396,12.1,10.9,13.5,897,11154,8,7.6,8.6,6977,62.6,61.6,63.4
2024-07-31,"ICB","QWE","E54000031","NHS SOUTH WEST LONDON INTEGRATED CARE BOARD",10418,14357.2,72.6,65.2,78.8,227385,4.6,4.5,4.7,160,1223,13.1,11.3,15.1,1063,10794,9.8,9.3,10.4,7211,66.8,65.9,67.7
2024-07-31,"ICB","QKS","E54000032","NHS KENT AND MEDWAY INTEGRATED CARE BOARD",15396,25636.1,60.1,54.1,65.1,393942,3.9,3.8,4,260,2118,12.3,10.9,13.7,1378,15883,8.7,8.2,9.1,10329,65,64.3,65.8
2024-07-31,"ICB","QNQ","E54000034","NHS FRIMLEY INTEGRATED CARE BOARD",6066,8927.8,67.9,61.1,73.9,135565,4.5,4.4,4.6,150,966,15.5,13.4,17.9,519,6211,8.4,7.7,9.1,4040,65,63.9,66.2
2024-07-31,"ICB","QT6","E54000036","NHS CORNWALL AND THE ISLES OF SCILLY INTEGRATED CARE BOARD",5937,9838.8,60.3,54.2,65.7,153675,3.9,3.8,4,131,1056,12.4,10.6,14.5,537,6057,8.9,8.2,9.6,3451,57,55.7,58.2
2024-07-31,"ICB","QSL","E54000038","NHS SOMERSET INTEGRATED CARE BOARD",5510,9969.4,55.3,49.7,60.1,150603,3.7,3.6,3.8,42,384,10.9,8.2,14.5,442,5665,7.8,7.1,8.5,3626,64,62.7,65.2
2024-07-31,"ICB","QUY","E54000039","NHS BRISTOL, NORTH SOMERSET AND SOUTH GLOUCESTERSHIRE INTEGRATED CARE BOARD",8291,11914,69.6,62.6,75.6,178839,4.6,4.5,4.7,24,682,3.5,2.4,5.2,660,8531,7.7,7.2,8.3,5760,67.5,66.5,68.5
2024-07-31,"ICB","QOX","E54000040","NHS BATH AND NORTH EAST SOMERSET, SWINDON AND WILTSHIRE INTEGRATED CARE BOARD",8323,13699.7,60.8,54.7,66,208235,4,3.9,4.1,186,2067,9,7.8,10.3,592,8547,6.9,6.4,7.5,5494,64.3,63.3,65.3
2024-07-31,"ICB","QVV","E54000041","NHS DORSET INTEGRATED CARE BOARD",8386,14441.8,58.1,52.3,63.1,208888,4,3.9,4.1,104,2624,4,3.3,4.8,666,8605,7.7,7.2,8.3,5650,65.7,64.6,66.7
2024-07-31,"ICB","QRL","E54000042","NHS HAMPSHIRE AND ISLE OF WIGHT INTEGRATED CARE BOARD",16816,27273.5,61.7,55.6,66.9,408213,4.1,4.1,4.2,169,3214,5.3,4.5,6.1,1899,17229,11,10.6,11.5,11164,64.8,64.1,65.5
2024-07-31,"ICB","QR1","E54000043","NHS GLOUCESTERSHIRE INTEGRATED CARE BOARD",6447,9949.6,64.8,58.3,70.4,150814,4.3,4.2,4.4,134,1539,8.7,7.4,10.2,592,6614,9,8.3,9.7,4433,67,65.9,68.1
2024-07-31,"ICB","QU9","E54000044","NHS BUCKINGHAMSHIRE, OXFORDSHIRE AND BERKSHIRE WEST INTEGRATED CARE BOARD",14539,23253.8,62.5,56.3,67.9,349513,4.2,4.1,4.2,240,1664,14.4,12.8,16.2,1262,14846,8.5,8.1,9,9788,65.9,65.2,66.7
2024-07-31,"NHS_REGION","Y60","E40000011","MIDLANDS",92806,143120.7,64.8,58.4,70.3,2220612,4.2,4.2,4.2,2201,21110,10.4,10,10.8,9186,96138,9.6,9.4,9.7,61066,63.5,63.2,63.8
2024-07-31,"SUB_ICB_LOC","09D","E38000021","NHS SUSSEX ICB - 09D",1881,2880.2,65.3,58.2,71.5,44944,4.2,4,4.4,55,293,18.8,14.7,23.6,121,1937,6.2,5.3,7.4,1223,63.1,61,65.3
2024-07-31,"ICB","QYG","E54000008","NHS CHESHIRE AND MERSEYSIDE INTEGRATED CARE BOARD",23365,34535.5,67.7,60.9,73.4,546992,4.3,4.2,4.3,682,5406,12.6,11.8,13.5,2663,24107,11,10.7,11.4,15912,66,65.4,66.6
2024-07-31,"ICB","QNC","E54000010","NHS STAFFORDSHIRE AND STOKE-ON-TRENT INTEGRATED CARE BOARD",11851,16113.5,73.5,66.2,79.8,249863,4.7,4.7,4.8,283,2909,9.7,8.7,10.9,974,12158,8,7.5,8.5,7971,65.6,64.7,66.4
2024-07-31,"ICB","QOC","E54000011","NHS SHROPSHIRE, TELFORD AND WREKIN INTEGRATED CARE BOARD",4817,7863.4,61.3,55,66.7,121712,4,3.8,4.1,55,513,10.7,8.3,13.7,397,4950,8,7.3,8.8,3055,61.7,60.4,63.1
2024-07-31,"ICB","QJM","E54000013","NHS LINCOLNSHIRE INTEGRATED CARE BOARD",8446,12492.4,67.6,60.8,73.4,194412,4.3,4.3,4.4,363,2053,17.7,16.1,19.4,733,8750,8.4,7.8,9,5370,61.4,60.3,62.4
2024-07-31,"ICB","QK1","E54000015","NHS LEICESTER, LEICESTERSHIRE AND RUTLAND INTEGRATED CARE BOARD",8937,13742.8,65,58.5,70.7,217483,4.1,4,4.2,116,2542,4.6,3.8,5.4,882,9260,9.5,8.9,10.1,5984,64.6,63.6,65.6
2024-07-31,"ICB","QWU","E54000018","NHS COVENTRY AND WARWICKSHIRE INTEGRATED CARE BOARD",7181,12489.9,57.5,51.7,62.5,189988,3.8,3.7,3.9,192,1657,11.6,10.1,13.2,814,7422,11,10.3,11.7,4711,63.5,62.4,64.6
2024-07-31,"ICB","QGH","E54000019","NHS HEREFORDSHIRE AND WORCESTERSHIRE INTEGRATED CARE BOARD",7021,12893.5,54.5,49,59.2,196877,3.6,3.5,3.6,86,1310,6.6,5.3,8,789,7216,10.9,10.2,11.7,4986,69.1,68,70.2
2024-07-31,"ICB","QMM","E54000022","NHS NORFOLK AND WAVENEY INTEGRATED CARE BOARD",11126,18045.1,61.7,55.5,66.9,269782,4.1,4,4.2,324,1953,16.6,15,18.3,1334,11434,11.7,11.1,12.3,7243,63.3,62.5,64.2
2024-07-31,"ICB","QJG","E54000023","NHS SUFFOLK AND NORTH EAST ESSEX INTEGRATED CARE BOARD",9918,16396.5,60.5,54.5,65.7,245774,4,4,4.1,569,2004,28.4,26.5,30.4,1215,10212,11.9,11.3,12.5,7027,68.8,67.9,69.7
2024-07-31,"ICB","QHG","E54000024","NHS BEDFORDSHIRE, LUTON AND MILTON KEYNES INTEGRATED CARE BOARD",7209,10492.7,68.7,61.7,74.8,168748,4.3,4.2,4.4,230,1747,13.2,11.7,14.8,723,7508,9.6,9,10.3,4734,63.1,62,64.1
2024-07-31,"ICB","QM7","E54000025","NHS HERTFORDSHIRE AND WEST ESSEX INTEGRATED CARE BOARD",12459,19277.7,64.6,58.2,70.2,284953,4.4,4.3,4.4,208,1761,11.8,10.4,13.4,1078,12815,8.4,7.9,8.9,8087,63.1,62.3,63.9
2024-07-31,"ICB","QH8","E54000026","NHS MID AND SOUTH ESSEX INTEGRATED CARE BOARD",10851,16265.8,66.7,60,72.5,245721,4.4,4.3,4.5,316,2227,14.2,12.8,15.7,1054,11186,9.4,8.9,10,7534,67.4,66.5,68.2
2024-07-31,"ICB","QRV","E54000027","NHS NORTH WEST LONDON INTEGRATED CARE BOARD",12747,19543.8,65.2,58.5,70.9,320616,4,3.9,4,443,4681,9.5,8.7,10.3,1108,13278,8.3,7.9,8.8,8629,65,64.2,65.8
2024-07-31,"ICB","QJK","E54000037","NHS DEVON INTEGRATED CARE BOARD",11954,20418.3,58.5,52.7,63.5,307432,3.9,3.8,4,343,2205,15.6,14.1,17.1,1061,12225,8.7,8.2,9.2,7902,64.6,63.8,65.5
2024-07-31,"ICB","QNX","E54000064","NHS SUSSEX ICB",17624,28048.4,62.8,56.7,68.1,409133,4.3,4.2,4.4,244,3606,6.8,6,7.6,1521,18028,8.4,8,8.9,11788,65.4,64.7,66.1
2024-07-31,"NHS_REGION","Y56","E40000003","LONDON",50980,75762.7,67.3,60.5,73.1,1231897,4.1,4.1,4.2,1211,11577,10.5,9.9,11,4620,52921,8.7,8.5,9,34463,65.1,64.7,65.5
2024-07-31,"COUNTRY","ENG","E92000001","ENGLAND",474876,728442.5,65.2,58.8,70.6,11292201,4.2,4.2,4.2,11765,102260,11.5,11.3,11.7,43461,490163,8.9,8.8,8.9,320180,65.3,65.2,65.5
2024-07-31,"SUB_ICB_LOC","14L","E38000217","NHS GREATER MANCHESTER ICB - 14L",2794,3791.2,73.7,65.5,80.5,67503,4.1,4,4.3,33,958,3.4,2.5,4.8,226,2926,7.7,6.8,8.7,1948,66.6,64.8,68.3
2024-07-31,"SUB_ICB_LOC","15A","E38000221","NHS BUCKINGHAMSHIRE, OXFORDSHIRE AND BERKSHIRE WEST ICB - 15A",3957,6073.8,65.1,58.4,70.9,93845,4.2,4.1,4.3,110,474,23.2,19.6,27.2,346,4054,8.5,7.7,9.4,2735,67.5,66,68.9
2024-07-31,"SUB_ICB_LOC","15C","E38000222","NHS BRISTOL, NORTH SOMERSET AND SOUTH GLOUCESTERSHIRE ICB - 15C",8291,11914,69.6,62.6,75.6,178839,4.6,4.5,4.7,24,682,3.5,2.4,5.2,660,8531,7.7,7.2,8.3,5760,67.5,66.5,68.5
2024-07-31,"SUB_ICB_LOC","12F","E38000208","NHS CHESHIRE AND MERSEYSIDE ICB - 12F",3274,4877.4,67.1,60.1,73.2,75734,4.3,4.2,4.5,30,222,13.5,9.6,18.6,476,3385,14.1,12.9,15.3,2391,70.6,69.1,72.1
2024-07-31,"SUB_ICB_LOC","02H","E38000205","NHS GREATER MANCHESTER ICB - 02H",3018,4044.7,74.6,66.6,81.5,66764,4.5,4.4,4.7,87,1579,5.5,4.5,6.7,156,3098,5,4.3,5.9,2125,68.6,66.9,70.2
2024-07-31,"SUB_ICB_LOC","13T","E38000212","NHS NORTH EAST AND NORTH CUMBRIA ICB - 13T",4103,5599.1,73.3,65.6,79.8,87789,4.7,4.5,4.8,76,1181,6.4,5.2,8,363,4251,8.5,7.7,9.4,2813,66.2,64.7,67.6
2024-07-31,"SUB_ICB_LOC","01H","E38000215","NHS NORTH EAST AND NORTH CUMBRIA ICB - 01H",2939,5117.6,57.4,51.4,62.7,81164,3.6,3.5,3.8,148,395,37.5,32.8,42.3,270,3039,8.9,7.9,9.9,1984,65.3,63.6,67
2024-07-31,"SUB_ICB_LOC","14Y","E38000223","NHS BUCKINGHAMSHIRE, OXFORDSHIRE AND BERKSHIRE WEST ICB - 14Y",4515,7587.5,59.5,53.5,64.8,112654,4,3.9,4.1,78,668,11.7,9.5,14.3,364,4599,7.9,7.2,8.7,3046,66.2,64.9,67.6
2024-07-31,"SUB_ICB_LOC","15F","E38000225","NHS WEST YORKSHIRE ICB - 15F",6552,8939.6,73.3,65.8,79.7,139159,4.7,4.6,4.8,371,1541,24.1,22,26.3,401,6745,5.9,5.4,6.5,4850,71.9,70.8,73
2024-07-31,"SUB_ICB_LOC","02M","E38000226","NHS LANCASHIRE AND SOUTH CUMBRIA ICB - 02M",2304,3534.6,65.2,58.3,71.2,53153,4.3,4.2,4.5,10,322,3.1,1.7,5.6,124,2369,5.2,4.4,6.2,1537,64.9,62.9,66.8
2024-07-31,"SUB_ICB_LOC","01E","E38000227","NHS LANCASHIRE AND SOUTH CUMBRIA ICB - 01E",1748,2343.8,74.6,66.3,81.7,37359,4.7,4.5,4.9,21,399,5.3,3.5,7.9,133,1799,7.4,6.3,8.7,1312,72.9,70.8,74.9
2024-07-31,"SUB_ICB_LOC","01K","E38000228","NHS LANCASHIRE AND SOUTH CUMBRIA ICB - 01K",3731,5302.9,70.4,63.1,76.6,81829,4.6,4.4,4.7,41,436,9.4,7,12.5,275,3853,7.1,6.4,8,2405,62.4,60.9,63.9
2024-07-31,"SUB_ICB_LOC","15N","E38000230","NHS DEVON ICB - 15N",11954,20418.3,58.5,52.7,63.5,307432,3.9,3.8,4,343,2205,15.6,14.1,17.1,1061,12225,8.7,8.2,9.2,7902,64.6,63.8,65.5
2024-07-31,"SUB_ICB_LOC","92G","E38000231","NHS BATH AND NORTH EAST SOMERSET, SWINDON AND WILTSHIRE ICB - 92G",8323,13699.7,60.8,54.7,66,208235,4,3.9,4.1,186,2067,9,7.8,10.3,592,8547,6.9,6.4,7.5,5494,64.3,63.3,65.3
2024-07-31,"SUB_ICB_LOC","36J","E38000232","NHS WEST YORKSHIRE ICB - 36J",4821,6630.3,72.7,65.2,79.1,105320,4.6,4.5,4.7,217,1280,17,15,19.1,725,4996,14.5,13.6,15.5,3382,67.7,66.4,69
2024-07-31,"SUB_ICB_LOC","27D","E38000233","NHS CHESHIRE AND MERSEYSIDE ICB - 27D",7867,11668,67.4,60.6,73.3,177961,4.4,4.3,4.5,136,976,13.9,11.9,16.2,860,8082,10.6,10,11.3,5249,64.9,63.9,66
2024-07-31,"SUB_ICB_LOC","84H","E38000234","NHS NORTH EAST AND NORTH CUMBRIA ICB - 84H",5247,7359.2,71.3,63.9,77.6,121215,4.3,4.2,4.4,187,1070,17.5,15.3,19.9,346,5474,6.3,5.7,7,3422,62.5,61.2,63.8
2024-07-31,"SUB_ICB_LOC","97R","E38000235","NHS SUSSEX ICB - 97R",6390,10204,62.6,56.4,68.1,148873,4.3,4.2,4.4,83,1565,5.3,4.3,6.5,695,6540,10.6,9.9,11.4,4298,65.7,64.6,66.9
2024-07-31,"SUB_ICB_LOC","18C","E38000236","NHS HEREFORDSHIRE AND WORCESTERSHIRE ICB - 18C",7021,12893.5,54.5,49,59.2,196877,3.6,3.5,3.6,86,1310,6.6,5.3,8,789,7216,10.9,10.2,11.7,4986,69.1,68,70.2
2024-07-31,"SUB_ICB_LOC","91Q","E38000237","NHS KENT AND MEDWAY ICB - 91Q",15396,25636.1,60.1,54.1,65.1,393942,3.9,3.8,4,260,2118,12.3,10.9,13.7,1378,15883,8.7,8.2,9.1,10329,65,64.3,65.8
2024-07-31,"SUB_ICB_LOC","71E","E38000238","NHS LINCOLNSHIRE ICB - 71E",8446,12492.4,67.6,60.8,73.4,194412,4.3,4.3,4.4,363,2053,17.7,16.1,19.4,733,8750,8.4,7.8,9,5370,61.4,60.3,62.4
2024-07-31,"SUB_ICB_LOC","26A","E38000239","NHS NORFOLK AND WAVENEY ICB - 26A",11126,18045.1,61.7,55.5,66.9,269782,4.1,4,4.2,324,1953,16.6,15,18.3,1334,11434,11.7,11.1,12.3,7243,63.3,62.5,64.2
2024-07-31,"SUB_ICB_LOC","93C","E38000240","NHS NORTH CENTRAL LONDON ICB - 93C",8786,13043.8,67.4,60.4,73.2,208855,4.2,4.1,4.3,99,1065,9.3,7.7,11.2,777,9038,8.6,8,9.2,5739,63.5,62.5,64.5
2024-07-31,"SUB_ICB_LOC","70F","E38000265","NHS SUSSEX ICB - 70F",9353,14964.3,62.5,56.3,67.9,215316,4.3,4.3,4.4,106,1748,6.1,5,7.3,705,9551,7.4,6.9,7.9,6267,65.6,64.7,66.6
2024-07-31,"SUB_ICB_LOC","42D","E38000241","NHS HUMBER AND NORTH YORKSHIRE ICB - 42D",5522,9392.6,58.8,52.8,63.9,144531,3.8,3.7,3.9,197,1554,12.7,11.1,14.4,313,5646,5.5,5,6.2,3782,67,65.7,68.2
2024-07-31,"SUB_ICB_LOC","52R","E38000243","NHS NOTTINGHAM AND NOTTINGHAMSHIRE ICB - 52R",9008,12886.9,69.9,62.9,75.9,200724,4.5,4.4,4.6,107,1803,5.9,4.9,7.1,870,9428,9.2,8.7,9.8,6380,67.7,66.7,68.6
2024-07-31,"SUB_ICB_LOC","72Q","E38000244","NHS SOUTH EAST LONDON ICB - 72Q",10749,15329.3,70.1,62.9,76.2,247735,4.3,4.3,4.4,291,2396,12.1,10.9,13.5,897,11154,8,7.6,8.6,6977,62.6,61.6,63.4
2024-07-31,"SUB_ICB_LOC","36L","E38000245","NHS SOUTH WEST LONDON ICB - 36L",10418,14357.2,72.6,65.2,78.8,227385,4.6,4.5,4.7,160,1223,13.1,11.3,15.1,1063,10794,9.8,9.3,10.4,7211,66.8,65.9,67.7
2024-07-31,"SUB_ICB_LOC","16C","E38000247","NHS NORTH EAST AND NORTH CUMBRIA ICB - 16C",6279,8665.2,72.5,65,78.8,140892,4.5,4.4,4.6,338,1339,25.2,23,27.6,394,6516,6,5.5,6.7,4399,67.5,66.4,68.6
2024-07-31,"SUB_ICB_LOC","M1J4Y","E38000249","NHS BEDFORDSHIRE, LUTON AND MILTON KEYNES ICB - M1J4Y",7209,10492.7,68.7,61.7,74.8,168748,4.3,4.2,4.4,230,1747,13.2,11.7,14.8,723,7508,9.6,9,10.3,4734,63.1,62,64.1
2024-07-31,"SUB_ICB_LOC","B2M3M","E38000251","NHS COVENTRY AND WARWICKSHIRE ICB - B2M3M",7181,12489.9,57.5,51.7,62.5,189988,3.8,3.7,3.9,192,1657,11.6,10.1,13.2,814,7422,11,10.3,11.7,4711,63.5,62.4,64.6
2024-07-31,"SUB_ICB_LOC","D4U1Y","E38000252","NHS FRIMLEY ICB - D4U1Y",6066,8927.8,67.9,61.1,73.9,135565,4.5,4.4,4.6,150,966,15.5,13.4,17.9,519,6211,8.4,7.7,9.1,4040,65,63.9,66.2
2024-07-31,"SUB_ICB_LOC","D9Y0V","E38000253","NHS HAMPSHIRE AND ISLE OF WIGHT ICB - D9Y0V",15295,25062.8,61,55,66.2,373344,4.1,4,4.2,166,2736,6.1,5.2,7,1727,15663,11,10.5,11.5,10226,65.3,64.5,66
2024-07-31,"SUB_ICB_LOC","X2C4Y","E38000254","NHS WEST YORKSHIRE ICB - X2C4Y",3191,4981.6,64.1,57.2,69.9,79815,4,3.9,4.1,146,1371,10.6,9.1,12.4,291,3334,8.7,7.8,9.7,2243,67.3,65.7,68.8
2024-07-31,"SUB_ICB_LOC","A3A8R","E38000255","NHS NORTH EAST LONDON ICB - A3A8R",8280,13488.5,61.4,55,66.8,227306,3.6,3.6,3.7,218,2212,9.9,8.7,11.2,775,8657,9,8.4,9.6,5907,68.2,67.2,69.2
2024-07-31,"SUB_ICB_LOC","W2U3Z","E38000256","NHS NORTH WEST LONDON ICB - W2U3Z",12747,19543.8,65.2,58.5,70.9,320616,4,3.9,4,443,4681,9.5,8.7,10.3,1108,13278,8.3,7.9,8.8,8629,65,64.2,65.8
2024-07-31,"SUB_ICB_LOC","M2L0M","E38000257","NHS SHROPSHIRE, TELFORD AND WREKIN ICB - M2L0M",4817,7863.4,61.3,55,66.7,121712,4,3.8,4.1,55,513,10.7,8.3,13.7,397,4950,8,7.3,8.8,3055,61.7,60.4,63.1
2024-07-31,"SUB_ICB_LOC","15E","E38000258","NHS BIRMINGHAM AND SOLIHULL ICB - 15E",8855,14542.6,60.9,54.8,66.2,222186,4,3.9,4.1,198,1810,10.9,9.6,12.5,955,9191,10.4,9.8,11,6178,67.2,66.3,68.2
2024-07-31,"SUB_ICB_LOC","D2P2L","E38000259","NHS BLACK COUNTRY ICB - D2P2L",9371,14495.1,64.6,58.2,70.1,221402,4.2,4.1,4.3,201,2826,7.1,6.2,8.1,1030,9753,10.6,10,11.2,5004,51.3,50.3,52.3
2024-07-31,"SUB_ICB_LOC","06H","E38000260","NHS CAMBRIDGESHIRE AND PETERBOROUGH ICB - 06H",6722,11103.3,60.5,54.4,65.8,170824,3.9,3.8,4,173,1232,14,12.2,16.1,639,6939,9.2,8.6,9.9,4603,66.3,65.2,67.4
2024-07-31,"SUB_ICB_LOC","15M","E38000261","NHS DERBY AND DERBYSHIRE ICB - 15M",10157,14879.5,68.3,61.4,74.1,234440,4.3,4.3,4.4,426,1639,26,23.9,28.2,1023,10642,9.6,9.1,10.2,6769,63.6,62.7,64.5
2024-07-31,"SUB_ICB_LOC","78H","E38000262","NHS NORTHAMPTONSHIRE ICB - 78H",5813,8961.2,64.9,58.2,70.5,143693,4,3.9,4.1,126,1748,7.2,6.1,8.5,588,5972,9.8,9.1,10.6,3724,62.4,61.1,63.6
2024-07-31,"SUB_ICB_LOC","01Y","E38000263","NHS GREATER MANCHESTER ICB - 01Y",1699,2352.9,72.2,64.1,79.2,39281,4.3,4.1,4.5,45,252,17.9,13.6,23.1,162,1767,9.2,7.9,10.6,1414,80,78.1,81.8
2024-07-31,"SUB_ICB_LOC","92A","E38000264","NHS SURREY HEARTLANDS ICB - 92A",10064,15025.2,67,60.3,72.8,214730,4.7,4.6,4.8,67,787,8.5,6.8,10.7,992,10251,9.7,9.1,10.3,6777,66.1,65.2,67
2024-07-31,"SUB_ICB_LOC","06Q","E38000106","NHS MID AND SOUTH ESSEX ICB - 06Q",3523,5652,62.3,55.8,68,86073,4.1,4,4.2,75,690,10.9,8.8,13.4,400,3621,11,10.1,12.1,2360,65.2,63.6,66.7
2024-07-31,"SUB_ICB_LOC","06T","E38000117","NHS SUFFOLK AND NORTH EAST ESSEX ICB - 06T",3837,5638.2,68.1,61,74.1,84113,4.6,4.4,4.7,81,671,12.1,9.8,14.8,628,3989,15.7,14.6,16.9,2781,69.7,68.3,71.1
2024-07-31,"SUB_ICB_LOC","03H","E38000119","NHS HUMBER AND NORTH YORKSHIRE ICB - 03H",1536,2315.2,66.3,59,72.7,36422,4.2,4,4.4,108,494,21.9,18.4,25.7,138,1634,8.4,7.2,9.9,956,58.5,56.1,60.9
2024-07-31,"SUB_ICB_LOC","03K","E38000122","NHS HUMBER AND NORTH YORKSHIRE ICB - 03K",1469,2553.6,57.5,51.1,63.1,40762,3.6,3.4,3.8,73,686,10.6,8.5,13.2,111,1570,7.1,5.9,8.4,870,55.4,52.9,57.9
2024-07-31,"SUB_ICB_LOC","05G","E38000126","NHS STAFFORDSHIRE AND STOKE-ON-TRENT ICB - 05G",2603,3509.3,74.2,66.3,81,53684,4.8,4.7,5,53,849,6.2,4.8,8.1,296,2648,11.2,10,12.4,1692,63.9,62,65.7
2024-07-31,"SUB_ICB_LOC","99C","E38000127","NHS NORTH EAST AND NORTH CUMBRIA ICB - 99C",2078,2966.1,70.1,62.4,76.6,47634,4.4,4.2,4.5,33,776,4.3,3,5.9,168,2141,7.8,6.8,9.1,1327,62,59.9,64
2024-07-31,"SUB_ICB_LOC","00L","E38000130","NHS NORTH EAST AND NORTH CUMBRIA ICB - 00L",3517,5518.8,63.7,57,69.5,89357,3.9,3.8,4.1,83,887,9.4,7.6,11.5,220,3621,6.1,5.3,6.9,2455,67.8,66.3,69.3
2024-07-31,"SUB_ICB_LOC","00Y","E38000135","NHS GREATER MANCHESTER ICB - 00Y",1895,2533.8,74.8,66.6,81.9,41463,4.6,4.4,4.8,63,800,7.9,6.2,9.9,138,1978,7,5.9,8.2,1332,67.3,65.2,69.4
2024-07-31,"SUB_ICB_LOC","10Q","E38000136","NHS BUCKINGHAMSHIRE, OXFORDSHIRE AND BERKSHIRE WEST ICB - 10Q",6067,9592.6,63.2,56.9,68.7,143014,4.2,4.1,4.3,52,522,10,7.7,12.8,552,6193,8.9,8.2,9.6,4007,64.7,63.5,65.9
2024-07-31,"SUB_ICB_LOC","10R","E38000137","NHS HAMPSHIRE AND ISLE OF WIGHT ICB - 10R",1521,2210.7,68.8,61.1,75.5,34869,4.4,4.2,4.6,3,478,0.6,0.2,1.8,172,1566,11,9.5,12.6,938,59.9,57.4,62.3
2024-07-31,"SUB_ICB_LOC","03L","E38000141","NHS SOUTH YORKSHIRE ICB - 03L",2917,3255.6,89.6,80.1,97.8,52070,5.6,5.4,5.8,104,732,14.2,11.9,16.9,197,3033,6.5,5.7,7.4,2114,69.7,68,71.3
2024-07-31,"SUB_ICB_LOC","01G","E38000143","NHS GREATER MANCHESTER ICB - 01G",1959,2395.6,81.8,72.8,89.4,39615,4.9,4.7,5.2,58,319,18.2,14.3,22.8,140,2029,6.9,5.9,8.1,1465,72.2,70.2,74.1
2024-07-31,"SUB_ICB_LOC","03N","E38000146","NHS SOUTH YORKSHIRE ICB - 03N",4487,6346.8,70.7,63.5,76.9,97275,4.6,4.5,4.7,90,832,10.8,8.9,13.1,469,4663,10.1,9.2,11,3167,67.9,66.6,69.2
2024-07-31,"SUB_ICB_LOC","11X","E38000150","NHS SOMERSET ICB - 11X",5510,9969.4,55.3,49.7,60.1,150603,3.7,3.6,3.8,42,384,10.9,8.2,14.5,442,5665,7.8,7.1,8.5,3626,64,62.7,65.2
2024-07-31,"SUB_ICB_LOC","05Q","E38000153","NHS STAFFORDSHIRE AND STOKE-ON-TRENT ICB - 05Q",2124,3197.9,66.4,59.3,72.6,49365,4.3,4.1,4.5,56,317,17.7,13.9,22.2,118,2188,5.4,4.5,6.4,1489,68.1,66.1,70
2024-07-31,"SUB_ICB_LOC","01T","E38000161","NHS CHESHIRE AND MERSEYSIDE ICB - 01T",1224,2037.3,60.1,53.2,66.1,32459,3.8,3.6,4,68,645,10.5,8.4,13.2,99,1245,8,6.6,9.6,768,61.7,59,64.3
2024-07-31,"SUB_ICB_LOC","00N","E38000163","NHS NORTH EAST AND NORTH CUMBRIA ICB - 00N",1478,2046.2,72.2,64.1,79.3,33181,4.5,4.2,4.7,38,362,10.5,7.7,14.1,107,1527,7,5.8,8.4,994,65.1,62.7,67.4
2024-07-31,"SUB_ICB_LOC","99G","E38000168","NHS MID AND SOUTH ESSEX ICB - 99G",2095,2468.4,84.9,75.8,92.8,36624,5.7,5.5,6,51,230,22.2,17.3,28,174,2167,8,7,9.2,1564,72.2,70.2,74
2024-07-31,"SUB_ICB_LOC","01V","E38000170","NHS CHESHIRE AND MERSEYSIDE ICB - 01V",1796,2414.5,74.4,66.4,81.4,34454,5.2,5,5.5,113,861,13.1,11,15.5,205,1842,11.1,9.8,12.6,1196,64.9,62.7,67.1
2024-07-31,"SUB_ICB_LOC","01X","E38000172","NHS CHESHIRE AND MERSEYSIDE ICB - 01X",1814,2616.1,69.3,61.7,75.9,41638,4.4,4.2,4.6,49,426,11.5,8.8,14.9,143,1881,7.6,6.5,8.9,1262,67.1,64.9,69.2
2024-07-31,"SUB_ICB_LOC","05V","E38000173","NHS STAFFORDSHIRE AND STOKE-ON-TRENT ICB - 05V",1461,2375.6,61.5,54.7,67.5,36126,4,3.8,4.3,45,363,12.4,9.4,16.2,83,1494,5.6,4.5,6.8,926,62,59.5,64.4
2024-07-31,"SUB_ICB_LOC","01W","E38000174","NHS GREATER MANCHESTER ICB - 01W",3201,4239,75.5,67.7,82.3,63625,5,4.9,5.2,22,395,5.6,3.7,8.3,218,3288,6.6,5.8,7.5,2319,70.5,68.9,72.1
2024-07-31,"SUB_ICB_LOC","05W","E38000175","NHS STAFFORDSHIRE AND STOKE-ON-TRENT ICB - 05W",3047,3247.8,93.8,83.9,102.3,51421,5.9,5.7,6.1,29,996,2.9,2,4.2,269,3131,8.6,7.7,9.6,2018,64.5,62.8,66.1
2024-07-31,"SUB_ICB_LOC","00P","E38000176","NHS NORTH EAST AND NORTH CUMBRIA ICB - 00P",2379,3645.1,65.3,58.2,71.3,59231,4,3.9,4.2,75,452,16.6,13.4,20.3,241,2458,9.8,8.7,11,1620,65.9,64,67.8
2024-07-31,"SUB_ICB_LOC","07G","E38000185","NHS MID AND SOUTH ESSEX ICB - 07G",1048,1598.1,65.6,57.9,72.3,25953,4,3.8,4.3,35,372,9.4,6.8,12.8,113,1086,10.4,8.7,12.4,791,72.8,70.1,75.4
2024-07-31,"SUB_ICB_LOC","02A","E38000187","NHS GREATER MANCHESTER ICB - 02A",1886,2896,65.1,58.1,71.3,43835,4.3,4.1,4.5,67,321,20.9,16.8,25.6,107,1938,5.5,4.6,6.6,1268,65.4,63.3,67.5
2024-07-31,"SUB_ICB_LOC","03Q","E38000188","NHS HUMBER AND NORTH YORKSHIRE ICB - 03Q",1723,3265.6,52.8,47,57.8,48781,3.5,3.4,3.7,42,829,5.1,3.8,6.8,87,1773,4.9,4,6,1208,68.1,65.9,70.3
2024-07-31,"SUB_ICB_LOC","03R","E38000190","NHS WEST YORKSHIRE ICB - 03R",2909,4474,65,58.1,71,73035,4,3.8,4.1,225,1015,22.2,19.7,24.8,297,3046,9.8,8.7,10.9,2157,70.8,69.2,72.4
2024-07-31,"SUB_ICB_LOC","02E","E38000194","NHS CHESHIRE AND MERSEYSIDE ICB - 02E",2009,2758,72.8,65,79.6,43607,4.6,4.4,4.8,58,816,7.1,5.5,9.1,259,2068,12.5,11.2,14,1287,62.2,60.1,64.3
2024-07-31,"SUB_ICB_LOC","07H","E38000197","NHS HERTFORDSHIRE AND WEST ESSEX ICB - 07H",2950,4090.8,72.1,64.6,78.6,60889,4.8,4.7,5,22,450,4.9,3.3,7.3,231,3033,7.6,6.7,8.6,1865,61.5,59.7,63.2
2024-07-31,"SUB_ICB_LOC","02G","E38000200","NHS LANCASHIRE AND SOUTH CUMBRIA ICB - 02G",1182,1697.2,69.6,61.7,76.7,26283,4.5,4.3,4.8,17,188,9,5.7,14,84,1211,6.9,5.6,8.5,738,60.9,58.2,63.7
2024-07-31,"SUB_ICB_LOC","04V","E38000201","NHS LEICESTER, LEICESTERSHIRE AND RUTLAND ICB - 04V",3269,5271,62,55.5,67.7,83852,3.9,3.8,4,76,673,11.3,9.1,13.9,283,3356,8.4,7.5,9.4,2131,63.5,61.9,65.1
2024-07-31,"SUB_ICB_LOC","07K","E38000204","NHS SUFFOLK AND NORTH EAST ESSEX ICB - 07K",2366,4362.6,54.2,48.5,59.3,65733,3.6,3.5,3.7,120,352,34.1,29.3,39.2,259,2411,10.7,9.6,12,1545,64.1,62.1,66
2024-08-31,"SUB_ICB_LOC","01E","E38000227","NHS LANCASHIRE AND SOUTH CUMBRIA ICB - 01E",1769,2351.5,75.2,66.9,82.4,37477,4.7,4.5,4.9,30,504,6,4.2,8.4,140,1819,7.7,6.6,9,1319,72.5,70.4,74.5
2024-08-31,"SUB_ICB_LOC","01K","E38000228","NHS LANCASHIRE AND SOUTH CUMBRIA ICB - 01K",3757,5318.5,70.6,63.3,77,81959,4.6,4.4,4.7,44,516,8.5,6.4,11.3,270,3881,7,6.2,7.8,2455,63.3,61.7,64.8
2024-08-31,"SUB_ICB_LOC","92G","E38000231","NHS BATH AND NORTH EAST SOMERSET, SWINDON AND WILTSHIRE ICB - 92G",8392,13742.1,61.1,54.9,66.4,208698,4,3.9,4.1,240,2510,9.6,8.5,10.8,609,8620,7.1,6.5,7.6,5454,63.3,62.2,64.3
2024-08-31,"SUB_ICB_LOC","36J","E38000232","NHS WEST YORKSHIRE ICB - 36J",4834,6645.7,72.7,65.2,79.2,105532,4.6,4.5,4.7,281,1582,17.8,16,19.7,722,5007,14.4,13.5,15.4,3273,65.4,64,66.7
2024-08-31,"SUB_ICB_LOC","27D","E38000233","NHS CHESHIRE AND MERSEYSIDE ICB - 27D",7881,11704,67.3,60.6,73.2,178332,4.4,4.3,4.5,168,1225,13.7,11.9,15.8,851,8100,10.5,9.9,11.2,5050,62.3,61.3,63.4
2024-08-31,"SUB_ICB_LOC","84H","E38000234","NHS NORTH EAST AND NORTH CUMBRIA ICB - 84H",5256,7383.9,71.2,63.7,77.5,121450,4.3,4.2,4.4,245,1305,18.8,16.7,21,354,5483,6.5,5.8,7.1,3383,61.7,60.4,63
2024-08-31,"SUB_ICB_LOC","18C","E38000236","NHS HEREFORDSHIRE AND WORCESTERSHIRE ICB - 18C",7055,12934.3,54.5,49.1,59.3,197235,3.6,3.5,3.7,116,1615,7.2,6,8.5,779,7255,10.7,10,11.5,4981,68.7,67.6,69.7
2024-08-31,"SUB_ICB_LOC","91Q","E38000237","NHS KENT AND MEDWAY ICB - 91Q",15532,25723.7,60.4,54.4,65.6,394685,3.9,3.9,4,320,2584,12.4,11.2,13.7,1394,16029,8.7,8.3,9.1,10147,63.3,62.6,64
2024-08-31,"SUB_ICB_LOC","71E","E38000238","NHS LINCOLNSHIRE ICB - 71E",8504,12533.9,67.8,61,73.7,194764,4.4,4.3,4.5,459,2582,17.8,16.4,19.3,730,8813,8.3,7.7,8.9,5315,60.3,59.3,61.3
2024-08-31,"SUB_ICB_LOC","26A","E38000239","NHS NORFOLK AND WAVENEY ICB - 26A",11187,18086.1,61.9,55.7,67.1,270153,4.1,4.1,4.2,410,2412,17,15.6,18.5,1334,11495,11.6,11,12.2,7070,61.5,60.6,62.4
2024-08-31,"SUB_ICB_LOC","93C","E38000240","NHS NORTH CENTRAL LONDON ICB - 93C",8799,13080.7,67.3,60.3,73.1,209445,4.2,4.1,4.3,136,1283,10.6,9,12.4,755,9055,8.3,7.8,8.9,5512,60.9,59.9,61.9
2024-08-31,"SUB_ICB_LOC","42D","E38000241","NHS HUMBER AND NORTH YORKSHIRE ICB - 42D",5537,9418.7,58.8,52.8,63.9,144794,3.8,3.7,3.9,269,1895,14.2,12.7,15.8,291,5662,5.1,4.6,5.7,3704,65.4,64.2,66.6
2024-08-31,"SUB_ICB_LOC","52R","E38000243","NHS NOTTINGHAM AND NOTTINGHAMSHIRE ICB - 52R",9055,12931.3,70,62.9,76,201136,4.5,4.4,4.6,136,2143,6.3,5.4,7.5,881,9469,9.3,8.7,9.9,6286,66.4,65.4,67.3
2024-08-31,"SUB_ICB_LOC","72Q","E38000244","NHS SOUTH EAST LONDON ICB - 72Q",10821,15370.7,70.4,63.2,76.5,248341,4.4,4.3,4.4,373,3050,12.2,11.1,13.4,910,11227,8.1,7.6,8.6,6807,60.6,59.7,61.5
2024-08-31,"SUB_ICB_LOC","36L","E38000245","NHS SOUTH WEST LONDON ICB - 36L",10480,14413.1,72.7,65.4,79,228022,4.6,4.5,4.7,215,1541,14,12.3,15.8,1073,10856,9.9,9.3,10.5,7124,65.6,64.7,66.5
2024-08-31,"SUB_ICB_LOC","16C","E38000247","NHS NORTH EAST AND NORTH CUMBRIA ICB - 16C",6300,8692.8,72.5,65,78.8,141224,4.5,4.4,4.6,408,1633,25,22.9,27.1,383,6544,5.9,5.3,6.4,4336,66.3,65.1,67.4
2024-08-31,"SUB_ICB_LOC","M1J4Y","E38000249","NHS BEDFORDSHIRE, LUTON AND MILTON KEYNES ICB - M1J4Y",7280,10524.7,69.2,62.1,75.2,169131,4.3,4.2,4.4,296,2134,13.9,12.5,15.4,711,7570,9.4,8.8,10.1,4621,61,59.9,62.1
2024-08-31,"SUB_ICB_LOC","B2M3M","E38000251","NHS COVENTRY AND WARWICKSHIRE ICB - B2M3M",7207,12537,57.5,51.8,62.5,190402,3.8,3.7,3.9,245,2078,11.8,10.5,13.2,835,7444,11.2,10.5,12,4559,61.2,60.1,62.3
2024-08-31,"SUB_ICB_LOC","D4U1Y","E38000252","NHS FRIMLEY ICB - D4U1Y",6110,8953.4,68.2,61.3,74.2,135792,4.5,4.4,4.6,191,1140,16.8,14.7,19,534,6255,8.5,7.9,9.3,3973,63.5,62.3,64.7
2024-08-31,"SUB_ICB_LOC","D9Y0V","E38000253","NHS HAMPSHIRE AND ISLE OF WIGHT ICB - D9Y0V",15404,25146.7,61.3,55.2,66.4,374013,4.1,4.1,4.2,225,3353,6.7,5.9,7.6,1722,15778,10.9,10.4,11.4,9952,63.1,62.3,63.8
2024-08-31,"SUB_ICB_LOC","X2C4Y","E38000254","NHS WEST YORKSHIRE ICB - X2C4Y",3177,4992.5,63.6,56.9,69.4,79930,4,3.8,4.1,187,1659,11.3,9.8,12.9,288,3319,8.7,7.8,9.7,2155,64.9,63.3,66.5
2024-08-31,"SUB_ICB_LOC","A3A8R","E38000255","NHS NORTH EAST LONDON ICB - A3A8R",8340,13558,61.5,55.1,66.9,228649,3.6,3.6,3.7,264,2798,9.4,8.4,10.6,777,8721,8.9,8.3,9.5,5847,67,66.1,68
2024-08-31,"SUB_ICB_LOC","W2U3Z","E38000256","NHS NORTH WEST LONDON ICB - W2U3Z",12852,19625.6,65.5,58.8,71.1,322039,4,3.9,4.1,570,5687,10,9.3,10.8,1148,13376,8.6,8.1,9.1,8427,63,62.2,63.8
2024-08-31,"SUB_ICB_LOC","M2L0M","E38000257","NHS SHROPSHIRE, TELFORD AND WREKIN ICB - M2L0M",4842,7893.9,61.3,55.1,66.8,121965,4,3.9,4.1,71,628,11.3,9.1,14,401,4979,8.1,7.3,8.8,3013,60.5,59.1,61.9
2024-08-31,"SUB_ICB_LOC","15E","E38000258","NHS BIRMINGHAM AND SOLIHULL ICB - 15E",8975,14587.2,61.5,55.3,66.8,222788,4,3.9,4.1,257,2252,11.4,10.2,12.8,984,9316,10.6,10,11.2,6095,65.4,64.5,66.4
2024-08-31,"SUB_ICB_LOC","D2P2L","E38000259","NHS BLACK COUNTRY ICB - D2P2L",9471,14533.1,65.2,58.7,70.8,221694,4.3,4.2,4.4,250,3437,7.3,6.5,8.2,1042,9856,10.6,10,11.2,4845,49.2,48.2,50.1
2024-08-31,"SUB_ICB_LOC","06H","E38000260","NHS CAMBRIDGESHIRE AND PETERBOROUGH ICB - 06H",6741,11130.6,60.6,54.4,65.8,171157,3.9,3.8,4,211,1474,14.3,12.6,16.2,649,6952,9.3,8.7,10,4495,64.7,63.5,65.8
2024-08-31,"SUB_ICB_LOC","15M","E38000261","NHS DERBY AND DERBYSHIRE ICB - 15M",10220,14921.7,68.5,61.6,74.4,234805,4.4,4.3,4.4,555,2011,27.6,25.7,29.6,1019,10711,9.5,9,10.1,6603,61.6,60.7,62.6
2024-08-31,"SUB_ICB_LOC","78H","E38000262","NHS NORTHAMPTONSHIRE ICB - 78H",5875,9036.6,65,58.3,70.7,144855,4.1,4,4.2,154,2120,7.3,6.2,8.4,599,6034,9.9,9.2,10.7,3706,61.4,60.2,62.6
2024-08-31,"SUB_ICB_LOC","01Y","E38000263","NHS GREATER MANCHESTER ICB - 01Y",1711,2358.3,72.6,64.5,79.6,39329,4.4,4.2,4.6,60,312,19.2,15.2,24,162,1775,9.1,7.9,10.6,1424,80.2,78.3,82
2024-08-31,"SUB_ICB_LOC","92A","E38000264","NHS SURREY HEARTLANDS ICB - 92A",10161,15073.9,67.4,60.8,73.2,215171,4.7,4.6,4.8,90,999,9,7.4,10.9,991,10348,9.6,9,10.2,6705,64.8,63.9,65.7
2024-08-31,"ICB","QYG","E54000008","NHS CHESHIRE AND MERSEYSIDE INTEGRATED CARE BOARD",23396,34626.3,67.6,60.8,73.3,548056,4.3,4.2,4.3,905,6755,13.4,12.6,14.2,2659,24141,11,10.6,11.4,15631,64.7,64.1,65.3
2024-08-31,"ICB","QNC","E54000010","NHS STAFFORDSHIRE AND STOKE-ON-TRENT INTEGRATED CARE BOARD",11921,16155.8,73.8,66.4,80.1,250250,4.8,4.7,4.8,363,3654,9.9,9,10.9,982,12228,8,7.6,8.5,7838,64.1,63.2,64.9
2024-08-31,"ICB","QOC","E54000011","NHS SHROPSHIRE, TELFORD AND WREKIN INTEGRATED CARE BOARD",4842,7893.9,61.3,55.1,66.8,121965,4,3.9,4.1,71,628,11.3,9.1,14,401,4979,8.1,7.3,8.8,3013,60.5,59.1,61.9
2024-08-31,"ICB","QJM","E54000013","NHS LINCOLNSHIRE INTEGRATED CARE BOARD",8504,12533.9,67.8,61,73.7,194764,4.4,4.3,4.5,459,2582,17.8,16.4,19.3,730,8813,8.3,7.7,8.9,5315,60.3,59.3,61.3
2024-08-31,"ICB","QK1","E54000015","NHS LEICESTER, LEICESTERSHIRE AND RUTLAND INTEGRATED CARE BOARD",8926,13789.9,64.7,58.2,70.3,217946,4.1,4,4.2,144,3142,4.6,3.9,5.4,895,9248,9.7,9.1,10.3,5800,62.7,61.7,63.7
2024-08-31,"ICB","QWU","E54000018","NHS COVENTRY AND WARWICKSHIRE INTEGRATED CARE BOARD",7207,12537,57.5,51.8,62.5,190402,3.8,3.7,3.9,245,2078,11.8,10.5,13.2,835,7444,11.2,10.5,12,4559,61.2,60.1,62.3
2024-08-31,"ICB","QGH","E54000019","NHS HEREFORDSHIRE AND WORCESTERSHIRE INTEGRATED CARE BOARD",7055,12934.3,54.5,49.1,59.3,197235,3.6,3.5,3.7,116,1615,7.2,6,8.5,779,7255,10.7,10,11.5,4981,68.7,67.6,69.7
2024-08-31,"ICB","QMM","E54000022","NHS NORFOLK AND WAVENEY INTEGRATED CARE BOARD",11187,18086.1,61.9,55.7,67.1,270153,4.1,4.1,4.2,410,2412,17,15.6,18.5,1334,11495,11.6,11,12.2,7070,61.5,60.6,62.4
2024-08-31,"ICB","QJG","E54000023","NHS SUFFOLK AND NORTH EAST ESSEX INTEGRATED CARE BOARD",9949,16452.8,60.5,54.5,65.7,246227,4,4,4.1,730,2453,29.8,28,31.6,1189,10243,11.6,11,12.2,6932,67.7,66.8,68.6
2024-08-31,"ICB","QHG","E54000024","NHS BEDFORDSHIRE, LUTON AND MILTON KEYNES INTEGRATED CARE BOARD",7280,10524.7,69.2,62.1,75.2,169131,4.3,4.2,4.4,296,2134,13.9,12.5,15.4,711,7570,9.4,8.8,10.1,4621,61,59.9,62.1
2024-08-31,"ICB","QM7","E54000025","NHS HERTFORDSHIRE AND WEST ESSEX INTEGRATED CARE BOARD",12512,19328.8,64.7,58.3,70.3,285400,4.4,4.3,4.5,275,2167,12.7,11.4,14.2,1099,12871,8.5,8.1,9,7966,61.9,61,62.7
2024-08-31,"ICB","QH8","E54000026","NHS MID AND SOUTH ESSEX INTEGRATED CARE BOARD",10915,16312,66.9,60.2,72.7,246102,4.4,4.4,4.5,423,2694,15.7,14.4,17.1,1057,11259,9.4,8.9,9.9,7451,66.2,65.3,67
2024-08-31,"ICB","QRV","E54000027","NHS NORTH WEST LONDON INTEGRATED CARE BOARD",12852,19625.6,65.5,58.8,71.1,322039,4,3.9,4.1,570,5687,10,9.3,10.8,1148,13376,8.6,8.1,9.1,8427,63,62.2,63.8
2024-08-31,"ICB","QJK","E54000037","NHS DEVON INTEGRATED CARE BOARD",12035,20482,58.8,52.9,63.8,307962,3.9,3.8,4,448,2741,16.3,15,17.8,1054,12320,8.6,8.1,9.1,7750,62.9,62,63.8
2024-08-31,"ICB","QNX","E54000064","NHS SUSSEX ICB",17682,28122.3,62.9,56.7,68.2,409700,4.3,4.3,4.4,302,4521,6.7,6,7.4,1516,18085,8.4,8,8.8,11482,63.5,62.8,64.2
2024-08-31,"NHS_REGION","Y56","E40000003","LONDON",51292,76048.1,67.4,60.6,73.2,1236496,4.1,4.1,4.2,1558,14359,10.9,10.4,11.4,4663,53235,8.8,8.5,9,33717,63.3,62.9,63.7
2024-08-31,"SUB_ICB_LOC","02X","E38000044","NHS SOUTH YORKSHIRE ICB - 02X",2744,3783.6,72.5,64.8,79.2,61348,4.5,4.3,4.6,95,1274,7.5,6.1,9,183,2869,6.4,5.5,7.3,1758,61.3,59.5,63
2024-08-31,"SUB_ICB_LOC","11J","E38000045","NHS DORSET ICB - 11J",8439,14479.9,58.3,52.5,63.3,209209,4,4,4.1,131,3186,4.1,3.5,4.9,675,8656,7.8,7.3,8.4,5552,64.1,63.1,65.1
2024-08-31,"SUB_ICB_LOC","06K","E38000049","NHS HERTFORDSHIRE AND WEST ESSEX ICB - 06K",4679,7458.9,62.7,56.4,68.3,109813,4.3,4.1,4.4,80,1175,6.8,5.5,8.4,361,4813,7.5,6.8,8.3,3047,63.3,61.9,64.7
2024-08-31,"SUB_ICB_LOC","01A","E38000050","NHS LANCASHIRE AND SOUTH CUMBRIA ICB - 01A",3023,4485.8,67.4,60.2,73.5,73667,4.1,4,4.2,132,1428,9.2,7.8,10.9,230,3135,7.3,6.5,8.3,2115,67.5,65.8,69.1
2024-08-31,"SUB_ICB_LOC","03W","E38000051","NHS LEICESTER, LEICESTERSHIRE AND RUTLAND ICB - 03W",3329,5464.8,60.9,54.6,66.4,81913,4.1,3.9,4.2,40,898,4.5,3.3,6,321,3425,9.4,8.4,10.4,2276,66.5,64.9,68
2024-08-31,"SUB_ICB_LOC","02Y","E38000052","NHS HUMBER AND NORTH YORKSHIRE ICB - 02Y",3325,5555.7,59.8,53.6,65.2,85901,3.9,3.7,4,207,1154,17.9,15.8,20.3,250,3417,7.3,6.5,8.2,2161,63.2,61.6,64.8
2024-08-31,"SUB_ICB_LOC","05D","E38000053","NHS STAFFORDSHIRE AND STOKE-ON-TRENT ICB - 05D",1217,1942,62.7,55.5,69,30163,4,3.8,4.3,44,220,20,15.2,25.8,60,1257,4.8,3.7,6.1,834,66.3,63.7,68.9
2024-08-31,"SUB_ICB_LOC","11M","E38000062","NHS GLOUCESTERSHIRE ICB - 11M",6489,9971.5,65.1,58.5,70.7,151060,4.3,4.2,4.4,176,1883,9.3,8.1,10.7,580,6651,8.7,8.1,9.4,4338,65.2,64.1,66.4
2024-08-31,"SUB_ICB_LOC","01F","E38000068","NHS CHESHIRE AND MERSEYSIDE ICB - 01F",1015,1452,69.9,61.5,77.2,25628,4,3.7,4.2,73,292,25,20.4,30.3,87,1056,8.2,6.7,10.1,672,63.6,60.7,66.5
2024-08-31,"SUB_ICB_LOC","06N","E38000079","NHS HERTFORDSHIRE AND WEST ESSEX ICB - 06N",4842,7766.4,62.3,56,67.9,114556,4.2,4.1,4.3,167,453,36.9,32.6,41.4,499,4981,10,9.2,10.9,3068,61.6,60.2,62.9
2024-08-31,"SUB_ICB_LOC","01D","E38000080","NHS GREATER MANCHESTER ICB - 01D",1870,2372.3,78.8,70,86.4,40329,4.6,4.4,4.8,52,791,6.6,5,8.5,138,1956,7.1,6,8.3,1314,67.2,65.1,69.2
2024-08-31,"SUB_ICB_LOC","03F","E38000085","NHS HUMBER AND NORTH YORKSHIRE ICB - 03F",1929,2897.2,66.6,59.2,72.9,49144,3.9,3.8,4.1,150,825,18.2,15.7,21,219,2012,10.9,9.6,12.3,1291,64.2,62,66.2
2024-08-31,"SUB_ICB_LOC","06L","E38000086","NHS SUFFOLK AND NORTH EAST ESSEX ICB - 06L",3723,6418,58,52.1,63.2,96133,3.9,3.8,4,463,1156,40.1,37.3,42.9,318,3817,8.3,7.5,9.3,2709,71,69.5,72.4
2024-08-31,"SUB_ICB_LOC","11N","E38000089","NHS CORNWALL AND THE ISLES OF SCILLY ICB - 11N",6026,9873.4,61,54.8,66.4,153819,3.9,3.8,4,174,1282,13.6,11.8,15.6,548,6144,8.9,8.2,9.7,3269,53.2,52,54.5
2024-08-31,"SUB_ICB_LOC","01J","E38000091","NHS CHESHIRE AND MERSEYSIDE ICB - 01J",1044,1687.5,61.9,54.4,68.3,29496,3.5,3.3,3.8,94,395,23.8,19.9,28.2,111,1097,10.1,8.5,12,693,63.2,60.3,66
2024-08-31,"NHS_REGION","Y58","E40000006","SOUTH WEST",55383,90503,61.2,55.2,66.3,1360677,4.1,4,4.1,1256,12879,9.8,9.3,10.3,4568,56792,8,7.8,8.3,35580,62.6,62.3,63
2024-08-31,"NHS_REGION","Y63","E40000012","NORTH EAST AND YORKSHIRE",75471,111332.5,67.8,61,73.5,1771447,4.3,4.2,4.3,3850,25071,15.4,14.9,15.8,5921,78255,7.6,7.4,7.8,50685,64.8,64.4,65.1
2024-08-31,"NHS_REGION","Y61","E40000013","EAST OF ENGLAND",58584,91835,63.8,57.5,69.2,1388170,4.2,4.2,4.3,2345,13334,17.6,16.9,18.2,6039,60390,10,9.8,10.2,38535,63.8,63.4,64.2
2024-08-31,"NHS_REGION","Y62","E40000014","NORTH WEST",62413,88773.2,70.3,63.2,76.2,1418793,4.4,4.4,4.4,1845,18454,10,9.6,10.4,5454,64508,8.5,8.2,8.7,42689,66.2,65.8,66.5
2024-08-31,"SUB_ICB_LOC","02P","E38000006","NHS SOUTH YORKSHIRE ICB - 02P",2313,3123.6,74,66,81,51484,4.5,4.3,4.7,60,499,12,9.5,15.2,85,2402,3.5,2.9,4.4,1629,67.8,65.9,69.7
2024-08-31,"SUB_ICB_LOC","99E","E38000007","NHS MID AND SOUTH ESSEX ICB - 99E",2141,3513,60.9,54.4,66.6,52414,4.1,3.9,4.3,113,783,14.4,12.1,17.1,205,2220,9.2,8.1,10.5,1409,63.5,61.4,65.4
2024-08-31,"SUB_ICB_LOC","02Q","E38000008","NHS NOTTINGHAM AND NOTTINGHAMSHIRE ICB - 02Q",1348,1764.9,76.4,67.8,84.1,27884,4.8,4.6,5.1,58,356,16.3,12.8,20.5,129,1397,9.2,7.8,10.9,912,65.3,62.7,67.7
2024-08-31,"SUB_ICB_LOC","00Q","E38000014","NHS LANCASHIRE AND SOUTH CUMBRIA ICB - 00Q",1057,1604.1,65.9,58.1,72.8,27098,3.9,3.7,4.1,30,416,7.2,5.1,10.1,90,1101,8.2,6.7,9.9,733,66.6,63.7,69.3
2024-08-31,"SUB_ICB_LOC","00R","E38000015","NHS LANCASHIRE AND SOUTH CUMBRIA ICB - 00R",1531,2198.7,69.6,61.8,76.4,34941,4.4,4.2,4.6,19,340,5.6,3.6,8.6,120,1596,7.5,6.3,8.9,968,60.7,58.2,63
2024-08-31,"SUB_ICB_LOC","00T","E38000016","NHS GREATER MANCHESTER ICB - 00T",2410,3326.1,72.5,64.6,79.2,54443,4.4,4.3,4.6,106,963,11,9.2,13.1,188,2502,7.5,6.5,8.6,1840,73.5,71.8,75.2
2024-08-31,"SUB_ICB_LOC","00V","E38000024","NHS GREATER MANCHESTER ICB - 00V",1838,2421.6,75.9,67.6,83.2,38221,4.8,4.6,5,12,155,7.7,4.5,13,174,1901,9.2,7.9,10.5,1201,63.2,61,65.3
2024-08-31,"SUB_ICB_LOC","02T","E38000025","NHS WEST YORKSHIRE ICB - 02T",1784,2640.1,67.6,60.1,74,43162,4.1,3.9,4.3,67,955,7,5.6,8.8,137,1857,7.4,6.3,8.7,1221,65.8,63.6,67.9
2024-08-31,"SUB_ICB_LOC","04Y","E38000028","NHS STAFFORDSHIRE AND STOKE-ON-TRENT ICB - 04Y",1412,1848.7,76.4,67.8,83.8,29147,4.8,4.6,5.1,85,278,30.6,25.5,36.2,142,1453,9.8,8.4,11.4,973,67,64.5,69.3
2024-08-31,"SUB_ICB_LOC","99F","E38000030","NHS MID AND SOUTH ESSEX ICB - 99F",2055,3051.7,67.3,60.1,73.6,44785,4.6,4.4,4.8,87,327,26.6,22.1,31.6,156,2107,7.4,6.4,8.6,1342,63.7,61.6,65.7
2024-08-31,"SUB_ICB_LOC","00X","E38000034","NHS LANCASHIRE AND SOUTH CUMBRIA ICB - 00X",1768,2519.9,70.2,62.4,76.9,40361,4.4,4.2,4.6,20,439,4.6,3,6.9,102,1817,5.6,4.6,6.8,1248,68.7,66.5,70.8
2024-08-31,"ICB","QMJ","E54000028","NHS NORTH CENTRAL LONDON INTEGRATED CARE BOARD",8799,13080.7,67.3,60.3,73.1,209445,4.2,4.1,4.3,136,1283,10.6,9,12.4,755,9055,8.3,7.8,8.9,5512,60.9,59.9,61.9
2024-08-31,"ICB","QMF","E54000029","NHS NORTH EAST LONDON INTEGRATED CARE BOARD",8340,13558,61.5,55.1,66.9,228649,3.6,3.6,3.7,264,2798,9.4,8.4,10.6,777,8721,8.9,8.3,9.5,5847,67,66.1,68
2024-08-31,"ICB","QKK","E54000030","NHS SOUTH EAST LONDON INTEGRATED CARE BOARD",10821,15370.7,70.4,63.2,76.5,248341,4.4,4.3,4.4,373,3050,12.2,11.1,13.4,910,11227,8.1,7.6,8.6,6807,60.6,59.7,61.5
2024-08-31,"ICB","QWE","E54000031","NHS SOUTH WEST LONDON INTEGRATED CARE BOARD",10480,14413.1,72.7,65.4,79,228022,4.6,4.5,4.7,215,1541,14,12.3,15.8,1073,10856,9.9,9.3,10.5,7124,65.6,64.7,66.5
2024-08-31,"ICB","QKS","E54000032","NHS KENT AND MEDWAY INTEGRATED CARE BOARD",15532,25723.7,60.4,54.4,65.6,394685,3.9,3.9,4,320,2584,12.4,11.2,13.7,1394,16029,8.7,8.3,9.1,10147,63.3,62.6,64
2024-08-31,"ICB","QNQ","E54000034","NHS FRIMLEY INTEGRATED CARE BOARD",6110,8953.4,68.2,61.3,74.2,135792,4.5,4.4,4.6,191,1140,16.8,14.7,19,534,6255,8.5,7.9,9.3,3973,63.5,62.3,64.7
2024-08-31,"ICB","QT6","E54000036","NHS CORNWALL AND THE ISLES OF SCILLY INTEGRATED CARE BOARD",6026,9873.4,61,54.8,66.4,153819,3.9,3.8,4,174,1282,13.6,11.8,15.6,548,6144,8.9,8.2,9.7,3269,53.2,52,54.5
2024-08-31,"ICB","QSL","E54000038","NHS SOMERSET INTEGRATED CARE BOARD",5584,10006.2,55.8,50.2,60.7,150879,3.7,3.6,3.8,57,473,12.1,9.4,15.3,443,5741,7.7,7.1,8.4,3507,61.1,59.8,62.3
2024-08-31,"ICB","QUY","E54000039","NHS BRISTOL, NORTH SOMERSET AND SOUTH GLOUCESTERSHIRE INTEGRATED CARE BOARD",8418,11947.9,70.5,63.4,76.5,179050,4.7,4.6,4.8,30,804,3.7,2.6,5.3,659,8660,7.6,7.1,8.2,5710,65.9,64.9,66.9
2024-08-31,"ICB","QOX","E54000040","NHS BATH AND NORTH EAST SOMERSET, SWINDON AND WILTSHIRE INTEGRATED CARE BOARD",8392,13742.1,61.1,54.9,66.4,208698,4,3.9,4.1,240,2510,9.6,8.5,10.8,609,8620,7.1,6.5,7.6,5454,63.3,62.2,64.3
2024-08-31,"ICB","QVV","E54000041","NHS DORSET INTEGRATED CARE BOARD",8439,14479.9,58.3,52.5,63.3,209209,4,4,4.1,131,3186,4.1,3.5,4.9,675,8656,7.8,7.3,8.4,5552,64.1,63.1,65.1
2024-08-31,"ICB","QRL","E54000042","NHS HAMPSHIRE AND ISLE OF WIGHT INTEGRATED CARE BOARD",16939,27363.9,61.9,55.8,67.2,408947,4.1,4.1,4.2,229,3964,5.8,5.1,6.5,1890,17359,10.9,10.4,11.4,10860,62.6,61.8,63.3
2024-08-31,"ICB","QR1","E54000043","NHS GLOUCESTERSHIRE INTEGRATED CARE BOARD",6489,9971.5,65.1,58.5,70.7,151060,4.3,4.2,4.4,176,1883,9.3,8.1,10.7,580,6651,8.7,8.1,9.4,4338,65.2,64.1,66.4
2024-08-31,"ICB","QU9","E54000044","NHS BUCKINGHAMSHIRE, OXFORDSHIRE AND BERKSHIRE WEST INTEGRATED CARE BOARD",14587,23307.7,62.6,56.4,68,350160,4.2,4.1,4.2,312,2072,15.1,13.6,16.7,1261,14895,8.5,8,8.9,9615,64.6,63.8,65.3
2024-08-31,"ICB","QE1","E54000048","NHS LANCASHIRE AND SOUTH CUMBRIA INTEGRATED CARE BOARD",16407,23729.9,69.1,62.2,75,375093,4.4,4.3,4.4,307,4275,7.2,6.4,8,1160,16945,6.8,6.5,7.2,11011,65,64.3,65.7
2024-08-31,"ICB","QHM","E54000050","NHS NORTH EAST AND NORTH CUMBRIA INTEGRATED CARE BOARD",28095,41034.1,68.5,61.6,74.3,661818,4.2,4.2,4.3,1217,7802,15.6,14.8,16.4,2097,29120,7.2,6.9,7.5,18529,63.6,63.1,64.2
2024-08-31,"ICB","QOQ","E54000051","NHS HUMBER AND NORTH YORKSHIRE INTEGRATED CARE BOARD",15572,26030.8,59.8,53.9,64.9,406055,3.8,3.8,3.9,906,6291,14.4,13.6,15.3,1075,16111,6.7,6.3,7.1,10100,62.7,61.9,63.4
2024-08-31,"ICB","QWO","E54000054","NHS WEST YORKSHIRE INTEGRATED CARE BOARD",19308,27730.4,69.6,62.6,75.6,441213,4.4,4.3,4.4,1300,7253,17.9,17.1,18.8,1826,20021,9.1,8.7,9.5,13505,67.5,66.8,68.1
2024-08-31,"ICB","QHL","E54000055","NHS BIRMINGHAM AND SOLIHULL INTEGRATED CARE BOARD",8975,14587.2,61.5,55.3,66.8,222788,4,3.9,4.1,257,2252,11.4,10.2,12.8,984,9316,10.6,10,11.2,6095,65.4,64.5,66.4
2024-08-31,"ICB","QUE","E54000056","NHS CAMBRIDGESHIRE AND PETERBOROUGH INTEGRATED CARE BOARD",6741,11130.6,60.6,54.4,65.8,171157,3.9,3.8,4,211,1474,14.3,12.6,16.2,649,6952,9.3,8.7,10,4495,64.7,63.5,65.8
2024-08-31,"ICB","QOP","E54000057","NHS GREATER MANCHESTER INTEGRATED CARE BOARD",22610,30416.9,74.3,66.8,80.7,495644,4.6,4.5,4.6,633,7424,8.5,7.9,9.2,1635,23422,7,6.7,7.3,16047,68.5,67.9,69.1
2024-08-31,"ICB","QJ2","E54000058","NHS DERBY AND DERBYSHIRE INTEGRATED CARE BOARD",10220,14921.7,68.5,61.6,74.4,234805,4.4,4.3,4.4,555,2011,27.6,25.7,29.6,1019,10711,9.5,9,10.1,6603,61.6,60.7,62.6
2024-08-31,"ICB","QPM","E54000059","NHS NORTHAMPTONSHIRE INTEGRATED CARE BOARD",5875,9036.6,65,58.3,70.7,144855,4.1,4,4.2,154,2120,7.3,6.2,8.4,599,6034,9.9,9.2,10.7,3706,61.4,60.2,62.6
2024-08-31,"ICB","QT1","E54000060","NHS NOTTINGHAM AND NOTTINGHAMSHIRE INTEGRATED CARE BOARD",10403,14696.2,70.8,63.7,76.9,229020,4.5,4.5,4.6,194,2499,7.8,6.8,8.9,1010,10866,9.3,8.8,9.9,7198,66.2,65.3,67.1
2024-08-31,"ICB","QF7","E54000061","NHS SOUTH YORKSHIRE INTEGRATED CARE BOARD",12496,16537.3,75.6,67.9,82,262361,4.8,4.7,4.8,427,3725,11.5,10.5,12.5,923,13003,7.1,6.7,7.6,8551,65.8,64.9,66.6
2024-08-31,"ICB","QUA","E54000062","NHS BLACK COUNTRY INTEGRATED CARE BOARD",9471,14533.1,65.2,58.7,70.8,221694,4.3,4.2,4.4,250,3437,7.3,6.5,8.2,1042,9856,10.6,10,11.2,4845,49.2,48.2,50.1
2024-08-31,"ICB","QXU","E54000063","NHS SURREY HEARTLANDS ICB",10161,15073.9,67.4,60.8,73.2,215171,4.7,4.6,4.8,90,999,9,7.4,10.9,991,10348,9.6,9,10.2,6705,64.8,63.9,65.7
2024-08-31,"NHS_REGION","Y59","E40000005","SOUTH EAST",81011,128544.9,63,56.9,68.3,1914455,4.2,4.2,4.3,1444,15280,9.5,9,9.9,7586,82971,9.1,8.9,9.3,52782,63.6,63.3,63.9
2024-08-31,"SUB_ICB_LOC","02E","E38000194","NHS CHESHIRE AND MERSEYSIDE ICB - 02E",2007,2763.4,72.6,64.7,79.5,43700,4.6,4.4,4.8,76,948,8,6.5,9.9,262,2066,12.7,11.3,14.2,1261,61,58.9,63.1
2024-08-31,"SUB_ICB_LOC","07H","E38000197","NHS HERTFORDSHIRE AND WEST ESSEX ICB - 07H",2991,4103.5,72.9,65.3,79.5,61031,4.9,4.7,5.1,28,539,5.2,3.6,7.4,239,3077,7.8,6.9,8.8,1851,60.2,58.4,61.9
2024-08-31,"SUB_ICB_LOC","02G","E38000200","NHS LANCASHIRE AND SOUTH CUMBRIA ICB - 02G",1185,1701.9,69.6,61.7,76.6,26319,4.5,4.3,4.8,19,234,8.1,5.3,12.3,87,1215,7.2,5.8,8.7,696,57.3,54.5,60
2024-08-31,"SUB_ICB_LOC","04V","E38000201","NHS LEICESTER, LEICESTERSHIRE AND RUTLAND ICB - 04V",3261,5294.3,61.6,55.1,67.2,84036,3.9,3.8,4,95,791,12,9.9,14.5,291,3349,8.7,7.8,9.7,2074,61.9,60.3,63.6
2024-08-31,"SUB_ICB_LOC","07K","E38000204","NHS SUFFOLK AND NORTH EAST ESSEX ICB - 07K",2378,4376.8,54.3,48.6,59.3,65837,3.6,3.5,3.8,153,442,34.6,30.3,39.2,254,2425,10.5,9.3,11.8,1531,63.1,61.2,65
2024-08-31,"SUB_ICB_LOC","02H","E38000205","NHS GREATER MANCHESTER ICB - 02H",3000,4052.8,74,66.1,80.9,66826,4.5,4.3,4.6,105,1905,5.5,4.6,6.6,147,3084,4.8,4.1,5.6,2122,68.8,67.1,70.4
2024-08-31,"SUB_ICB_LOC","12F","E38000208","NHS CHESHIRE AND MERSEYSIDE ICB - 12F",3283,4888.8,67.2,60.2,73.2,75811,4.3,4.2,4.5,42,274,15.3,11.5,20.1,476,3396,14,12.9,15.2,2340,68.9,67.3,70.4
2024-08-31,"SUB_ICB_LOC","13T","E38000212","NHS NORTH EAST AND NORTH CUMBRIA ICB - 13T",4093,5611.1,72.9,65.4,79.4,87946,4.7,4.5,4.8,92,1414,6.5,5.3,7.9,352,4245,8.3,7.5,9.2,2718,64,62.6,65.5
2024-08-31,"SUB_ICB_LOC","01H","E38000215","NHS NORTH EAST AND NORTH CUMBRIA ICB - 01H",2942,5135,57.3,51.2,62.5,81341,3.6,3.5,3.7,174,480,36.2,32.1,40.6,281,3045,9.2,8.3,10.3,1872,61.5,59.7,63.2
2024-08-31,"SUB_ICB_LOC","14L","E38000217","NHS GREATER MANCHESTER ICB - 14L",2809,3799.4,73.9,65.7,80.8,67727,4.1,4,4.3,40,1124,3.6,2.6,4.8,224,2938,7.6,6.7,8.6,1897,64.6,62.8,66.3
2024-08-31,"SUB_ICB_LOC","15A","E38000221","NHS BUCKINGHAMSHIRE, OXFORDSHIRE AND BERKSHIRE WEST ICB - 15A",4013,6085.9,65.9,59.1,71.8,94038,4.3,4.1,4.4,143,579,24.7,21.4,28.4,353,4112,8.6,7.8,9.5,2694,65.5,64,67
2024-08-31,"SUB_ICB_LOC","15C","E38000222","NHS BRISTOL, NORTH SOMERSET AND SOUTH GLOUCESTERSHIRE ICB - 15C",8418,11947.9,70.5,63.4,76.5,179050,4.7,4.6,4.8,30,804,3.7,2.6,5.3,659,8660,7.6,7.1,8.2,5710,65.9,64.9,66.9
2024-08-31,"SUB_ICB_LOC","14Y","E38000223","NHS BUCKINGHAMSHIRE, OXFORDSHIRE AND BERKSHIRE WEST ICB - 14Y",4510,7603.9,59.3,53.2,64.6,112805,4,3.9,4.1,100,841,11.9,9.9,14.3,364,4594,7.9,7.2,8.7,2997,65.2,63.8,66.6
2024-08-31,"SUB_ICB_LOC","15F","E38000225","NHS WEST YORKSHIRE ICB - 15F",6605,8968.2,73.6,66.2,80.1,139407,4.7,4.6,4.9,481,1849,26,24.1,28.1,395,6799,5.8,5.3,6.4,4737,69.7,68.6,70.8
2024-08-31,"SUB_ICB_LOC","02M","E38000226","NHS LANCASHIRE AND SOUTH CUMBRIA ICB - 02M",2317,3549.5,65.3,58.4,71.3,53271,4.3,4.2,4.5,13,398,3.3,1.9,5.5,121,2381,5.1,4.3,6,1477,62,60.1,64
2024-08-31,"SUB_ICB_LOC","11X","E38000150","NHS SOMERSET ICB - 11X",5584,10006.2,55.8,50.2,60.7,150879,3.7,3.6,3.8,57,473,12.1,9.4,15.3,443,5741,7.7,7.1,8.4,3507,61.1,59.8,62.3
2024-08-31,"SUB_ICB_LOC","05Q","E38000153","NHS STAFFORDSHIRE AND STOKE-ON-TRENT ICB - 05Q",2131,3211.1,66.4,59.2,72.6,49470,4.3,4.1,4.5,70,396,17.7,14.2,21.7,123,2194,5.6,4.7,6.6,1454,66.3,64.3,68.2
2024-08-31,"SUB_ICB_LOC","01T","E38000161","NHS CHESHIRE AND MERSEYSIDE ICB - 01T",1199,2038.5,58.8,52.1,64.8,32519,3.7,3.5,3.9,96,786,12.2,10.1,14.7,100,1219,8.2,6.8,9.9,799,65.5,62.8,68.2
2024-08-31,"SUB_ICB_LOC","00N","E38000163","NHS NORTH EAST AND NORTH CUMBRIA ICB - 00N",1485,2050.2,72.4,64.2,79.5,33242,4.5,4.3,4.7,49,439,11.2,8.5,14.5,106,1534,6.9,5.7,8.3,962,62.7,60.3,65.1
2024-08-31,"SUB_ICB_LOC","99G","E38000168","NHS MID AND SOUTH ESSEX ICB - 99G",2114,2478.3,85.3,76.2,93.2,36687,5.8,5.5,6,68,280,24.3,19.6,29.6,175,2190,8,6.9,9.2,1609,73.5,71.6,75.3
2024-08-31,"SUB_ICB_LOC","01V","E38000170","NHS CHESHIRE AND MERSEYSIDE ICB - 01V",1812,2425.3,74.7,66.7,81.8,34523,5.2,5,5.5,156,1078,14.5,12.5,16.7,205,1859,11,9.7,12.5,1216,65.4,63.2,67.5
2024-08-31,"SUB_ICB_LOC","01X","E38000172","NHS CHESHIRE AND MERSEYSIDE ICB - 01X",1810,2623.2,69,61.5,75.6,41723,4.3,4.1,4.5,63,533,11.8,9.3,14.8,143,1874,7.6,6.5,8.9,1233,65.8,63.6,67.9
2024-08-31,"SUB_ICB_LOC","05V","E38000173","NHS STAFFORDSHIRE AND STOKE-ON-TRENT ICB - 05V",1483,2378.9,62.3,55.4,68.4,36183,4.1,3.9,4.3,54,458,11.8,9.1,15.1,92,1517,6.1,5,7.4,868,57.2,54.7,59.7
2024-08-31,"SUB_ICB_LOC","01W","E38000174","NHS GREATER MANCHESTER ICB - 01W",3231,4249.7,76,68.2,82.9,63703,5.1,4.9,5.2,30,478,6.3,4.4,8.8,216,3321,6.5,5.7,7.4,2254,67.9,66.3,69.4
2024-08-31,"SUB_ICB_LOC","05W","E38000175","NHS STAFFORDSHIRE AND STOKE-ON-TRENT ICB - 05W",3071,3260.7,94.2,84.3,102.7,51519,6,5.8,6.2,41,1254,3.3,2.4,4.4,276,3155,8.7,7.8,9.8,2046,64.8,63.2,66.5
2024-08-31,"SUB_ICB_LOC","00P","E38000176","NHS NORTH EAST AND NORTH CUMBRIA ICB - 00P",2423,3656.1,66.3,59.2,72.4,59329,4.1,3.9,4.2,95,549,17.3,14.4,20.7,248,2503,9.9,8.8,11.1,1564,62.5,60.6,64.4
2024-08-31,"SUB_ICB_LOC","07G","E38000185","NHS MID AND SOUTH ESSEX ICB - 07G",1043,1600.7,65.2,57.5,71.9,25983,4,3.8,4.3,48,450,10.7,8.1,13.9,113,1080,10.5,8.8,12.4,763,70.6,67.9,73.3
2024-08-31,"SUB_ICB_LOC","02A","E38000187","NHS GREATER MANCHESTER ICB - 02A",1886,2900.9,65,58,71.1,43870,4.3,4.1,4.5,78,388,20.1,16.4,24.4,109,1938,5.6,4.7,6.7,1238,63.9,61.7,66
2024-08-31,"SUB_ICB_LOC","03Q","E38000188","NHS HUMBER AND NORTH YORKSHIRE ICB - 03Q",1724,3276.2,52.6,46.9,57.6,48886,3.5,3.4,3.7,49,1015,4.8,3.7,6.3,83,1771,4.7,3.8,5.8,1172,66.2,63.9,68.3
2024-08-31,"SUB_ICB_LOC","03R","E38000190","NHS WEST YORKSHIRE ICB - 03R",2908,4483.9,64.9,57.9,70.8,73182,4,3.8,4.1,284,1208,23.5,21.2,26,284,3039,9.3,8.4,10.4,2119,69.7,68.1,71.3
2024-08-31,"SUB_ICB_LOC","04C","E38000097","NHS LEICESTER, LEICESTERSHIRE AND RUTLAND ICB - 04C",2336,3030.8,77.1,68.5,84.4,51997,4.5,4.3,4.7,9,1453,0.6,0.3,1.2,283,2474,11.4,10.2,12.8,1450,58.6,56.7,60.5
2024-08-31,"SUB_ICB_LOC","99A","E38000101","NHS CHESHIRE AND MERSEYSIDE ICB - 99A",3345,5043.6,66.3,59.1,72.3,86324,3.9,3.7,4,137,1224,11.2,9.5,13.1,424,3474,12.2,11.2,13.3,2367,68.1,66.6,69.7
2024-08-31,"SUB_ICB_LOC","06Q","E38000106","NHS MID AND SOUTH ESSEX ICB - 06Q",3562,5668.3,62.8,56.3,68.5,86233,4.1,4,4.3,107,854,12.5,10.5,14.9,408,3662,11.1,10.2,12.2,2328,63.6,62,65.1
2024-08-31,"SUB_ICB_LOC","06T","E38000117","NHS SUFFOLK AND NORTH EAST ESSEX ICB - 06T",3848,5658,68,61,74.1,84257,4.6,4.4,4.7,114,855,13.3,11.2,15.8,617,4001,15.4,14.3,16.6,2692,67.3,65.8,68.7
2024-08-31,"SUB_ICB_LOC","03H","E38000119","NHS HUMBER AND NORTH YORKSHIRE ICB - 03H",1562,2317.6,67.4,59.9,73.9,36476,4.3,4.1,4.5,134,598,22.4,19.2,25.9,128,1659,7.7,6.5,9.1,948,57.1,54.7,59.5
2024-08-31,"SUB_ICB_LOC","03K","E38000122","NHS HUMBER AND NORTH YORKSHIRE ICB - 03K",1495,2565.4,58.3,51.8,63.9,40854,3.7,3.5,3.8,97,804,12.1,10,14.5,104,1590,6.5,5.4,7.9,824,51.8,49.4,54.3
2024-08-31,"SUB_ICB_LOC","05G","E38000126","NHS STAFFORDSHIRE AND STOKE-ON-TRENT ICB - 05G",2607,3514.5,74.2,66.3,81,53768,4.8,4.7,5,69,1048,6.6,5.2,8.2,289,2652,10.9,9.8,12.1,1663,62.7,60.8,64.5
2024-08-31,"SUB_ICB_LOC","99C","E38000127","NHS NORTH EAST AND NORTH CUMBRIA ICB - 99C",2055,2967.7,69.2,61.7,75.8,47668,4.3,4.1,4.5,41,909,4.5,3.3,6.1,160,2120,7.5,6.5,8.7,1275,60.1,58,62.2
2024-08-31,"SUB_ICB_LOC","00L","E38000130","NHS NORTH EAST AND NORTH CUMBRIA ICB - 00L",3541,5537.2,63.9,57.2,69.7,89618,4,3.8,4.1,113,1073,10.5,8.8,12.5,213,3646,5.8,5.1,6.7,2419,66.3,64.8,67.9
2024-08-31,"SUB_ICB_LOC","00Y","E38000135","NHS GREATER MANCHESTER ICB - 00Y",1899,2538.6,74.8,66.5,81.9,41523,4.6,4.4,4.8,85,926,9.2,7.5,11.2,138,1981,7,5.9,8.2,1315,66.4,64.3,68.4
2024-08-31,"SUB_ICB_LOC","10Q","E38000136","NHS BUCKINGHAMSHIRE, OXFORDSHIRE AND BERKSHIRE WEST ICB - 10Q",6064,9617.9,63,56.7,68.5,143317,4.2,4.1,4.3,69,652,10.6,8.4,13.2,544,6189,8.8,8.1,9.5,3924,63.4,62.2,64.6
2024-08-31,"SUB_ICB_LOC","10R","E38000137","NHS HAMPSHIRE AND ISLE OF WIGHT ICB - 10R",1535,2217.2,69.2,61.5,75.9,34934,4.4,4.2,4.6,4,611,0.7,0.3,1.7,168,1581,10.6,9.2,12.2,908,57.4,55,59.8
2024-08-31,"SUB_ICB_LOC","03L","E38000141","NHS SOUTH YORKSHIRE ICB - 03L",2945,3270.1,90.1,80.5,98.3,52163,5.6,5.5,5.8,146,899,16.2,14,18.8,188,3062,6.1,5.3,7,2105,68.7,67.1,70.4
2024-08-31,"SUB_ICB_LOC","01G","E38000143","NHS GREATER MANCHESTER ICB - 01G",1956,2397.4,81.6,72.6,89.3,39673,4.9,4.7,5.1,65,382,17,13.6,21.1,139,2026,6.9,5.8,8,1442,71.2,69.2,73.1
2024-08-31,"SUB_ICB_LOC","03N","E38000146","NHS SOUTH YORKSHIRE ICB - 03N",4494,6360,70.7,63.4,76.9,97366,4.6,4.5,4.7,126,1053,12,10.1,14.1,467,4670,10,9.2,10.9,3059,65.5,64.1,66.9
2024-08-31,"SUB_ICB_LOC","97R","E38000235","NHS SUSSEX ICB - 97R",6416,10232.3,62.7,56.4,68.2,149068,4.3,4.2,4.4,101,1966,5.1,4.2,6.2,697,6561,10.6,9.9,11.4,4148,63.2,62,64.4
2024-08-31,"SUB_ICB_LOC","70F","E38000265","NHS SUSSEX ICB - 70F",9389,15001.5,62.6,56.4,68,215553,4.4,4.3,4.4,129,2180,5.9,5,7,699,9590,7.3,6.8,7.8,6154,64.2,63.2,65.1
2024-08-31,"COUNTRY","ENG","E92000001","ENGLAND",477553,730656.3,65.4,58.9,70.8,11315762,4.2,4.2,4.2,15106,125395,12,11.9,12.2,43507,492901,8.8,8.7,8.9,313941,63.7,63.6,63.8
2024-08-31,"NHS_REGION","Y60","E40000011","MIDLANDS",93399,143619.7,65,58.6,70.5,2225724,4.2,4.2,4.2,2808,26018,10.8,10.4,11.2,9276,96750,9.6,9.4,9.8,59953,62,61.7,62.3
2024-08-31,"SUB_ICB_LOC","09D","E38000021","NHS SUSSEX ICB - 09D",1877,2888.5,65,57.9,71.2,45079,4.2,4,4.4,72,375,19.2,15.5,23.5,120,1934,6.2,5.2,7.4,1180,61,58.8,63.2
2024-08-31,"SUB_ICB_LOC","15N","E38000230","NHS DEVON ICB - 15N",12035,20482,58.8,52.9,63.8,307962,3.9,3.8,4,448,2741,16.3,15,17.8,1054,12320,8.6,8.1,9.1,7750,62.9,62,63.8
2024-09-30,"SUB_ICB_LOC","02A","E38000187","NHS GREATER MANCHESTER ICB - 02A",1888,2907,64.9,58,71.1,43941,4.3,4.1,4.5,99,469,21.1,17.7,25,103,1941,5.3,4.4,6.4,1184,61,58.8,63.1
2024-09-30,"SUB_ICB_LOC","03Q","E38000188","NHS HUMBER AND NORTH YORKSHIRE ICB - 03Q",1733,3282.7,52.8,47,57.8,48919,3.5,3.4,3.7,56,1195,4.7,3.6,6,87,1781,4.9,4,6,1125,63.2,60.9,65.4
2024-09-30,"SUB_ICB_LOC","03R","E38000190","NHS WEST YORKSHIRE ICB - 03R",2927,4498.6,65.1,58.1,71,73287,4,3.9,4.1,325,1434,22.7,20.6,24.9,296,3056,9.7,8.7,10.8,2136,69.9,68.2,71.5
2024-09-30,"SUB_ICB_LOC","02E","E38000194","NHS CHESHIRE AND MERSEYSIDE ICB - 02E",2009,2773.7,72.4,64.5,79.2,43828,4.6,4.4,4.8,92,1096,8.4,6.9,10.2,269,2067,13,11.6,14.5,1230,59.5,57.4,61.6
2024-09-30,"SUB_ICB_LOC","07H","E38000197","NHS HERTFORDSHIRE AND WEST ESSEX ICB - 07H",2999,4118.2,72.8,65.2,79.3,61210,4.9,4.7,5.1,37,647,5.7,4.2,7.8,238,3085,7.7,6.8,8.7,1832,59.4,57.6,61.1
2024-09-30,"SUB_ICB_LOC","02G","E38000200","NHS LANCASHIRE AND SOUTH CUMBRIA ICB - 02G",1190,1711,69.6,61.6,76.6,26419,4.5,4.3,4.8,21,288,7.3,4.8,10.9,91,1219,7.5,6.1,9.1,681,55.9,53.1,58.6
2024-09-30,"SUB_ICB_LOC","04V","E38000201","NHS LEICESTER, LEICESTERSHIRE AND RUTLAND ICB - 04V",3262,5319.3,61.3,54.9,66.9,84234,3.9,3.7,4,113,947,11.9,10,14.2,283,3347,8.5,7.6,9.4,2022,60.4,58.7,62.1
2024-09-30,"SUB_ICB_LOC","03L","E38000141","NHS SOUTH YORKSHIRE ICB - 03L",2962,3282.8,90.2,80.7,98.4,52260,5.7,5.5,5.9,174,1048,16.6,14.5,19,186,3081,6,5.2,6.9,2102,68.2,66.6,69.8
2024-09-30,"SUB_ICB_LOC","01G","E38000143","NHS GREATER MANCHESTER ICB - 01G",1983,2408.5,82.3,73.3,90.1,39806,5,4.8,5.2,83,451,18.4,15.1,22.2,129,2052,6.3,5.3,7.4,1437,70,68,72
2024-09-30,"SUB_ICB_LOC","03N","E38000146","NHS SOUTH YORKSHIRE ICB - 03N",4565,6383.1,71.5,64.2,77.8,97562,4.7,4.5,4.8,153,1282,11.9,10.3,13.8,464,4742,9.8,9,10.7,3011,63.5,62.1,64.9
2024-09-30,"SUB_ICB_LOC","11X","E38000150","NHS SOMERSET ICB - 11X",5632,10038.3,56.1,50.4,61,151115,3.7,3.6,3.8,68,583,11.7,9.3,14.5,424,5791,7.3,6.7,8,3455,59.7,58.4,60.9
2024-09-30,"SUB_ICB_LOC","05Q","E38000153","NHS STAFFORDSHIRE AND STOKE-ON-TRENT ICB - 05Q",2158,3220.2,67,59.9,73.3,49565,4.4,4.2,4.5,85,475,17.9,14.7,21.6,113,2221,5.1,4.2,6.1,1439,64.8,62.8,66.7
2024-09-30,"SUB_ICB_LOC","01T","E38000161","NHS CHESHIRE AND MERSEYSIDE ICB - 01T",1195,2045,58.4,51.7,64.3,32591,3.7,3.5,3.9,121,981,12.3,10.4,14.5,101,1217,8.3,6.9,10,827,68,65.3,70.5
2024-09-30,"SUB_ICB_LOC","00N","E38000163","NHS NORTH EAST AND NORTH CUMBRIA ICB - 00N",1494,2053.4,72.8,64.6,79.8,33270,4.5,4.3,4.7,66,515,12.8,10.2,16,108,1540,7,5.8,8.4,941,61.1,58.6,63.5
2024-09-30,"SUB_ICB_LOC","99G","E38000168","NHS MID AND SOUTH ESSEX ICB - 99G",2131,2485.2,85.7,76.7,93.7,36783,5.8,5.6,6,83,318,26.1,21.6,31.2,170,2203,7.7,6.7,8.9,1637,74.3,72.4,76.1
2024-09-30,"SUB_ICB_LOC","01V","E38000170","NHS CHESHIRE AND MERSEYSIDE ICB - 01V",1811,2424.9,74.7,66.8,81.8,34564,5.2,5,5.5,183,1224,15,13.1,17.1,189,1858,10.2,8.9,11.6,1163,62.6,60.4,64.8
2024-09-30,"SUB_ICB_LOC","01X","E38000172","NHS CHESHIRE AND MERSEYSIDE ICB - 01X",1806,2631.2,68.6,61.1,75.2,41827,4.3,4.1,4.5,83,637,13,10.6,15.9,139,1869,7.4,6.3,8.7,1209,64.7,62.5,66.8
2024-09-30,"SUB_ICB_LOC","05V","E38000173","NHS STAFFORDSHIRE AND STOKE-ON-TRENT ICB - 05V",1486,2388,62.2,55.4,68.3,36259,4.1,3.9,4.3,65,528,12.3,9.8,15.4,82,1520,5.4,4.4,6.6,851,56,53.5,58.5
2024-09-30,"SUB_ICB_LOC","01W","E38000174","NHS GREATER MANCHESTER ICB - 01W",3259,4260.9,76.5,68.6,83.4,63804,5.1,4.9,5.3,41,580,7.1,5.3,9.4,222,3347,6.6,5.8,7.5,2228,66.6,65,68.1
2024-09-30,"SUB_ICB_LOC","05W","E38000175","NHS STAFFORDSHIRE AND STOKE-ON-TRENT ICB - 05W",3096,3273.4,94.6,84.6,103.1,51633,6,5.8,6.2,69,1484,4.6,3.7,5.8,268,3182,8.4,7.5,9.4,2057,64.6,63,66.3
2024-09-30,"SUB_ICB_LOC","00P","E38000176","NHS NORTH EAST AND NORTH CUMBRIA ICB - 00P",2453,3662.2,67,59.7,73.2,59385,4.1,4,4.3,118,647,18.2,15.5,21.4,247,2532,9.8,8.7,11,1542,60.9,59,62.8
2024-09-30,"SUB_ICB_LOC","07G","E38000185","NHS MID AND SOUTH ESSEX ICB - 07G",1063,1602.3,66.3,58.6,73.2,26027,4.1,3.9,4.3,64,520,12.3,9.8,15.4,115,1100,10.5,8.8,12.4,781,71,68.2,73.6
2024-09-30,"SUB_ICB_LOC","06L","E38000086","NHS SUFFOLK AND NORTH EAST ESSEX ICB - 06L",3719,6427.6,57.9,51.9,63,96308,3.9,3.7,4,548,1355,40.4,37.9,43.1,313,3815,8.2,7.4,9.1,2675,70.1,68.6,71.5
2024-09-30,"SUB_ICB_LOC","11N","E38000089","NHS CORNWALL AND THE ISLES OF SCILLY ICB - 11N",6061,9898,61.2,54.9,66.6,154057,3.9,3.8,4,215,1502,14.3,12.6,16.2,567,6179,9.2,8.5,9.9,3192,51.7,50.4,52.9
2024-09-30,"SUB_ICB_LOC","01J","E38000091","NHS CHESHIRE AND MERSEYSIDE ICB - 01J",1065,1699.3,62.7,55.1,69.1,29623,3.6,3.4,3.8,111,469,23.7,20,27.7,122,1117,10.9,9.2,12.9,695,62.2,59.3,65
2024-09-30,"SUB_ICB_LOC","04C","E38000097","NHS LEICESTER, LEICESTERSHIRE AND RUTLAND ICB - 04C",2352,3040,77.4,68.8,84.6,52138,4.5,4.3,4.7,11,1805,0.6,0.3,1.1,296,2494,11.9,10.7,13.2,1401,56.2,54.2,58.1
2024-09-30,"SUB_ICB_LOC","99A","E38000101","NHS CHESHIRE AND MERSEYSIDE ICB - 99A",3357,5060.7,66.3,59.1,72.4,86532,3.9,3.8,4,163,1482,11,9.5,12.7,413,3483,11.9,10.8,13,2370,68,66.5,69.6
2024-09-30,"SUB_ICB_LOC","06Q","E38000106","NHS MID AND SOUTH ESSEX ICB - 06Q",3604,5689.2,63.3,56.8,69.1,86419,4.2,4,4.3,125,1030,12.1,10.3,14.3,401,3702,10.8,9.9,11.9,2323,62.7,61.2,64.3
2024-09-30,"SUB_ICB_LOC","06T","E38000117","NHS SUFFOLK AND NORTH EAST ESSEX ICB - 06T",3833,5666.8,67.6,60.7,73.7,84352,4.5,4.4,4.7,132,999,13.2,11.3,15.5,624,3981,15.7,14.6,16.8,2596,65.2,63.7,66.7
2024-09-30,"SUB_ICB_LOC","03H","E38000119","NHS HUMBER AND NORTH YORKSHIRE ICB - 03H",1559,2326.7,67,59.6,73.5,36558,4.3,4.1,4.5,174,718,24.2,21.2,27.5,126,1656,7.6,6.4,9,973,58.8,56.4,61.1
2024-09-30,"SUB_ICB_LOC","03K","E38000122","NHS HUMBER AND NORTH YORKSHIRE ICB - 03K",1500,2568,58.4,51.9,64.1,40910,3.7,3.5,3.9,116,921,12.6,10.6,14.9,106,1595,6.6,5.5,8,769,48.2,45.8,50.7
2024-09-30,"SUB_ICB_LOC","05G","E38000126","NHS STAFFORDSHIRE AND STOKE-ON-TRENT ICB - 05G",2609,3519.2,74.1,66.3,80.8,53810,4.8,4.7,5,84,1234,6.8,5.5,8.4,283,2653,10.7,9.5,11.9,1660,62.6,60.7,64.4
2024-09-30,"SUB_ICB_LOC","99C","E38000127","NHS NORTH EAST AND NORTH CUMBRIA ICB - 99C",2060,2976.5,69.2,61.7,75.7,47756,4.3,4.1,4.5,48,1096,4.4,3.3,5.8,161,2124,7.6,6.5,8.8,1235,58.1,56,60.2
2024-09-30,"SUB_ICB_LOC","00L","E38000130","NHS NORTH EAST AND NORTH CUMBRIA ICB - 00L",3552,5556.5,63.9,57.2,69.7,89830,4,3.8,4.1,139,1303,10.7,9.1,12.5,215,3662,5.9,5.2,6.7,2356,64.3,62.8,65.9
2024-09-30,"SUB_ICB_LOC","00Y","E38000135","NHS GREATER MANCHESTER ICB - 00Y",1874,2541.8,73.7,65.6,80.7,41541,4.5,4.3,4.7,100,1022,9.8,8.1,11.8,128,1954,6.6,5.5,7.7,1282,65.6,63.5,67.7
2024-09-30,"SUB_ICB_LOC","10Q","E38000136","NHS BUCKINGHAMSHIRE, OXFORDSHIRE AND BERKSHIRE WEST ICB - 10Q",6093,9661.9,63.1,56.7,68.6,143757,4.2,4.1,4.3,86,782,11,9,13.4,547,6221,8.8,8.1,9.5,3940,63.3,62.1,64.5
2024-09-30,"SUB_ICB_LOC","10R","E38000137","NHS HAMPSHIRE AND ISLE OF WIGHT ICB - 10R",1538,2219.2,69.3,61.6,76,34975,4.4,4.2,4.6,5,722,0.7,0.3,1.6,172,1587,10.8,9.4,12.5,853,53.7,51.3,56.2
2024-09-30,"SUB_ICB_LOC","04Y","E38000028","NHS STAFFORDSHIRE AND STOKE-ON-TRENT ICB - 04Y",1419,1851.4,76.6,68.1,84.2,29188,4.9,4.6,5.1,102,343,29.7,25.1,34.8,141,1460,9.7,8.2,11.3,956,65.5,63,67.9
2024-09-30,"SUB_ICB_LOC","99F","E38000030","NHS MID AND SOUTH ESSEX ICB - 99F",2071,3063.6,67.6,60.5,74,44842,4.6,4.4,4.8,109,377,28.9,24.6,33.7,145,2121,6.8,5.8,8,1363,64.3,62.2,66.3
2024-09-30,"SUB_ICB_LOC","00X","E38000034","NHS LANCASHIRE AND SOUTH CUMBRIA ICB - 00X",1806,2532.3,71.3,63.5,78.1,40431,4.5,4.3,4.7,30,505,5.9,4.2,8.4,101,1856,5.4,4.5,6.6,1234,66.5,64.3,68.6
2024-09-30,"SUB_ICB_LOC","02X","E38000044","NHS SOUTH YORKSHIRE ICB - 02X",2749,3796.4,72.4,64.6,79.1,61466,4.5,4.3,4.6,110,1495,7.4,6.1,8.8,182,2867,6.3,5.5,7.3,1763,61.5,59.7,63.3
2024-09-30,"SUB_ICB_LOC","11J","E38000045","NHS DORSET ICB - 11J",8484,14514,58.5,52.7,63.5,209456,4.1,4,4.1,162,3739,4.3,3.7,5,668,8705,7.7,7.1,8.3,5564,63.9,62.9,64.9
2024-09-30,"SUB_ICB_LOC","06K","E38000049","NHS HERTFORDSHIRE AND WEST ESSEX ICB - 06K",4689,7484.6,62.6,56.3,68.1,110034,4.3,4.1,4.4,114,1437,7.9,6.6,9.4,375,4825,7.8,7,8.6,2964,61.4,60,62.8
2024-09-30,"SUB_ICB_LOC","01A","E38000050","NHS LANCASHIRE AND SOUTH CUMBRIA ICB - 01A",3029,4494.4,67.4,60.2,73.6,73817,4.1,4,4.2,173,1693,10.2,8.9,11.8,235,3143,7.5,6.6,8.4,2124,67.6,65.9,69.2
2024-09-30,"SUB_ICB_LOC","03W","E38000051","NHS LEICESTER, LEICESTERSHIRE AND RUTLAND ICB - 03W",3349,5482,61.1,54.8,66.6,82078,4.1,3.9,4.2,54,1095,4.9,3.8,6.4,325,3446,9.4,8.5,10.5,2254,65.4,63.8,67
2024-09-30,"SUB_ICB_LOC","02Y","E38000052","NHS HUMBER AND NORTH YORKSHIRE ICB - 02Y",3332,5580.3,59.7,53.5,65.1,86076,3.9,3.7,4,258,1357,19,17,21.2,247,3422,7.2,6.4,8.1,2188,63.9,62.3,65.5
2024-09-30,"SUB_ICB_LOC","05D","E38000053","NHS STAFFORDSHIRE AND STOKE-ON-TRENT ICB - 05D",1212,1946,62.3,55.2,68.5,30223,4,3.8,4.2,50,251,19.9,15.4,25.3,56,1252,4.5,3.5,5.8,845,67.5,64.8,70
2024-09-30,"SUB_ICB_LOC","11M","E38000062","NHS GLOUCESTERSHIRE ICB - 11M",6556,10000,65.6,58.9,71.2,151375,4.3,4.2,4.4,218,2217,9.8,8.7,11.1,598,6724,8.9,8.2,9.6,4340,64.5,63.4,65.7
2024-09-30,"SUB_ICB_LOC","01F","E38000068","NHS CHESHIRE AND MERSEYSIDE ICB - 01F",1000,1454.2,68.8,60.4,76,25669,3.9,3.7,4.1,81,347,23.3,19.2,28.1,80,1041,7.7,6.2,9.5,642,61.7,58.7,64.6
2024-09-30,"SUB_ICB_LOC","06N","E38000079","NHS HERTFORDSHIRE AND WEST ESSEX ICB - 06N",4873,7784.9,62.6,56.2,68.1,114805,4.2,4.1,4.4,204,542,37.6,33.7,41.8,492,5008,9.8,9,10.7,3122,62.3,61,63.7
2024-09-30,"SUB_ICB_LOC","01D","E38000080","NHS GREATER MANCHESTER ICB - 01D",1879,2379,79,70.2,86.5,40400,4.7,4.4,4.9,70,949,7.4,5.9,9.2,140,1968,7.1,6.1,8.3,1291,65.6,63.5,67.7
2024-09-30,"SUB_ICB_LOC","03F","E38000085","NHS HUMBER AND NORTH YORKSHIRE ICB - 03F",1934,2907.2,66.5,59.1,72.9,49230,3.9,3.8,4.1,179,945,18.9,16.6,21.6,214,2014,10.6,9.4,12,1253,62.2,60.1,64.3
2024-09-30,"ICB","QUA","E54000062","NHS BLACK COUNTRY INTEGRATED CARE BOARD",9570,14554.9,65.8,59.1,71.4,222005,4.3,4.2,4.4,305,4118,7.4,6.6,8.2,1079,9970,10.8,10.2,11.4,4839,48.5,47.6,49.5
2024-09-30,"ICB","QXU","E54000063","NHS SURREY HEARTLANDS ICB",10248,15113,67.8,61.1,73.6,215451,4.8,4.7,4.8,111,1201,9.2,7.7,11,1012,10434,9.7,9.1,10.3,6558,62.9,61.9,63.8
2024-09-30,"NHS_REGION","Y59","E40000005","SOUTH EAST",81351,128921.8,63.1,57,68.4,1917904,4.2,4.2,4.3,1789,18467,9.7,9.3,10.1,7594,83304,9.1,8.9,9.3,52321,62.8,62.5,63.1
2024-09-30,"NHS_REGION","Y58","E40000006","SOUTH WEST",55889,90766.2,61.6,55.5,66.8,1362843,4.1,4.1,4.1,1545,15237,10.1,9.7,10.6,4635,57315,8.1,7.9,8.3,35441,61.8,61.4,62.2
2024-09-30,"NHS_REGION","Y63","E40000012","NORTH EAST AND YORKSHIRE",75856,111679.1,67.9,61.2,73.6,1774743,4.3,4.2,4.3,4626,29764,15.5,15.1,16,5931,78640,7.5,7.4,7.7,50139,63.8,63.4,64.1
2024-09-30,"NHS_REGION","Y61","E40000013","EAST OF ENGLAND",58913,92100.1,64,57.7,69.3,1390782,4.2,4.2,4.3,2879,15852,18.2,17.6,18.8,6037,60711,9.9,9.7,10.2,38276,63,62.7,63.4
2024-09-30,"NHS_REGION","Y62","E40000014","NORTH WEST",62607,89017.6,70.3,63.3,76.3,1421478,4.4,4.4,4.4,2301,21965,10.5,10.1,10.9,5455,64714,8.4,8.2,8.6,42205,65.2,64.8,65.6
2024-09-30,"SUB_ICB_LOC","02P","E38000006","NHS SOUTH YORKSHIRE ICB - 02P",2314,3135.7,73.8,65.8,80.7,51637,4.5,4.3,4.7,72,654,11,8.8,13.6,83,2404,3.5,2.8,4.3,1574,65.5,63.6,67.3
2024-09-30,"SUB_ICB_LOC","99E","E38000007","NHS MID AND SOUTH ESSEX ICB - 99E",2175,3522.2,61.8,55.2,67.5,52499,4.1,4,4.3,144,897,16.1,13.8,18.6,205,2255,9.1,8,10.3,1395,61.9,59.8,63.8
2024-09-30,"SUB_ICB_LOC","02Q","E38000008","NHS NOTTINGHAM AND NOTTINGHAMSHIRE ICB - 02Q",1363,1768.2,77.1,68.5,84.7,27917,4.9,4.6,5.1,63,408,15.4,12.3,19.3,127,1410,9,7.6,10.6,843,59.8,57.2,62.3
2024-09-30,"SUB_ICB_LOC","00Q","E38000014","NHS LANCASHIRE AND SOUTH CUMBRIA ICB - 00Q",1057,1607,65.8,58,72.6,27143,3.9,3.7,4.1,44,523,8.4,6.3,11.1,92,1100,8.4,6.9,10.1,736,66.9,64.1,69.6
2024-09-30,"SUB_ICB_LOC","00R","E38000015","NHS LANCASHIRE AND SOUTH CUMBRIA ICB - 00R",1536,2202.7,69.7,62,76.5,34986,4.4,4.2,4.6,20,400,5,3.3,7.6,120,1601,7.5,6.3,8.9,943,58.9,56.5,61.3
2024-09-30,"SUB_ICB_LOC","00T","E38000016","NHS GREATER MANCHESTER ICB - 00T",2406,3337.2,72.1,64.3,78.9,54516,4.4,4.2,4.6,125,1123,11.1,9.4,13.1,186,2500,7.4,6.5,8.5,1809,72.4,70.6,74.1
2024-09-30,"SUB_ICB_LOC","00V","E38000024","NHS GREATER MANCHESTER ICB - 00V",1845,2424.8,76.1,67.8,83.3,38292,4.8,4.6,5,17,181,9.4,5.9,14.5,172,1910,9,7.8,10.4,1213,63.5,61.3,65.6
2024-09-30,"SUB_ICB_LOC","02T","E38000025","NHS WEST YORKSHIRE ICB - 02T",1788,2648.4,67.5,60.1,74,43247,4.1,4,4.3,84,1151,7.3,5.9,8.9,141,1860,7.6,6.5,8.9,1255,67.5,65.3,69.6
2024-09-30,"ICB","QRL","E54000042","NHS HAMPSHIRE AND ISLE OF WIGHT INTEGRATED CARE BOARD",17084,27446.4,62.2,56.1,67.5,409774,4.2,4.1,4.2,291,4767,6.1,5.5,6.8,1906,17501,10.9,10.4,11.4,10711,61.2,60.5,61.9
2024-09-30,"ICB","QR1","E54000043","NHS GLOUCESTERSHIRE INTEGRATED CARE BOARD",6556,10000,65.6,58.9,71.2,151375,4.3,4.2,4.4,218,2217,9.8,8.7,11.1,598,6724,8.9,8.2,9.6,4340,64.5,63.4,65.7
2024-09-30,"ICB","QU9","E54000044","NHS BUCKINGHAMSHIRE, OXFORDSHIRE AND BERKSHIRE WEST INTEGRATED CARE BOARD",14626,23391.8,62.5,56.3,67.8,350901,4.2,4.1,4.2,414,2550,16.2,14.9,17.7,1244,14930,8.3,7.9,8.8,9656,64.7,63.9,65.4
2024-09-30,"ICB","QE1","E54000048","NHS LANCASHIRE AND SOUTH CUMBRIA INTEGRATED CARE BOARD",16497,23795.6,69.3,62.4,75.2,375848,4.4,4.3,4.5,395,5081,7.8,7.1,8.5,1174,17041,6.9,6.5,7.3,10968,64.4,63.6,65.1
2024-09-30,"ICB","QHM","E54000050","NHS NORTH EAST AND NORTH CUMBRIA INTEGRATED CARE BOARD",28249,41153.7,68.6,61.7,74.4,663027,4.3,4.2,4.3,1442,9269,15.6,14.8,16.3,2104,29281,7.2,6.9,7.5,18204,62.2,61.6,62.7
2024-09-30,"ICB","QOQ","E54000051","NHS HUMBER AND NORTH YORKSHIRE INTEGRATED CARE BOARD",15628,26120,59.8,53.8,64.9,406823,3.8,3.8,3.9,1103,7346,15,14.2,15.9,1069,16163,6.6,6.2,7,10060,62.2,61.5,63
2024-09-30,"ICB","QWO","E54000054","NHS WEST YORKSHIRE INTEGRATED CARE BOARD",19389,27807.5,69.7,62.7,75.7,441968,4.4,4.3,4.4,1572,8670,18.1,17.3,19,1843,20102,9.2,8.8,9.6,13425,66.8,66.1,67.4
2024-09-30,"ICB","QHL","E54000055","NHS BIRMINGHAM AND SOLIHULL INTEGRATED CARE BOARD",9069,14615.4,62.1,55.8,67.4,223160,4.1,4,4.1,320,2652,12.1,10.9,13.4,982,9406,10.4,9.8,11.1,5954,63.3,62.3,64.3
2024-09-30,"ICB","QUE","E54000056","NHS CAMBRIDGESHIRE AND PETERBOROUGH INTEGRATED CARE BOARD",6763,11157.2,60.6,54.5,65.9,171455,3.9,3.9,4,259,1784,14.5,13,16.2,652,6976,9.3,8.7,10.1,4441,63.7,62.5,64.8
2024-09-30,"ICB","QOP","E54000057","NHS GREATER MANCHESTER INTEGRATED CARE BOARD",22686,30488.8,74.4,66.9,80.7,496414,4.6,4.5,4.6,795,8836,9,8.4,9.6,1620,23505,6.9,6.6,7.2,15802,67.2,66.6,67.8
2024-09-30,"ICB","QJ2","E54000058","NHS DERBY AND DERBYSHIRE INTEGRATED CARE BOARD",10272,14967.8,68.6,61.7,74.5,235216,4.4,4.3,4.5,683,2374,28.8,27,30.6,1011,10769,9.4,8.9,10,6429,59.7,58.8,60.6
2024-09-30,"ICB","QPM","E54000059","NHS NORTHAMPTONSHIRE INTEGRATED CARE BOARD",5929,9068.6,65.4,58.6,71.1,145198,4.1,4,4.2,196,2523,7.8,6.8,8.9,596,6087,9.8,9.1,10.6,3680,60.5,59.2,61.7
2024-09-30,"ICB","QT1","E54000060","NHS NOTTINGHAM AND NOTTINGHAMSHIRE INTEGRATED CARE BOARD",10457,14737.8,71,63.7,77.1,229432,4.6,4.5,4.6,226,2903,7.8,6.9,8.8,991,10917,9.1,8.6,9.6,7054,64.6,63.7,65.5
2024-09-30,"ICB","QF7","E54000061","NHS SOUTH YORKSHIRE INTEGRATED CARE BOARD",12590,16597.9,75.9,68.2,82.3,262925,4.8,4.7,4.9,509,4479,11.4,10.5,12.3,915,13094,7,6.6,7.4,8450,64.5,63.7,65.3
2024-09-30,"ICB","QH8","E54000026","NHS MID AND SOUTH ESSEX INTEGRATED CARE BOARD",11044,16362.5,67.5,60.7,73.3,246570,4.5,4.4,4.6,525,3142,16.7,15.4,18.1,1036,11381,9.1,8.6,9.6,7499,65.9,65,66.8
2024-09-30,"ICB","QRV","E54000027","NHS NORTH WEST LONDON INTEGRATED CARE BOARD",12869,19688.2,65.4,58.6,71,323081,4,3.9,4.1,704,6693,10.5,9.8,11.3,1138,13399,8.5,8,9,8222,61.4,60.5,62.2
2024-09-30,"ICB","QMJ","E54000028","NHS NORTH CENTRAL LONDON INTEGRATED CARE BOARD",8852,13131.6,67.4,60.5,73.2,210139,4.2,4.1,4.3,175,1558,11.2,9.8,12.9,789,9118,8.7,8.1,9.2,5341,58.6,57.6,59.6
2024-09-30,"ICB","QMF","E54000029","NHS NORTH EAST LONDON INTEGRATED CARE BOARD",8366,13595.1,61.5,55,66.9,229392,3.6,3.6,3.7,317,3583,8.8,8,9.8,782,8748,8.9,8.4,9.6,5757,65.8,64.8,66.8
2024-09-30,"ICB","QKK","E54000030","NHS SOUTH EAST LONDON INTEGRATED CARE BOARD",10877,15430.6,70.5,63.2,76.6,249158,4.4,4.3,4.4,447,3672,12.2,11.2,13.3,896,11287,7.9,7.5,8.5,6695,59.3,58.4,60.2
2024-09-30,"ICB","QWE","E54000031","NHS SOUTH WEST LONDON INTEGRATED CARE BOARD",10518,14476.3,72.7,65.3,79,228574,4.6,4.5,4.7,267,1869,14.3,12.8,15.9,1070,10890,9.8,9.3,10.4,6948,63.8,62.9,64.7
2024-09-30,"ICB","QKS","E54000032","NHS KENT AND MEDWAY INTEGRATED CARE BOARD",15535,25808,60.2,54.2,65.3,395397,3.9,3.9,4,378,3124,12.1,11,13.3,1382,16034,8.6,8.2,9.1,10032,62.6,61.8,63.3
2024-09-30,"ICB","QNQ","E54000034","NHS FRIMLEY INTEGRATED CARE BOARD",6109,8977.7,68,61.2,74,136050,4.5,4.4,4.6,227,1330,17.1,15.1,19.2,539,6253,8.6,7.9,9.3,3972,63.5,62.3,64.7
2024-09-30,"ICB","QT6","E54000036","NHS CORNWALL AND THE ISLES OF SCILLY INTEGRATED CARE BOARD",6061,9898,61.2,54.9,66.6,154057,3.9,3.8,4,215,1502,14.3,12.6,16.2,567,6179,9.2,8.5,9.9,3192,51.7,50.4,52.9
2024-09-30,"ICB","QJK","E54000037","NHS DEVON INTEGRATED CARE BOARD",12109,20545.6,58.9,53.1,64,308380,3.9,3.9,4,547,3266,16.7,15.5,18.1,1097,12400,8.8,8.4,9.4,7631,61.5,60.7,62.4
2024-09-30,"ICB","QSL","E54000038","NHS SOMERSET INTEGRATED CARE BOARD",5632,10038.3,56.1,50.4,61,151115,3.7,3.6,3.8,68,583,11.7,9.3,14.5,424,5791,7.3,6.7,8,3455,59.7,58.4,60.9
2024-09-30,"ICB","QUY","E54000039","NHS BRISTOL, NORTH SOMERSET AND SOUTH GLOUCESTERSHIRE INTEGRATED CARE BOARD",8600,11987.9,71.7,64.6,77.9,179372,4.8,4.7,4.9,36,946,3.8,2.8,5.2,675,8841,7.6,7.1,8.2,5780,65.4,64.4,66.4
2024-09-30,"ICB","QOX","E54000040","NHS BATH AND NORTH EAST SOMERSET, SWINDON AND WILTSHIRE INTEGRATED CARE BOARD",8447,13782.4,61.3,55.1,66.6,209088,4,4,4.1,299,2984,10,9,11.1,606,8675,7,6.5,7.5,5479,63.2,62.1,64.2
2024-09-30,"ICB","QVV","E54000041","NHS DORSET INTEGRATED CARE BOARD",8484,14514,58.5,52.7,63.5,209456,4.1,4,4.1,162,3739,4.3,3.7,5,668,8705,7.7,7.1,8.3,5564,63.9,62.9,64.9
2024-09-30,"ICB","QNX","E54000064","NHS SUSSEX ICB",17749,28184.9,63,56.8,68.3,410331,4.3,4.3,4.4,368,5495,6.7,6.1,7.4,1511,18152,8.3,7.9,8.7,11392,62.8,62.1,63.5
2024-09-30,"NHS_REGION","Y56","E40000003","LONDON",51482,76321.8,67.5,60.6,73.2,1240344,4.2,4.1,4.2,1910,17375,11,10.5,11.5,4675,53442,8.7,8.5,9,32963,61.7,61.3,62.1
2024-09-30,"NHS_REGION","Y60","E40000011","MIDLANDS",93988,144024.7,65.3,58.8,70.7,2229800,4.2,4.2,4.2,3450,30902,11.2,10.8,11.5,9237,97362,9.5,9.3,9.7,59060,60.7,60.4,61
2024-09-30,"SUB_ICB_LOC","09D","E38000021","NHS SUSSEX ICB - 09D",1876,2895.7,64.8,57.7,70.9,45208,4.1,4,4.3,84,433,19.4,16,23.4,123,1933,6.4,5.4,7.5,1176,60.8,58.6,63
2024-09-30,"SUB_ICB_LOC","15N","E38000230","NHS DEVON ICB - 15N",12109,20545.6,58.9,53.1,64,308380,3.9,3.9,4,547,3266,16.7,15.5,18.1,1097,12400,8.8,8.4,9.4,7631,61.5,60.7,62.4
2024-09-30,"SUB_ICB_LOC","97R","E38000235","NHS SUSSEX ICB - 97R",6396,10244.4,62.4,56.2,67.9,149216,4.3,4.2,4.4,131,2410,5.4,4.6,6.4,692,6540,10.6,9.9,11.3,4007,61.3,60.1,62.4
2024-09-30,"COUNTRY","ENG","E92000001","ENGLAND",480086,732831.3,65.5,59,71.1,11337894,4.2,4.2,4.2,18500,149562,12.4,12.2,12.5,43564,495488,8.8,8.7,8.9,310405,62.6,62.5,62.8
2024-09-30,"SUB_ICB_LOC","02H","E38000205","NHS GREATER MANCHESTER ICB - 02H",3017,4063.6,74.2,66.3,81.1,66928,4.5,4.4,4.7,126,2337,5.4,4.5,6.4,148,3099,4.8,4.1,5.6,2075,67,65.3,68.6
2024-09-30,"SUB_ICB_LOC","12F","E38000208","NHS CHESHIRE AND MERSEYSIDE ICB - 12F",3282,4900.3,67,60,73,75921,4.3,4.2,4.5,58,326,17.8,14,22.3,483,3395,14.2,13.1,15.4,2354,69.3,67.8,70.9
2024-09-30,"SUB_ICB_LOC","13T","E38000212","NHS NORTH EAST AND NORTH CUMBRIA ICB - 13T",4104,5626.2,72.9,65.3,79.5,88094,4.7,4.5,4.8,100,1680,6,4.9,7.2,357,4255,8.4,7.6,9.3,2691,63.2,61.8,64.7
2024-09-30,"SUB_ICB_LOC","01H","E38000215","NHS NORTH EAST AND NORTH CUMBRIA ICB - 01H",2969,5149.9,57.7,51.6,62.9,81483,3.6,3.5,3.8,199,565,35.2,31.4,39.2,273,3078,8.9,7.9,9.9,1877,61,59.2,62.7
2024-09-30,"SUB_ICB_LOC","14L","E38000217","NHS GREATER MANCHESTER ICB - 14L",2817,3805.5,74,65.8,80.9,67827,4.2,4,4.3,57,1352,4.2,3.3,5.4,226,2950,7.7,6.8,8.7,1868,63.3,61.6,65
2024-09-30,"SUB_ICB_LOC","15A","E38000221","NHS BUCKINGHAMSHIRE, OXFORDSHIRE AND BERKSHIRE WEST ICB - 15A",4018,6105.7,65.8,59,71.7,94179,4.3,4.1,4.4,194,721,26.9,23.8,30.3,341,4114,8.3,7.5,9.2,2645,64.3,62.8,65.7
2024-09-30,"SUB_ICB_LOC","15C","E38000222","NHS BRISTOL, NORTH SOMERSET AND SOUTH GLOUCESTERSHIRE ICB - 15C",8600,11987.9,71.7,64.6,77.9,179372,4.8,4.7,4.9,36,946,3.8,2.8,5.2,675,8841,7.6,7.1,8.2,5780,65.4,64.4,66.4
2024-09-30,"SUB_ICB_LOC","14Y","E38000223","NHS BUCKINGHAMSHIRE, OXFORDSHIRE AND BERKSHIRE WEST ICB - 14Y",4515,7624.2,59.2,53.2,64.5,112965,4,3.9,4.1,134,1047,12.8,10.9,15,356,4595,7.7,7,8.6,3071,66.8,65.5,68.2
2024-09-30,"SUB_ICB_LOC","15F","E38000225","NHS WEST YORKSHIRE ICB - 15F",6619,8991.8,73.6,66.1,80,139632,4.7,4.6,4.9,591,2171,27.2,25.4,29.1,382,6819,5.6,5.1,6.2,4661,68.4,67.2,69.4
2024-09-30,"SUB_ICB_LOC","02M","E38000226","NHS LANCASHIRE AND SOUTH CUMBRIA ICB - 02M",2338,3562.5,65.6,58.7,71.7,53419,4.4,4.2,4.6,18,489,3.7,2.3,5.7,118,2403,4.9,4.1,5.8,1520,63.3,61.3,65.2
2024-09-30,"SUB_ICB_LOC","01E","E38000227","NHS LANCASHIRE AND SOUTH CUMBRIA ICB - 01E",1785,2360.6,75.6,67.3,82.8,37575,4.8,4.5,5,34,594,5.7,4.1,7.9,142,1837,7.7,6.6,9,1311,71.4,69.3,73.4
2024-09-30,"SUB_ICB_LOC","01K","E38000228","NHS LANCASHIRE AND SOUTH CUMBRIA ICB - 01K",3756,5325.2,70.5,63.2,76.8,82058,4.6,4.4,4.7,55,589,9.3,7.2,12,275,3882,7.1,6.3,7.9,2419,62.3,60.8,63.8
2024-09-30,"SUB_ICB_LOC","92G","E38000231","NHS BATH AND NORTH EAST SOMERSET, SWINDON AND WILTSHIRE ICB - 92G",8447,13782.4,61.3,55.1,66.6,209088,4,4,4.1,299,2984,10,9,11.1,606,8675,7,6.5,7.5,5479,63.2,62.1,64.2
2024-09-30,"SUB_ICB_LOC","36J","E38000232","NHS WEST YORKSHIRE ICB - 36J",4855,6663.2,72.9,65.3,79.3,105725,4.6,4.5,4.7,356,1905,18.7,17,20.5,720,5027,14.3,13.4,15.3,3280,65.2,63.9,66.6
2024-09-30,"SUB_ICB_LOC","27D","E38000233","NHS CHESHIRE AND MERSEYSIDE ICB - 27D",7899,11743.9,67.3,60.5,73,178661,4.4,4.3,4.5,219,1486,14.7,13,16.6,865,8121,10.7,10,11.3,4945,60.9,59.8,61.9
2024-09-30,"SUB_ICB_LOC","84H","E38000234","NHS NORTH EAST AND NORTH CUMBRIA ICB - 84H",5270,7408.3,71.1,63.7,77.4,121694,4.3,4.2,4.4,292,1551,18.8,17,20.8,359,5497,6.5,5.9,7.2,3313,60.3,59,61.6
2024-09-30,"SUB_ICB_LOC","18C","E38000236","NHS HEREFORDSHIRE AND WORCESTERSHIRE ICB - 18C",7089,12967.6,54.7,49.2,59.4,197536,3.6,3.5,3.7,148,1933,7.7,6.6,8.9,775,7293,10.6,9.9,11.4,4923,67.5,66.4,68.6
2024-09-30,"SUB_ICB_LOC","91Q","E38000237","NHS KENT AND MEDWAY ICB - 91Q",15535,25808,60.2,54.2,65.3,395397,3.9,3.9,4,378,3124,12.1,11,13.3,1382,16034,8.6,8.2,9.1,10032,62.6,61.8,63.3
2024-09-30,"SUB_ICB_LOC","71E","E38000238","NHS LINCOLNSHIRE ICB - 71E",8562,12584.8,68,61.2,73.9,195199,4.4,4.3,4.5,560,3053,18.3,17,19.8,721,8875,8.1,7.6,8.7,5323,60,59,61
2024-09-30,"SUB_ICB_LOC","26A","E38000239","NHS NORFOLK AND WAVENEY ICB - 26A",11265,18138.3,62.1,55.9,67.4,270501,4.2,4.1,4.2,504,2867,17.6,16.2,19,1319,11579,11.4,10.8,12,7037,60.8,59.9,61.7
2024-09-30,"SUB_ICB_LOC","93C","E38000240","NHS NORTH CENTRAL LONDON ICB - 93C",8852,13131.6,67.4,60.5,73.2,210139,4.2,4.1,4.3,175,1558,11.2,9.8,12.9,789,9118,8.7,8.1,9.2,5341,58.6,57.6,59.6
2024-09-30,"SUB_ICB_LOC","42D","E38000241","NHS HUMBER AND NORTH YORKSHIRE ICB - 42D",5570,9455.1,58.9,52.9,64,145130,3.8,3.7,3.9,320,2210,14.5,13.1,16,289,5695,5.1,4.5,5.7,3752,65.9,64.6,67.1
2024-09-30,"SUB_ICB_LOC","52R","E38000243","NHS NOTTINGHAM AND NOTTINGHAMSHIRE ICB - 52R",9094,12969.7,70.1,63.1,76.2,201515,4.5,4.4,4.6,163,2495,6.5,5.6,7.6,864,9507,9.1,8.5,9.7,6211,65.3,64.4,66.3
2024-09-30,"SUB_ICB_LOC","72Q","E38000244","NHS SOUTH EAST LONDON ICB - 72Q",10877,15430.6,70.5,63.2,76.6,249158,4.4,4.3,4.4,447,3672,12.2,11.2,13.3,896,11287,7.9,7.5,8.5,6695,59.3,58.4,60.2
2024-09-30,"SUB_ICB_LOC","36L","E38000245","NHS SOUTH WEST LONDON ICB - 36L",10518,14476.3,72.7,65.3,79,228574,4.6,4.5,4.7,267,1869,14.3,12.8,15.9,1070,10890,9.8,9.3,10.4,6948,63.8,62.9,64.7
2024-09-30,"SUB_ICB_LOC","16C","E38000247","NHS NORTH EAST AND NORTH CUMBRIA ICB - 16C",6347,8720.7,72.8,65.2,79.2,141515,4.5,4.4,4.6,480,1912,25.1,23.2,27.1,384,6593,5.8,5.3,6.4,4249,64.4,63.3,65.6
2024-09-30,"SUB_ICB_LOC","M1J4Y","E38000249","NHS BEDFORDSHIRE, LUTON AND MILTON KEYNES ICB - M1J4Y",7332,10566.5,69.4,62.2,75.4,169567,4.3,4.2,4.4,373,2543,14.7,13.3,16.1,730,7618,9.6,8.9,10.3,4605,60.4,59.3,61.5
2024-09-30,"SUB_ICB_LOC","B2M3M","E38000251","NHS COVENTRY AND WARWICKSHIRE ICB - B2M3M",7236,12565,57.6,51.8,62.6,190685,3.8,3.7,3.9,289,2417,12,10.7,13.3,843,7472,11.3,10.6,12,4456,59.6,58.5,60.7
2024-09-30,"SUB_ICB_LOC","D4U1Y","E38000252","NHS FRIMLEY ICB - D4U1Y",6109,8977.7,68,61.2,74,136050,4.5,4.4,4.6,227,1330,17.1,15.1,19.2,539,6253,8.6,7.9,9.3,3972,63.5,62.3,64.7
2024-09-30,"SUB_ICB_LOC","D9Y0V","E38000253","NHS HAMPSHIRE AND ISLE OF WIGHT ICB - D9Y0V",15546,25227.2,61.6,55.5,66.8,374799,4.1,4.1,4.2,286,4045,7.1,6.3,7.9,1734,15914,10.9,10.4,11.4,9858,61.9,61.2,62.7
2024-09-30,"SUB_ICB_LOC","X2C4Y","E38000254","NHS WEST YORKSHIRE ICB - X2C4Y",3200,5005.4,63.9,57.2,69.7,80077,4,3.9,4.1,216,2009,10.8,9.5,12.2,304,3340,9.1,8.2,10.1,2093,62.7,61,64.3
2024-09-30,"SUB_ICB_LOC","A3A8R","E38000255","NHS NORTH EAST LONDON ICB - A3A8R",8366,13595.1,61.5,55,66.9,229392,3.6,3.6,3.7,317,3583,8.8,8,9.8,782,8748,8.9,8.4,9.6,5757,65.8,64.8,66.8
2024-09-30,"SUB_ICB_LOC","W2U3Z","E38000256","NHS NORTH WEST LONDON ICB - W2U3Z",12869,19688.2,65.4,58.6,71,323081,4,3.9,4.1,704,6693,10.5,9.8,11.3,1138,13399,8.5,8,9,8222,61.4,60.5,62.2
2024-09-30,"SUB_ICB_LOC","M2L0M","E38000257","NHS SHROPSHIRE, TELFORD AND WREKIN ICB - M2L0M",4861,7923.2,61.4,55.1,66.8,122241,4,3.9,4.1,90,767,11.7,9.6,14.2,392,4998,7.8,7.1,8.6,2917,58.4,57,59.7
2024-09-30,"SUB_ICB_LOC","15E","E38000258","NHS BIRMINGHAM AND SOLIHULL ICB - 15E",9069,14615.4,62.1,55.8,67.4,223160,4.1,4,4.1,320,2652,12.1,10.9,13.4,982,9406,10.4,9.8,11.1,5954,63.3,62.3,64.3
2024-09-30,"SUB_ICB_LOC","70F","E38000265","NHS SUSSEX ICB - 70F",9477,15044.8,63,56.8,68.4,215907,4.4,4.3,4.5,153,2652,5.8,4.9,6.7,696,9679,7.2,6.7,7.7,6209,64.1,63.2,65.1
2024-09-30,"SUB_ICB_LOC","D2P2L","E38000259","NHS BLACK COUNTRY ICB - D2P2L",9570,14554.9,65.8,59.1,71.4,222005,4.3,4.2,4.4,305,4118,7.4,6.6,8.2,1079,9970,10.8,10.2,11.4,4839,48.5,47.6,49.5
2024-09-30,"SUB_ICB_LOC","06H","E38000260","NHS CAMBRIDGESHIRE AND PETERBOROUGH ICB - 06H",6763,11157.2,60.6,54.5,65.9,171455,3.9,3.9,4,259,1784,14.5,13,16.2,652,6976,9.3,8.7,10.1,4441,63.7,62.5,64.8
2024-09-30,"SUB_ICB_LOC","15M","E38000261","NHS DERBY AND DERBYSHIRE ICB - 15M",10272,14967.8,68.6,61.7,74.5,235216,4.4,4.3,4.5,683,2374,28.8,27,30.6,1011,10769,9.4,8.9,10,6429,59.7,58.8,60.6
2024-09-30,"SUB_ICB_LOC","78H","E38000262","NHS NORTHAMPTONSHIRE ICB - 78H",5929,9068.6,65.4,58.6,71.1,145198,4.1,4,4.2,196,2523,7.8,6.8,8.9,596,6087,9.8,9.1,10.6,3680,60.5,59.2,61.7
2024-09-30,"SUB_ICB_LOC","01Y","E38000263","NHS GREATER MANCHESTER ICB - 01Y",1718,2360.6,72.8,64.6,79.8,39359,4.4,4.2,4.6,77,372,20.7,16.9,25.1,166,1784,9.3,8,10.7,1415,79.3,77.4,81.1
2024-09-30,"SUB_ICB_LOC","92A","E38000264","NHS SURREY HEARTLANDS ICB - 92A",10248,15113,67.8,61.1,73.6,215451,4.8,4.7,4.8,111,1201,9.2,7.7,11,1012,10434,9.7,9.1,10.3,6558,62.9,61.9,63.8
2024-09-30,"ICB","QYG","E54000008","NHS CHESHIRE AND MERSEYSIDE INTEGRATED CARE BOARD",23424,34733.2,67.4,60.7,73.1,549216,4.3,4.2,4.3,1111,8048,13.8,13.1,14.6,2661,24168,11,10.6,11.4,15435,63.9,63.3,64.5
2024-09-30,"ICB","QNC","E54000010","NHS STAFFORDSHIRE AND STOKE-ON-TRENT INTEGRATED CARE BOARD",11980,16198.2,74,66.5,80.2,250678,4.8,4.7,4.9,455,4315,10.5,9.7,11.5,943,12288,7.7,7.2,8.2,7808,63.5,62.7,64.4
2024-09-30,"ICB","QOC","E54000011","NHS SHROPSHIRE, TELFORD AND WREKIN INTEGRATED CARE BOARD",4861,7923.2,61.4,55.1,66.8,122241,4,3.9,4.1,90,767,11.7,9.6,14.2,392,4998,7.8,7.1,8.6,2917,58.4,57,59.7
2024-09-30,"ICB","QJM","E54000013","NHS LINCOLNSHIRE INTEGRATED CARE BOARD",8562,12584.8,68,61.2,73.9,195199,4.4,4.3,4.5,560,3053,18.3,17,19.8,721,8875,8.1,7.6,8.7,5323,60,59,61
2024-09-30,"ICB","QK1","E54000015","NHS LEICESTER, LEICESTERSHIRE AND RUTLAND INTEGRATED CARE BOARD",8963,13841.4,64.8,58.1,70.3,218450,4.1,4,4.2,178,3847,4.6,4,5.3,904,9287,9.7,9.1,10.4,5677,61.1,60.1,62.1
2024-09-30,"ICB","QWU","E54000018","NHS COVENTRY AND WARWICKSHIRE INTEGRATED CARE BOARD",7236,12565,57.6,51.8,62.6,190685,3.8,3.7,3.9,289,2417,12,10.7,13.3,843,7472,11.3,10.6,12,4456,59.6,58.5,60.7
2024-09-30,"ICB","QGH","E54000019","NHS HEREFORDSHIRE AND WORCESTERSHIRE INTEGRATED CARE BOARD",7089,12967.6,54.7,49.2,59.4,197536,3.6,3.5,3.7,148,1933,7.7,6.6,8.9,775,7293,10.6,9.9,11.4,4923,67.5,66.4,68.6
2024-09-30,"ICB","QMM","E54000022","NHS NORFOLK AND WAVENEY INTEGRATED CARE BOARD",11265,18138.3,62.1,55.9,67.4,270501,4.2,4.1,4.2,504,2867,17.6,16.2,19,1319,11579,11.4,10.8,12,7037,60.8,59.9,61.7
2024-09-30,"ICB","QJG","E54000023","NHS SUFFOLK AND NORTH EAST ESSEX INTEGRATED CARE BOARD",9948,16487.8,60.3,54.3,65.5,246640,4,4,4.1,863,2890,29.9,28.2,31.6,1195,10239,11.7,11.1,12.3,6776,66.2,65.3,67.1
2024-09-30,"ICB","QHG","E54000024","NHS BEDFORDSHIRE, LUTON AND MILTON KEYNES INTEGRATED CARE BOARD",7332,10566.5,69.4,62.2,75.4,169567,4.3,4.2,4.4,373,2543,14.7,13.3,16.1,730,7618,9.6,8.9,10.3,4605,60.4,59.3,61.5
2024-09-30,"ICB","QM7","E54000025","NHS HERTFORDSHIRE AND WEST ESSEX INTEGRATED CARE BOARD",12561,19387.8,64.8,58.4,70.3,286049,4.4,4.3,4.5,355,2626,13.5,12.3,14.9,1105,12918,8.6,8.1,9,7918,61.3,60.5,62.1
2024-09-30,"SUB_ICB_LOC","07K","E38000204","NHS SUFFOLK AND NORTH EAST ESSEX ICB - 07K",2396,4393.3,54.5,48.8,59.6,65980,3.6,3.5,3.8,183,536,34.1,30.3,38.3,258,2443,10.6,9.4,11.8,1505,61.6,59.7,63.5
2024-10-31,"SUB_ICB_LOC","01V","E38000170","NHS CHESHIRE AND MERSEYSIDE ICB - 01V",1866,2428.5,76.8,68.6,84.1,34609,5.4,5.2,5.6,215,1437,15,13.2,16.9,192,1912,10,8.8,11.5,1254,65.6,63.4,67.7
2024-10-31,"SUB_ICB_LOC","01X","E38000172","NHS CHESHIRE AND MERSEYSIDE ICB - 01X",1789,2634.3,67.9,60.4,74.4,41855,4.3,4.1,4.5,94,722,13,10.8,15.7,142,1853,7.7,6.5,9,1177,63.5,61.3,65.7
2024-10-31,"SUB_ICB_LOC","05V","E38000173","NHS STAFFORDSHIRE AND STOKE-ON-TRENT ICB - 05V",1473,2394.2,61.5,54.7,67.5,36280,4.1,3.9,4.3,82,615,13.3,10.9,16.2,83,1508,5.5,4.5,6.8,813,53.9,51.4,56.4
2024-10-31,"SUB_ICB_LOC","01W","E38000174","NHS GREATER MANCHESTER ICB - 01W",3282,4264.6,77,69,83.9,63867,5.1,5,5.3,44,673,6.5,4.9,8.7,232,3372,6.9,6.1,7.8,2196,65.1,63.5,66.7
2024-10-31,"SUB_ICB_LOC","05W","E38000175","NHS STAFFORDSHIRE AND STOKE-ON-TRENT ICB - 05W",3073,3274.2,93.9,84,102.4,51685,5.9,5.7,6.2,97,1612,6,5,7.3,264,3160,8.4,7.4,9.4,2051,64.9,63.2,66.6
2024-10-31,"SUB_ICB_LOC","00P","E38000176","NHS NORTH EAST AND NORTH CUMBRIA ICB - 00P",2456,3668.7,66.9,59.8,73.1,59483,4.1,4,4.3,135,749,18,15.4,20.9,252,2534,9.9,8.8,11.2,1505,59.4,57.5,61.3
2024-10-31,"SUB_ICB_LOC","07G","E38000185","NHS MID AND SOUTH ESSEX ICB - 07G",1070,1601.9,66.8,59,73.7,26020,4.1,3.9,4.4,70,582,12,9.6,14.9,127,1110,11.4,9.7,13.4,794,71.5,68.8,74.1
2024-10-31,"SUB_ICB_LOC","02A","E38000187","NHS GREATER MANCHESTER ICB - 02A",1901,2909.7,65.3,58.3,71.5,43926,4.3,4.1,4.5,118,541,21.8,18.5,25.5,106,1951,5.4,4.5,6.5,1173,60.1,57.9,62.3
2024-10-31,"SUB_ICB_LOC","03Q","E38000188","NHS HUMBER AND NORTH YORKSHIRE ICB - 03Q",1762,3287.1,53.6,47.8,58.6,48945,3.6,3.4,3.8,76,1407,5.4,4.3,6.7,90,1812,5,4.1,6.1,1122,61.9,59.7,64.1
2024-10-31,"SUB_ICB_LOC","03R","E38000190","NHS WEST YORKSHIRE ICB - 03R",2961,4504.5,65.7,58.7,71.8,73398,4,3.9,4.2,382,1663,23,21,25.1,300,3091,9.7,8.7,10.8,2148,69.5,67.8,71.1
2024-10-31,"SUB_ICB_LOC","02E","E38000194","NHS CHESHIRE AND MERSEYSIDE ICB - 02E",2012,2780.2,72.4,64.5,79.2,43853,4.6,4.4,4.8,109,1248,8.7,7.3,10.4,273,2073,13.2,11.8,14.7,1227,59.2,57.1,61.3
2024-10-31,"SUB_ICB_LOC","07H","E38000197","NHS HERTFORDSHIRE AND WEST ESSEX ICB - 07H",3010,4122.7,73,65.4,79.6,61298,4.9,4.7,5.1,49,764,6.4,4.9,8.4,215,3097,6.9,6.1,7.9,1835,59.3,57.5,61
2024-10-31,"SUB_ICB_LOC","02G","E38000200","NHS LANCASHIRE AND SOUTH CUMBRIA ICB - 02G",1198,1715.1,69.9,61.9,76.9,26473,4.5,4.3,4.8,21,346,6.1,4,9.1,89,1227,7.3,5.9,8.8,679,55.3,52.5,58.1
2024-10-31,"SUB_ICB_LOC","04V","E38000201","NHS LEICESTER, LEICESTERSHIRE AND RUTLAND ICB - 04V",3293,5334,61.7,55.2,67.3,84337,3.9,3.8,4,126,1081,11.7,9.9,13.7,281,3380,8.3,7.4,9.3,2002,59.2,57.6,60.9
2024-10-31,"SUB_ICB_LOC","07K","E38000204","NHS SUFFOLK AND NORTH EAST ESSEX ICB - 07K",2396,4398.2,54.5,48.7,59.6,66060,3.6,3.5,3.8,226,621,36.4,32.7,40.2,251,2445,10.3,9.1,11.5,1491,61,59,62.9
2024-10-31,"SUB_ICB_LOC","02H","E38000205","NHS GREATER MANCHESTER ICB - 02H",3039,4070.8,74.7,66.7,81.5,66989,4.5,4.4,4.7,155,2722,5.7,4.9,6.6,138,3120,4.4,3.8,5.2,2067,66.2,64.6,67.9
2024-10-31,"SUB_ICB_LOC","12F","E38000208","NHS CHESHIRE AND MERSEYSIDE ICB - 12F",3292,4903,67.1,60.2,73.2,76011,4.3,4.2,4.5,70,389,18,14.5,22.1,474,3407,13.9,12.8,15.1,2360,69.3,67.7,70.8
2024-10-31,"SUB_ICB_LOC","13T","E38000212","NHS NORTH EAST AND NORTH CUMBRIA ICB - 13T",4132,5631.3,73.4,65.8,79.9,88200,4.7,4.5,4.8,110,1945,5.7,4.7,6.8,361,4279,8.4,7.6,9.3,2660,62.2,60.7,63.6
2024-10-31,"SUB_ICB_LOC","01H","E38000215","NHS NORTH EAST AND NORTH CUMBRIA ICB - 01H",2985,5157.3,57.9,51.8,63.1,81608,3.7,3.5,3.8,243,679,35.8,32.3,39.5,280,3096,9,8.1,10.1,1875,60.6,58.8,62.3
2024-10-31,"SUB_ICB_LOC","14L","E38000217","NHS GREATER MANCHESTER ICB - 14L",2837,3804.1,74.6,66.3,81.5,67881,4.2,4,4.3,72,1606,4.5,3.6,5.6,233,2976,7.8,6.9,8.8,1885,63.3,61.6,65.1
2024-10-31,"SUB_ICB_LOC","15A","E38000221","NHS BUCKINGHAMSHIRE, OXFORDSHIRE AND BERKSHIRE WEST ICB - 15A",4034,6118.9,65.9,59.1,71.8,94346,4.3,4.1,4.4,238,859,27.7,24.8,30.8,347,4133,8.4,7.6,9.3,2654,64.2,62.7,65.7
2024-10-31,"SUB_ICB_LOC","15C","E38000222","NHS BRISTOL, NORTH SOMERSET AND SOUTH GLOUCESTERSHIRE ICB - 15C",8441,12005.7,70.3,63.3,76.4,179632,4.7,4.6,4.8,43,1113,3.9,2.9,5.2,650,8673,7.5,7,8.1,5717,65.9,64.9,66.9
2024-10-31,"SUB_ICB_LOC","14Y","E38000223","NHS BUCKINGHAMSHIRE, OXFORDSHIRE AND BERKSHIRE WEST ICB - 14Y",4518,7640.2,59.1,53.1,64.4,113058,4,3.9,4.1,164,1238,13.2,11.5,15.2,356,4598,7.7,7,8.6,2999,65.2,63.8,66.6
2024-10-31,"SUB_ICB_LOC","15F","E38000225","NHS WEST YORKSHIRE ICB - 15F",6654,9004,73.9,66.4,80.4,139728,4.8,4.7,4.9,709,2505,28.3,26.6,30.1,402,6855,5.9,5.3,6.4,4731,69,67.9,70.1
2024-10-31,"SUB_ICB_LOC","02M","E38000226","NHS LANCASHIRE AND SOUTH CUMBRIA ICB - 02M",2327,3567.5,65.2,58.3,71.2,53533,4.3,4.2,4.5,22,574,3.8,2.5,5.7,122,2393,5.1,4.3,6.1,1467,61.3,59.3,63.2
2024-10-31,"SUB_ICB_LOC","01E","E38000227","NHS LANCASHIRE AND SOUTH CUMBRIA ICB - 01E",1796,2362.8,76,67.7,83.3,37587,4.8,4.6,5,37,692,5.3,3.9,7.3,137,1846,7.4,6.3,8.7,1326,71.8,69.7,73.8
2024-10-31,"SUB_ICB_LOC","01K","E38000228","NHS LANCASHIRE AND SOUTH CUMBRIA ICB - 01K",3747,5331.4,70.3,63,76.5,82178,4.6,4.4,4.7,70,671,10.4,8.3,13,275,3871,7.1,6.3,8,2366,61.1,59.6,62.6
2024-10-31,"SUB_ICB_LOC","92G","E38000231","NHS BATH AND NORTH EAST SOMERSET, SWINDON AND WILTSHIRE ICB - 92G",8490,13805.8,61.5,55.3,66.8,209430,4.1,4,4.1,353,3460,10.2,9.2,11.3,610,8721,7,6.5,7.5,5523,63.3,62.3,64.3
2024-10-31,"SUB_ICB_LOC","36J","E38000232","NHS WEST YORKSHIRE ICB - 36J",4879,6677.5,73.1,65.5,79.5,105885,4.6,4.5,4.7,433,2196,19.7,18.1,21.4,727,5058,14.4,13.4,15.4,3310,65.4,64.1,66.7
2024-10-31,"SUB_ICB_LOC","27D","E38000233","NHS CHESHIRE AND MERSEYSIDE ICB - 27D",7931,11771.2,67.4,60.6,73.2,178988,4.4,4.3,4.5,240,1739,13.8,12.3,15.5,884,8151,10.8,10.2,11.5,4851,59.5,58.4,60.6
2024-10-31,"SUB_ICB_LOC","84H","E38000234","NHS NORTH EAST AND NORTH CUMBRIA ICB - 84H",5291,7424.5,71.3,63.9,77.6,121905,4.3,4.2,4.5,349,1820,19.2,17.4,21,367,5518,6.7,6,7.3,3298,59.8,58.5,61.1
2024-10-31,"SUB_ICB_LOC","18C","E38000236","NHS HEREFORDSHIRE AND WORCESTERSHIRE ICB - 18C",7140,12989.4,55,49.4,59.7,197744,3.6,3.5,3.7,171,2249,7.6,6.6,8.8,792,7346,10.8,10.1,11.5,4906,66.8,65.7,67.9
2024-10-31,"SUB_ICB_LOC","91Q","E38000237","NHS KENT AND MEDWAY ICB - 91Q",15596,25863.4,60.3,54.3,65.4,395951,3.9,3.9,4,437,3678,11.9,10.9,13,1419,16091,8.8,8.4,9.3,10021,62.3,61.5,63
2024-10-31,"SUB_ICB_LOC","71E","E38000238","NHS LINCOLNSHIRE ICB - 71E",8610,12615.3,68.3,61.4,74.1,195483,4.4,4.3,4.5,654,3536,18.5,17.3,19.8,727,8914,8.2,7.6,8.7,5524,62,61,63
2024-10-31,"SUB_ICB_LOC","26A","E38000239","NHS NORFOLK AND WAVENEY ICB - 26A",11283,18171.4,62.1,55.9,67.4,270799,4.2,4.1,4.2,592,3346,17.7,16.4,19,1349,11594,11.6,11.1,12.2,7204,62.1,61.2,63
2024-10-31,"SUB_ICB_LOC","93C","E38000240","NHS NORTH CENTRAL LONDON ICB - 93C",8865,13168.7,67.3,60.4,73.1,210755,4.2,4.1,4.3,203,1817,11.2,9.8,12.7,786,9132,8.6,8,9.2,5351,58.6,57.6,59.6
2024-10-31,"SUB_ICB_LOC","42D","E38000241","NHS HUMBER AND NORTH YORKSHIRE ICB - 42D",5577,9481.8,58.8,52.8,64,145437,3.8,3.7,3.9,370,2543,14.5,13.2,16,296,5700,5.2,4.6,5.8,3757,65.9,64.7,67.1
2024-10-31,"SUB_ICB_LOC","52R","E38000243","NHS NOTTINGHAM AND NOTTINGHAMSHIRE ICB - 52R",9096,12980.8,70.1,63,76.2,201717,4.5,4.4,4.6,187,2830,6.6,5.8,7.6,874,9505,9.2,8.6,9.8,6188,65.1,64.1,66.1
2024-10-31,"SUB_ICB_LOC","72Q","E38000244","NHS SOUTH EAST LONDON ICB - 72Q",10802,15412.8,70.1,62.8,76.1,249443,4.3,4.3,4.4,540,4341,12.4,11.5,13.5,898,11207,8,7.5,8.5,6556,58.5,57.6,59.4
2024-10-31,"SUB_ICB_LOC","36L","E38000245","NHS SOUTH WEST LONDON ICB - 36L",10622,14508.6,73.2,65.8,79.4,229140,4.6,4.6,4.7,329,2226,14.8,13.4,16.3,1071,10999,9.7,9.2,10.3,6802,61.8,60.9,62.7
2024-10-31,"SUB_ICB_LOC","16C","E38000247","NHS NORTH EAST AND NORTH CUMBRIA ICB - 16C",6392,8734.4,73.2,65.7,79.6,141725,4.5,4.4,4.6,586,2235,26.2,24.4,28.1,387,6643,5.8,5.3,6.4,4191,63.1,61.9,64.2
2024-10-31,"SUB_ICB_LOC","M1J4Y","E38000249","NHS BEDFORDSHIRE, LUTON AND MILTON KEYNES ICB - M1J4Y",7369,10586.1,69.6,62.5,75.7,169854,4.3,4.2,4.4,446,3179,14,12.9,15.3,719,7659,9.4,8.8,10.1,4685,61.2,60.1,62.3
2024-10-31,"SUB_ICB_LOC","B2M3M","E38000251","NHS COVENTRY AND WARWICKSHIRE ICB - B2M3M",7249,12581.6,57.6,51.8,62.6,190831,3.8,3.7,3.9,334,2787,12,10.8,13.2,843,7491,11.3,10.6,12,4359,58.2,57.1,59.3
2024-10-31,"SUB_ICB_LOC","D4U1Y","E38000252","NHS FRIMLEY ICB - D4U1Y",6134,8983.1,68.3,61.4,74.3,136197,4.5,4.4,4.6,260,1666,15.6,13.9,17.4,527,6280,8.4,7.7,9.1,4064,64.7,63.5,65.9
2024-10-31,"SUB_ICB_LOC","D9Y0V","E38000253","NHS HAMPSHIRE AND ISLE OF WIGHT ICB - D9Y0V",15604,25288.7,61.7,55.6,66.9,375342,4.2,4.1,4.2,344,4776,7.2,6.5,8,1724,15972,10.8,10.3,11.3,9776,61.2,60.4,62
2024-10-31,"SUB_ICB_LOC","X2C4Y","E38000254","NHS WEST YORKSHIRE ICB - X2C4Y",3231,5013.6,64.4,57.7,70.3,80154,4,3.9,4.2,261,2345,11.1,9.9,12.5,308,3371,9.1,8.2,10.2,2118,62.8,61.2,64.4
2024-10-31,"SUB_ICB_LOC","A3A8R","E38000255","NHS NORTH EAST LONDON ICB - A3A8R",8416,13616.3,61.8,55.3,67.2,230016,3.7,3.6,3.7,397,4463,8.9,8.1,9.8,783,8806,8.9,8.3,9.5,5704,64.8,63.8,65.8
2024-10-31,"SUB_ICB_LOC","W2U3Z","E38000256","NHS NORTH WEST LONDON ICB - W2U3Z",12894,19730.3,65.4,58.6,70.9,323863,4,3.9,4,846,7749,10.9,10.2,11.6,1139,13424,8.5,8,9,8167,60.8,60,61.7
2024-10-31,"SUB_ICB_LOC","M2L0M","E38000257","NHS SHROPSHIRE, TELFORD AND WREKIN ICB - M2L0M",4870,7936.5,61.4,55.1,66.8,122424,4,3.9,4.1,110,898,12.2,10.3,14.6,381,5005,7.6,6.9,8.4,2862,57.2,55.8,58.5
2024-10-31,"SUB_ICB_LOC","15E","E38000258","NHS BIRMINGHAM AND SOLIHULL ICB - 15E",9119,14622.8,62.4,56.1,67.7,223343,4.1,4,4.2,380,3093,12.3,11.2,13.5,992,9451,10.5,9.9,11.1,5910,62.5,61.6,63.5
2024-10-31,"SUB_ICB_LOC","D2P2L","E38000259","NHS BLACK COUNTRY ICB - D2P2L",9554,14561.6,65.6,59,71.3,222071,4.3,4.2,4.4,360,5015,7.2,6.5,7.9,1045,9947,10.5,9.9,11.1,4759,47.8,46.9,48.8
2024-10-31,"SUB_ICB_LOC","06H","E38000260","NHS CAMBRIDGESHIRE AND PETERBOROUGH ICB - 06H",6824,11168.7,61.1,54.9,66.4,171637,4,3.9,4.1,311,2122,14.7,13.2,16.2,646,7038,9.2,8.5,9.9,4535,64.4,63.3,65.5
2024-10-31,"SUB_ICB_LOC","15M","E38000261","NHS DERBY AND DERBYSHIRE ICB - 15M",10316,14992.5,68.8,61.9,74.7,235503,4.4,4.3,4.5,824,2780,29.6,28,31.4,1017,10807,9.4,8.9,10,6383,59.1,58.1,60
2024-10-31,"SUB_ICB_LOC","78H","E38000262","NHS NORTHAMPTONSHIRE ICB - 78H",5944,9079.4,65.5,58.7,71.2,145285,4.1,4,4.2,228,2928,7.8,6.9,8.8,605,6103,9.9,9.2,10.7,3620,59.3,58.1,60.5
2024-10-31,"SUB_ICB_LOC","01Y","E38000263","NHS GREATER MANCHESTER ICB - 01Y",1764,2359.5,74.8,66.4,82,39352,4.5,4.3,4.7,89,428,20.8,17.2,24.9,165,1832,9,7.8,10.4,1432,78.2,76.2,80
2024-10-31,"SUB_ICB_LOC","92A","E38000264","NHS SURREY HEARTLANDS ICB - 92A",10291,15134,68,61.3,73.9,215753,4.8,4.7,4.9,142,1398,10.2,8.7,11.9,1009,10477,9.6,9.1,10.2,6544,62.5,61.5,63.4
2024-10-31,"SUB_ICB_LOC","02T","E38000025","NHS WEST YORKSHIRE ICB - 02T",1787,2648,67.5,60,74,43305,4.1,3.9,4.3,97,1341,7.2,6,8.7,138,1853,7.4,6.3,8.7,1234,66.6,64.4,68.7
2024-10-31,"SUB_ICB_LOC","04Y","E38000028","NHS STAFFORDSHIRE AND STOKE-ON-TRENT ICB - 04Y",1434,1856.4,77.2,68.6,84.8,29241,4.9,4.7,5.2,125,402,31.1,26.8,35.8,146,1475,9.9,8.5,11.5,928,62.9,60.4,65.3
2024-10-31,"SUB_ICB_LOC","99F","E38000030","NHS MID AND SOUTH ESSEX ICB - 99F",2112,3072.3,68.7,61.5,75.2,44889,4.7,4.5,4.9,127,450,28.2,24.3,32.6,154,2160,7.1,6.1,8.3,1437,66.5,64.5,68.5
2024-10-31,"SUB_ICB_LOC","00X","E38000034","NHS LANCASHIRE AND SOUTH CUMBRIA ICB - 00X",1835,2537.8,72.3,64.4,79.1,40525,4.5,4.3,4.7,35,571,6.1,4.4,8.4,99,1886,5.2,4.3,6.3,1254,66.5,64.3,68.6
2024-10-31,"SUB_ICB_LOC","02X","E38000044","NHS SOUTH YORKSHIRE ICB - 02X",2747,3803.7,72.2,64.5,78.8,61530,4.5,4.3,4.6,134,1750,7.7,6.5,9,185,2860,6.5,5.6,7.4,1742,60.9,59.1,62.7
2024-10-31,"SUB_ICB_LOC","11J","E38000045","NHS DORSET ICB - 11J",8463,14518.4,58.3,52.5,63.3,209581,4,4,4.1,183,4280,4.3,3.7,4.9,674,8687,7.8,7.2,8.3,5640,64.9,63.9,65.9
2024-10-31,"SUB_ICB_LOC","06K","E38000049","NHS HERTFORDSHIRE AND WEST ESSEX ICB - 06K",4732,7491.8,63.2,56.7,68.8,110195,4.3,4.2,4.4,136,1702,8,6.8,9.4,380,4866,7.8,7.1,8.6,2930,60.2,58.8,61.6
2024-10-31,"SUB_ICB_LOC","01A","E38000050","NHS LANCASHIRE AND SOUTH CUMBRIA ICB - 01A",3042,4497.8,67.6,60.4,73.8,73909,4.1,4,4.3,199,1951,10.2,8.9,11.6,239,3157,7.6,6.7,8.5,2140,67.8,66.1,69.4
2024-10-31,"SUB_ICB_LOC","03W","E38000051","NHS LEICESTER, LEICESTERSHIRE AND RUTLAND ICB - 03W",3362,5490.8,61.2,54.9,66.7,82133,4.1,4,4.2,63,1266,5,3.9,6.3,322,3455,9.3,8.4,10.3,2254,65.2,63.6,66.8
2024-10-31,"SUB_ICB_LOC","02Y","E38000052","NHS HUMBER AND NORTH YORKSHIRE ICB - 02Y",3348,5589,59.9,53.7,65.3,86174,3.9,3.8,4,309,1625,19,17.2,21,244,3437,7.1,6.3,8,2208,64.2,62.6,65.8
2024-10-31,"SUB_ICB_LOC","05D","E38000053","NHS STAFFORDSHIRE AND STOKE-ON-TRENT ICB - 05D",1220,1949.9,62.6,55.4,68.8,30285,4,3.8,4.3,59,292,20.2,16,25.2,58,1259,4.6,3.6,5.9,813,64.6,61.9,67.2
2024-10-31,"SUB_ICB_LOC","11M","E38000062","NHS GLOUCESTERSHIRE ICB - 11M",6555,10016.7,65.4,58.9,71.1,151662,4.3,4.2,4.4,255,2573,9.9,8.8,11.1,589,6721,8.8,8.1,9.5,4360,64.9,63.7,66
2024-10-31,"SUB_ICB_LOC","01F","E38000068","NHS CHESHIRE AND MERSEYSIDE ICB - 01F",993,1456,68.2,59.9,75.4,25687,3.9,3.6,4.1,109,398,27.4,23.2,32,83,1033,8,6.5,9.9,639,61.9,58.9,64.8
2024-10-31,"SUB_ICB_LOC","06N","E38000079","NHS HERTFORDSHIRE AND WEST ESSEX ICB - 06N",4901,7808.9,62.8,56.4,68.3,115037,4.3,4.1,4.4,231,622,37.1,33.4,41,484,5035,9.6,8.8,10.5,3103,61.6,60.3,63
2024-10-31,"SUB_ICB_LOC","01D","E38000080","NHS GREATER MANCHESTER ICB - 01D",1895,2381.7,79.6,70.7,87.2,40454,4.7,4.5,4.9,88,1091,8.1,6.6,9.8,150,1985,7.6,6.5,8.8,1340,67.5,65.4,69.5
2024-10-31,"SUB_ICB_LOC","03F","E38000085","NHS HUMBER AND NORTH YORKSHIRE ICB - 03F",1935,2905.7,66.6,59.2,73,49299,3.9,3.8,4.1,203,1104,18.4,16.2,20.8,207,2016,10.3,9,11.7,1201,59.6,57.4,61.7
2024-10-31,"SUB_ICB_LOC","15N","E38000230","NHS DEVON ICB - 15N",12120,20562.9,58.9,53.1,64,308681,3.9,3.9,4,673,3782,17.8,16.6,19,1072,12409,8.6,8.2,9.1,7639,61.6,60.7,62.4
2024-10-31,"SUB_ICB_LOC","97R","E38000235","NHS SUSSEX ICB - 97R",6393,10251.3,62.4,56.1,67.8,149324,4.3,4.2,4.4,167,2844,5.9,5.1,6.8,699,6534,10.7,10,11.5,4036,61.8,60.6,62.9
2024-10-31,"SUB_ICB_LOC","70F","E38000265","NHS SUSSEX ICB - 70F",9507,15067.9,63.1,56.9,68.5,216178,4.4,4.3,4.5,179,3084,5.8,5,6.7,714,9712,7.4,6.8,7.9,6202,63.9,62.9,64.8
2024-10-31,"SUB_ICB_LOC","06L","E38000086","NHS SUFFOLK AND NORTH EAST ESSEX ICB - 06L",3735,6443.7,58,52,63.1,96454,3.9,3.8,4,653,1566,41.7,39.3,44.2,312,3833,8.1,7.3,9,2677,69.8,68.4,71.3
2024-10-31,"SUB_ICB_LOC","11N","E38000089","NHS CORNWALL AND THE ISLES OF SCILLY ICB - 11N",6123,9916.8,61.7,55.5,67.2,154210,4,3.9,4.1,244,1713,14.2,12.7,16,570,6240,9.1,8.4,9.9,3161,50.7,49.4,51.9
2024-10-31,"SUB_ICB_LOC","01J","E38000091","NHS CHESHIRE AND MERSEYSIDE ICB - 01J",1060,1699,62.4,54.8,68.9,29697,3.6,3.4,3.8,134,568,23.6,20.3,27.3,115,1114,10.3,8.7,12.2,689,61.8,59,64.7
2024-10-31,"SUB_ICB_LOC","04C","E38000097","NHS LEICESTER, LEICESTERSHIRE AND RUTLAND ICB - 04C",2375,3041,78.1,69.4,85.4,52207,4.5,4.4,4.7,15,2095,0.7,0.4,1.2,292,2515,11.6,10.4,12.9,1411,56.1,54.2,58
2024-10-31,"SUB_ICB_LOC","99A","E38000101","NHS CHESHIRE AND MERSEYSIDE ICB - 99A",3377,5064.9,66.7,59.4,72.8,86691,3.9,3.8,4,193,1763,10.9,9.6,12.5,409,3506,11.7,10.6,12.8,2341,66.8,65.2,68.3
2024-10-31,"SUB_ICB_LOC","06Q","E38000106","NHS MID AND SOUTH ESSEX ICB - 06Q",3632,5703.9,63.7,57.1,69.3,86546,4.2,4.1,4.3,149,1209,12.3,10.6,14.3,421,3731,11.3,10.3,12.3,2362,63.3,61.7,64.8
2024-10-31,"SUB_ICB_LOC","06T","E38000117","NHS SUFFOLK AND NORTH EAST ESSEX ICB - 06T",3868,5670.9,68.2,61.2,74.3,84462,4.6,4.4,4.7,166,1161,14.3,12.4,16.4,628,4012,15.7,14.6,16.8,2583,64.4,62.9,65.8
2024-10-31,"SUB_ICB_LOC","03H","E38000119","NHS HUMBER AND NORTH YORKSHIRE ICB - 03H",1597,2331.2,68.5,60.9,75.1,36567,4.4,4.2,4.6,202,808,25,22.1,28.1,130,1695,7.7,6.5,9,1009,59.5,57.2,61.8
2024-10-31,"SUB_ICB_LOC","03K","E38000122","NHS HUMBER AND NORTH YORKSHIRE ICB - 03K",1503,2574.1,58.4,51.9,64.1,40970,3.7,3.5,3.9,135,1017,13.3,11.3,15.5,105,1592,6.6,5.5,7.9,735,46.2,43.7,48.6
2024-10-31,"SUB_ICB_LOC","05G","E38000126","NHS STAFFORDSHIRE AND STOKE-ON-TRENT ICB - 05G",2615,3521.1,74.3,66.4,81.1,53843,4.9,4.7,5,113,1364,8.3,6.9,9.9,282,2658,10.6,9.5,11.8,1653,62.2,60.3,64
2024-10-31,"SUB_ICB_LOC","99C","E38000127","NHS NORTH EAST AND NORTH CUMBRIA ICB - 99C",2107,2980.1,70.7,63,77.4,47818,4.4,4.2,4.6,57,1304,4.4,3.4,5.6,161,2170,7.4,6.4,8.6,1222,56.3,54.2,58.4
2024-10-31,"SUB_ICB_LOC","00L","E38000130","NHS NORTH EAST AND NORTH CUMBRIA ICB - 00L",3597,5571.9,64.6,57.8,70.4,90049,4,3.9,4.1,177,1523,11.6,10.1,13.3,217,3710,5.8,5.1,6.7,2390,64.4,62.9,65.9
2024-10-31,"SUB_ICB_LOC","00Y","E38000135","NHS GREATER MANCHESTER ICB - 00Y",1886,2542.7,74.2,66,81.2,41598,4.5,4.3,4.7,122,1142,10.7,9,12.6,127,1967,6.5,5.5,7.6,1254,63.8,61.6,65.8
2024-10-31,"SUB_ICB_LOC","10Q","E38000136","NHS BUCKINGHAMSHIRE, OXFORDSHIRE AND BERKSHIRE WEST ICB - 10Q",6125,9678,63.3,56.9,68.8,143990,4.3,4.2,4.4,117,937,12.5,10.5,14.8,533,6251,8.5,7.9,9.2,3946,63.1,61.9,64.3
2024-10-31,"SUB_ICB_LOC","10R","E38000137","NHS HAMPSHIRE AND ISLE OF WIGHT ICB - 10R",1523,2224.9,68.5,60.8,75.1,35006,4.4,4.1,4.6,8,832,1,0.5,1.9,173,1571,11,9.6,12.7,927,59,56.6,61.4
2024-10-31,"SUB_ICB_LOC","03L","E38000141","NHS SOUTH YORKSHIRE ICB - 03L",2956,3291.4,89.8,80.3,98,52342,5.6,5.5,5.8,219,1247,17.6,15.6,19.8,181,3075,5.9,5.1,6.8,2115,68.8,67.1,70.4
2024-10-31,"SUB_ICB_LOC","01G","E38000143","NHS GREATER MANCHESTER ICB - 01G",1983,2414.4,82.1,73.1,89.9,39812,5,4.8,5.2,101,519,19.5,16.3,23.1,126,2050,6.1,5.2,7.3,1458,71.1,69.1,73
2024-10-31,"SUB_ICB_LOC","03N","E38000146","NHS SOUTH YORKSHIRE ICB - 03N",4650,6387.7,72.8,65.4,79.2,97648,4.8,4.6,4.9,187,1492,12.5,10.9,14.3,466,4833,9.6,8.8,10.5,2932,60.7,59.3,62
2024-10-31,"SUB_ICB_LOC","11X","E38000150","NHS SOMERSET ICB - 11X",5635,10060.1,56,50.3,60.9,151307,3.7,3.6,3.8,81,694,11.7,9.5,14.3,420,5790,7.3,6.6,8,3454,59.7,58.4,60.9
2024-10-31,"SUB_ICB_LOC","05Q","E38000153","NHS STAFFORDSHIRE AND STOKE-ON-TRENT ICB - 05Q",2170,3231.4,67.2,59.9,73.4,49651,4.4,4.2,4.6,104,562,18.5,15.5,21.9,115,2230,5.2,4.3,6.2,1394,62.5,60.5,64.5
2024-10-31,"SUB_ICB_LOC","01T","E38000161","NHS CHESHIRE AND MERSEYSIDE ICB - 01T",1209,2046.5,59.1,52.4,65,32651,3.7,3.5,3.9,151,1212,12.5,10.7,14.4,103,1231,8.4,6.9,10,828,67.3,64.6,69.8
2024-10-31,"SUB_ICB_LOC","00N","E38000163","NHS NORTH EAST AND NORTH CUMBRIA ICB - 00N",1510,2057.1,73.4,65.1,80.6,33318,4.5,4.3,4.8,87,610,14.3,11.7,17.3,104,1557,6.7,5.5,8,917,58.9,56.4,61.3
2024-10-31,"SUB_ICB_LOC","99G","E38000168","NHS MID AND SOUTH ESSEX ICB - 99G",2129,2485.2,85.7,76.5,93.8,36804,5.8,5.6,6,103,382,27,22.8,31.6,173,2206,7.8,6.8,9,1668,75.6,73.8,77.4
2024-10-31,"ICB","QYG","E54000008","NHS CHESHIRE AND MERSEYSIDE INTEGRATED CARE BOARD",23529,34783.6,67.6,60.9,73.4,550042,4.3,4.2,4.3,1315,9476,13.9,13.2,14.6,2675,24280,11,10.6,11.4,15366,63.3,62.7,63.9
2024-10-31,"ICB","QNC","E54000010","NHS STAFFORDSHIRE AND STOKE-ON-TRENT INTEGRATED CARE BOARD",11985,16227.3,73.9,66.5,80.2,250985,4.8,4.7,4.9,580,4847,12,11.1,12.9,948,12290,7.7,7.3,8.2,7652,62.3,61.4,63.1
2024-10-31,"ICB","QOC","E54000011","NHS SHROPSHIRE, TELFORD AND WREKIN INTEGRATED CARE BOARD",4870,7936.5,61.4,55.1,66.8,122424,4,3.9,4.1,110,898,12.2,10.3,14.6,381,5005,7.6,6.9,8.4,2862,57.2,55.8,58.5
2024-10-31,"ICB","QJM","E54000013","NHS LINCOLNSHIRE INTEGRATED CARE BOARD",8610,12615.3,68.3,61.4,74.1,195483,4.4,4.3,4.5,654,3536,18.5,17.3,19.8,727,8914,8.2,7.6,8.7,5524,62,61,63
2024-10-31,"ICB","QK1","E54000015","NHS LEICESTER, LEICESTERSHIRE AND RUTLAND INTEGRATED CARE BOARD",9030,13865.8,65.1,58.5,70.7,218677,4.1,4,4.2,204,4442,4.6,4,5.2,895,9350,9.6,9,10.2,5667,60.6,59.6,61.6
2024-10-31,"ICB","QWU","E54000018","NHS COVENTRY AND WARWICKSHIRE INTEGRATED CARE BOARD",7249,12581.6,57.6,51.8,62.6,190831,3.8,3.7,3.9,334,2787,12,10.8,13.2,843,7491,11.3,10.6,12,4359,58.2,57.1,59.3
2024-10-31,"ICB","QGH","E54000019","NHS HEREFORDSHIRE AND WORCESTERSHIRE INTEGRATED CARE BOARD",7140,12989.4,55,49.4,59.7,197744,3.6,3.5,3.7,171,2249,7.6,6.6,8.8,792,7346,10.8,10.1,11.5,4906,66.8,65.7,67.9
2024-10-31,"ICB","QMM","E54000022","NHS NORFOLK AND WAVENEY INTEGRATED CARE BOARD",11283,18171.4,62.1,55.9,67.4,270799,4.2,4.1,4.2,592,3346,17.7,16.4,19,1349,11594,11.6,11.1,12.2,7204,62.1,61.2,63
2024-10-31,"ICB","QJG","E54000023","NHS SUFFOLK AND NORTH EAST ESSEX INTEGRATED CARE BOARD",9999,16512.8,60.6,54.5,65.8,246976,4,4,4.1,1045,3348,31.2,29.7,32.8,1191,10290,11.6,11,12.2,6751,65.6,64.7,66.5
2024-10-31,"ICB","QHG","E54000024","NHS BEDFORDSHIRE, LUTON AND MILTON KEYNES INTEGRATED CARE BOARD",7369,10586.1,69.6,62.5,75.7,169854,4.3,4.2,4.4,446,3179,14,12.9,15.3,719,7659,9.4,8.8,10.1,4685,61.2,60.1,62.3
2024-10-31,"ICB","QM7","E54000025","NHS HERTFORDSHIRE AND WEST ESSEX INTEGRATED CARE BOARD",12643,19423.5,65.1,58.6,70.7,286530,4.4,4.3,4.5,416,3088,13.5,12.3,14.7,1079,12998,8.3,7.8,8.8,7868,60.5,59.7,61.4
2024-10-31,"ICB","QH8","E54000026","NHS MID AND SOUTH ESSEX INTEGRATED CARE BOARD",11118,16388.4,67.8,61.1,73.6,246807,4.5,4.4,4.6,620,3644,17,15.8,18.3,1072,11462,9.4,8.8,9.9,7654,66.8,65.9,67.6
2024-10-31,"ICB","QRV","E54000027","NHS NORTH WEST LONDON INTEGRATED CARE BOARD",12894,19730.3,65.4,58.6,70.9,323863,4,3.9,4,846,7749,10.9,10.2,11.6,1139,13424,8.5,8,9,8167,60.8,60,61.7
2024-10-31,"ICB","QJK","E54000037","NHS DEVON INTEGRATED CARE BOARD",12120,20562.9,58.9,53.1,64,308681,3.9,3.9,4,673,3782,17.8,16.6,19,1072,12409,8.6,8.2,9.1,7639,61.6,60.7,62.4
2024-10-31,"ICB","QNX","E54000064","NHS SUSSEX ICB",17772,28213.3,63,56.8,68.3,410749,4.3,4.3,4.4,441,6417,6.9,6.3,7.5,1540,18174,8.5,8.1,8.9,11375,62.6,61.9,63.3
2024-10-31,"NHS_REGION","Y56","E40000003","LONDON",51599,76436.7,67.5,60.6,73.2,1243217,4.2,4.1,4.2,2315,20596,11.2,10.8,11.7,4677,53568,8.7,8.5,9,32580,60.8,60.4,61.2
2024-10-31,"NHS_REGION","Y63","E40000012","NORTH EAST AND YORKSHIRE",76385,111863.5,68.3,61.4,74,1777194,4.3,4.3,4.3,5555,34702,16,15.6,16.4,5991,79173,7.6,7.4,7.8,49938,63.1,62.7,63.4
2024-10-31,"NHS_REGION","Y61","E40000013","EAST OF ENGLAND",59236,92250.9,64.2,57.9,69.6,1392603,4.3,4.2,4.3,3430,18727,18.3,17.8,18.9,6056,61041,9.9,9.7,10.2,38697,63.4,63,63.8
2024-10-31,"NHS_REGION","Y62","E40000014","NORTH WEST",62934,89121.9,70.6,63.6,76.5,1423179,4.4,4.4,4.5,2725,25537,10.7,10.3,11.1,5492,65051,8.4,8.2,8.7,41992,64.6,64.2,64.9
2024-10-31,"SUB_ICB_LOC","02P","E38000006","NHS SOUTH YORKSHIRE ICB - 02P",2328,3139,74.2,66.1,81.1,51706,4.5,4.3,4.7,94,794,11.8,9.8,14.3,83,2418,3.4,2.8,4.2,1518,62.8,60.8,64.7
2024-10-31,"SUB_ICB_LOC","99E","E38000007","NHS MID AND SOUTH ESSEX ICB - 99E",2175,3525.1,61.7,55.2,67.5,52548,4.1,4,4.3,171,1021,16.7,14.6,19.2,197,2255,8.7,7.6,10,1393,61.8,59.7,63.8
2024-10-31,"SUB_ICB_LOC","02Q","E38000008","NHS NOTTINGHAM AND NOTTINGHAMSHIRE ICB - 02Q",1354,1771.9,76.4,67.8,83.9,27953,4.8,4.6,5.1,71,458,15.5,12.5,19.1,129,1403,9.2,7.8,10.8,857,61.1,58.5,63.6
2024-10-31,"SUB_ICB_LOC","00Q","E38000014","NHS LANCASHIRE AND SOUTH CUMBRIA ICB - 00Q",1042,1605.9,64.9,57.2,71.6,27152,3.8,3.6,4.1,46,593,7.8,5.9,10.2,87,1086,8,6.5,9.8,706,65,62.1,67.8
2024-10-31,"SUB_ICB_LOC","00R","E38000015","NHS LANCASHIRE AND SOUTH CUMBRIA ICB - 00R",1554,2203.8,70.5,62.7,77.3,35016,4.4,4.2,4.7,26,463,5.6,3.9,8.1,123,1617,7.6,6.4,9,845,52.3,49.8,54.7
2024-10-31,"SUB_ICB_LOC","00T","E38000016","NHS GREATER MANCHESTER ICB - 00T",2436,3343.3,72.9,65,79.6,54599,4.5,4.3,4.6,144,1269,11.3,9.7,13.2,191,2530,7.5,6.6,8.6,1832,72.4,70.6,74.1
2024-10-31,"SUB_ICB_LOC","00V","E38000024","NHS GREATER MANCHESTER ICB - 00V",1841,2425.4,75.9,67.6,83.2,38286,4.8,4.6,5,21,209,10,6.7,14.9,178,1905,9.3,8.1,10.7,1206,63.3,61.1,65.4
2024-10-31,"ICB","QHM","E54000050","NHS NORTH EAST AND NORTH CUMBRIA INTEGRATED CARE BOARD",28470,41225.4,69.1,62.1,74.9,664106,4.3,4.2,4.3,1744,10865,16.1,15.4,16.8,2129,29507,7.2,6.9,7.5,18058,61.2,60.6,61.8
2024-10-31,"ICB","QOQ","E54000051","NHS HUMBER AND NORTH YORKSHIRE INTEGRATED CARE BOARD",15722,26168.9,60.1,54.1,65.2,407392,3.9,3.8,3.9,1295,8504,15.2,14.5,16,1072,16252,6.6,6.2,7,10032,61.7,61,62.5
2024-10-31,"ICB","QWO","E54000054","NHS WEST YORKSHIRE INTEGRATED CARE BOARD",19512,27847.5,70.1,63,76,442470,4.4,4.3,4.5,1882,10050,18.7,18,19.5,1875,20228,9.3,8.9,9.7,13541,66.9,66.3,67.6
2024-10-31,"ICB","QHL","E54000055","NHS BIRMINGHAM AND SOLIHULL INTEGRATED CARE BOARD",9119,14622.8,62.4,56.1,67.7,223343,4.1,4,4.2,380,3093,12.3,11.2,13.5,992,9451,10.5,9.9,11.1,5910,62.5,61.6,63.5
2024-10-31,"ICB","QUE","E54000056","NHS CAMBRIDGESHIRE AND PETERBOROUGH INTEGRATED CARE BOARD",6824,11168.7,61.1,54.9,66.4,171637,4,3.9,4.1,311,2122,14.7,13.2,16.2,646,7038,9.2,8.5,9.9,4535,64.4,63.3,65.5
2024-10-31,"ICB","QOP","E54000057","NHS GREATER MANCHESTER INTEGRATED CARE BOARD",22864,30516.4,74.9,67.3,81.3,496764,4.6,4.5,4.7,954,10200,9.4,8.8,9.9,1646,23688,6.9,6.6,7.3,15843,66.9,66.3,67.5
2024-10-31,"ICB","QJ2","E54000058","NHS DERBY AND DERBYSHIRE INTEGRATED CARE BOARD",10316,14992.5,68.8,61.9,74.7,235503,4.4,4.3,4.5,824,2780,29.6,28,31.4,1017,10807,9.4,8.9,10,6383,59.1,58.1,60
2024-10-31,"ICB","QPM","E54000059","NHS NORTHAMPTONSHIRE INTEGRATED CARE BOARD",5944,9079.4,65.5,58.7,71.2,145285,4.1,4,4.2,228,2928,7.8,6.9,8.8,605,6103,9.9,9.2,10.7,3620,59.3,58.1,60.5
2024-10-31,"ICB","QT1","E54000060","NHS NOTTINGHAM AND NOTTINGHAMSHIRE INTEGRATED CARE BOARD",10450,14752.7,70.8,63.7,76.9,229670,4.6,4.5,4.6,258,3288,7.8,7,8.8,1003,10908,9.2,8.7,9.8,7045,64.6,63.7,65.5
2024-10-31,"ICB","QF7","E54000061","NHS SOUTH YORKSHIRE INTEGRATED CARE BOARD",12681,16621.7,76.3,68.6,82.8,263226,4.8,4.7,4.9,634,5283,12,11.2,12.9,915,13186,6.9,6.5,7.4,8307,63,62.2,63.8
2024-10-31,"ICB","QUA","E54000062","NHS BLACK COUNTRY INTEGRATED CARE BOARD",9554,14561.6,65.6,59,71.3,222071,4.3,4.2,4.4,360,5015,7.2,6.5,7.9,1045,9947,10.5,9.9,11.1,4759,47.8,46.9,48.8
2024-10-31,"ICB","QXU","E54000063","NHS SURREY HEARTLANDS ICB",10291,15134,68,61.3,73.9,215753,4.8,4.7,4.9,142,1398,10.2,8.7,11.9,1009,10477,9.6,9.1,10.2,6544,62.5,61.5,63.4
2024-10-31,"NHS_REGION","Y59","E40000005","SOUTH EAST",81597,129144.6,63.2,57,68.5,1920392,4.2,4.2,4.3,2151,21801,9.9,9.5,10.3,7628,83547,9.1,8.9,9.3,52306,62.6,62.3,62.9
2024-10-31,"NHS_REGION","Y58","E40000006","SOUTH WEST",55827,90886.3,61.4,55.4,66.6,1364503,4.1,4.1,4.1,1832,17615,10.4,10,10.9,4585,57241,8,7.8,8.2,35494,62,61.6,62.4
2024-10-31,"ICB","QMJ","E54000028","NHS NORTH CENTRAL LONDON INTEGRATED CARE BOARD",8865,13168.7,67.3,60.4,73.1,210755,4.2,4.1,4.3,203,1817,11.2,9.8,12.7,786,9132,8.6,8,9.2,5351,58.6,57.6,59.6
2024-10-31,"ICB","QMF","E54000029","NHS NORTH EAST LONDON INTEGRATED CARE BOARD",8416,13616.3,61.8,55.3,67.2,230016,3.7,3.6,3.7,397,4463,8.9,8.1,9.8,783,8806,8.9,8.3,9.5,5704,64.8,63.8,65.8
2024-10-31,"ICB","QKK","E54000030","NHS SOUTH EAST LONDON INTEGRATED CARE BOARD",10802,15412.8,70.1,62.8,76.1,249443,4.3,4.3,4.4,540,4341,12.4,11.5,13.5,898,11207,8,7.5,8.5,6556,58.5,57.6,59.4
2024-10-31,"ICB","QWE","E54000031","NHS SOUTH WEST LONDON INTEGRATED CARE BOARD",10622,14508.6,73.2,65.8,79.4,229140,4.6,4.6,4.7,329,2226,14.8,13.4,16.3,1071,10999,9.7,9.2,10.3,6802,61.8,60.9,62.7
2024-10-31,"ICB","QKS","E54000032","NHS KENT AND MEDWAY INTEGRATED CARE BOARD",15596,25863.4,60.3,54.3,65.4,395951,3.9,3.9,4,437,3678,11.9,10.9,13,1419,16091,8.8,8.4,9.3,10021,62.3,61.5,63
2024-10-31,"ICB","QNQ","E54000034","NHS FRIMLEY INTEGRATED CARE BOARD",6134,8983.1,68.3,61.4,74.3,136197,4.5,4.4,4.6,260,1666,15.6,13.9,17.4,527,6280,8.4,7.7,9.1,4064,64.7,63.5,65.9
2024-10-31,"ICB","QT6","E54000036","NHS CORNWALL AND THE ISLES OF SCILLY INTEGRATED CARE BOARD",6123,9916.8,61.7,55.5,67.2,154210,4,3.9,4.1,244,1713,14.2,12.7,16,570,6240,9.1,8.4,9.9,3161,50.7,49.4,51.9
2024-10-31,"ICB","QUY","E54000039","NHS BRISTOL, NORTH SOMERSET AND SOUTH GLOUCESTERSHIRE INTEGRATED CARE BOARD",8441,12005.7,70.3,63.3,76.4,179632,4.7,4.6,4.8,43,1113,3.9,2.9,5.2,650,8673,7.5,7,8.1,5717,65.9,64.9,66.9
2024-10-31,"ICB","QOX","E54000040","NHS BATH AND NORTH EAST SOMERSET, SWINDON AND WILTSHIRE INTEGRATED CARE BOARD",8490,13805.8,61.5,55.3,66.8,209430,4.1,4,4.1,353,3460,10.2,9.2,11.3,610,8721,7,6.5,7.5,5523,63.3,62.3,64.3
2024-10-31,"ICB","QVV","E54000041","NHS DORSET INTEGRATED CARE BOARD",8463,14518.4,58.3,52.5,63.3,209581,4,4,4.1,183,4280,4.3,3.7,4.9,674,8687,7.8,7.2,8.3,5640,64.9,63.9,65.9
2024-10-31,"ICB","QRL","E54000042","NHS HAMPSHIRE AND ISLE OF WIGHT INTEGRATED CARE BOARD",17127,27513.7,62.2,56.1,67.5,410348,4.2,4.1,4.2,352,5608,6.3,5.7,6.9,1897,17543,10.8,10.4,11.3,10703,61,60.3,61.7
2024-10-31,"ICB","QR1","E54000043","NHS GLOUCESTERSHIRE INTEGRATED CARE BOARD",6555,10016.7,65.4,58.9,71.1,151662,4.3,4.2,4.4,255,2573,9.9,8.8,11.1,589,6721,8.8,8.1,9.5,4360,64.9,63.7,66
2024-10-31,"ICB","QU9","E54000044","NHS BUCKINGHAMSHIRE, OXFORDSHIRE AND BERKSHIRE WEST INTEGRATED CARE BOARD",14677,23437.1,62.6,56.4,68,351394,4.2,4.1,4.2,519,3034,17.1,15.8,18.5,1236,14982,8.2,7.8,8.7,9599,64.1,63.3,64.8
2024-10-31,"ICB","QE1","E54000048","NHS LANCASHIRE AND SOUTH CUMBRIA INTEGRATED CARE BOARD",16541,23822,69.4,62.4,75.4,376373,4.4,4.3,4.5,456,5861,7.8,7.1,8.5,1171,17083,6.9,6.5,7.2,10783,63.1,62.4,63.8
2024-10-31,"ICB","QSL","E54000038","NHS SOMERSET INTEGRATED CARE BOARD",5635,10060.1,56,50.3,60.9,151307,3.7,3.6,3.8,81,694,11.7,9.5,14.3,420,5790,7.3,6.6,8,3454,59.7,58.4,60.9
2024-10-31,"COUNTRY","ENG","E92000001","ENGLAND",481845,733928.9,65.7,59.2,71.1,11353104,4.2,4.2,4.3,22111,174841,12.6,12.5,12.8,43677,497233,8.8,8.7,8.9,309694,62.3,62.1,62.4
2024-10-31,"NHS_REGION","Y60","E40000011","MIDLANDS",94267,144224.9,65.4,58.9,70.9,2232016,4.2,4.2,4.2,4103,35863,11.4,11.1,11.8,9248,97612,9.5,9.3,9.7,58687,60.1,59.8,60.4
2024-10-31,"SUB_ICB_LOC","09D","E38000021","NHS SUSSEX ICB - 09D",1872,2894.2,64.7,57.6,70.8,45247,4.1,4,4.3,95,489,19.4,16.2,23.2,127,1928,6.6,5.6,7.8,1137,59,56.8,61.1
2024-11-30,"COUNTRY","ENG","E92000001","ENGLAND",483688,734851.8,65.8,59.3,71.3,11364432,4.3,4.2,4.3,25325,197340,12.8,12.7,13,43863,499068,8.8,8.7,8.9,312388,62.6,62.5,62.7
2024-11-30,"ICB","QJK","E54000037","NHS DEVON INTEGRATED CARE BOARD",12167,20598.5,59.1,53.2,64.1,309032,3.9,3.9,4,771,4278,18,16.9,19.2,1059,12463,8.5,8,9,7580,60.8,60,61.7
2024-11-30,"ICB","QNX","E54000064","NHS SUSSEX ICB",17814,28239.7,63.1,56.9,68.4,410968,4.3,4.3,4.4,502,7195,7,6.4,7.6,1568,18213,8.6,8.2,9,11493,63.1,62.4,63.8
2024-11-30,"ICB","QMM","E54000022","NHS NORFOLK AND WAVENEY INTEGRATED CARE BOARD",11376,18179,62.6,56.5,67.8,270917,4.2,4.1,4.3,679,3756,18.1,16.9,19.3,1345,11681,11.5,10.9,12.1,7357,63,62.1,63.9
2024-11-30,"ICB","QJG","E54000023","NHS SUFFOLK AND NORTH EAST ESSEX INTEGRATED CARE BOARD",10034,16526.6,60.7,54.6,65.8,247120,4.1,4,4.1,1187,3732,31.8,30.3,33.3,1221,10324,11.8,11.2,12.5,6746,65.3,64.4,66.3
2024-11-30,"ICB","QHG","E54000024","NHS BEDFORDSHIRE, LUTON AND MILTON KEYNES INTEGRATED CARE BOARD",7409,10615.3,69.8,62.5,75.9,170122,4.4,4.3,4.5,499,3707,13.5,12.4,14.6,743,7705,9.6,9,10.3,4688,60.8,59.7,61.9
2024-11-30,"ICB","QM7","E54000025","NHS HERTFORDSHIRE AND WEST ESSEX INTEGRATED CARE BOARD",12735,19445.9,65.5,59,71.1,286777,4.4,4.4,4.5,469,3538,13.3,12.2,14.4,1088,13091,8.3,7.9,8.8,7885,60.2,59.4,61.1
2024-11-30,"ICB","QH8","E54000026","NHS MID AND SOUTH ESSEX INTEGRATED CARE BOARD",11166,16405.3,68.1,61.3,73.7,246926,4.5,4.4,4.6,702,4100,17.1,16,18.3,1094,11507,9.5,9,10.1,7859,68.3,67.4,69.1
2024-11-30,"ICB","QRV","E54000027","NHS NORTH WEST LONDON INTEGRATED CARE BOARD",12940,19763.9,65.5,58.7,71.2,324494,4,3.9,4.1,969,8683,11.2,10.5,11.8,1150,13473,8.5,8.1,9,8310,61.7,60.9,62.5
2024-11-30,"ICB","QMJ","E54000028","NHS NORTH CENTRAL LONDON INTEGRATED CARE BOARD",8886,13188.7,67.4,60.5,73.2,211124,4.2,4.1,4.3,237,2129,11.1,9.9,12.5,793,9153,8.7,8.1,9.3,5510,60.2,59.2,61.2
2024-11-30,"ICB","QMF","E54000029","NHS NORTH EAST LONDON INTEGRATED CARE BOARD",8451,13634.4,62,55.6,67.5,230528,3.7,3.6,3.7,462,5206,8.9,8.1,9.7,802,8847,9.1,8.5,9.7,5757,65.1,64.1,66.1
2024-11-30,"ICB","QKK","E54000030","NHS SOUTH EAST LONDON INTEGRATED CARE BOARD",10839,15422.6,70.3,63,76.3,249809,4.3,4.3,4.4,624,4939,12.6,11.7,13.6,906,11245,8.1,7.6,8.6,6595,58.6,57.7,59.6
2024-11-30,"ICB","QWE","E54000031","NHS SOUTH WEST LONDON INTEGRATED CARE BOARD",10656,14536.5,73.3,65.9,79.6,229517,4.6,4.6,4.7,379,2559,14.8,13.5,16.2,1055,11035,9.6,9,10.1,6778,61.4,60.5,62.3
2024-11-30,"ICB","QKS","E54000032","NHS KENT AND MEDWAY INTEGRATED CARE BOARD",15683,25902.1,60.5,54.5,65.7,396376,4,3.9,4,498,4135,12,11.1,13.1,1441,16182,8.9,8.5,9.4,10342,63.9,63.2,64.6
2024-11-30,"ICB","QNQ","E54000034","NHS FRIMLEY INTEGRATED CARE BOARD",6121,8996.3,68,61.1,73.9,136324,4.5,4.4,4.6,313,1838,17,15.4,18.8,539,6267,8.6,7.9,9.3,4046,64.6,63.4,65.7
2024-11-30,"ICB","QT6","E54000036","NHS CORNWALL AND THE ISLES OF SCILLY INTEGRATED CARE BOARD",6165,9920.6,62.1,55.8,67.5,154243,4,3.9,4.1,270,1942,13.9,12.4,15.5,576,6280,9.2,8.5,9.9,3196,50.9,49.7,52.1
2024-11-30,"ICB","QSL","E54000038","NHS SOMERSET INTEGRATED CARE BOARD",5640,10075.9,56,50.3,60.8,151450,3.7,3.6,3.8,93,794,11.7,9.7,14.1,435,5794,7.5,6.9,8.2,3477,60,58.7,61.3
2024-11-30,"ICB","QOX","E54000040","NHS BATH AND NORTH EAST SOMERSET, SWINDON AND WILTSHIRE INTEGRATED CARE BOARD",8552,13837,61.8,55.6,67.1,209763,4.1,4,4.2,432,3877,11.1,10.2,12.2,607,8782,6.9,6.4,7.5,5521,62.9,61.9,63.9
2024-11-30,"ICB","QVV","E54000041","NHS DORSET INTEGRATED CARE BOARD",8446,14530.8,58.1,52.4,62.9,209692,4,3.9,4.1,204,4820,4.2,3.7,4.8,673,8672,7.8,7.2,8.3,5714,65.9,64.9,66.9
2024-11-30,"ICB","QRL","E54000042","NHS HAMPSHIRE AND ISLE OF WIGHT INTEGRATED CARE BOARD",17250,27555.7,62.6,56.4,67.8,410857,4.2,4.1,4.3,402,6336,6.3,5.8,7,1900,17670,10.8,10.3,11.2,10742,60.8,60.1,61.5
2024-11-30,"ICB","QR1","E54000043","NHS GLOUCESTERSHIRE INTEGRATED CARE BOARD",6552,10023.6,65.4,58.8,70.9,151835,4.3,4.2,4.4,292,2862,10.2,9.1,11.4,589,6714,8.8,8.1,9.5,4428,66,64.8,67.1
2024-11-30,"ICB","QU9","E54000044","NHS BUCKINGHAMSHIRE, OXFORDSHIRE AND BERKSHIRE WEST INTEGRATED CARE BOARD",14672,23475.2,62.5,56.4,67.7,351800,4.2,4.1,4.2,594,3426,17.3,16.1,18.6,1260,14980,8.4,8,8.9,9734,65,64.2,65.7
2024-11-30,"ICB","QE1","E54000048","NHS LANCASHIRE AND SOUTH CUMBRIA INTEGRATED CARE BOARD",16621,23854.3,69.7,62.7,75.5,376899,4.4,4.3,4.5,521,6581,7.9,7.3,8.6,1173,17168,6.8,6.5,7.2,10776,62.8,62,63.5
2024-11-30,"ICB","QHM","E54000050","NHS NORTH EAST AND NORTH CUMBRIA INTEGRATED CARE BOARD",28644,41281.2,69.4,62.3,75.2,664892,4.3,4.3,4.4,1982,12218,16.2,15.6,16.9,2131,29686,7.2,6.9,7.5,18244,61.5,60.9,62
2024-11-30,"ICB","QOQ","E54000051","NHS HUMBER AND NORTH YORKSHIRE INTEGRATED CARE BOARD",15860,26203.7,60.5,54.6,65.5,407853,3.9,3.8,3.9,1485,9506,15.6,14.9,16.4,1081,16387,6.6,6.2,7,10181,62.1,61.4,62.9
2024-11-30,"ICB","QWO","E54000054","NHS WEST YORKSHIRE INTEGRATED CARE BOARD",19605,27876.7,70.3,63.3,76.2,442717,4.4,4.4,4.5,2133,11331,18.8,18.1,19.6,1874,20316,9.2,8.8,9.6,13754,67.7,67.1,68.3
2024-11-30,"ICB","QHL","E54000055","NHS BIRMINGHAM AND SOLIHULL INTEGRATED CARE BOARD",9189,14636.7,62.8,56.5,68.4,223515,4.1,4,4.2,438,3497,12.5,11.5,13.7,1015,9517,10.7,10.1,11.3,5968,62.7,61.7,63.7
2024-11-30,"ICB","QUE","E54000056","NHS CAMBRIDGESHIRE AND PETERBOROUGH INTEGRATED CARE BOARD",6799,11183.6,60.8,54.7,66.1,171773,4,3.9,4.1,364,2381,15.3,13.9,16.8,633,7012,9,8.4,9.7,4548,64.9,63.7,66
2024-11-30,"ICB","QOP","E54000057","NHS GREATER MANCHESTER INTEGRATED CARE BOARD",22916,30540.6,75,67.4,81.6,496969,4.6,4.6,4.7,1070,11509,9.3,8.8,9.8,1627,23741,6.9,6.5,7.2,15942,67.1,66.5,67.7
2024-11-30,"ICB","QJ2","E54000058","NHS DERBY AND DERBYSHIRE INTEGRATED CARE BOARD",10354,15012.6,69,62.1,74.7,235635,4.4,4.3,4.5,968,3144,30.8,29.2,32.4,1009,10846,9.3,8.8,9.9,6408,59.1,58.2,60
2024-11-30,"ICB","QPM","E54000059","NHS NORTHAMPTONSHIRE INTEGRATED CARE BOARD",5985,9094.5,65.8,59.1,71.5,145401,4.1,4,4.2,262,3298,7.9,7.1,8.9,601,6143,9.8,9.1,10.6,3666,59.7,58.4,60.9
2024-11-30,"ICB","QT1","E54000060","NHS NOTTINGHAM AND NOTTINGHAMSHIRE INTEGRATED CARE BOARD",10477,14770.4,70.9,63.6,77,229886,4.6,4.5,4.6,302,3665,8.2,7.4,9.2,1012,10927,9.3,8.7,9.8,7155,65.5,64.6,66.4
2024-11-30,"ICB","QF7","E54000061","NHS SOUTH YORKSHIRE INTEGRATED CARE BOARD",12740,16650.8,76.5,68.8,83,263476,4.8,4.8,4.9,737,6019,12.2,11.4,13.1,919,13233,6.9,6.5,7.4,8277,62.5,61.7,63.4
2024-11-30,"ICB","QUA","E54000062","NHS BLACK COUNTRY INTEGRATED CARE BOARD",9621,14568.4,66,59.5,71.8,222106,4.3,4.2,4.4,423,5635,7.5,6.8,8.2,1065,10011,10.6,10,11.3,4851,48.5,47.5,49.4
2024-11-30,"ICB","QXU","E54000063","NHS SURREY HEARTLANDS ICB",10322,15146.3,68.1,61.4,73.9,215906,4.8,4.7,4.9,169,1589,10.6,9.2,12.2,1005,10513,9.6,9,10.1,6645,63.2,62.3,64.1
2024-11-30,"NHS_REGION","Y59","E40000005","SOUTH EAST",81862,129315.3,63.3,57.2,68.6,1922231,4.3,4.2,4.3,2478,24519,10.1,9.7,10.5,7713,83825,9.2,9,9.4,53002,63.2,62.9,63.6
2024-11-30,"NHS_REGION","Y58","E40000006","SOUTH WEST",56005,91006.2,61.5,55.6,66.9,1365790,4.1,4.1,4.1,2111,19830,10.6,10.2,11.1,4595,57417,8,7.8,8.2,35687,62.2,61.8,62.5
2024-11-30,"NHS_REGION","Y63","E40000012","NORTH EAST AND YORKSHIRE",76849,112012.4,68.6,61.8,74.5,1778938,4.3,4.3,4.3,6337,39074,16.2,15.9,16.6,6005,79622,7.5,7.4,7.7,50456,63.4,63,63.7
2024-11-30,"NHS_REGION","Y61","E40000013","EAST OF ENGLAND",59519,92355.5,64.4,58,69.8,1393635,4.3,4.2,4.3,3900,21214,18.4,17.9,18.9,6124,61320,10,9.8,10.2,39083,63.7,63.4,64.1
2024-11-30,"NHS_REGION","Y62","E40000014","NORTH WEST",63023,89222,70.6,63.7,76.5,1424576,4.4,4.4,4.5,3116,28909,10.8,10.4,11.1,5427,65145,8.3,8.1,8.5,42030,64.5,64.1,64.9
2024-11-30,"SUB_ICB_LOC","02P","E38000006","NHS SOUTH YORKSHIRE ICB - 02P",2349,3145.8,74.7,66.5,81.8,51734,4.5,4.4,4.7,104,989,10.5,8.8,12.6,81,2434,3.3,2.7,4.1,1559,64.1,62.1,65.9
2024-11-30,"SUB_ICB_LOC","99E","E38000007","NHS MID AND SOUTH ESSEX ICB - 99E",2183,3526.2,61.9,55.4,67.7,52551,4.2,4,4.3,195,1131,17.2,15.2,19.6,200,2264,8.8,7.7,10.1,1461,64.5,62.5,66.5
2024-11-30,"SUB_ICB_LOC","02Q","E38000008","NHS NOTTINGHAM AND NOTTINGHAMSHIRE ICB - 02Q",1354,1772.2,76.4,67.8,84,27963,4.8,4.6,5.1,85,517,16.4,13.5,19.9,122,1404,8.7,7.3,10.3,929,66.2,63.7,68.6
2024-11-30,"SUB_ICB_LOC","00Q","E38000014","NHS LANCASHIRE AND SOUTH CUMBRIA ICB - 00Q",1045,1607.4,65,57.2,71.6,27185,3.8,3.6,4.1,54,670,8.1,6.2,10.4,92,1090,8.4,6.9,10.2,672,61.7,58.7,64.5
2024-11-30,"SUB_ICB_LOC","00R","E38000015","NHS LANCASHIRE AND SOUTH CUMBRIA ICB - 00R",1555,2206,70.5,62.7,77.3,35073,4.4,4.2,4.7,26,524,5,3.4,7.2,120,1618,7.4,6.2,8.8,833,51.5,49,53.9
2024-11-30,"SUB_ICB_LOC","00T","E38000016","NHS GREATER MANCHESTER ICB - 00T",2443,3341.5,73.1,65,79.9,54586,4.5,4.3,4.7,158,1374,11.5,9.9,13.3,181,2541,7.1,6.2,8.2,1843,72.5,70.8,74.2
2024-11-30,"SUB_ICB_LOC","00V","E38000024","NHS GREATER MANCHESTER ICB - 00V",1848,2429.2,76.1,67.7,83.2,38318,4.8,4.6,5,24,247,9.7,6.6,14.1,179,1912,9.4,8.1,10.8,1172,61.3,59.1,63.5
2024-11-30,"SUB_ICB_LOC","02T","E38000025","NHS WEST YORKSHIRE ICB - 02T",1792,2649.8,67.6,60,74.2,43354,4.1,4,4.3,114,1492,7.6,6.4,9.1,137,1858,7.4,6.3,8.7,1170,63,60.8,65.1
2024-11-30,"SUB_ICB_LOC","04Y","E38000028","NHS STAFFORDSHIRE AND STOKE-ON-TRENT ICB - 04Y",1453,1857.9,78.2,69.4,85.7,29245,5,4.7,5.2,139,449,31,26.9,35.4,145,1494,9.7,8.3,11.3,947,63.4,60.9,65.8
2024-11-30,"SUB_ICB_LOC","99F","E38000030","NHS MID AND SOUTH ESSEX ICB - 99F",2134,3073.1,69.4,62,75.9,44875,4.8,4.6,5,144,520,27.7,24,31.7,166,2183,7.6,6.6,8.8,1467,67.2,65.2,69.1
2024-11-30,"SUB_ICB_LOC","00X","E38000034","NHS LANCASHIRE AND SOUTH CUMBRIA ICB - 00X",1865,2547.8,73.2,65.1,80.1,40617,4.6,4.4,4.8,44,651,6.8,5.1,9,102,1916,5.3,4.4,6.4,1282,66.9,64.8,69
2024-11-30,"SUB_ICB_LOC","02X","E38000044","NHS SOUTH YORKSHIRE ICB - 02X",2763,3803.7,72.6,64.9,79.3,61604,4.5,4.3,4.7,165,1969,8.4,7.2,9.7,191,2874,6.6,5.8,7.6,1672,58.2,56.4,60
2024-11-30,"SUB_ICB_LOC","11J","E38000045","NHS DORSET ICB - 11J",8446,14530.8,58.1,52.4,62.9,209692,4,3.9,4.1,204,4820,4.2,3.7,4.8,673,8672,7.8,7.2,8.3,5714,65.9,64.9,66.9
2024-11-30,"SUB_ICB_LOC","06K","E38000049","NHS HERTFORDSHIRE AND WEST ESSEX ICB - 06K",4743,7501.3,63.2,56.6,68.6,110293,4.3,4.2,4.4,158,1951,8.1,7,9.4,379,4873,7.8,7.1,8.6,2922,60,58.6,61.3
2024-11-30,"SUB_ICB_LOC","01A","E38000050","NHS LANCASHIRE AND SOUTH CUMBRIA ICB - 01A",3053,4499.5,67.9,60.6,74,73995,4.1,4,4.3,223,2162,10.3,9.1,11.7,236,3170,7.4,6.6,8.4,2192,69.1,67.5,70.7
2024-11-30,"SUB_ICB_LOC","03W","E38000051","NHS LEICESTER, LEICESTERSHIRE AND RUTLAND ICB - 03W",3353,5497.2,61,54.8,66.5,82239,4.1,3.9,4.2,68,1419,4.8,3.8,6,331,3443,9.6,8.7,10.6,2301,66.8,65.2,68.4
2024-11-30,"SUB_ICB_LOC","02Y","E38000052","NHS HUMBER AND NORTH YORKSHIRE ICB - 02Y",3351,5594.9,59.9,53.7,65.4,86291,3.9,3.8,4,349,1803,19.4,17.6,21.2,250,3439,7.3,6.4,8.2,2173,63.2,61.6,64.8
2024-11-30,"SUB_ICB_LOC","05D","E38000053","NHS STAFFORDSHIRE AND STOKE-ON-TRENT ICB - 05D",1224,1956.9,62.5,55.4,68.8,30360,4,3.8,4.3,71,353,20.1,16.3,24.6,65,1261,5.2,4.1,6.5,820,65,62.4,67.6
2024-11-30,"SUB_ICB_LOC","11M","E38000062","NHS GLOUCESTERSHIRE ICB - 11M",6552,10023.6,65.4,58.8,70.9,151835,4.3,4.2,4.4,292,2862,10.2,9.1,11.4,589,6714,8.8,8.1,9.5,4428,66,64.8,67.1
2024-11-30,"SUB_ICB_LOC","01F","E38000068","NHS CHESHIRE AND MERSEYSIDE ICB - 01F",992,1460.8,67.9,59.7,75,25733,3.9,3.6,4.1,127,467,27.2,23.4,31.4,81,1033,7.8,6.4,9.6,622,60.2,57.2,63.2
2024-11-30,"SUB_ICB_LOC","06N","E38000079","NHS HERTFORDSHIRE AND WEST ESSEX ICB - 06N",4934,7816.1,63.1,56.8,68.7,115101,4.3,4.2,4.4,257,722,35.6,32.2,39.2,482,5070,9.5,8.7,10.3,3157,62.3,60.9,63.6
2024-11-30,"SUB_ICB_LOC","01D","E38000080","NHS GREATER MANCHESTER ICB - 01D",1884,2381.2,79.1,70.3,87,40452,4.7,4.5,4.9,103,1237,8.3,6.9,10,151,1974,7.6,6.6,8.9,1372,69.5,67.4,71.5
2024-11-30,"SUB_ICB_LOC","03F","E38000085","NHS HUMBER AND NORTH YORKSHIRE ICB - 03F",1960,2904.8,67.5,59.9,73.8,49324,4,3.8,4.1,246,1248,19.7,17.6,22,211,2043,10.3,9.1,11.7,1180,57.8,55.6,59.9
2024-11-30,"SUB_ICB_LOC","06L","E38000086","NHS SUFFOLK AND NORTH EAST ESSEX ICB - 06L",3762,6451.9,58.3,52.3,63.6,96562,3.9,3.8,4,750,1766,42.5,40.2,44.8,321,3862,8.3,7.5,9.2,2680,69.4,67.9,70.8
2024-11-30,"SUB_ICB_LOC","11N","E38000089","NHS CORNWALL AND THE ISLES OF SCILLY ICB - 11N",6165,9920.6,62.1,55.8,67.5,154243,4,3.9,4.1,270,1942,13.9,12.4,15.5,576,6280,9.2,8.5,9.9,3196,50.9,49.7,52.1
2024-11-30,"SUB_ICB_LOC","01J","E38000091","NHS CHESHIRE AND MERSEYSIDE ICB - 01J",1072,1703.3,62.9,55.4,69.5,29763,3.6,3.4,3.8,160,639,25,21.8,28.5,119,1128,10.5,8.9,12.5,647,57.4,54.5,60.2
2024-11-30,"SUB_ICB_LOC","04C","E38000097","NHS LEICESTER, LEICESTERSHIRE AND RUTLAND ICB - 04C",2355,3039.1,77.5,68.7,84.7,52247,4.5,4.3,4.7,19,2331,0.8,0.5,1.3,288,2491,11.6,10.4,12.9,1379,55.4,53.4,57.3
2024-11-30,"SUB_ICB_LOC","99A","E38000101","NHS CHESHIRE AND MERSEYSIDE ICB - 99A",3384,5072.2,66.7,59.6,72.9,86851,3.9,3.8,4,227,2062,11,9.7,12.4,409,3514,11.6,10.6,12.7,2320,66,64.4,67.6
2024-11-30,"SUB_ICB_LOC","06Q","E38000106","NHS MID AND SOUTH ESSEX ICB - 06Q",3641,5716.2,63.7,57.2,69.4,86649,4.2,4.1,4.3,173,1364,12.7,11,14.6,420,3740,11.2,10.3,12.3,2387,63.8,62.3,65.3
2024-11-30,"SUB_ICB_LOC","06T","E38000117","NHS SUFFOLK AND NORTH EAST ESSEX ICB - 06T",3878,5680.7,68.3,61.2,74.5,84489,4.6,4.5,4.7,181,1282,14.1,12.3,16.1,643,4018,16,14.9,17.2,2572,64,62.5,65.5
2024-11-30,"SUB_ICB_LOC","03H","E38000119","NHS HUMBER AND NORTH YORKSHIRE ICB - 03H",1626,2333.8,69.7,62,76.3,36592,4.4,4.2,4.7,228,882,25.9,23.1,28.8,138,1726,8,6.8,9.4,1039,60.2,57.9,62.5
2024-11-30,"SUB_ICB_LOC","03K","E38000122","NHS HUMBER AND NORTH YORKSHIRE ICB - 03K",1505,2578.1,58.4,51.8,64,41007,3.7,3.5,3.9,150,1126,13.3,11.5,15.4,100,1593,6.3,5.2,7.6,837,52.5,50.1,55
2024-11-30,"SUB_ICB_LOC","05G","E38000126","NHS STAFFORDSHIRE AND STOKE-ON-TRENT ICB - 05G",2618,3521.8,74.3,66.4,81.3,53814,4.9,4.7,5,129,1499,8.6,7.3,10.1,289,2661,10.9,9.7,12.1,1623,61,59.1,62.8
2024-11-30,"SUB_ICB_LOC","99C","E38000127","NHS NORTH EAST AND NORTH CUMBRIA ICB - 99C",2149,2984.6,72,64.3,78.8,47888,4.5,4.3,4.7,62,1443,4.3,3.4,5.5,165,2214,7.5,6.4,8.6,1250,56.5,54.4,58.5
2024-11-30,"SUB_ICB_LOC","00L","E38000130","NHS NORTH EAST AND NORTH CUMBRIA ICB - 00L",3600,5583.5,64.5,57.6,70.2,90193,4,3.9,4.1,223,1713,13,11.5,14.7,213,3713,5.7,5,6.5,2347,63.2,61.6,64.7
2024-11-30,"SUB_ICB_LOC","00Y","E38000135","NHS GREATER MANCHESTER ICB - 00Y",1894,2540,74.6,66.3,81.8,41528,4.6,4.4,4.8,137,1298,10.6,9,12.3,124,1974,6.3,5.3,7.4,1283,65,62.9,67.1
2024-11-30,"SUB_ICB_LOC","10Q","E38000136","NHS BUCKINGHAMSHIRE, OXFORDSHIRE AND BERKSHIRE WEST ICB - 10Q",6121,9707,63.1,56.8,68.6,144225,4.2,4.1,4.3,131,1058,12.4,10.5,14.5,533,6252,8.5,7.9,9.2,4026,64.4,63.2,65.6
2024-11-30,"SUB_ICB_LOC","10R","E38000137","NHS HAMPSHIRE AND ISLE OF WIGHT ICB - 10R",1531,2221.7,68.9,61.3,75.6,35001,4.4,4.2,4.6,9,942,1,0.5,1.8,167,1579,10.6,9.2,12.2,932,59,56.6,61.4
2024-11-30,"SUB_ICB_LOC","03L","E38000141","NHS SOUTH YORKSHIRE ICB - 03L",2959,3300.2,89.7,80.2,97.9,52355,5.7,5.5,5.9,249,1378,18.1,16.1,20.2,185,3080,6,5.2,6.9,2129,69.1,67.5,70.7
2024-11-30,"SUB_ICB_LOC","01G","E38000143","NHS GREATER MANCHESTER ICB - 01G",2010,2419.1,83.1,73.9,91,39842,5,4.8,5.3,113,585,19.3,16.3,22.7,135,2075,6.5,5.5,7.6,1472,70.9,68.9,72.9
2024-11-30,"SUB_ICB_LOC","03N","E38000146","NHS SOUTH YORKSHIRE ICB - 03N",4669,6401.2,72.9,65.4,79.2,97783,4.8,4.6,4.9,219,1683,13,11.5,14.7,462,4845,9.5,8.7,10.4,2917,60.2,58.8,61.6
2024-11-30,"SUB_ICB_LOC","11X","E38000150","NHS SOMERSET ICB - 11X",5640,10075.9,56,50.3,60.8,151450,3.7,3.6,3.8,93,794,11.7,9.7,14.1,435,5794,7.5,6.9,8.2,3477,60,58.7,61.3
2024-11-30,"SUB_ICB_LOC","05Q","E38000153","NHS STAFFORDSHIRE AND STOKE-ON-TRENT ICB - 05Q",2166,3237.4,66.9,59.7,73,49707,4.4,4.2,4.5,125,626,20,17,23.3,99,2226,4.4,3.7,5.4,1312,58.9,56.9,61
2024-11-30,"SUB_ICB_LOC","01T","E38000161","NHS CHESHIRE AND MERSEYSIDE ICB - 01T",1203,2047.7,58.7,51.9,64.7,32709,3.7,3.5,3.9,180,1388,13,11.3,14.8,99,1227,8.1,6.7,9.7,810,66,63.3,68.6
2024-11-30,"SUB_ICB_LOC","00N","E38000163","NHS NORTH EAST AND NORTH CUMBRIA ICB - 00N",1507,2058.5,73.2,64.9,80.4,33359,4.5,4.3,4.7,94,676,13.9,11.5,16.7,107,1555,6.9,5.7,8.2,919,59.1,56.6,61.5
2024-11-30,"SUB_ICB_LOC","99G","E38000168","NHS MID AND SOUTH ESSEX ICB - 99G",2125,2486.7,85.5,76.4,93.7,36817,5.8,5.5,6,117,441,26.5,22.6,30.8,175,2196,8,6.9,9.2,1728,78.7,76.9,80.4
2024-11-30,"SUB_ICB_LOC","01V","E38000170","NHS CHESHIRE AND MERSEYSIDE ICB - 01V",1798,2423.9,74.2,66.2,81.3,34613,5.2,5,5.4,251,1654,15.2,13.5,17,177,1841,9.6,8.4,11,1189,64.6,62.4,66.7
2024-11-30,"SUB_ICB_LOC","01X","E38000172","NHS CHESHIRE AND MERSEYSIDE ICB - 01X",1792,2633.9,68,60.5,74.7,41874,4.3,4.1,4.5,104,804,12.9,10.8,15.4,140,1855,7.5,6.4,8.8,1217,65.6,63.4,67.7
2024-11-30,"SUB_ICB_LOC","05V","E38000173","NHS STAFFORDSHIRE AND STOKE-ON-TRENT ICB - 05V",1451,2397.1,60.5,53.8,66.5,36303,4,3.8,4.2,94,700,13.4,11.1,16.2,79,1485,5.3,4.3,6.6,805,54.2,51.7,56.7
2024-11-30,"SUB_ICB_LOC","01W","E38000174","NHS GREATER MANCHESTER ICB - 01W",3297,4272.3,77.2,69.3,84.1,63913,5.2,5,5.3,52,762,6.8,5.2,8.8,237,3387,7,6.2,7.9,2246,66.3,64.7,67.9
2024-11-30,"SUB_ICB_LOC","05W","E38000175","NHS STAFFORDSHIRE AND STOKE-ON-TRENT ICB - 05W",3076,3278.8,93.8,83.9,102.3,51756,5.9,5.7,6.2,116,1774,6.5,5.5,7.8,266,3164,8.4,7.5,9.4,2065,65.3,63.6,66.9
2024-11-30,"SUB_ICB_LOC","00P","E38000176","NHS NORTH EAST AND NORTH CUMBRIA ICB - 00P",2477,3676,67.4,60.1,73.8,59569,4.2,4,4.3,150,842,17.8,15.4,20.5,256,2556,10,8.9,11.2,1487,58.2,56.3,60.1
2024-11-30,"SUB_ICB_LOC","07G","E38000185","NHS MID AND SOUTH ESSEX ICB - 07G",1083,1603.1,67.6,59.7,74.4,26034,4.2,3.9,4.4,73,644,11.3,9.1,14,133,1124,11.8,10.1,13.9,816,72.6,69.9,75.1
2024-11-30,"SUB_ICB_LOC","02A","E38000187","NHS GREATER MANCHESTER ICB - 02A",1908,2907.8,65.6,58.6,71.8,43954,4.3,4.2,4.5,133,606,21.9,18.8,25.4,102,1959,5.2,4.3,6.3,1128,57.6,55.4,59.8
2024-11-30,"SUB_ICB_LOC","03Q","E38000188","NHS HUMBER AND NORTH YORKSHIRE ICB - 03Q",1793,3291.1,54.5,48.6,59.7,48968,3.7,3.5,3.8,87,1538,5.7,4.6,6.9,90,1841,4.9,4,6,1153,62.6,60.4,64.8
2024-11-30,"SUB_ICB_LOC","03R","E38000190","NHS WEST YORKSHIRE ICB - 03R",2973,4507.2,66,59,72,73447,4,3.9,4.2,437,1880,23.2,21.4,25.2,312,3101,10.1,9.1,11.2,2176,70.2,68.5,71.8
2024-11-30,"SUB_ICB_LOC","02E","E38000194","NHS CHESHIRE AND MERSEYSIDE ICB - 02E",2001,2784.7,71.9,63.9,78.6,43876,4.6,4.4,4.8,123,1404,8.8,7.4,10.4,265,2063,12.8,11.5,14.4,1238,60,57.9,62.1
2024-11-30,"SUB_ICB_LOC","07H","E38000197","NHS HERTFORDSHIRE AND WEST ESSEX ICB - 07H",3058,4128.5,74.1,66.4,80.8,61383,5,4.8,5.2,54,865,6.2,4.8,8.1,227,3148,7.2,6.4,8.2,1806,57.4,55.6,59.1
2024-11-30,"SUB_ICB_LOC","02G","E38000200","NHS LANCASHIRE AND SOUTH CUMBRIA ICB - 02G",1188,1714.4,69.3,61.5,76.3,26492,4.5,4.2,4.7,25,385,6.5,4.4,9.4,87,1217,7.1,5.8,8.7,666,54.7,51.9,57.5
2024-11-30,"SUB_ICB_LOC","04V","E38000201","NHS LEICESTER, LEICESTERSHIRE AND RUTLAND ICB - 04V",3303,5341.3,61.8,55.3,67.4,84406,3.9,3.8,4,137,1189,11.5,9.8,13.5,278,3394,8.2,7.3,9.2,2027,59.7,58.1,61.4
2024-11-30,"SUB_ICB_LOC","07K","E38000204","NHS SUFFOLK AND NORTH EAST ESSEX ICB - 07K",2394,4393.9,54.5,48.8,59.7,66069,3.6,3.5,3.8,256,684,37.4,33.9,41.1,257,2444,10.5,9.4,11.8,1494,61.1,59.2,63
2024-11-30,"SUB_ICB_LOC","02H","E38000205","NHS GREATER MANCHESTER ICB - 02H",3047,4083.8,74.6,66.7,81.3,67093,4.5,4.4,4.7,170,3105,5.5,4.7,6.3,135,3127,4.3,3.7,5.1,2091,66.9,65.2,68.5
2024-11-30,"SUB_ICB_LOC","12F","E38000208","NHS CHESHIRE AND MERSEYSIDE ICB - 12F",3307,4910.8,67.3,60.3,73.3,76125,4.3,4.2,4.5,85,449,18.9,15.6,22.8,478,3420,14,12.9,15.2,2367,69.2,67.6,70.7
2024-11-30,"SUB_ICB_LOC","13T","E38000212","NHS NORTH EAST AND NORTH CUMBRIA ICB - 13T",4149,5632.6,73.7,66.1,80.3,88246,4.7,4.6,4.8,121,2187,5.5,4.7,6.6,353,4297,8.2,7.4,9.1,2630,61.2,59.7,62.7
2024-11-30,"SUB_ICB_LOC","01H","E38000215","NHS NORTH EAST AND NORTH CUMBRIA ICB - 01H",2999,5159.6,58.1,52,63.3,81704,3.7,3.5,3.8,282,773,36.5,33.2,39.9,295,3109,9.5,8.5,10.6,1860,59.8,58.1,61.5
2024-11-30,"SUB_ICB_LOC","14L","E38000217","NHS GREATER MANCHESTER ICB - 14L",2847,3801.8,74.9,66.6,81.9,67878,4.2,4,4.3,79,1801,4.4,3.5,5.4,226,2984,7.6,6.7,8.6,1920,64.3,62.6,66
2024-11-30,"SUB_ICB_LOC","15A","E38000221","NHS BUCKINGHAMSHIRE, OXFORDSHIRE AND BERKSHIRE WEST ICB - 15A",4046,6125.8,66,59.2,71.8,94437,4.3,4.2,4.4,272,974,27.9,25.2,30.8,360,4145,8.7,7.9,9.6,2676,64.6,63.1,66
2024-11-30,"SUB_ICB_LOC","15C","E38000222","NHS BRISTOL, NORTH SOMERSET AND SOUTH GLOUCESTERSHIRE ICB - 15C",8483,12019.8,70.6,63.5,76.5,179775,4.7,4.6,4.8,49,1257,3.9,3,5.1,656,8712,7.5,7,8.1,5771,66.2,65.2,67.2
2024-11-30,"SUB_ICB_LOC","14Y","E38000223","NHS BUCKINGHAMSHIRE, OXFORDSHIRE AND BERKSHIRE WEST ICB - 14Y",4505,7642.4,58.9,52.9,64.1,113138,4,3.9,4.1,191,1394,13.7,12,15.6,367,4583,8,7.3,8.8,3032,66.2,64.8,67.5
2024-11-30,"SUB_ICB_LOC","15F","E38000225","NHS WEST YORKSHIRE ICB - 15F",6704,9017.1,74.3,66.8,80.8,139775,4.8,4.7,4.9,820,2802,29.3,27.6,31,403,6907,5.8,5.3,6.4,4869,70.5,69.4,71.6
2024-11-30,"SUB_ICB_LOC","02M","E38000226","NHS LANCASHIRE AND SOUTH CUMBRIA ICB - 02M",2358,3578.3,65.9,58.9,72,53649,4.4,4.2,4.6,29,652,4.4,3.1,6.3,124,2424,5.1,4.3,6.1,1519,62.7,60.7,64.6
2024-11-30,"SUB_ICB_LOC","01E","E38000227","NHS LANCASHIRE AND SOUTH CUMBRIA ICB - 01E",1816,2367.7,76.7,68.3,84,37656,4.8,4.6,5,43,772,5.6,4.2,7.4,140,1865,7.5,6.4,8.8,1324,71,68.9,73
2024-11-30,"SUB_ICB_LOC","01K","E38000228","NHS LANCASHIRE AND SOUTH CUMBRIA ICB - 01K",3741,5333.1,70.1,62.9,76.3,82232,4.5,4.4,4.7,77,765,10.1,8.1,12.4,272,3868,7,6.3,7.9,2288,59.2,57.6,60.7
2024-11-30,"SUB_ICB_LOC","92G","E38000231","NHS BATH AND NORTH EAST SOMERSET, SWINDON AND WILTSHIRE ICB - 92G",8552,13837,61.8,55.6,67.1,209763,4.1,4,4.2,432,3877,11.1,10.2,12.2,607,8782,6.9,6.4,7.5,5521,62.9,61.9,63.9
2024-11-30,"SUB_ICB_LOC","36J","E38000232","NHS WEST YORKSHIRE ICB - 36J",4883,6685.4,73,65.5,79.2,105966,4.6,4.5,4.7,476,2455,19.4,17.9,21,717,5058,14.2,13.2,15.2,3406,67.3,66,68.6
2024-11-30,"SUB_ICB_LOC","27D","E38000233","NHS CHESHIRE AND MERSEYSIDE ICB - 27D",7937,11789.7,67.3,60.5,73.1,179164,4.4,4.3,4.5,268,1952,13.7,12.3,15.3,859,8155,10.5,9.9,11.2,4902,60.1,59,61.2
2024-11-30,"SUB_ICB_LOC","84H","E38000234","NHS NORTH EAST AND NORTH CUMBRIA ICB - 84H",5304,7439.4,71.3,64,77.7,122051,4.3,4.2,4.5,395,2055,19.2,17.6,21,355,5531,6.4,5.8,7.1,3498,63.2,62,64.5
2024-11-30,"SUB_ICB_LOC","18C","E38000236","NHS HEREFORDSHIRE AND WORCESTERSHIRE ICB - 18C",7157,13003.2,55,49.5,59.7,197856,3.6,3.5,3.7,194,2488,7.8,6.8,8.9,787,7364,10.7,10,11.4,4987,67.7,66.6,68.8
2024-11-30,"SUB_ICB_LOC","91Q","E38000237","NHS KENT AND MEDWAY ICB - 91Q",15683,25902.1,60.5,54.5,65.7,396376,4,3.9,4,498,4135,12,11.1,13.1,1441,16182,8.9,8.5,9.4,10342,63.9,63.2,64.6
2024-11-30,"SUB_ICB_LOC","71E","E38000238","NHS LINCOLNSHIRE ICB - 71E",8646,12630.5,68.5,61.5,74.3,195669,4.4,4.3,4.5,731,4019,18.2,17,19.4,736,8958,8.2,7.7,8.8,5630,62.8,61.8,63.8
2024-11-30,"SUB_ICB_LOC","26A","E38000239","NHS NORFOLK AND WAVENEY ICB - 26A",11376,18179,62.6,56.5,67.8,270917,4.2,4.1,4.3,679,3756,18.1,16.9,19.3,1345,11681,11.5,10.9,12.1,7357,63,62.1,63.9
2024-11-30,"SUB_ICB_LOC","93C","E38000240","NHS NORTH CENTRAL LONDON ICB - 93C",8886,13188.7,67.4,60.5,73.2,211124,4.2,4.1,4.3,237,2129,11.1,9.9,12.5,793,9153,8.7,8.1,9.3,5510,60.2,59.2,61.2
2024-11-30,"SUB_ICB_LOC","42D","E38000241","NHS HUMBER AND NORTH YORKSHIRE ICB - 42D",5625,9501,59.2,53.1,64.3,145671,3.9,3.8,4,425,2909,14.6,13.4,15.9,292,5745,5.1,4.5,5.7,3799,66.1,64.9,67.3
2024-11-30,"SUB_ICB_LOC","52R","E38000243","NHS NOTTINGHAM AND NOTTINGHAMSHIRE ICB - 52R",9123,12998.2,70.2,63.1,76.2,201923,4.5,4.4,4.6,217,3148,6.9,6.1,7.8,890,9523,9.3,8.8,9.9,6226,65.4,64.4,66.3
2024-11-30,"SUB_ICB_LOC","72Q","E38000244","NHS SOUTH EAST LONDON ICB - 72Q",10839,15422.6,70.3,63,76.3,249809,4.3,4.3,4.4,624,4939,12.6,11.7,13.6,906,11245,8.1,7.6,8.6,6595,58.6,57.7,59.6
2024-11-30,"SUB_ICB_LOC","36L","E38000245","NHS SOUTH WEST LONDON ICB - 36L",10656,14536.5,73.3,65.9,79.6,229517,4.6,4.6,4.7,379,2559,14.8,13.5,16.2,1055,11035,9.6,9,10.1,6778,61.4,60.5,62.3
2024-11-30,"SUB_ICB_LOC","16C","E38000247","NHS NORTH EAST AND NORTH CUMBRIA ICB - 16C",6459,8747.1,73.8,66.2,80.3,141882,4.6,4.4,4.7,655,2529,25.9,24.2,27.6,387,6711,5.8,5.2,6.4,4253,63.4,62.2,64.5
2024-11-30,"SUB_ICB_LOC","M1J4Y","E38000249","NHS BEDFORDSHIRE, LUTON AND MILTON KEYNES ICB - M1J4Y",7409,10615.3,69.8,62.5,75.9,170122,4.4,4.3,4.5,499,3707,13.5,12.4,14.6,743,7705,9.6,9,10.3,4688,60.8,59.7,61.9
2024-11-30,"SUB_ICB_LOC","B2M3M","E38000251","NHS COVENTRY AND WARWICKSHIRE ICB - B2M3M",7304,12593.4,58,52.2,63,191058,3.8,3.7,3.9,373,3169,11.8,10.7,12.9,847,7542,11.2,10.5,12,4411,58.5,57.4,59.6
2024-11-30,"SUB_ICB_LOC","D4U1Y","E38000252","NHS FRIMLEY ICB - D4U1Y",6121,8996.3,68,61.1,73.9,136324,4.5,4.4,4.6,313,1838,17,15.4,18.8,539,6267,8.6,7.9,9.3,4046,64.6,63.4,65.7
2024-11-30,"SUB_ICB_LOC","D9Y0V","E38000253","NHS HAMPSHIRE AND ISLE OF WIGHT ICB - D9Y0V",15719,25334,62,55.8,67.3,375856,4.2,4.1,4.2,393,5394,7.3,6.6,8,1733,16091,10.8,10.3,11.3,9810,61,60.2,61.7
2024-11-30,"SUB_ICB_LOC","X2C4Y","E38000254","NHS WEST YORKSHIRE ICB - X2C4Y",3253,5017.2,64.8,58.1,70.8,80175,4.1,3.9,4.2,286,2702,10.6,9.5,11.8,305,3392,9,8.1,10,2133,62.9,61.2,64.5
2024-11-30,"SUB_ICB_LOC","A3A8R","E38000255","NHS NORTH EAST LONDON ICB - A3A8R",8451,13634.4,62,55.6,67.5,230528,3.7,3.6,3.7,462,5206,8.9,8.1,9.7,802,8847,9.1,8.5,9.7,5757,65.1,64.1,66.1
2024-11-30,"SUB_ICB_LOC","W2U3Z","E38000256","NHS NORTH WEST LONDON ICB - W2U3Z",12940,19763.9,65.5,58.7,71.2,324494,4,3.9,4.1,969,8683,11.2,10.5,11.8,1150,13473,8.5,8.1,9,8310,61.7,60.9,62.5
2024-11-30,"SUB_ICB_LOC","M2L0M","E38000257","NHS SHROPSHIRE, TELFORD AND WREKIN ICB - M2L0M",4926,7957.1,61.9,55.5,67.4,122587,4,3.9,4.1,123,1023,12,10.2,14.2,381,5059,7.5,6.8,8.3,2825,55.8,54.5,57.2
2024-11-30,"SUB_ICB_LOC","15E","E38000258","NHS BIRMINGHAM AND SOLIHULL ICB - 15E",9189,14636.7,62.8,56.5,68.4,223515,4.1,4,4.2,438,3497,12.5,11.5,13.7,1015,9517,10.7,10.1,11.3,5968,62.7,61.7,63.7
2024-11-30,"SUB_ICB_LOC","D2P2L","E38000259","NHS BLACK COUNTRY ICB - D2P2L",9621,14568.4,66,59.5,71.8,222106,4.3,4.2,4.4,423,5635,7.5,6.8,8.2,1065,10011,10.6,10,11.3,4851,48.5,47.5,49.4
2024-11-30,"SUB_ICB_LOC","06H","E38000260","NHS CAMBRIDGESHIRE AND PETERBOROUGH ICB - 06H",6799,11183.6,60.8,54.7,66.1,171773,4,3.9,4.1,364,2381,15.3,13.9,16.8,633,7012,9,8.4,9.7,4548,64.9,63.7,66
2024-11-30,"SUB_ICB_LOC","15M","E38000261","NHS DERBY AND DERBYSHIRE ICB - 15M",10354,15012.6,69,62.1,74.7,235635,4.4,4.3,4.5,968,3144,30.8,29.2,32.4,1009,10846,9.3,8.8,9.9,6408,59.1,58.2,60
2024-11-30,"SUB_ICB_LOC","78H","E38000262","NHS NORTHAMPTONSHIRE ICB - 78H",5985,9094.5,65.8,59.1,71.5,145401,4.1,4,4.2,262,3298,7.9,7.1,8.9,601,6143,9.8,9.1,10.6,3666,59.7,58.4,60.9
2024-11-30,"SUB_ICB_LOC","01Y","E38000263","NHS GREATER MANCHESTER ICB - 01Y",1738,2363.9,73.5,65.2,80.6,39405,4.4,4.2,4.6,101,494,20.4,17.1,24.2,157,1808,8.7,7.5,10.1,1415,78.3,76.3,80.1
2024-11-30,"SUB_ICB_LOC","92A","E38000264","NHS SURREY HEARTLANDS ICB - 92A",10322,15146.3,68.1,61.4,73.9,215906,4.8,4.7,4.9,169,1589,10.6,9.2,12.2,1005,10513,9.6,9,10.1,6645,63.2,62.3,64.1
2024-11-30,"SUB_ICB_LOC","70F","E38000265","NHS SUSSEX ICB - 70F",9537,15076.4,63.3,57,68.7,216302,4.4,4.3,4.5,198,3468,5.7,5,6.5,718,9741,7.4,6.9,7.9,6256,64.2,63.3,65.2
2024-11-30,"ICB","QYG","E54000008","NHS CHESHIRE AND MERSEYSIDE INTEGRATED CARE BOARD",23486,34827,67.4,60.6,73.1,550708,4.3,4.2,4.3,1525,10819,14.1,13.5,14.8,2627,24236,10.8,10.5,11.2,15312,63.2,62.6,63.8
2024-11-30,"ICB","QNC","E54000010","NHS STAFFORDSHIRE AND STOKE-ON-TRENT INTEGRATED CARE BOARD",11988,16249.9,73.8,66.3,80.1,251185,4.8,4.7,4.9,674,5401,12.5,11.6,13.4,943,12291,7.7,7.2,8.2,7572,61.6,60.7,62.5
2024-11-30,"ICB","QOC","E54000011","NHS SHROPSHIRE, TELFORD AND WREKIN INTEGRATED CARE BOARD",4926,7957.1,61.9,55.5,67.4,122587,4,3.9,4.1,123,1023,12,10.2,14.2,381,5059,7.5,6.8,8.3,2825,55.8,54.5,57.2
2024-11-30,"ICB","QJM","E54000013","NHS LINCOLNSHIRE INTEGRATED CARE BOARD",8646,12630.5,68.5,61.5,74.3,195669,4.4,4.3,4.5,731,4019,18.2,17,19.4,736,8958,8.2,7.7,8.8,5630,62.8,61.8,63.8
2024-11-30,"ICB","QK1","E54000015","NHS LEICESTER, LEICESTERSHIRE AND RUTLAND INTEGRATED CARE BOARD",9011,13877.5,64.9,58.4,70.6,218892,4.1,4,4.2,224,4939,4.5,4,5.2,897,9328,9.6,9,10.2,5707,61.2,60.2,62.2
2024-11-30,"ICB","QWU","E54000018","NHS COVENTRY AND WARWICKSHIRE INTEGRATED CARE BOARD",7304,12593.4,58,52.2,63,191058,3.8,3.7,3.9,373,3169,11.8,10.7,12.9,847,7542,11.2,10.5,12,4411,58.5,57.4,59.6
2024-11-30,"ICB","QGH","E54000019","NHS HEREFORDSHIRE AND WORCESTERSHIRE INTEGRATED CARE BOARD",7157,13003.2,55,49.5,59.7,197856,3.6,3.5,3.7,194,2488,7.8,6.8,8.9,787,7364,10.7,10,11.4,4987,67.7,66.6,68.8
2024-11-30,"ICB","QUY","E54000039","NHS BRISTOL, NORTH SOMERSET AND SOUTH GLOUCESTERSHIRE INTEGRATED CARE BOARD",8483,12019.8,70.6,63.5,76.5,179775,4.7,4.6,4.8,49,1257,3.9,3,5.1,656,8712,7.5,7,8.1,5771,66.2,65.2,67.2
2024-11-30,"NHS_REGION","Y56","E40000003","LONDON",51772,76546.1,67.6,60.8,73.2,1245472,4.2,4.1,4.2,2671,23516,11.4,11,11.8,4706,53753,8.8,8.5,9,32950,61.3,60.9,61.7
2024-11-30,"NHS_REGION","Y60","E40000011","MIDLANDS",94658,144394.2,65.6,59.1,71,2233790,4.2,4.2,4.3,4712,40278,11.7,11.4,12,9293,97986,9.5,9.3,9.7,59180,60.4,60.1,60.7
2024-11-30,"SUB_ICB_LOC","09D","E38000021","NHS SUSSEX ICB - 09D",1862,2899.8,64.2,57.3,70.3,45317,4.1,3.9,4.3,108,541,20,16.8,23.5,128,1917,6.7,5.6,7.9,1135,59.2,57,61.4
2024-11-30,"SUB_ICB_LOC","15N","E38000230","NHS DEVON ICB - 15N",12167,20598.5,59.1,53.2,64.1,309032,3.9,3.9,4,771,4278,18,16.9,19.2,1059,12463,8.5,8,9,7580,60.8,60,61.7
2024-11-30,"SUB_ICB_LOC","97R","E38000235","NHS SUSSEX ICB - 97R",6415,10263.6,62.5,56.2,67.9,149349,4.3,4.2,4.4,196,3186,6.2,5.4,7,722,6555,11,10.3,11.8,4102,62.6,61.4,63.7
2024-12-31,"ICB","QMJ","E54000028","NHS NORTH CENTRAL LONDON INTEGRATED CARE BOARD",8898,13242.9,67.2,60.3,73,211832,4.2,4.1,4.3,280,2387,11.7,10.5,13.1,796,9165,8.7,8.1,9.3,5715,62.4,61.4,63.3
2024-12-31,"ICB","QMF","E54000029","NHS NORTH EAST LONDON INTEGRATED CARE BOARD",8456,13669.6,61.9,55.3,67.3,231245,3.7,3.6,3.7,543,5826,9.3,8.6,10.1,805,8859,9.1,8.5,9.7,5920,66.8,65.8,67.8
2024-12-31,"ICB","QKK","E54000030","NHS SOUTH EAST LONDON INTEGRATED CARE BOARD",10844,15444.7,70.2,62.9,76.1,250347,4.3,4.3,4.4,726,5520,13.2,12.3,14.1,906,11254,8.1,7.6,8.6,6683,59.4,58.5,60.3
2024-12-31,"ICB","QWE","E54000031","NHS SOUTH WEST LONDON INTEGRATED CARE BOARD",10673,14571.9,73.2,66,79.4,230133,4.6,4.6,4.7,420,2844,14.8,13.5,16.1,1080,11046,9.8,9.2,10.3,6887,62.3,61.4,63.2
2024-12-31,"ICB","QKS","E54000032","NHS KENT AND MEDWAY INTEGRATED CARE BOARD",15683,25941.4,60.5,54.3,65.5,396666,4,3.9,4,559,4582,12.2,11.3,13.2,1438,16175,8.9,8.5,9.3,10685,66.1,65.3,66.8
2024-12-31,"ICB","QNQ","E54000034","NHS FRIMLEY INTEGRATED CARE BOARD",6111,9021.8,67.7,60.9,73.6,136569,4.5,4.4,4.6,357,1983,18,16.4,19.8,540,6254,8.6,8,9.4,4193,67,65.9,68.2
2024-12-31,"ICB","QT6","E54000036","NHS CORNWALL AND THE ISLES OF SCILLY INTEGRATED CARE BOARD",6180,9926.8,62.3,55.9,67.6,154253,4,3.9,4.1,301,2092,14.4,12.9,16,575,6297,9.1,8.4,9.9,3344,53.1,51.9,54.3
2024-12-31,"ICB","QJK","E54000037","NHS DEVON INTEGRATED CARE BOARD",12109,20606,58.8,52.9,63.8,309166,3.9,3.8,4,851,4657,18.3,17.2,19.4,1064,12410,8.6,8.1,9.1,7717,62.2,61.3,63
2024-12-31,"ICB","QSL","E54000038","NHS SOMERSET INTEGRATED CARE BOARD",5642,10088.6,55.9,50.3,60.7,151557,3.7,3.6,3.8,111,877,12.7,10.6,15,440,5792,7.6,6.9,8.3,3518,60.7,59.5,62
2024-12-31,"ICB","QUY","E54000039","NHS BRISTOL, NORTH SOMERSET AND SOUTH GLOUCESTERSHIRE INTEGRATED CARE BOARD",8502,12030.3,70.7,63.6,76.9,179890,4.7,4.6,4.8,54,1378,3.9,3,5.1,664,8729,7.6,7.1,8.2,5870,67.2,66.3,68.2
2024-12-31,"ICB","QOX","E54000040","NHS BATH AND NORTH EAST SOMERSET, SWINDON AND WILTSHIRE INTEGRATED CARE BOARD",8573,13860.6,61.9,55.6,67.2,210016,4.1,4,4.2,499,4238,11.8,10.8,12.8,603,8799,6.9,6.3,7.4,5616,63.8,62.8,64.8
2024-12-31,"ICB","QVV","E54000041","NHS DORSET INTEGRATED CARE BOARD",8399,14539.5,57.8,52.1,62.7,209698,4,3.9,4.1,228,5246,4.3,3.8,4.9,653,8624,7.6,7,8.1,5728,66.4,65.4,67.4
2024-12-31,"ICB","QRL","E54000042","NHS HAMPSHIRE AND ISLE OF WIGHT INTEGRATED CARE BOARD",17278,27573.8,62.7,56.3,67.9,411167,4.2,4.1,4.3,441,6931,6.4,5.8,7,1878,17694,10.6,10.2,11.1,11188,63.2,62.5,63.9
2024-12-31,"ICB","QR1","E54000043","NHS GLOUCESTERSHIRE INTEGRATED CARE BOARD",6545,10044.3,65.2,58.5,70.8,152054,4.3,4.2,4.4,325,3134,10.4,9.4,11.5,577,6704,8.6,8,9.3,4438,66.2,65.1,67.3
2024-12-31,"ICB","QNX","E54000064","NHS SUSSEX ICB",17808,28263.2,63,56.8,68.4,411235,4.3,4.3,4.4,543,7859,6.9,6.4,7.5,1545,18211,8.5,8.1,8.9,11773,64.6,64,65.3
2024-12-31,"NHS_REGION","Y56","E40000003","LONDON",51772,76785.8,67.4,60.4,73.3,1249096,4.1,4.1,4.2,3053,26048,11.7,11.3,12.1,4729,53750,8.8,8.6,9,33828,62.9,62.5,63.3
2024-12-31,"NHS_REGION","Y60","E40000011","MIDLANDS",94597,144588,65.4,59,71,2235782,4.2,4.2,4.3,5134,43761,11.7,11.4,12,9247,97911,9.4,9.3,9.6,60163,61.4,61.1,61.8
2024-12-31,"ICB","QU9","E54000044","NHS BUCKINGHAMSHIRE, OXFORDSHIRE AND BERKSHIRE WEST INTEGRATED CARE BOARD",14640,23506.4,62.3,56.1,67.7,352249,4.2,4.1,4.2,661,3743,17.7,16.5,18.9,1247,14951,8.3,7.9,8.8,9911,66.3,65.5,67
2024-12-31,"ICB","QE1","E54000048","NHS LANCASHIRE AND SOUTH CUMBRIA INTEGRATED CARE BOARD",16540,23875.2,69.3,62.3,75.1,377336,4.4,4.3,4.4,569,7226,7.9,7.3,8.5,1149,17081,6.7,6.4,7.1,11103,65,64.3,65.7
2024-12-31,"ICB","QHM","E54000050","NHS NORTH EAST AND NORTH CUMBRIA INTEGRATED CARE BOARD",28536,41315.1,69.1,62.1,75,665548,4.3,4.2,4.3,2194,13314,16.5,15.9,17.1,2119,29572,7.2,6.9,7.5,18717,63.3,62.7,63.8
2024-12-31,"ICB","QOQ","E54000051","NHS HUMBER AND NORTH YORKSHIRE INTEGRATED CARE BOARD",15779,26222.7,60.2,54.1,65.1,408221,3.9,3.8,3.9,1623,10260,15.8,15.1,16.5,1099,16308,6.7,6.4,7.1,10531,64.6,63.8,65.3
2024-12-31,"ICB","QWO","E54000054","NHS WEST YORKSHIRE INTEGRATED CARE BOARD",19604,27924.5,70.2,63,76.1,443235,4.4,4.4,4.5,2360,12292,19.2,18.5,19.9,1874,20307,9.2,8.8,9.6,14183,69.8,69.2,70.5
2024-12-31,"ICB","QHL","E54000055","NHS BIRMINGHAM AND SOLIHULL INTEGRATED CARE BOARD",9183,14675,62.6,56.3,68,223843,4.1,4,4.2,469,3814,12.3,11.3,13.4,1007,9507,10.6,10,11.2,6158,64.8,63.8,65.7
2024-12-31,"ICB","QUE","E54000056","NHS CAMBRIDGESHIRE AND PETERBOROUGH INTEGRATED CARE BOARD",6770,11193.7,60.5,54.3,65.7,171890,3.9,3.8,4,405,2613,15.5,14.2,16.9,629,6981,9,8.4,9.7,4511,64.6,63.5,65.7
2024-12-31,"ICB","QOP","E54000057","NHS GREATER MANCHESTER INTEGRATED CARE BOARD",22800,30565.2,74.6,66.9,81,497490,4.6,4.5,4.6,1180,12578,9.4,8.9,9.9,1596,23632,6.8,6.4,7.1,16119,68.2,67.6,68.8
2024-12-31,"ICB","QJ2","E54000058","NHS DERBY AND DERBYSHIRE INTEGRATED CARE BOARD",10372,15052.6,68.9,62,75,235922,4.4,4.3,4.5,1072,3415,31.4,29.9,33,1014,10860,9.3,8.8,9.9,6596,60.7,59.8,61.7
2024-12-31,"ICB","QPM","E54000059","NHS NORTHAMPTONSHIRE INTEGRATED CARE BOARD",6013,9095.5,66.1,59.3,71.8,145515,4.1,4,4.2,278,3595,7.7,6.9,8.7,615,6171,10,9.2,10.7,3718,60.2,59,61.5
2024-12-31,"ICB","QT1","E54000060","NHS NOTTINGHAM AND NOTTINGHAMSHIRE INTEGRATED CARE BOARD",10487,14796.7,70.9,63.8,76.9,230203,4.6,4.5,4.6,339,4001,8.5,7.6,9.4,999,10935,9.1,8.6,9.7,7197,65.8,64.9,66.7
2024-12-31,"ICB","QF7","E54000061","NHS SOUTH YORKSHIRE INTEGRATED CARE BOARD",12652,16664.6,75.9,68.3,82.4,263776,4.8,4.7,4.9,816,6618,12.3,11.6,13.1,906,13139,6.9,6.5,7.3,8298,63.2,62.3,64
2024-12-31,"ICB","QUA","E54000062","NHS BLACK COUNTRY INTEGRATED CARE BOARD",9602,14588.1,65.8,59.1,71.4,222205,4.3,4.2,4.4,460,6081,7.6,6.9,8.3,1032,9986,10.3,9.8,10.9,4983,49.9,48.9,50.9
2024-12-31,"ICB","QXU","E54000063","NHS SURREY HEARTLANDS ICB",10287,15141.7,67.9,61.3,74,216071,4.8,4.7,4.9,186,1758,10.6,9.2,12.1,1045,10476,10,9.4,10.6,6711,64.1,63.1,65
2024-12-31,"NHS_REGION","Y59","E40000005","SOUTH EAST",81807,129448.4,63.2,57,68.5,1923957,4.3,4.2,4.3,2747,26856,10.2,9.9,10.6,7693,83761,9.2,9,9.4,54461,65,64.7,65.3
2024-12-31,"NHS_REGION","Y58","E40000006","SOUTH WEST",55950,91096.1,61.4,55.4,66.4,1366634,4.1,4.1,4.1,2369,21622,11,10.5,11.4,4576,57355,8,7.8,8.2,36231,63.2,62.8,63.6
2024-12-31,"NHS_REGION","Y63","E40000012","NORTH EAST AND YORKSHIRE",76571,112126.8,68.3,61.3,74,1780780,4.3,4.3,4.3,6993,42484,16.5,16.1,16.8,5998,79326,7.6,7.4,7.7,51729,65.2,64.9,65.5
2024-12-31,"NHS_REGION","Y61","E40000013","EAST OF ENGLAND",59405,92446,64.3,57.9,69.6,1394853,4.3,4.2,4.3,4318,23203,18.6,18.1,19.1,6093,61206,10,9.7,10.2,39749,64.9,64.6,65.3
2024-12-31,"NHS_REGION","Y62","E40000014","NORTH WEST",62788,89295.8,70.3,63.5,76.4,1426086,4.4,4.4,4.4,3445,31782,10.8,10.5,11.2,5383,64912,8.3,8.1,8.5,42822,66,65.6,66.3
2024-12-31,"SUB_ICB_LOC","02P","E38000006","NHS SOUTH YORKSHIRE ICB - 02P",2314,3144.5,73.6,65.5,80.5,51764,4.5,4.3,4.7,124,1158,10.7,9.1,12.6,78,2399,3.3,2.6,4,1583,66,64.1,67.9
2024-12-31,"SUB_ICB_LOC","99E","E38000007","NHS MID AND SOUTH ESSEX ICB - 99E",2193,3529.5,62.1,55.6,67.9,52532,4.2,4,4.3,220,1220,18,16,20.3,206,2273,9.1,8,10.3,1527,67.2,65.2,69.1
2024-12-31,"SUB_ICB_LOC","02Q","E38000008","NHS NOTTINGHAM AND NOTTINGHAMSHIRE ICB - 02Q",1371,1779.4,77,68.4,84.8,28003,4.9,4.6,5.2,93,559,16.6,13.8,19.9,124,1421,8.7,7.4,10.3,957,67.3,64.9,69.7
2024-12-31,"SUB_ICB_LOC","00Q","E38000014","NHS LANCASHIRE AND SOUTH CUMBRIA ICB - 00Q",1042,1612.5,64.6,57,71.4,27225,3.8,3.6,4.1,59,717,8.2,6.4,10.5,86,1086,7.9,6.5,9.7,703,64.7,61.8,67.5
2024-12-31,"SUB_ICB_LOC","00R","E38000015","NHS LANCASHIRE AND SOUTH CUMBRIA ICB - 00R",1550,2204.9,70.3,62.6,76.9,35099,4.4,4.2,4.6,28,578,4.8,3.4,6.9,120,1615,7.4,6.2,8.8,939,58.1,55.7,60.5
2024-12-31,"SUB_ICB_LOC","00T","E38000016","NHS GREATER MANCHESTER ICB - 00T",2411,3344.9,72.1,64.3,78.7,54588,4.4,4.2,4.6,170,1489,11.4,9.9,13.1,184,2510,7.3,6.4,8.4,1838,73.2,71.5,74.9
2024-12-31,"SUB_ICB_LOC","09D","E38000021","NHS SUSSEX ICB - 09D",1860,2903.2,64.1,57.1,70.1,45384,4.1,3.9,4.3,116,593,19.6,16.6,22.9,130,1917,6.8,5.7,8,1178,61.5,59.3,63.6
2024-12-31,"SUB_ICB_LOC","00V","E38000024","NHS GREATER MANCHESTER ICB - 00V",1833,2431.2,75.4,67.1,82.8,38370,4.8,4.6,5,24,277,8.7,5.9,12.6,175,1898,9.2,8,10.6,1238,65.2,63.1,67.3
2024-12-31,"SUB_ICB_LOC","02T","E38000025","NHS WEST YORKSHIRE ICB - 02T",1803,2649.5,68.1,60.5,74.5,43385,4.2,4,4.3,127,1599,7.9,6.7,9.4,142,1873,7.6,6.5,8.9,1164,62.1,59.9,64.3
2024-12-31,"SUB_ICB_LOC","04Y","E38000028","NHS STAFFORDSHIRE AND STOKE-ON-TRENT ICB - 04Y",1422,1857.8,76.5,68.1,84.2,29223,4.9,4.6,5.1,141,473,29.8,25.9,34.1,143,1464,9.8,8.4,11.4,927,63.3,60.8,65.8
2024-12-31,"SUB_ICB_LOC","99F","E38000030","NHS MID AND SOUTH ESSEX ICB - 99F",2155,3080.6,70,62.7,76.5,44926,4.8,4.6,5,159,582,27.3,23.9,31.1,154,2201,7,6,8.1,1510,68.6,66.6,70.5
2024-12-31,"SUB_ICB_LOC","00X","E38000034","NHS LANCASHIRE AND SOUTH CUMBRIA ICB - 00X",1866,2553.9,73.1,65.1,79.9,40688,4.6,4.4,4.8,48,711,6.8,5.1,8.8,100,1915,5.2,4.3,6.3,1293,67.5,65.4,69.6
2024-12-31,"SUB_ICB_LOC","02X","E38000044","NHS SOUTH YORKSHIRE ICB - 02X",2726,3805.4,71.6,63.9,78,61674,4.4,4.3,4.6,181,2142,8.5,7.3,9.7,182,2836,6.4,5.6,7.4,1663,58.6,56.8,60.4
2024-12-31,"SUB_ICB_LOC","15N","E38000230","NHS DEVON ICB - 15N",12109,20606,58.8,52.9,63.8,309166,3.9,3.8,4,851,4657,18.3,17.2,19.4,1064,12410,8.6,8.1,9.1,7717,62.2,61.3,63
2024-12-31,"SUB_ICB_LOC","97R","E38000235","NHS SUSSEX ICB - 97R",6378,10271.1,62.1,55.8,67.5,149452,4.3,4.2,4.4,213,3476,6.1,5.4,7,715,6518,11,10.2,11.8,4127,63.3,62.1,64.5
2024-12-31,"SUB_ICB_LOC","70F","E38000265","NHS SUSSEX ICB - 70F",9570,15088.9,63.4,57.2,68.8,216399,4.4,4.3,4.5,214,3790,5.6,5,6.4,700,9776,7.2,6.7,7.7,6468,66.2,65.2,67.1
2024-12-31,"SUB_ICB_LOC","11J","E38000045","NHS DORSET ICB - 11J",8399,14539.5,57.8,52.1,62.7,209698,4,3.9,4.1,228,5246,4.3,3.8,4.9,653,8624,7.6,7,8.1,5728,66.4,65.4,67.4
2024-12-31,"SUB_ICB_LOC","06K","E38000049","NHS HERTFORDSHIRE AND WEST ESSEX ICB - 06K",4712,7498,62.8,56.4,68.3,110324,4.3,4.2,4.4,184,2147,8.6,7.5,9.8,363,4847,7.5,6.8,8.3,3026,62.4,61.1,63.8
2024-12-31,"SUB_ICB_LOC","01A","E38000050","NHS LANCASHIRE AND SOUTH CUMBRIA ICB - 01A",3016,4502.6,67,60,73.1,74079,4.1,3.9,4.2,239,2383,10,8.9,11.3,228,3134,7.3,6.4,8.2,2255,72,70.4,73.5
2024-12-31,"SUB_ICB_LOC","03W","E38000051","NHS LEICESTER, LEICESTERSHIRE AND RUTLAND ICB - 03W",3336,5502.8,60.6,54.5,66.1,82342,4.1,3.9,4.2,75,1539,4.9,3.9,6.1,342,3427,10,9,11,2319,67.7,66.1,69.2
2024-12-31,"SUB_ICB_LOC","02Y","E38000052","NHS HUMBER AND NORTH YORKSHIRE ICB - 02Y",3330,5602.1,59.4,53.3,64.9,86381,3.9,3.7,4,381,1951,19.5,17.8,21.3,248,3420,7.3,6.4,8.2,2201,64.4,62.7,65.9
2024-12-31,"SUB_ICB_LOC","05D","E38000053","NHS STAFFORDSHIRE AND STOKE-ON-TRENT ICB - 05D",1207,1955.1,61.7,54.8,67.9,30370,4,3.8,4.2,86,387,22.2,18.4,26.6,59,1244,4.7,3.7,6.1,810,65.1,62.4,67.7
2024-12-31,"SUB_ICB_LOC","11M","E38000062","NHS GLOUCESTERSHIRE ICB - 11M",6545,10044.3,65.2,58.5,70.8,152054,4.3,4.2,4.4,325,3134,10.4,9.4,11.5,577,6704,8.6,8,9.3,4438,66.2,65.1,67.3
2024-12-31,"SUB_ICB_LOC","01F","E38000068","NHS CHESHIRE AND MERSEYSIDE ICB - 01F",993,1461.5,67.9,59.5,75.1,25720,3.9,3.6,4.1,139,510,27.3,23.6,31.3,80,1034,7.7,6.3,9.5,618,59.8,56.7,62.7
2024-12-31,"SUB_ICB_LOC","06N","E38000079","NHS HERTFORDSHIRE AND WEST ESSEX ICB - 06N",4918,7812.5,63,56.5,68.7,115216,4.3,4.2,4.4,288,803,35.9,32.6,39.2,477,5047,9.5,8.7,10.3,3136,62.1,60.8,63.5
2024-12-31,"SUB_ICB_LOC","01D","E38000080","NHS GREATER MANCHESTER ICB - 01D",1878,2384.7,78.8,70,86.2,40526,4.6,4.4,4.8,117,1337,8.8,7.4,10.4,144,1968,7.3,6.2,8.6,1376,69.9,67.9,71.9
2024-12-31,"SUB_ICB_LOC","03F","E38000085","NHS HUMBER AND NORTH YORKSHIRE ICB - 03F",1955,2910.1,67.2,59.8,73.6,49360,4,3.8,4.1,270,1361,19.8,17.8,22,219,2037,10.8,9.5,12.2,1168,57.3,55.2,59.5
2024-12-31,"SUB_ICB_LOC","06L","E38000086","NHS SUFFOLK AND NORTH EAST ESSEX ICB - 06L",3768,6464.5,58.3,52.2,63.5,96656,3.9,3.8,4,809,1919,42.2,40,44.4,318,3867,8.2,7.4,9.1,2745,71,69.5,72.4
2024-12-31,"SUB_ICB_LOC","11N","E38000089","NHS CORNWALL AND THE ISLES OF SCILLY ICB - 11N",6180,9926.8,62.3,55.9,67.6,154253,4,3.9,4.1,301,2092,14.4,12.9,16,575,6297,9.1,8.4,9.9,3344,53.1,51.9,54.3
2024-12-31,"SUB_ICB_LOC","01J","E38000091","NHS CHESHIRE AND MERSEYSIDE ICB - 01J",1081,1700.4,63.6,55.9,70.3,29794,3.6,3.4,3.8,180,692,26,22.9,29.4,117,1136,10.3,8.7,12.2,697,61.4,58.5,64.1
2024-12-31,"SUB_ICB_LOC","04C","E38000097","NHS LEICESTER, LEICESTERSHIRE AND RUTLAND ICB - 04C",2347,3043,77.1,68.6,84.4,52321,4.5,4.3,4.7,23,2522,0.9,0.6,1.4,298,2482,12,10.8,13.3,1481,59.7,57.7,61.6
2024-12-31,"SUB_ICB_LOC","99A","E38000101","NHS CHESHIRE AND MERSEYSIDE ICB - 99A",3433,5079,67.6,60.3,73.6,86981,3.9,3.8,4.1,250,2310,10.8,9.6,12.2,407,3563,11.4,10.4,12.5,2378,66.7,65.2,68.3
2024-12-31,"SUB_ICB_LOC","06Q","E38000106","NHS MID AND SOUTH ESSEX ICB - 06Q",3650,5721.3,63.8,57.2,69.4,86683,4.2,4.1,4.3,192,1475,13,11.4,14.8,442,3750,11.8,10.8,12.9,2421,64.6,63,66.1
2024-12-31,"SUB_ICB_LOC","06T","E38000117","NHS SUFFOLK AND NORTH EAST ESSEX ICB - 06T",3852,5684.5,67.8,60.7,73.8,84536,4.6,4.4,4.7,201,1389,14.5,12.7,16.4,631,3995,15.8,14.7,17,2549,63.8,62.3,65.3
2024-12-31,"SUB_ICB_LOC","03H","E38000119","NHS HUMBER AND NORTH YORKSHIRE ICB - 03H",1624,2333.8,69.6,61.9,76.3,36621,4.4,4.2,4.7,252,962,26.2,23.5,29.1,154,1723,8.9,7.7,10.4,1147,66.6,64.3,68.8
2024-12-31,"SUB_ICB_LOC","03K","E38000122","NHS HUMBER AND NORTH YORKSHIRE ICB - 03K",1503,2582.8,58.2,51.6,63.9,41050,3.7,3.5,3.8,161,1201,13.4,11.6,15.4,105,1588,6.6,5.5,7.9,964,60.7,58.3,63.1
2024-12-31,"SUB_ICB_LOC","05G","E38000126","NHS STAFFORDSHIRE AND STOKE-ON-TRENT ICB - 05G",2603,3527.3,73.8,65.9,80.5,53804,4.8,4.7,5,146,1619,9,7.7,10.5,275,2644,10.4,9.3,11.6,1686,63.8,61.9,65.6
2024-12-31,"SUB_ICB_LOC","99C","E38000127","NHS NORTH EAST AND NORTH CUMBRIA ICB - 99C",2146,2989.4,71.8,63.9,78.7,47973,4.5,4.3,4.7,69,1543,4.5,3.5,5.6,161,2206,7.3,6.3,8.5,1324,60,58,62
2024-12-31,"SUB_ICB_LOC","00L","E38000130","NHS NORTH EAST AND NORTH CUMBRIA ICB - 00L",3601,5592.8,64.4,57.6,70.2,90344,4,3.9,4.1,253,1890,13.4,11.9,15,214,3713,5.8,5.1,6.6,2372,63.9,62.3,65.4
2024-12-31,"SUB_ICB_LOC","00Y","E38000135","NHS GREATER MANCHESTER ICB - 00Y",1879,2545.7,73.8,65.6,81.2,41606,4.5,4.3,4.7,156,1414,11,9.5,12.8,121,1961,6.2,5.2,7.3,1276,65.1,62.9,67.1
2024-12-31,"SUB_ICB_LOC","10Q","E38000136","NHS BUCKINGHAMSHIRE, OXFORDSHIRE AND BERKSHIRE WEST ICB - 10Q",6139,9725.3,63.1,56.8,68.5,144449,4.2,4.1,4.4,143,1164,12.3,10.5,14.3,531,6269,8.5,7.8,9.2,4138,66,64.8,67.2
2024-12-31,"SUB_ICB_LOC","10R","E38000137","NHS HAMPSHIRE AND ISLE OF WIGHT ICB - 10R",1535,2219.4,69.2,61.6,76,35033,4.4,4.2,4.6,10,1039,1,0.5,1.8,177,1583,11.2,9.7,12.8,1068,67.5,65.1,69.7
2024-12-31,"SUB_ICB_LOC","03L","E38000141","NHS SOUTH YORKSHIRE ICB - 03L",2952,3307,89.3,79.7,97.4,52439,5.6,5.4,5.8,275,1493,18.4,16.5,20.5,192,3069,6.3,5.5,7.2,2113,68.8,67.2,70.5
2024-12-31,"SUB_ICB_LOC","01G","E38000143","NHS GREATER MANCHESTER ICB - 01G",1985,2419.8,82,73.1,89.9,39865,5,4.8,5.2,125,637,19.6,16.7,22.9,126,2050,6.1,5.2,7.3,1476,72,70,73.9
2024-12-31,"SUB_ICB_LOC","03N","E38000146","NHS SOUTH YORKSHIRE ICB - 03N",4660,6407.8,72.7,65.3,79.1,97899,4.8,4.6,4.9,236,1825,12.9,11.5,14.5,454,4835,9.4,8.6,10.2,2939,60.8,59.4,62.2
2024-12-31,"SUB_ICB_LOC","11X","E38000150","NHS SOMERSET ICB - 11X",5642,10088.6,55.9,50.3,60.7,151557,3.7,3.6,3.8,111,877,12.7,10.6,15,440,5792,7.6,6.9,8.3,3518,60.7,59.5,62
2024-12-31,"SUB_ICB_LOC","05Q","E38000153","NHS STAFFORDSHIRE AND STOKE-ON-TRENT ICB - 05Q",2157,3241.8,66.5,59.4,72.8,49755,4.3,4.2,4.5,131,693,18.9,16.2,22,98,2216,4.4,3.6,5.4,1376,62.1,60.1,64.1
2024-12-31,"SUB_ICB_LOC","01T","E38000161","NHS CHESHIRE AND MERSEYSIDE ICB - 01T",1188,2050.9,57.9,51.3,63.6,32753,3.6,3.4,3.8,201,1541,13,11.5,14.8,102,1214,8.4,7,10.1,808,66.6,63.9,69.2
2024-12-31,"SUB_ICB_LOC","00N","E38000163","NHS NORTH EAST AND NORTH CUMBRIA ICB - 00N",1506,2060.1,73.1,64.7,80.2,33404,4.5,4.3,4.7,101,729,13.9,11.5,16.6,109,1552,7,5.9,8.4,924,59.5,57.1,62
2024-12-31,"SUB_ICB_LOC","99G","E38000168","NHS MID AND SOUTH ESSEX ICB - 99G",2105,2490.9,84.5,75.5,92.3,36865,5.7,5.5,6,126,475,26.5,22.8,30.7,184,2179,8.4,7.3,9.7,1729,79.3,77.6,81
2024-12-31,"SUB_ICB_LOC","01V","E38000170","NHS CHESHIRE AND MERSEYSIDE ICB - 01V",1793,2421.6,74,66.2,81,34644,5.2,4.9,5.4,281,1853,15.2,13.6,16.9,185,1837,10.1,8.8,11.5,1299,70.7,68.6,72.7
2024-12-31,"SUB_ICB_LOC","01X","E38000172","NHS CHESHIRE AND MERSEYSIDE ICB - 01X",1774,2634,67.3,59.9,73.7,41879,4.2,4,4.4,123,900,13.7,11.6,16.1,130,1838,7.1,6,8.3,1265,68.8,66.7,70.9
2024-12-31,"SUB_ICB_LOC","05V","E38000173","NHS STAFFORDSHIRE AND STOKE-ON-TRENT ICB - 05V",1443,2400.3,60.1,53.4,66.1,36333,4,3.8,4.2,95,746,12.7,10.5,15.3,81,1477,5.5,4.4,6.8,833,56.4,53.9,58.9
2024-12-31,"SUB_ICB_LOC","01W","E38000174","NHS GREATER MANCHESTER ICB - 01W",3287,4272.2,76.9,69,83.7,63954,5.1,5,5.3,61,844,7.2,5.7,9.2,227,3377,6.7,5.9,7.6,2266,67.1,65.5,68.7
2024-12-31,"SUB_ICB_LOC","05W","E38000175","NHS STAFFORDSHIRE AND STOKE-ON-TRENT ICB - 05W",3058,3280.3,93.2,83.5,101.8,51773,5.9,5.7,6.1,131,1880,7,5.9,8.2,261,3142,8.3,7.4,9.3,2087,66.4,64.8,68.1
2024-12-31,"SUB_ICB_LOC","00P","E38000176","NHS NORTH EAST AND NORTH CUMBRIA ICB - 00P",2453,3674.1,66.8,59.4,73.1,59627,4.1,4,4.3,161,925,17.4,15.1,20,245,2532,9.7,8.6,10.9,1538,60.7,58.8,62.6
2024-12-31,"SUB_ICB_LOC","07G","E38000185","NHS MID AND SOUTH ESSEX ICB - 07G",1083,1605.2,67.5,59.6,74.4,26073,4.2,3.9,4.4,75,711,10.5,8.5,13,135,1126,12,10.2,14,828,73.5,70.9,76
2024-12-31,"SUB_ICB_LOC","02A","E38000187","NHS GREATER MANCHESTER ICB - 02A",1918,2912.1,65.9,58.9,72.1,43979,4.4,4.2,4.6,147,655,22.4,19.4,25.8,103,1968,5.2,4.3,6.3,1124,57.1,54.9,59.3
2024-12-31,"SUB_ICB_LOC","03Q","E38000188","NHS HUMBER AND NORTH YORKSHIRE ICB - 03Q",1790,3291.2,54.4,48.4,59.5,48990,3.7,3.5,3.8,97,1657,5.9,4.8,7.1,90,1840,4.9,4,6,1241,67.4,65.3,69.5
2024-12-31,"SUB_ICB_LOC","03R","E38000190","NHS WEST YORKSHIRE ICB - 03R",2960,4511.7,65.6,58.7,71.6,73559,4,3.9,4.2,469,2035,23,21.3,24.9,302,3089,9.8,8.8,10.9,2208,71.5,69.9,73
2024-12-31,"SUB_ICB_LOC","02E","E38000194","NHS CHESHIRE AND MERSEYSIDE ICB - 02E",2005,2794,71.8,64,78.4,43951,4.6,4.4,4.8,128,1540,8.3,7,9.8,271,2063,13.1,11.7,14.7,1266,61.4,59.2,63.4
2024-12-31,"SUB_ICB_LOC","07H","E38000197","NHS HERTFORDSHIRE AND WEST ESSEX ICB - 07H",3071,4132.5,74.3,66.6,80.9,61511,5,4.8,5.2,59,940,6.3,4.9,8,235,3161,7.4,6.6,8.4,1901,60.1,58.4,61.8
2024-12-31,"SUB_ICB_LOC","02G","E38000200","NHS LANCASHIRE AND SOUTH CUMBRIA ICB - 02G",1173,1713,68.5,60.7,75.2,26481,4.4,4.2,4.7,29,428,6.8,4.8,9.6,83,1203,6.9,5.6,8.5,682,56.7,53.9,59.5
2024-12-31,"SUB_ICB_LOC","04V","E38000201","NHS LEICESTER, LEICESTERSHIRE AND RUTLAND ICB - 04V",3319,5351,62,55.7,67.6,84516,3.9,3.8,4.1,146,1295,11.3,9.7,13.1,276,3412,8.1,7.2,9.1,2056,60.3,58.6,61.9
2024-12-31,"SUB_ICB_LOC","07K","E38000204","NHS SUFFOLK AND NORTH EAST ESSEX ICB - 07K",2376,4395.5,54.1,48.4,59.1,66084,3.6,3.5,3.7,285,754,37.8,34.4,41.3,254,2426,10.5,9.3,11.8,1567,64.6,62.7,66.5
2024-12-31,"SUB_ICB_LOC","02H","E38000205","NHS GREATER MANCHESTER ICB - 02H",3018,4088.1,73.8,65.9,80.7,67148,4.5,4.3,4.7,191,3450,5.5,4.8,6.3,134,3098,4.3,3.7,5.1,2115,68.3,66.6,69.9
2024-12-31,"SUB_ICB_LOC","12F","E38000208","NHS CHESHIRE AND MERSEYSIDE ICB - 12F",3289,4911.5,67,60,73.1,76176,4.3,4.2,4.5,94,482,19.5,16.2,23.3,482,3404,14.2,13,15.4,2363,69.4,67.8,70.9
2024-12-31,"SUB_ICB_LOC","13T","E38000212","NHS NORTH EAST AND NORTH CUMBRIA ICB - 13T",4074,5622.8,72.5,64.9,79,88237,4.6,4.5,4.8,135,2396,5.6,4.8,6.6,354,4220,8.4,7.6,9.3,2615,62,60.5,63.4
2024-12-31,"SUB_ICB_LOC","01H","E38000215","NHS NORTH EAST AND NORTH CUMBRIA ICB - 01H",2978,5163.2,57.7,51.7,62.7,81716,3.6,3.5,3.8,314,850,36.9,33.8,40.2,289,3087,9.4,8.4,10.4,1878,60.8,59.1,62.5
2024-12-31,"SUB_ICB_LOC","14L","E38000217","NHS GREATER MANCHESTER ICB - 14L",2854,3805.4,75,66.7,81.8,68014,4.2,4,4.3,85,1935,4.4,3.6,5.4,228,2993,7.6,6.7,8.6,1979,66.1,64.4,67.8
2024-12-31,"SUB_ICB_LOC","15A","E38000221","NHS BUCKINGHAMSHIRE, OXFORDSHIRE AND BERKSHIRE WEST ICB - 15A",4009,6130.8,65.4,58.7,71.2,94560,4.2,4.1,4.4,299,1062,28.2,25.5,30.9,358,4111,8.7,7.9,9.6,2696,65.6,64.1,67
2024-12-31,"SUB_ICB_LOC","15C","E38000222","NHS BRISTOL, NORTH SOMERSET AND SOUTH GLOUCESTERSHIRE ICB - 15C",8502,12030.3,70.7,63.6,76.9,179890,4.7,4.6,4.8,54,1378,3.9,3,5.1,664,8729,7.6,7.1,8.2,5870,67.2,66.3,68.2
2024-12-31,"SUB_ICB_LOC","14Y","E38000223","NHS BUCKINGHAMSHIRE, OXFORDSHIRE AND BERKSHIRE WEST ICB - 14Y",4492,7650.3,58.7,52.8,63.9,113240,4,3.9,4.1,219,1517,14.4,12.8,16.3,358,4571,7.8,7.1,8.6,3077,67.3,65.9,68.7
2024-12-31,"SUB_ICB_LOC","15F","E38000225","NHS WEST YORKSHIRE ICB - 15F",6683,9028.1,74,66.6,80.3,139804,4.8,4.7,4.9,898,3035,29.6,28,31.2,406,6881,5.9,5.4,6.5,5056,73.5,72.4,74.5
2024-12-31,"SUB_ICB_LOC","02M","E38000226","NHS LANCASHIRE AND SOUTH CUMBRIA ICB - 02M",2382,3583.5,66.5,59.5,72.5,53755,4.4,4.3,4.6,33,744,4.4,3.2,6.2,121,2446,4.9,4.2,5.9,1558,63.7,61.8,65.6
2024-12-31,"SUB_ICB_LOC","01E","E38000227","NHS LANCASHIRE AND SOUTH CUMBRIA ICB - 01E",1809,2368.3,76.4,68.1,83.7,37722,4.8,4.6,5,51,845,6,4.6,7.8,148,1859,8,6.8,9.3,1353,72.8,70.7,74.8
2024-12-31,"SUB_ICB_LOC","01K","E38000228","NHS LANCASHIRE AND SOUTH CUMBRIA ICB - 01K",3702,5336.6,69.4,62.2,75.5,82287,4.5,4.4,4.6,82,820,10,8.1,12.2,263,3823,6.9,6.1,7.7,2320,60.7,59.1,62.2
2024-12-31,"SUB_ICB_LOC","92G","E38000231","NHS BATH AND NORTH EAST SOMERSET, SWINDON AND WILTSHIRE ICB - 92G",8573,13860.6,61.9,55.6,67.2,210016,4.1,4,4.2,499,4238,11.8,10.8,12.8,603,8799,6.9,6.3,7.4,5616,63.8,62.8,64.8
2024-12-31,"SUB_ICB_LOC","36J","E38000232","NHS WEST YORKSHIRE ICB - 36J",4900,6705.4,73.1,65.4,79.4,106215,4.6,4.5,4.7,541,2638,20.5,19,22.1,719,5068,14.2,13.3,15.2,3508,69.2,67.9,70.5
2024-12-31,"SUB_ICB_LOC","27D","E38000233","NHS CHESHIRE AND MERSEYSIDE ICB - 27D",7892,11802.5,66.9,60,72.6,179362,4.4,4.3,4.5,300,2150,14,12.6,15.5,864,8110,10.7,10,11.3,4906,60.5,59.4,61.6
2024-12-31,"SUB_ICB_LOC","84H","E38000234","NHS NORTH EAST AND NORTH CUMBRIA ICB - 84H",5314,7447.9,71.3,63.9,77.6,122193,4.3,4.2,4.5,439,2244,19.6,18,21.3,365,5542,6.6,6,7.3,3660,66,64.8,67.3
2024-12-31,"SUB_ICB_LOC","18C","E38000236","NHS HEREFORDSHIRE AND WORCESTERSHIRE ICB - 18C",7164,13001.6,55.1,49.5,60,197916,3.6,3.5,3.7,208,2709,7.7,6.7,8.7,799,7366,10.8,10.2,11.6,5041,68.4,67.4,69.5
2024-12-31,"SUB_ICB_LOC","91Q","E38000237","NHS KENT AND MEDWAY ICB - 91Q",15683,25941.4,60.5,54.3,65.5,396666,4,3.9,4,559,4582,12.2,11.3,13.2,1438,16175,8.9,8.5,9.3,10685,66.1,65.3,66.8
2024-12-31,"SUB_ICB_LOC","71E","E38000238","NHS LINCOLNSHIRE ICB - 71E",8639,12647.3,68.3,61.3,74.3,195878,4.4,4.3,4.5,789,4412,17.9,16.8,19,730,8958,8.1,7.6,8.7,5713,63.8,62.8,64.8
2024-12-31,"SUB_ICB_LOC","26A","E38000239","NHS NORFOLK AND WAVENEY ICB - 26A",11346,18197.9,62.3,56.2,67.7,271147,4.2,4.1,4.3,762,4126,18.5,17.3,19.7,1362,11652,11.7,11.1,12.3,7485,64.2,63.4,65.1
2024-12-31,"SUB_ICB_LOC","93C","E38000240","NHS NORTH CENTRAL LONDON ICB - 93C",8898,13242.9,67.2,60.3,73,211832,4.2,4.1,4.3,280,2387,11.7,10.5,13.1,796,9165,8.7,8.1,9.3,5715,62.4,61.4,63.3
2024-12-31,"SUB_ICB_LOC","42D","E38000241","NHS HUMBER AND NORTH YORKSHIRE ICB - 42D",5577,9502.8,58.7,52.7,63.8,145819,3.8,3.7,3.9,462,3128,14.8,13.6,16.1,283,5700,5,4.4,5.6,3810,66.8,65.6,68.1
2024-12-31,"SUB_ICB_LOC","52R","E38000243","NHS NOTTINGHAM AND NOTTINGHAMSHIRE ICB - 52R",9116,13017.3,70,62.8,76.2,202200,4.5,4.4,4.6,246,3442,7.1,6.3,8.1,875,9514,9.2,8.6,9.8,6240,65.6,64.6,66.5
2024-12-31,"SUB_ICB_LOC","72Q","E38000244","NHS SOUTH EAST LONDON ICB - 72Q",10844,15444.7,70.2,62.9,76.1,250347,4.3,4.3,4.4,726,5520,13.2,12.3,14.1,906,11254,8.1,7.6,8.6,6683,59.4,58.5,60.3
2024-12-31,"SUB_ICB_LOC","36L","E38000245","NHS SOUTH WEST LONDON ICB - 36L",10673,14571.9,73.2,66,79.4,230133,4.6,4.6,4.7,420,2844,14.8,13.5,16.1,1080,11046,9.8,9.2,10.3,6887,62.3,61.4,63.2
2024-12-31,"SUB_ICB_LOC","16C","E38000247","NHS NORTH EAST AND NORTH CUMBRIA ICB - 16C",6464,8764.8,73.7,66.1,80,142054,4.6,4.4,4.7,722,2737,26.4,24.8,28.1,382,6720,5.7,5.2,6.3,4406,65.6,64.4,66.7
2024-12-31,"SUB_ICB_LOC","M1J4Y","E38000249","NHS BEDFORDSHIRE, LUTON AND MILTON KEYNES ICB - M1J4Y",7406,10639.7,69.6,62.4,75.8,170410,4.3,4.3,4.4,553,4049,13.7,12.6,14.7,703,7701,9.1,8.5,9.8,4814,62.5,61.4,63.6
2024-12-31,"SUB_ICB_LOC","B2M3M","E38000251","NHS COVENTRY AND WARWICKSHIRE ICB - B2M3M",7310,12612.6,58,52.2,62.9,191220,3.8,3.7,3.9,405,3468,11.7,10.7,12.8,847,7550,11.2,10.5,12,4363,57.8,56.7,58.9
2024-12-31,"SUB_ICB_LOC","D4U1Y","E38000252","NHS FRIMLEY ICB - D4U1Y",6111,9021.8,67.7,60.9,73.6,136569,4.5,4.4,4.6,357,1983,18,16.4,19.8,540,6254,8.6,8,9.4,4193,67,65.9,68.2
2024-12-31,"SUB_ICB_LOC","D9Y0V","E38000253","NHS HAMPSHIRE AND ISLE OF WIGHT ICB - D9Y0V",15743,25354.5,62.1,55.9,67.4,376134,4.2,4.1,4.2,431,5892,7.3,6.7,8,1701,16111,10.6,10.1,11,10120,62.8,62.1,63.6
2024-12-31,"SUB_ICB_LOC","X2C4Y","E38000254","NHS WEST YORKSHIRE ICB - X2C4Y",3258,5029.7,64.8,57.8,70.6,80272,4.1,3.9,4.2,325,2985,10.9,9.8,12.1,305,3396,9,8.1,10,2247,66.2,64.6,67.7
2024-12-31,"SUB_ICB_LOC","A3A8R","E38000255","NHS NORTH EAST LONDON ICB - A3A8R",8456,13669.6,61.9,55.3,67.3,231245,3.7,3.6,3.7,543,5826,9.3,8.6,10.1,805,8859,9.1,8.5,9.7,5920,66.8,65.8,67.8
2024-12-31,"SUB_ICB_LOC","W2U3Z","E38000256","NHS NORTH WEST LONDON ICB - W2U3Z",12901,19856.7,65,58.4,70.5,325539,4,3.9,4,1084,9471,11.4,10.8,12.1,1142,13426,8.5,8,9,8623,64.2,63.4,65
2024-12-31,"SUB_ICB_LOC","M2L0M","E38000257","NHS SHROPSHIRE, TELFORD AND WREKIN ICB - M2L0M",4935,7959.1,62,55.7,67.4,122643,4,3.9,4.1,140,1112,12.6,10.8,14.7,371,5070,7.3,6.6,8.1,2819,55.6,54.2,57
2024-12-31,"SUB_ICB_LOC","15E","E38000258","NHS BIRMINGHAM AND SOLIHULL ICB - 15E",9183,14675,62.6,56.3,68,223843,4.1,4,4.2,469,3814,12.3,11.3,13.4,1007,9507,10.6,10,11.2,6158,64.8,63.8,65.7
2024-12-31,"SUB_ICB_LOC","D2P2L","E38000259","NHS BLACK COUNTRY ICB - D2P2L",9602,14588.1,65.8,59.1,71.4,222205,4.3,4.2,4.4,460,6081,7.6,6.9,8.3,1032,9986,10.3,9.8,10.9,4983,49.9,48.9,50.9
2024-12-31,"SUB_ICB_LOC","06H","E38000260","NHS CAMBRIDGESHIRE AND PETERBOROUGH ICB - 06H",6770,11193.7,60.5,54.3,65.7,171890,3.9,3.8,4,405,2613,15.5,14.2,16.9,629,6981,9,8.4,9.7,4511,64.6,63.5,65.7
2024-12-31,"SUB_ICB_LOC","15M","E38000261","NHS DERBY AND DERBYSHIRE ICB - 15M",10372,15052.6,68.9,62,75,235922,4.4,4.3,4.5,1072,3415,31.4,29.9,33,1014,10860,9.3,8.8,9.9,6596,60.7,59.8,61.7
2024-12-31,"SUB_ICB_LOC","78H","E38000262","NHS NORTHAMPTONSHIRE ICB - 78H",6013,9095.5,66.1,59.3,71.8,145515,4.1,4,4.2,278,3595,7.7,6.9,8.7,615,6171,10,9.2,10.7,3718,60.2,59,61.5
2024-12-31,"SUB_ICB_LOC","01Y","E38000263","NHS GREATER MANCHESTER ICB - 01Y",1737,2361.2,73.6,65.2,80.5,39440,4.4,4.2,4.6,104,540,19.3,16.2,22.8,154,1809,8.5,7.3,9.9,1431,79.1,77.2,80.9
2024-12-31,"SUB_ICB_LOC","92A","E38000264","NHS SURREY HEARTLANDS ICB - 92A",10287,15141.7,67.9,61.3,74,216071,4.8,4.7,4.9,186,1758,10.6,9.2,12.1,1045,10476,10,9.4,10.6,6711,64.1,63.1,65
2024-12-31,"ICB","QYG","E54000008","NHS CHESHIRE AND MERSEYSIDE INTEGRATED CARE BOARD",23448,34855.3,67.3,60.7,73.1,551260,4.3,4.2,4.3,1696,11978,14.2,13.5,14.8,2638,24199,10.9,10.5,11.3,15600,64.5,63.9,65.1
2024-12-31,"ICB","QNC","E54000010","NHS STAFFORDSHIRE AND STOKE-ON-TRENT INTEGRATED CARE BOARD",11890,16262.5,73.1,65.8,79.5,251258,4.7,4.6,4.8,730,5798,12.6,11.8,13.5,917,12187,7.5,7.1,8,7719,63.3,62.5,64.2
2024-12-31,"ICB","QOC","E54000011","NHS SHROPSHIRE, TELFORD AND WREKIN INTEGRATED CARE BOARD",4935,7959.1,62,55.7,67.4,122643,4,3.9,4.1,140,1112,12.6,10.8,14.7,371,5070,7.3,6.6,8.1,2819,55.6,54.2,57
2024-12-31,"ICB","QJM","E54000013","NHS LINCOLNSHIRE INTEGRATED CARE BOARD",8639,12647.3,68.3,61.3,74.3,195878,4.4,4.3,4.5,789,4412,17.9,16.8,19,730,8958,8.1,7.6,8.7,5713,63.8,62.8,64.8
2024-12-31,"ICB","QK1","E54000015","NHS LEICESTER, LEICESTERSHIRE AND RUTLAND INTEGRATED CARE BOARD",9002,13896.8,64.8,58.3,70.5,219179,4.1,4,4.2,244,5356,4.6,4,5.1,916,9321,9.8,9.2,10.4,5856,62.8,61.8,63.8
2024-12-31,"ICB","QWU","E54000018","NHS COVENTRY AND WARWICKSHIRE INTEGRATED CARE BOARD",7310,12612.6,58,52.2,62.9,191220,3.8,3.7,3.9,405,3468,11.7,10.7,12.8,847,7550,11.2,10.5,12,4363,57.8,56.7,58.9
2024-12-31,"ICB","QGH","E54000019","NHS HEREFORDSHIRE AND WORCESTERSHIRE INTEGRATED CARE BOARD",7164,13001.6,55.1,49.5,60,197916,3.6,3.5,3.7,208,2709,7.7,6.7,8.7,799,7366,10.8,10.2,11.6,5041,68.4,67.4,69.5
2024-12-31,"ICB","QMM","E54000022","NHS NORFOLK AND WAVENEY INTEGRATED CARE BOARD",11346,18197.9,62.3,56.2,67.7,271147,4.2,4.1,4.3,762,4126,18.5,17.3,19.7,1362,11652,11.7,11.1,12.3,7485,64.2,63.4,65.1
2024-12-31,"ICB","QJG","E54000023","NHS SUFFOLK AND NORTH EAST ESSEX INTEGRATED CARE BOARD",9996,16544.4,60.4,54.3,65.6,247276,4,4,4.1,1295,4062,31.9,30.5,33.3,1203,10288,11.7,11.1,12.3,6861,66.7,65.8,67.6
2024-12-31,"ICB","QHG","E54000024","NHS BEDFORDSHIRE, LUTON AND MILTON KEYNES INTEGRATED CARE BOARD",7406,10639.7,69.6,62.4,75.8,170410,4.3,4.3,4.4,553,4049,13.7,12.6,14.7,703,7701,9.1,8.5,9.8,4814,62.5,61.4,63.6
2024-12-31,"ICB","QM7","E54000025","NHS HERTFORDSHIRE AND WEST ESSEX INTEGRATED CARE BOARD",12701,19442.9,65.3,58.8,70.8,287051,4.4,4.4,4.5,531,3890,13.7,12.6,14.8,1075,13055,8.2,7.8,8.7,8063,61.8,60.9,62.6
2024-12-31,"ICB","QH8","E54000026","NHS MID AND SOUTH ESSEX INTEGRATED CARE BOARD",11186,16427.4,68.1,61.2,73.9,247079,4.5,4.4,4.6,772,4463,17.3,16.2,18.4,1121,11529,9.7,9.2,10.3,8015,69.5,68.7,70.4
2024-12-31,"ICB","QRV","E54000027","NHS NORTH WEST LONDON INTEGRATED CARE BOARD",12901,19856.7,65,58.4,70.5,325539,4,3.9,4,1084,9471,11.4,10.8,12.1,1142,13426,8.5,8,9,8623,64.2,63.4,65
2024-12-31,"COUNTRY","ENG","E92000001","ENGLAND",482890,735786.9,65.6,59.1,71,11377188,4.2,4.2,4.3,28059,215756,13,12.9,13.1,43719,498221,8.8,8.7,8.9,318983,64,63.9,64.2
2025-01-31,"ICB","QYG","E54000008","NHS CHESHIRE AND MERSEYSIDE INTEGRATED CARE BOARD",23394,34834.5,67.2,60.4,73,551603,4.2,4.2,4.3,1902,13801,13.8,13.2,14.4,2620,24136,10.9,10.5,11.3,17097,70.8,70.3,71.4
2025-01-31,"ICB","QNC","E54000010","NHS STAFFORDSHIRE AND STOKE-ON-TRENT INTEGRATED CARE BOARD",11821,16246.5,72.8,65.5,78.9,251266,4.7,4.6,4.8,854,6466,13.2,12.4,14.1,912,12115,7.5,7.1,8,8335,68.8,68,69.6
2025-01-31,"ICB","QOC","E54000011","NHS SHROPSHIRE, TELFORD AND WREKIN INTEGRATED CARE BOARD",4960,7959.5,62.3,55.9,67.8,122704,4,3.9,4.2,153,1231,12.4,10.7,14.4,369,5098,7.2,6.6,8,3032,59.5,58.1,60.8
2025-01-31,"ICB","QJM","E54000013","NHS LINCOLNSHIRE INTEGRATED CARE BOARD",8603,12636.7,68.1,61.3,74,195896,4.4,4.3,4.5,888,4925,18,17,19.1,718,8915,8.1,7.5,8.6,6166,69.2,68.2,70.1
2025-01-31,"ICB","QK1","E54000015","NHS LEICESTER, LEICESTERSHIRE AND RUTLAND INTEGRATED CARE BOARD",8943,13892,64.4,57.8,69.9,219313,4.1,4,4.2,270,5879,4.6,4.1,5.2,897,9243,9.7,9.1,10.3,6128,66.3,65.3,67.3
2025-01-31,"ICB","QWU","E54000018","NHS COVENTRY AND WARWICKSHIRE INTEGRATED CARE BOARD",7343,12612.7,58.2,52.3,63.3,191297,3.8,3.8,3.9,459,3851,11.9,10.9,13,837,7581,11,10.4,11.8,4773,63,61.9,64
2025-01-31,"ICB","QGH","E54000019","NHS HEREFORDSHIRE AND WORCESTERSHIRE INTEGRATED CARE BOARD",7157,12992.5,55.1,49.5,59.9,197938,3.6,3.5,3.7,239,3036,7.9,7,8.9,776,7357,10.5,9.9,11.3,5263,71.5,70.5,72.6
2025-01-31,"ICB","QMM","E54000022","NHS NORFOLK AND WAVENEY INTEGRATED CARE BOARD",11280,18179,62,55.9,67.5,271084,4.2,4.1,4.2,846,4573,18.5,17.4,19.7,1343,11588,11.6,11,12.2,7858,67.8,67,68.7
2025-01-31,"ICB","QJG","E54000023","NHS SUFFOLK AND NORTH EAST ESSEX INTEGRATED CARE BOARD",9918,16527.8,60,53.9,65,247242,4,3.9,4.1,1456,4546,32,30.7,33.4,1186,10208,11.6,11,12.3,7223,70.8,69.9,71.6
2025-01-31,"ICB","QHG","E54000024","NHS BEDFORDSHIRE, LUTON AND MILTON KEYNES INTEGRATED CARE BOARD",7371,10640.9,69.3,62.1,75.4,170625,4.3,4.2,4.4,609,4460,13.7,12.7,14.7,718,7661,9.4,8.7,10,5112,66.7,65.7,67.8
2025-01-31,"ICB","QM7","E54000025","NHS HERTFORDSHIRE AND WEST ESSEX INTEGRATED CARE BOARD",12645,19412.8,65.1,58.7,70.8,287132,4.4,4.3,4.5,614,4483,13.7,12.7,14.7,1045,12996,8,7.6,8.5,8654,66.6,65.8,67.4
2025-01-31,"ICB","QH8","E54000026","NHS MID AND SOUTH ESSEX INTEGRATED CARE BOARD",11152,16415.7,67.9,61.2,73.7,247160,4.5,4.4,4.6,887,4976,17.8,16.8,18.9,1093,11488,9.5,9,10.1,8434,73.4,72.6,74.2
2025-01-31,"ICB","QRV","E54000027","NHS NORTH WEST LONDON INTEGRATED CARE BOARD",12871,19832.5,64.9,58.3,70.4,325706,4,3.9,4,1225,10384,11.8,11.2,12.4,1126,13387,8.4,8,8.9,9300,69.5,68.7,70.2
2025-01-31,"ICB","QJK","E54000037","NHS DEVON INTEGRATED CARE BOARD",12039,20587.8,58.5,52.7,63.5,309183,3.9,3.8,4,955,5259,18.2,17.1,19.2,1049,12341,8.5,8,9,8044,65.2,64.3,66
2025-01-31,"ICB","QNX","E54000064","NHS SUSSEX ICB",17710,28218.7,62.8,56.5,68,411325,4.3,4.2,4.4,610,8732,7,6.5,7.5,1528,18121,8.4,8,8.8,12171,67.2,66.5,67.8
2025-01-31,"NHS_REGION","Y56","E40000003","LONDON",51529,76688.4,67.2,60.3,73.1,1249874,4.1,4.1,4.2,3482,28917,12,11.7,12.4,4648,53488,8.7,8.5,8.9,36283,67.8,67.4,68.2
2025-01-31,"ICB","QMJ","E54000028","NHS NORTH CENTRAL LONDON INTEGRATED CARE BOARD",8876,13236.2,67.1,60.3,72.6,212073,4.2,4.1,4.3,310,2690,11.5,10.4,12.8,787,9139,8.6,8.1,9.2,6108,66.8,65.9,67.8
2025-01-31,"ICB","QMF","E54000029","NHS NORTH EAST LONDON INTEGRATED CARE BOARD",8402,13653.1,61.5,55.1,67,231534,3.6,3.6,3.7,631,6552,9.6,8.9,10.4,788,8803,9,8.4,9.6,6280,71.3,70.4,72.3
2025-01-31,"ICB","QKK","E54000030","NHS SOUTH EAST LONDON INTEGRATED CARE BOARD",10766,15413.8,69.8,62.8,76,250348,4.3,4.2,4.4,839,6090,13.8,12.9,14.7,892,11176,8,7.5,8.5,7185,64.3,63.4,65.2
2025-01-31,"ICB","QWE","E54000031","NHS SOUTH WEST LONDON INTEGRATED CARE BOARD",10614,14552.8,72.9,65.5,79.1,230213,4.6,4.5,4.7,477,3201,14.9,13.7,16.2,1055,10983,9.6,9.1,10.2,7410,67.5,66.6,68.3
2025-01-31,"ICB","QKS","E54000032","NHS KENT AND MEDWAY INTEGRATED CARE BOARD",15636,25921.4,60.3,54.2,65.7,396718,3.9,3.9,4,650,5201,12.5,11.6,13.4,1407,16124,8.7,8.3,9.2,11251,69.8,69.1,70.5
2025-01-31,"ICB","QNQ","E54000034","NHS FRIMLEY INTEGRATED CARE BOARD",6049,9021.7,67,60.3,72.9,136762,4.4,4.3,4.5,407,2178,18.7,17.1,20.4,528,6191,8.5,7.9,9.3,4395,71,69.8,72.1
2025-01-31,"ICB","QT6","E54000036","NHS CORNWALL AND THE ISLES OF SCILLY INTEGRATED CARE BOARD",6130,9914.4,61.8,55.4,67.2,154292,4,3.9,4.1,337,2348,14.4,13,15.8,551,6248,8.8,8.1,9.5,3673,58.8,57.6,60
2025-01-31,"ICB","QSL","E54000038","NHS SOMERSET INTEGRATED CARE BOARD",5584,10072,55.4,49.8,60.3,151540,3.7,3.6,3.8,128,980,13.1,11.1,15.3,423,5731,7.4,6.7,8.1,3682,64.2,63,65.5
2025-01-31,"ICB","QUY","E54000039","NHS BRISTOL, NORTH SOMERSET AND SOUTH GLOUCESTERSHIRE INTEGRATED CARE BOARD",8478,12015.7,70.6,63.6,76.6,179875,4.7,4.6,4.8,62,1554,4,3.1,5.1,651,8706,7.5,6.9,8,6247,71.8,70.8,72.7
2025-01-31,"ICB","QOX","E54000040","NHS BATH AND NORTH EAST SOMERSET, SWINDON AND WILTSHIRE INTEGRATED CARE BOARD",8502,13859.9,61.3,55.2,66.6,210221,4,4,4.1,567,4708,12,11.1,13,586,8729,6.7,6.2,7.3,6027,69,68.1,70
2025-01-31,"ICB","QVV","E54000041","NHS DORSET INTEGRATED CARE BOARD",8390,14519.3,57.8,52,62.7,209720,4,3.9,4.1,266,5848,4.5,4,5.1,649,8611,7.5,7,8.1,6098,70.8,69.8,71.8
2025-01-31,"ICB","QRL","E54000042","NHS HAMPSHIRE AND ISLE OF WIGHT INTEGRATED CARE BOARD",17266,27560.1,62.6,56.4,67.9,411302,4.2,4.1,4.3,506,7745,6.5,6,7.1,1845,17681,10.4,10,10.9,11784,66.6,65.9,67.3
2025-01-31,"ICB","QR1","E54000043","NHS GLOUCESTERSHIRE INTEGRATED CARE BOARD",6506,10043.3,64.8,58.2,70.4,152092,4.3,4.2,4.4,356,3485,10.2,9.3,11.3,575,6663,8.6,8,9.3,4736,71.1,70,72.2
2025-01-31,"ICB","QU9","E54000044","NHS BUCKINGHAMSHIRE, OXFORDSHIRE AND BERKSHIRE WEST INTEGRATED CARE BOARD",14543,23498,61.9,55.7,67,352478,4.1,4.1,4.2,756,4224,17.9,16.8,19.1,1215,14851,8.2,7.8,8.6,10345,69.7,68.9,70.4
2025-01-31,"ICB","QE1","E54000048","NHS LANCASHIRE AND SOUTH CUMBRIA INTEGRATED CARE BOARD",16428,23867.9,68.8,61.8,74.6,377503,4.4,4.3,4.4,652,8140,8,7.4,8.6,1134,16962,6.7,6.3,7.1,11499,67.8,67.1,68.5
2025-01-31,"ICB","QHM","E54000050","NHS NORTH EAST AND NORTH CUMBRIA INTEGRATED CARE BOARD",28380,41293.9,68.7,61.7,74.5,665940,4.3,4.2,4.3,2472,14961,16.5,15.9,17.1,2098,29402,7.1,6.8,7.4,19931,67.8,67.3,68.3
2025-01-31,"ICB","QOQ","E54000051","NHS HUMBER AND NORTH YORKSHIRE INTEGRATED CARE BOARD",15791,26198.6,60.3,54.3,65.5,408445,3.9,3.8,3.9,1806,11412,15.8,15.2,16.5,1106,16306,6.8,6.4,7.2,11167,68.5,67.8,69.2
2025-01-31,"ICB","QWO","E54000054","NHS WEST YORKSHIRE INTEGRATED CARE BOARD",19516,27887.5,70,62.9,76,443263,4.4,4.3,4.5,2650,13576,19.5,18.9,20.2,1854,20217,9.2,8.8,9.6,14931,73.9,73.2,74.5
2025-01-31,"ICB","QHL","E54000055","NHS BIRMINGHAM AND SOLIHULL INTEGRATED CARE BOARD",9176,14661.8,62.6,56.4,68,223923,4.1,4,4.2,523,4239,12.3,11.4,13.4,1003,9499,10.6,10,11.2,6405,67.4,66.5,68.4
2025-01-31,"ICB","QUE","E54000056","NHS CAMBRIDGESHIRE AND PETERBOROUGH INTEGRATED CARE BOARD",6731,11182.3,60.2,54.1,65.5,171939,3.9,3.8,4,457,2957,15.5,14.2,16.8,623,6946,9,8.3,9.7,4904,70.6,69.5,71.7
2025-01-31,"ICB","QOP","E54000057","NHS GREATER MANCHESTER INTEGRATED CARE BOARD",22649,30543.4,74.2,66.5,80.7,497526,4.6,4.5,4.6,1358,14010,9.7,9.2,10.2,1573,23470,6.7,6.4,7,16763,71.4,70.8,72
2025-01-31,"ICB","QJ2","E54000058","NHS DERBY AND DERBYSHIRE INTEGRATED CARE BOARD",10304,15053.9,68.4,61.6,74.4,236059,4.4,4.3,4.4,1217,3846,31.6,30.2,33.1,1003,10770,9.3,8.8,9.9,7024,65.2,64.3,66.1
2025-01-31,"ICB","QPM","E54000059","NHS NORTHAMPTONSHIRE INTEGRATED CARE BOARD",6022,9090.2,66.2,59.5,72,145550,4.1,4,4.2,306,4016,7.6,6.8,8.5,614,6181,9.9,9.2,10.7,3955,64,62.8,65.2
2025-01-31,"ICB","QT1","E54000060","NHS NOTTINGHAM AND NOTTINGHAMSHIRE INTEGRATED CARE BOARD",10415,14788.9,70.4,63.3,76.6,230374,4.5,4.4,4.6,392,4456,8.8,8,9.7,969,10847,8.9,8.4,9.5,7456,68.7,67.9,69.6
2025-01-31,"ICB","QF7","E54000061","NHS SOUTH YORKSHIRE INTEGRATED CARE BOARD",12587,16640.2,75.6,68,82.3,263696,4.8,4.7,4.9,898,7384,12.2,11.4,12.9,892,13067,6.8,6.4,7.3,8790,67.3,66.5,68.1
2025-01-31,"ICB","QUA","E54000062","NHS BLACK COUNTRY INTEGRATED CARE BOARD",9568,14568.3,65.7,59.1,71.4,222173,4.3,4.2,4.4,515,6779,7.6,7,8.3,1010,9946,10.2,9.6,10.8,5195,52.2,51.2,53.2
2025-01-31,"ICB","QXU","E54000063","NHS SURREY HEARTLANDS ICB",10225,15119.7,67.6,60.9,73.6,216057,4.7,4.6,4.8,200,2004,10,8.7,11.4,1038,10420,10,9.4,10.6,7194,69,68.1,69.9
2025-01-31,"NHS_REGION","Y59","E40000005","SOUTH EAST",81429,129339.6,63,56.8,68.3,1924642,4.2,4.2,4.3,3129,30084,10.4,10.1,10.8,7561,83388,9.1,8.9,9.3,57140,68.5,68.2,68.8
2025-01-31,"NHS_REGION","Y58","E40000006","SOUTH WEST",55629,91012.5,61.1,55.1,66.3,1366923,4.1,4,4.1,2671,24182,11,10.7,11.4,4484,57029,7.9,7.6,8.1,38507,67.5,67.1,67.9
2025-01-31,"NHS_REGION","Y63","E40000012","NORTH EAST AND YORKSHIRE",76274,112020.2,68.1,61.3,73.8,1781344,4.3,4.3,4.3,7826,47333,16.5,16.2,16.9,5950,78992,7.5,7.4,7.7,54819,69.4,69.1,69.7
2025-01-31,"NHS_REGION","Y61","E40000013","EAST OF ENGLAND",59097,92358.5,64,57.6,69.3,1395182,4.2,4.2,4.3,4869,25995,18.7,18.3,19.2,6008,60887,9.9,9.6,10.1,42185,69.3,68.9,69.6
2025-01-31,"NHS_REGION","Y62","E40000014","NORTH WEST",62471,89245.9,70,63,75.8,1426632,4.4,4.3,4.4,3912,35951,10.9,10.6,11.2,5327,64568,8.3,8,8.5,45359,70.2,69.9,70.6
2025-01-31,"SUB_ICB_LOC","02P","E38000006","NHS SOUTH YORKSHIRE ICB - 02P",2318,3142.5,73.8,65.8,80.6,51759,4.5,4.3,4.7,137,1367,10,8.5,11.7,84,2406,3.5,2.8,4.3,1628,67.7,65.8,69.5
2025-01-31,"SUB_ICB_LOC","99E","E38000007","NHS MID AND SOUTH ESSEX ICB - 99E",2163,3525.7,61.3,54.8,67.1,52544,4.1,4,4.3,250,1373,18.2,16.3,20.3,198,2241,8.8,7.7,10.1,1637,73,71.2,74.8
2025-01-31,"SUB_ICB_LOC","02Q","E38000008","NHS NOTTINGHAM AND NOTTINGHAMSHIRE ICB - 02Q",1355,1776.3,76.3,67.8,83.7,27995,4.8,4.6,5.1,104,615,16.9,14.2,20.1,124,1402,8.8,7.5,10.4,997,71.1,68.7,73.4
2025-01-31,"SUB_ICB_LOC","00Q","E38000014","NHS LANCASHIRE AND SOUTH CUMBRIA ICB - 00Q",1024,1606.6,63.7,56.1,70.6,27197,3.8,3.5,4,69,806,8.6,6.8,10.7,87,1066,8.2,6.7,10,744,69.8,67,72.5
2025-01-31,"SUB_ICB_LOC","00R","E38000015","NHS LANCASHIRE AND SOUTH CUMBRIA ICB - 00R",1559,2201,70.8,62.9,77.7,35111,4.4,4.2,4.7,29,650,4.5,3.1,6.3,119,1624,7.3,6.2,8.7,988,60.8,58.4,63.2
2025-01-31,"SUB_ICB_LOC","00T","E38000016","NHS GREATER MANCHESTER ICB - 00T",2409,3339.8,72.1,64.2,78.9,54555,4.4,4.2,4.6,186,1634,11.4,9.9,13,182,2508,7.3,6.3,8.3,1813,72.3,70.5,74
2025-01-31,"SUB_ICB_LOC","00V","E38000024","NHS GREATER MANCHESTER ICB - 00V",1821,2427.5,75,66.7,82.1,38375,4.7,4.5,5,24,335,7.2,4.9,10.4,168,1884,8.9,7.7,10.3,1269,67.4,65.2,69.4
2025-01-31,"SUB_ICB_LOC","02T","E38000025","NHS WEST YORKSHIRE ICB - 02T",1803,2650.2,68,60.5,74.4,43425,4.2,4,4.3,151,1746,8.6,7.4,10.1,142,1873,7.6,6.5,8.9,1237,66,63.9,68.2
2025-01-31,"SUB_ICB_LOC","04Y","E38000028","NHS STAFFORDSHIRE AND STOKE-ON-TRENT ICB - 04Y",1426,1856,76.8,68.4,84.4,29198,4.9,4.6,5.1,148,531,27.9,24.2,31.8,144,1468,9.8,8.4,11.4,1030,70.2,67.8,72.4
2025-01-31,"SUB_ICB_LOC","99F","E38000030","NHS MID AND SOUTH ESSEX ICB - 99F",2141,3078.1,69.6,62.2,75.9,44918,4.8,4.6,5,182,644,28.3,24.9,31.9,147,2188,6.7,5.7,7.8,1568,71.7,69.7,73.5
2025-01-31,"SUB_ICB_LOC","00X","E38000034","NHS LANCASHIRE AND SOUTH CUMBRIA ICB - 00X",1864,2560.5,72.8,64.9,79.8,40725,4.6,4.4,4.8,52,810,6.4,4.9,8.3,92,1914,4.8,3.9,5.9,1388,72.5,70.5,74.5
2025-01-31,"SUB_ICB_LOC","02X","E38000044","NHS SOUTH YORKSHIRE ICB - 02X",2691,3799.9,70.8,63,77.3,61693,4.4,4.2,4.5,208,2357,8.8,7.7,10,180,2796,6.4,5.6,7.4,1740,62.2,60.4,64
2025-01-31,"SUB_ICB_LOC","11J","E38000045","NHS DORSET ICB - 11J",8390,14519.3,57.8,52,62.7,209720,4,3.9,4.1,266,5848,4.5,4,5.1,649,8611,7.5,7,8.1,6098,70.8,69.8,71.8
2025-01-31,"SUB_ICB_LOC","06K","E38000049","NHS HERTFORDSHIRE AND WEST ESSEX ICB - 06K",4678,7483.5,62.5,56.1,68,110340,4.2,4.1,4.4,210,2497,8.4,7.4,9.6,365,4811,7.6,6.9,8.4,3225,67,65.7,68.3
2025-01-31,"SUB_ICB_LOC","01A","E38000050","NHS LANCASHIRE AND SOUTH CUMBRIA ICB - 01A",2988,4501.6,66.4,59.3,72.6,74083,4,3.9,4.2,267,2677,10,8.9,11.2,228,3104,7.3,6.5,8.3,2255,72.6,71.1,74.2
2025-01-31,"SUB_ICB_LOC","03W","E38000051","NHS LEICESTER, LEICESTERSHIRE AND RUTLAND ICB - 03W",3302,5495.4,60.1,53.8,65.3,82363,4,3.9,4.1,80,1721,4.6,3.8,5.7,350,3389,10.3,9.3,11.4,2417,71.3,69.8,72.8
2025-01-31,"SUB_ICB_LOC","02Y","E38000052","NHS HUMBER AND NORTH YORKSHIRE ICB - 02Y",3320,5590.8,59.4,53.1,64.6,86417,3.8,3.7,4,421,2149,19.6,18,21.3,261,3411,7.7,6.8,8.6,2375,69.6,68.1,71.1
2025-01-31,"SUB_ICB_LOC","05D","E38000053","NHS STAFFORDSHIRE AND STOKE-ON-TRENT ICB - 05D",1191,1952.2,61,54.2,67.2,30363,3.9,3.7,4.1,104,446,23.3,19.6,27.5,49,1225,4,3,5.2,856,69.9,67.2,72.4
2025-01-31,"SUB_ICB_LOC","11M","E38000062","NHS GLOUCESTERSHIRE ICB - 11M",6506,10043.3,64.8,58.2,70.4,152092,4.3,4.2,4.4,356,3485,10.2,9.3,11.3,575,6663,8.6,8,9.3,4736,71.1,70,72.2
2025-01-31,"SUB_ICB_LOC","01F","E38000068","NHS CHESHIRE AND MERSEYSIDE ICB - 01F",983,1464.8,67.1,59,74.2,25750,3.8,3.6,4.1,149,576,25.9,22.5,29.6,73,1024,7.1,5.7,8.9,634,61.9,58.9,64.8
2025-01-31,"SUB_ICB_LOC","06N","E38000079","NHS HERTFORDSHIRE AND WEST ESSEX ICB - 06N",4911,7807.7,62.9,56.5,68.3,115287,4.3,4.1,4.4,332,905,36.7,33.6,39.9,448,5039,8.9,8.1,9.7,3385,67.2,65.9,68.5
2025-01-31,"SUB_ICB_LOC","01D","E38000080","NHS GREATER MANCHESTER ICB - 01D",1862,2386.6,78,69.4,85.5,40521,4.6,4.4,4.8,132,1482,8.9,7.6,10.5,141,1950,7.2,6.2,8.5,1416,72.6,70.6,74.5
2025-01-31,"SUB_ICB_LOC","03F","E38000085","NHS HUMBER AND NORTH YORKSHIRE ICB - 03F",1939,2904.1,66.8,59.4,73.1,49336,3.9,3.8,4.1,297,1538,19.3,17.4,21.4,216,2013,10.7,9.5,12.2,1147,57,54.8,59.1
2025-01-31,"SUB_ICB_LOC","06L","E38000086","NHS SUFFOLK AND NORTH EAST ESSEX ICB - 06L",3764,6458.2,58.3,52.3,63.4,96662,3.9,3.8,4,896,2123,42.2,40.1,44.3,306,3864,7.9,7.1,8.8,2801,72.5,71.1,73.9
2025-01-31,"SUB_ICB_LOC","11N","E38000089","NHS CORNWALL AND THE ISLES OF SCILLY ICB - 11N",6130,9914.4,61.8,55.4,67.2,154292,4,3.9,4.1,337,2348,14.4,13,15.8,551,6248,8.8,8.1,9.5,3673,58.8,57.6,60
2025-01-31,"SUB_ICB_LOC","01J","E38000091","NHS CHESHIRE AND MERSEYSIDE ICB - 01J",1061,1696.5,62.5,55,68.9,29811,3.6,3.4,3.8,199,771,25.8,22.8,29,113,1111,10.2,8.5,12.1,777,69.9,67.2,72.6
2025-01-31,"SUB_ICB_LOC","04C","E38000097","NHS LEICESTER, LEICESTERSHIRE AND RUTLAND ICB - 04C",2332,3041.4,76.7,68,84,52396,4.5,4.3,4.6,27,2737,1,0.7,1.4,270,2454,11,9.8,12.3,1520,61.9,60,63.8
2025-01-31,"SUB_ICB_LOC","99A","E38000101","NHS CHESHIRE AND MERSEYSIDE ICB - 99A",3440,5074.2,67.8,60.5,74.1,87068,4,3.8,4.1,276,2574,10.7,9.6,12,408,3568,11.4,10.4,12.5,2572,72.1,70.6,73.5
2025-01-31,"SUB_ICB_LOC","06Q","E38000106","NHS MID AND SOUTH ESSEX ICB - 06Q",3666,5723.4,64.1,57.4,69.8,86773,4.2,4.1,4.4,223,1632,13.7,12.1,15.4,436,3760,11.6,10.6,12.7,2614,69.5,68,71
2025-01-31,"SUB_ICB_LOC","06T","E38000117","NHS SUFFOLK AND NORTH EAST ESSEX ICB - 06T",3809,5676.7,67.1,60.2,73.1,84498,4.5,4.4,4.6,235,1597,14.7,13.1,16.5,620,3948,15.7,14.6,16.9,2744,69.5,68,70.9
2025-01-31,"SUB_ICB_LOC","03H","E38000119","NHS HUMBER AND NORTH YORKSHIRE ICB - 03H",1623,2328.4,69.7,61.9,76.4,36631,4.4,4.2,4.6,275,1079,25.5,23,28.2,156,1718,9.1,7.8,10.5,1182,68.8,66.6,70.9
2025-01-31,"SUB_ICB_LOC","03K","E38000122","NHS HUMBER AND NORTH YORKSHIRE ICB - 03K",1560,2579,60.5,53.8,66.3,41022,3.8,3.6,4,174,1315,13.2,11.5,15.2,109,1645,6.6,5.5,7.9,1134,68.9,66.7,71.1
2025-01-31,"SUB_ICB_LOC","05G","E38000126","NHS STAFFORDSHIRE AND STOKE-ON-TRENT ICB - 05G",2573,3523.4,73,65.5,79.8,53778,4.8,4.6,5,176,1784,9.9,8.6,11.3,274,2615,10.5,9.4,11.7,1757,67.2,65.4,69
2025-01-31,"SUB_ICB_LOC","99C","E38000127","NHS NORTH EAST AND NORTH CUMBRIA ICB - 99C",2125,2987.8,71.1,63.4,77.8,47999,4.4,4.2,4.6,80,1704,4.7,3.8,5.8,160,2185,7.3,6.3,8.5,1474,67.5,65.5,69.4
2025-01-31,"SUB_ICB_LOC","00L","E38000130","NHS NORTH EAST AND NORTH CUMBRIA ICB - 00L",3585,5595.5,64.1,57.4,69.9,90402,4,3.8,4.1,277,2118,13.1,11.7,14.6,212,3699,5.7,5,6.5,2533,68.5,67,70
2025-01-31,"SUB_ICB_LOC","00Y","E38000135","NHS GREATER MANCHESTER ICB - 00Y",1866,2542.2,73.4,65.3,80.6,41595,4.5,4.3,4.7,170,1535,11.1,9.6,12.7,103,1947,5.3,4.4,6.4,1393,71.5,69.5,73.5
2025-01-31,"SUB_ICB_LOC","10Q","E38000136","NHS BUCKINGHAMSHIRE, OXFORDSHIRE AND BERKSHIRE WEST ICB - 10Q",6132,9718.1,63.1,56.8,68.7,144547,4.2,4.1,4.3,177,1331,13.3,11.6,15.2,523,6261,8.4,7.7,9.1,4248,67.8,66.7,69
2025-01-31,"SUB_ICB_LOC","10R","E38000137","NHS HAMPSHIRE AND ISLE OF WIGHT ICB - 10R",1524,2216.9,68.7,61.1,75.2,35040,4.3,4.1,4.6,13,1163,1.1,0.7,1.9,166,1573,10.6,9.1,12.2,1114,70.8,68.5,73
2025-01-31,"SUB_ICB_LOC","03L","E38000141","NHS SOUTH YORKSHIRE ICB - 03L",2960,3306.9,89.5,80,97.8,52460,5.6,5.4,5.8,305,1624,18.8,17,20.8,179,3071,5.8,5.1,6.7,2178,70.9,69.3,72.5
2025-01-31,"SUB_ICB_LOC","01G","E38000143","NHS GREATER MANCHESTER ICB - 01G",1946,2416.6,80.5,71.6,88.1,39903,4.9,4.7,5.1,154,729,21.1,18.3,24.2,130,2012,6.5,5.5,7.6,1520,75.5,73.6,77.4
2025-01-31,"SUB_ICB_LOC","03N","E38000146","NHS SOUTH YORKSHIRE ICB - 03N",4618,6390.9,72.3,64.9,78.5,97784,4.7,4.6,4.9,248,2036,12.2,10.8,13.7,449,4794,9.4,8.6,10.2,3244,67.7,66.3,69
2025-01-31,"SUB_ICB_LOC","11X","E38000150","NHS SOMERSET ICB - 11X",5584,10072,55.4,49.8,60.3,151540,3.7,3.6,3.8,128,980,13.1,11.1,15.3,423,5731,7.4,6.7,8.1,3682,64.2,63,65.5
2025-01-31,"SUB_ICB_LOC","05Q","E38000153","NHS STAFFORDSHIRE AND STOKE-ON-TRENT ICB - 05Q",2129,3234.5,65.8,58.8,72,49738,4.3,4.1,4.5,147,791,18.6,16,21.4,105,2188,4.8,4,5.8,1412,64.5,62.5,66.5
2025-01-31,"SUB_ICB_LOC","01T","E38000161","NHS CHESHIRE AND MERSEYSIDE ICB - 01T",1183,2050.9,57.7,51.1,63.5,32770,3.6,3.4,3.8,240,1845,13,11.5,14.6,104,1207,8.6,7.2,10.3,946,78.4,76,80.6
2025-01-31,"SUB_ICB_LOC","00N","E38000163","NHS NORTH EAST AND NORTH CUMBRIA ICB - 00N",1503,2057.9,73,64.8,80.3,33415,4.5,4.3,4.7,117,810,14.4,12.2,17,104,1548,6.7,5.6,8.1,1012,65.4,63,67.7
2025-01-31,"SUB_ICB_LOC","99G","E38000168","NHS MID AND SOUTH ESSEX ICB - 99G",2109,2488.2,84.8,75.6,92.4,36891,5.7,5.5,6,146,535,27.3,23.7,31.2,180,2182,8.2,7.2,9.5,1736,79.6,77.8,81.2
2025-01-31,"SUB_ICB_LOC","01V","E38000170","NHS CHESHIRE AND MERSEYSIDE ICB - 01V",1813,2415.9,75,67.2,82,34660,5.2,5,5.5,314,2365,13.3,12,14.7,188,1856,10.1,8.8,11.6,1375,74.1,72,76
2025-01-31,"SUB_ICB_LOC","01X","E38000172","NHS CHESHIRE AND MERSEYSIDE ICB - 01X",1772,2629.7,67.4,59.9,74.1,41864,4.2,4,4.4,137,1013,13.5,11.6,15.8,136,1837,7.4,6.3,8.7,1317,71.7,69.6,73.7
2025-01-31,"SUB_ICB_LOC","05V","E38000173","NHS STAFFORDSHIRE AND STOKE-ON-TRENT ICB - 05V",1435,2400.1,59.8,53.1,65.7,36370,3.9,3.8,4.2,114,850,13.4,11.3,15.9,75,1469,5.1,4.1,6.4,1048,71.3,69,73.6
2025-01-31,"SUB_ICB_LOC","01W","E38000174","NHS GREATER MANCHESTER ICB - 01W",3256,4270.3,76.2,68.2,83.3,63974,5.1,4.9,5.3,77,956,8.1,6.5,10,227,3346,6.8,6,7.7,2346,70.1,68.5,71.6
2025-01-31,"SUB_ICB_LOC","05W","E38000175","NHS STAFFORDSHIRE AND STOKE-ON-TRENT ICB - 05W",3067,3280.3,93.5,83.6,101.9,51819,5.9,5.7,6.1,165,2064,8,6.9,9.2,265,3150,8.4,7.5,9.4,2232,70.9,69.2,72.4
2025-01-31,"SUB_ICB_LOC","00P","E38000176","NHS NORTH EAST AND NORTH CUMBRIA ICB - 00P",2459,3668.2,67,59.8,73.3,59644,4.1,4,4.3,185,1032,17.9,15.7,20.4,253,2535,10,8.9,11.2,1600,63.1,61.2,65
2025-01-31,"SUB_ICB_LOC","07G","E38000185","NHS MID AND SOUTH ESSEX ICB - 07G",1073,1600.3,67,59.4,73.8,26034,4.1,3.9,4.4,86,792,10.9,8.9,13.2,132,1117,11.8,10.1,13.8,879,78.7,76.2,81
2025-01-31,"SUB_ICB_LOC","02A","E38000187","NHS GREATER MANCHESTER ICB - 02A",1935,2913.3,66.4,59.3,72.8,43999,4.4,4.2,4.6,166,755,22,19.2,25.1,107,1987,5.4,4.5,6.5,1254,63.1,61,65.2
2025-01-31,"SUB_ICB_LOC","03Q","E38000188","NHS HUMBER AND NORTH YORKSHIRE ICB - 03Q",1777,3286.4,54.1,48.2,59.1,49010,3.6,3.5,3.8,109,1803,6,5,7.2,87,1823,4.8,3.9,5.8,1270,69.7,67.5,71.7
2025-01-31,"SUB_ICB_LOC","03R","E38000190","NHS WEST YORKSHIRE ICB - 03R",2967,4506.5,65.8,58.9,71.8,73557,4,3.9,4.2,535,2262,23.7,21.9,25.4,300,3099,9.7,8.7,10.8,2295,74.1,72.5,75.6
2025-01-31,"SUB_ICB_LOC","02E","E38000194","NHS CHESHIRE AND MERSEYSIDE ICB - 02E",2002,2796,71.6,63.8,78.3,44003,4.5,4.4,4.7,148,1699,8.7,7.5,10.1,267,2058,13,11.6,14.5,1439,69.9,67.9,71.9
2025-01-31,"SUB_ICB_LOC","07H","E38000197","NHS HERTFORDSHIRE AND WEST ESSEX ICB - 07H",3056,4121.6,74.1,66.4,80.9,61505,5,4.8,5.1,72,1081,6.7,5.3,8.3,232,3146,7.4,6.5,8.3,2044,65,63.3,66.6
2025-01-31,"SUB_ICB_LOC","02G","E38000200","NHS LANCASHIRE AND SOUTH CUMBRIA ICB - 02G",1153,1711.1,67.4,59.8,74.2,26490,4.4,4.1,4.6,36,481,7.5,5.5,10.2,81,1183,6.8,5.5,8.4,681,57.6,54.7,60.4
2025-01-31,"SUB_ICB_LOC","04V","E38000201","NHS LEICESTER, LEICESTERSHIRE AND RUTLAND ICB - 04V",3309,5355.2,61.8,55.4,67.2,84554,3.9,3.8,4,163,1421,11.5,9.9,13.2,277,3400,8.1,7.3,9.1,2191,64.4,62.8,66
2025-01-31,"SUB_ICB_LOC","07K","E38000204","NHS SUFFOLK AND NORTH EAST ESSEX ICB - 07K",2345,4392.8,53.4,47.7,58.3,66082,3.5,3.4,3.7,325,826,39.3,36.1,42.7,260,2396,10.9,9.7,12.2,1678,70,68.2,71.8
2025-01-31,"SUB_ICB_LOC","02H","E38000205","NHS GREATER MANCHESTER ICB - 02H",3008,4090.2,73.5,65.8,80.2,67163,4.5,4.3,4.6,224,3851,5.8,5.1,6.6,132,3087,4.3,3.6,5,2214,71.7,70.1,73.3
2025-01-31,"SUB_ICB_LOC","12F","E38000208","NHS CHESHIRE AND MERSEYSIDE ICB - 12F",3259,4907.1,66.4,59.5,72.4,76223,4.3,4.1,4.4,100,536,18.7,15.6,22.2,474,3369,14.1,12.9,15.3,2409,71.5,70,73
2025-01-31,"SUB_ICB_LOC","13T","E38000212","NHS NORTH EAST AND NORTH CUMBRIA ICB - 13T",4041,5619.8,71.9,64.3,78.3,88272,4.6,4.4,4.7,159,2677,5.9,5.1,6.9,351,4186,8.4,7.6,9.3,2651,63.3,61.9,64.8
2025-01-31,"SUB_ICB_LOC","01H","E38000215","NHS NORTH EAST AND NORTH CUMBRIA ICB - 01H",2926,5158.6,56.7,50.7,61.9,81773,3.6,3.5,3.7,362,973,37.2,34.2,40.3,276,3033,9.1,8.1,10.2,2090,68.9,67.2,70.5
2025-01-31,"SUB_ICB_LOC","14L","E38000217","NHS GREATER MANCHESTER ICB - 14L",2824,3798.4,74.3,66,81.2,68006,4.2,4,4.3,95,2118,4.5,3.7,5.5,233,2957,7.9,7,8.9,2119,71.7,70,73.3
2025-01-31,"SUB_ICB_LOC","15A","E38000221","NHS BUCKINGHAMSHIRE, OXFORDSHIRE AND BERKSHIRE WEST ICB - 15A",3965,6127,64.7,58,70.6,94607,4.2,4.1,4.3,342,1198,28.5,26.1,31.2,344,4068,8.5,7.6,9.4,2897,71.2,69.8,72.6
2025-01-31,"SUB_ICB_LOC","15C","E38000222","NHS BRISTOL, NORTH SOMERSET AND SOUTH GLOUCESTERSHIRE ICB - 15C",8478,12015.7,70.6,63.6,76.6,179875,4.7,4.6,4.8,62,1554,4,3.1,5.1,651,8706,7.5,6.9,8,6247,71.8,70.8,72.7
2025-01-31,"SUB_ICB_LOC","14Y","E38000223","NHS BUCKINGHAMSHIRE, OXFORDSHIRE AND BERKSHIRE WEST ICB - 14Y",4446,7652.9,58.1,52.2,63.4,113324,3.9,3.8,4,237,1695,14,12.4,15.7,348,4522,7.7,7,8.5,3200,70.8,69.4,72.1
2025-01-31,"SUB_ICB_LOC","15N","E38000230","NHS DEVON ICB - 15N",12039,20587.8,58.5,52.7,63.5,309183,3.9,3.8,4,955,5259,18.2,17.1,19.2,1049,12341,8.5,8,9,8044,65.2,64.3,66
2025-01-31,"SUB_ICB_LOC","97R","E38000235","NHS SUSSEX ICB - 97R",6338,10259.4,61.8,55.8,67,149479,4.2,4.1,4.3,252,3914,6.4,5.7,7.3,711,6486,11,10.2,11.7,4276,65.9,64.8,67.1
2025-01-31,"SUB_ICB_LOC","70F","E38000265","NHS SUSSEX ICB - 70F",9525,15059.7,63.2,57.1,68.7,216426,4.4,4.3,4.5,232,4164,5.6,4.9,6.3,688,9732,7.1,6.6,7.6,6627,68.1,67.2,69
2025-01-31,"SUB_ICB_LOC","15F","E38000225","NHS WEST YORKSHIRE ICB - 15F",6639,9012.6,73.7,66.1,80.3,139782,4.7,4.6,4.9,996,3350,29.7,28.2,31.3,410,6840,6,5.5,6.6,5313,77.7,76.7,78.6
2025-01-31,"SUB_ICB_LOC","02M","E38000226","NHS LANCASHIRE AND SOUTH CUMBRIA ICB - 02M",2358,3580.3,65.9,58.8,71.9,53766,4.4,4.2,4.6,46,837,5.5,4.1,7.3,123,2421,5.1,4.3,6,1602,66.2,64.3,68
2025-01-31,"SUB_ICB_LOC","01E","E38000227","NHS LANCASHIRE AND SOUTH CUMBRIA ICB - 01E",1798,2365.7,76,67.7,83.2,37730,4.8,4.6,5,53,935,5.7,4.4,7.3,136,1846,7.4,6.3,8.6,1401,75.9,73.9,77.8
2025-01-31,"SUB_ICB_LOC","01K","E38000228","NHS LANCASHIRE AND SOUTH CUMBRIA ICB - 01K",3684,5341.1,69,61.7,75.2,82401,4.5,4.3,4.6,100,944,10.6,8.8,12.7,268,3804,7,6.3,7.9,2440,64.1,62.6,65.7
2025-01-31,"SUB_ICB_LOC","92G","E38000231","NHS BATH AND NORTH EAST SOMERSET, SWINDON AND WILTSHIRE ICB - 92G",8502,13859.9,61.3,55.2,66.6,210221,4,4,4.1,567,4708,12,11.1,13,586,8729,6.7,6.2,7.3,6027,69,68.1,70
2025-01-31,"SUB_ICB_LOC","36J","E38000232","NHS WEST YORKSHIRE ICB - 36J",4850,6698.4,72.4,65,79,106210,4.6,4.4,4.7,591,2888,20.5,19,22,689,5014,13.7,12.8,14.7,3612,72,70.8,73.3
2025-01-31,"SUB_ICB_LOC","27D","E38000233","NHS CHESHIRE AND MERSEYSIDE ICB - 27D",7881,11799.6,66.8,60,72.5,179454,4.4,4.3,4.5,339,2422,14,12.7,15.4,857,8106,10.6,9.9,11.3,5628,69.4,68.4,70.4
2025-01-31,"SUB_ICB_LOC","84H","E38000234","NHS NORTH EAST AND NORTH CUMBRIA ICB - 84H",5326,7450.5,71.5,64.1,77.7,122279,4.4,4.2,4.5,488,2537,19.2,17.7,20.8,358,5552,6.4,5.8,7.1,3888,70,68.8,71.2
2025-01-31,"SUB_ICB_LOC","18C","E38000236","NHS HEREFORDSHIRE AND WORCESTERSHIRE ICB - 18C",7157,12992.5,55.1,49.5,59.9,197938,3.6,3.5,3.7,239,3036,7.9,7,8.9,776,7357,10.5,9.9,11.3,5263,71.5,70.5,72.6
2025-01-31,"SUB_ICB_LOC","91Q","E38000237","NHS KENT AND MEDWAY ICB - 91Q",15636,25921.4,60.3,54.2,65.7,396718,3.9,3.9,4,650,5201,12.5,11.6,13.4,1407,16124,8.7,8.3,9.2,11251,69.8,69.1,70.5
2025-01-31,"SUB_ICB_LOC","71E","E38000238","NHS LINCOLNSHIRE ICB - 71E",8603,12636.7,68.1,61.3,74,195896,4.4,4.3,4.5,888,4925,18,17,19.1,718,8915,8.1,7.5,8.6,6166,69.2,68.2,70.1
2025-01-31,"SUB_ICB_LOC","26A","E38000239","NHS NORFOLK AND WAVENEY ICB - 26A",11280,18179,62,55.9,67.5,271084,4.2,4.1,4.2,846,4573,18.5,17.4,19.7,1343,11588,11.6,11,12.2,7858,67.8,67,68.7
2025-01-31,"SUB_ICB_LOC","93C","E38000240","NHS NORTH CENTRAL LONDON ICB - 93C",8876,13236.2,67.1,60.3,72.6,212073,4.2,4.1,4.3,310,2690,11.5,10.4,12.8,787,9139,8.6,8.1,9.2,6108,66.8,65.9,67.8
2025-01-31,"SUB_ICB_LOC","42D","E38000241","NHS HUMBER AND NORTH YORKSHIRE ICB - 42D",5572,9510,58.6,52.6,63.7,146029,3.8,3.7,3.9,530,3528,15,13.9,16.2,277,5696,4.9,4.3,5.5,4059,71.3,70.1,72.4
2025-01-31,"SUB_ICB_LOC","52R","E38000243","NHS NOTTINGHAM AND NOTTINGHAMSHIRE ICB - 52R",9060,13012.6,69.6,62.6,75.6,202379,4.5,4.4,4.6,288,3841,7.5,6.7,8.4,845,9445,8.9,8.4,9.5,6459,68.4,67.4,69.3
2025-01-31,"SUB_ICB_LOC","72Q","E38000244","NHS SOUTH EAST LONDON ICB - 72Q",10766,15413.8,69.8,62.8,76,250348,4.3,4.2,4.4,839,6090,13.8,12.9,14.7,892,11176,8,7.5,8.5,7185,64.3,63.4,65.2
2025-01-31,"SUB_ICB_LOC","36L","E38000245","NHS SOUTH WEST LONDON ICB - 36L",10614,14552.8,72.9,65.5,79.1,230213,4.6,4.5,4.7,477,3201,14.9,13.7,16.2,1055,10983,9.6,9.1,10.2,7410,67.5,66.6,68.3
2025-01-31,"SUB_ICB_LOC","16C","E38000247","NHS NORTH EAST AND NORTH CUMBRIA ICB - 16C",6415,8755.6,73.3,65.7,79.7,142156,4.5,4.4,4.6,804,3110,25.9,24.3,27.4,384,6664,5.8,5.2,6.3,4683,70.3,69.2,71.4
2025-01-31,"SUB_ICB_LOC","M1J4Y","E38000249","NHS BEDFORDSHIRE, LUTON AND MILTON KEYNES ICB - M1J4Y",7371,10640.9,69.3,62.1,75.4,170625,4.3,4.2,4.4,609,4460,13.7,12.7,14.7,718,7661,9.4,8.7,10,5112,66.7,65.7,67.8
2025-01-31,"SUB_ICB_LOC","B2M3M","E38000251","NHS COVENTRY AND WARWICKSHIRE ICB - B2M3M",7343,12612.7,58.2,52.3,63.3,191297,3.8,3.8,3.9,459,3851,11.9,10.9,13,837,7581,11,10.4,11.8,4773,63,61.9,64
2025-01-31,"SUB_ICB_LOC","D4U1Y","E38000252","NHS FRIMLEY ICB - D4U1Y",6049,9021.7,67,60.3,72.9,136762,4.4,4.3,4.5,407,2178,18.7,17.1,20.4,528,6191,8.5,7.9,9.3,4395,71,69.8,72.1
2025-01-31,"SUB_ICB_LOC","D9Y0V","E38000253","NHS HAMPSHIRE AND ISLE OF WIGHT ICB - D9Y0V",15742,25343.3,62.1,56,67.5,376262,4.2,4.1,4.2,493,6582,7.5,6.9,8.2,1679,16108,10.4,10,10.9,10670,66.2,65.5,67
2025-01-31,"SUB_ICB_LOC","X2C4Y","E38000254","NHS WEST YORKSHIRE ICB - X2C4Y",3257,5019.8,64.9,58,70.7,80289,4.1,3.9,4.2,377,3330,11.3,10.3,12.4,313,3391,9.2,8.3,10.3,2474,73,71.4,74.4
2025-01-31,"SUB_ICB_LOC","A3A8R","E38000255","NHS NORTH EAST LONDON ICB - A3A8R",8402,13653.1,61.5,55.1,67,231534,3.6,3.6,3.7,631,6552,9.6,8.9,10.4,788,8803,9,8.4,9.6,6280,71.3,70.4,72.3
2025-01-31,"SUB_ICB_LOC","W2U3Z","E38000256","NHS NORTH WEST LONDON ICB - W2U3Z",12871,19832.5,64.9,58.3,70.4,325706,4,3.9,4,1225,10384,11.8,11.2,12.4,1126,13387,8.4,8,8.9,9300,69.5,68.7,70.2
2025-01-31,"SUB_ICB_LOC","M2L0M","E38000257","NHS SHROPSHIRE, TELFORD AND WREKIN ICB - M2L0M",4960,7959.5,62.3,55.9,67.8,122704,4,3.9,4.2,153,1231,12.4,10.7,14.4,369,5098,7.2,6.6,8,3032,59.5,58.1,60.8
2025-01-31,"SUB_ICB_LOC","15E","E38000258","NHS BIRMINGHAM AND SOLIHULL ICB - 15E",9176,14661.8,62.6,56.4,68,223923,4.1,4,4.2,523,4239,12.3,11.4,13.4,1003,9499,10.6,10,11.2,6405,67.4,66.5,68.4
2025-01-31,"SUB_ICB_LOC","D2P2L","E38000259","NHS BLACK COUNTRY ICB - D2P2L",9568,14568.3,65.7,59.1,71.4,222173,4.3,4.2,4.4,515,6779,7.6,7,8.3,1010,9946,10.2,9.6,10.8,5195,52.2,51.2,53.2
2025-01-31,"SUB_ICB_LOC","06H","E38000260","NHS CAMBRIDGESHIRE AND PETERBOROUGH ICB - 06H",6731,11182.3,60.2,54.1,65.5,171939,3.9,3.8,4,457,2957,15.5,14.2,16.8,623,6946,9,8.3,9.7,4904,70.6,69.5,71.7
2025-01-31,"SUB_ICB_LOC","15M","E38000261","NHS DERBY AND DERBYSHIRE ICB - 15M",10304,15053.9,68.4,61.6,74.4,236059,4.4,4.3,4.4,1217,3846,31.6,30.2,33.1,1003,10770,9.3,8.8,9.9,7024,65.2,64.3,66.1
2025-01-31,"SUB_ICB_LOC","78H","E38000262","NHS NORTHAMPTONSHIRE ICB - 78H",6022,9090.2,66.2,59.5,72,145550,4.1,4,4.2,306,4016,7.6,6.8,8.5,614,6181,9.9,9.2,10.7,3955,64,62.8,65.2
2025-01-31,"SUB_ICB_LOC","01Y","E38000263","NHS GREATER MANCHESTER ICB - 01Y",1722,2358.5,73,64.9,80,39435,4.4,4.2,4.6,130,615,21.1,18.1,24.5,150,1792,8.4,7.2,9.7,1419,79.2,77.2,81
2025-01-31,"SUB_ICB_LOC","92A","E38000264","NHS SURREY HEARTLANDS ICB - 92A",10225,15119.7,67.6,60.9,73.6,216057,4.7,4.6,4.8,200,2004,10,8.7,11.4,1038,10420,10,9.4,10.6,7194,69,68.1,69.9
2025-01-31,"COUNTRY","ENG","E92000001","ENGLAND",480741,735168,65.4,59,70.9,11381090,4.2,4.2,4.2,31705,241186,13.1,13,13.3,43086,495904,8.7,8.6,8.8,338025,68.2,68,68.3
2025-01-31,"NHS_REGION","Y60","E40000011","MIDLANDS",94312,144503,65.3,58.8,70.6,2236493,4.2,4.2,4.2,5816,48724,11.9,11.7,12.2,9108,97552,9.3,9.2,9.5,63732,65.3,65,65.6
2025-01-31,"SUB_ICB_LOC","09D","E38000021","NHS SUSSEX ICB - 09D",1847,2899.6,63.7,56.9,69.7,45420,4.1,3.9,4.3,126,654,19.3,16.4,22.5,129,1903,6.8,5.7,8,1268,66.6,64.5,68.7
2025-02-28,"ICB","QT6","E54000036","NHS CORNWALL AND THE ISLES OF SCILLY INTEGRATED CARE BOARD",6129,9919.4,61.8,55.6,67.2,154406,4,3.9,4.1,359,2605,13.8,12.5,15.2,555,6247,8.9,8.2,9.6,4186,67,65.8,68.2
2025-02-28,"ICB","QSL","E54000038","NHS SOMERSET INTEGRATED CARE BOARD",5565,10082.4,55.2,49.7,59.9,151726,3.7,3.6,3.8,155,1073,14.4,12.5,16.7,421,5706,7.4,6.7,8.1,3933,68.9,67.7,70.1
2025-02-28,"ICB","QUY","E54000039","NHS BRISTOL, NORTH SOMERSET AND SOUTH GLOUCESTERSHIRE INTEGRATED CARE BOARD",8508,12027.3,70.7,63.6,76.8,180035,4.7,4.6,4.8,72,1709,4.2,3.4,5.3,669,8739,7.7,7.1,8.2,6523,74.6,73.7,75.5
2025-02-28,"ICB","QOX","E54000040","NHS BATH AND NORTH EAST SOMERSET, SWINDON AND WILTSHIRE INTEGRATED CARE BOARD",8528,13880,61.4,55.3,66.7,210454,4.1,4,4.1,632,5060,12.5,11.6,13.4,579,8757,6.6,6.1,7.2,6366,72.7,71.8,73.6
2025-02-28,"ICB","QVV","E54000041","NHS DORSET INTEGRATED CARE BOARD",8430,14532.3,58,52.2,62.8,209955,4,3.9,4.1,286,6372,4.5,4,5,636,8649,7.4,6.8,7.9,6480,74.9,74,75.8
2025-02-28,"ICB","QRL","E54000042","NHS HAMPSHIRE AND ISLE OF WIGHT INTEGRATED CARE BOARD",17350,27593,62.9,56.6,68.1,411703,4.2,4.2,4.3,535,8414,6.4,5.9,6.9,1829,17763,10.3,9.9,10.8,12657,71.3,70.6,71.9
2025-02-28,"ICB","QR1","E54000043","NHS GLOUCESTERSHIRE INTEGRATED CARE BOARD",6539,10064.4,65,58.5,70.6,152349,4.3,4.2,4.4,394,3783,10.4,9.5,11.4,603,6694,9,8.3,9.7,5033,75.2,74.1,76.2
2025-02-28,"ICB","QU9","E54000044","NHS BUCKINGHAMSHIRE, OXFORDSHIRE AND BERKSHIRE WEST INTEGRATED CARE BOARD",14505,23529.4,61.6,55.6,66.9,352929,4.1,4,4.2,815,4597,17.7,16.7,18.9,1252,14818,8.4,8,8.9,10952,73.9,73.2,74.6
2025-02-28,"ICB","QE1","E54000048","NHS LANCASHIRE AND SOUTH CUMBRIA INTEGRATED CARE BOARD",16348,23885.1,68.4,61.8,74.3,377936,4.3,4.3,4.4,713,8849,8.1,7.5,8.6,1145,16878,6.8,6.4,7.2,12192,72.2,71.6,72.9
2025-02-28,"ICB","QHM","E54000050","NHS NORTH EAST AND NORTH CUMBRIA INTEGRATED CARE BOARD",28383,41337.5,68.7,61.7,74.4,666827,4.3,4.2,4.3,2735,16329,16.7,16.2,17.3,2097,29405,7.1,6.8,7.4,21232,72.2,71.7,72.7
2025-02-28,"ICB","QOQ","E54000051","NHS HUMBER AND NORTH YORKSHIRE INTEGRATED CARE BOARD",15807,26232.6,60.3,54.2,65.3,409045,3.9,3.8,3.9,2001,12444,16.1,15.4,16.7,1111,16315,6.8,6.4,7.2,11823,72.5,71.8,73.1
2025-02-28,"ICB","QHL","E54000055","NHS BIRMINGHAM AND SOLIHULL INTEGRATED CARE BOARD",9179,14672.8,62.6,56.3,67.9,224154,4.1,4,4.2,596,4630,12.9,11.9,13.9,1014,9511,10.7,10.1,11.3,6778,71.3,70.3,72.2
2025-02-28,"ICB","QUE","E54000056","NHS CAMBRIDGESHIRE AND PETERBOROUGH INTEGRATED CARE BOARD",6740,11199.7,60.2,54,65.4,172174,3.9,3.8,4,522,3192,16.4,15.1,17.7,627,6952,9,8.4,9.7,5173,74.4,73.4,75.4
2025-02-28,"ICB","QOP","E54000057","NHS GREATER MANCHESTER INTEGRATED CARE BOARD",22714,30555.4,74.3,66.9,80.7,497900,4.6,4.5,4.6,1511,15357,9.8,9.4,10.3,1587,23535,6.7,6.4,7.1,17652,75,74.4,75.6
2025-02-28,"ICB","QJ2","E54000058","NHS DERBY AND DERBYSHIRE INTEGRATED CARE BOARD",10333,15074.6,68.5,61.6,74.3,236345,4.4,4.3,4.5,1348,4187,32.2,30.8,33.6,1003,10773,9.3,8.8,9.9,7822,72.6,71.8,73.4
2025-02-28,"ICB","QPM","E54000059","NHS NORTHAMPTONSHIRE INTEGRATED CARE BOARD",6049,9101.1,66.5,59.6,72.4,145743,4.2,4,4.3,332,4414,7.5,6.8,8.3,616,6208,9.9,9.2,10.7,4258,68.6,67.4,69.7
2025-02-28,"ICB","QT1","E54000060","NHS NOTTINGHAM AND NOTTINGHAMSHIRE INTEGRATED CARE BOARD",10384,14810.2,70.1,63,76.1,230692,4.5,4.4,4.6,421,4920,8.6,7.8,9.4,995,10806,9.2,8.7,9.8,7856,72.7,71.9,73.5
2025-02-28,"ICB","QF7","E54000061","NHS SOUTH YORKSHIRE INTEGRATED CARE BOARD",12587,16654.9,75.6,68,82.1,264052,4.8,4.7,4.8,996,8138,12.2,11.5,13,884,13064,6.8,6.3,7.2,9321,71.3,70.6,72.1
2025-02-28,"ICB","QUA","E54000062","NHS BLACK COUNTRY INTEGRATED CARE BOARD",9527,14559.1,65.4,58.8,71,222219,4.3,4.2,4.4,588,7419,7.9,7.3,8.6,1006,9910,10.2,9.6,10.8,5534,55.8,54.9,56.8
2025-02-28,"ICB","QXU","E54000063","NHS SURREY HEARTLANDS ICB",10214,15133,67.5,60.8,73.3,216371,4.7,4.6,4.8,222,2227,10,8.8,11.3,1037,10414,10,9.4,10.5,7567,72.7,71.8,73.5
2025-02-28,"NHS_REGION","Y59","E40000005","SOUTH EAST",81485,129452.2,62.9,56.8,68.1,1926594,4.2,4.2,4.3,3414,32752,10.4,10.1,10.8,7593,83447,9.1,8.9,9.3,60469,72.5,72.2,72.8
2025-02-28,"NHS_REGION","Y58","E40000006","SOUTH WEST",55750,91109.3,61.2,55.1,66.2,1368445,4.1,4,4.1,2972,26317,11.3,10.9,11.7,4519,57145,7.9,7.7,8.1,41246,72.2,71.8,72.5
2025-02-28,"NHS_REGION","Y63","E40000012","NORTH EAST AND YORKSHIRE",76334,112129.4,68.1,61.3,73.9,1783690,4.3,4.2,4.3,8640,51739,16.7,16.4,17,5930,79056,7.5,7.3,7.7,57907,73.2,72.9,73.6
2025-02-28,"NHS_REGION","Y61","E40000013","EAST OF ENGLAND",59148,92456.6,64,57.6,69.4,1396764,4.2,4.2,4.3,5355,28337,18.9,18.4,19.4,6048,60916,9.9,9.7,10.2,44347,72.8,72.4,73.2
2025-02-28,"NHS_REGION","Y62","E40000014","NORTH WEST",62583,89318.6,70.1,63,76.2,1428176,4.4,4.3,4.4,4311,39639,10.9,10.6,11.2,5366,64672,8.3,8.1,8.5,47817,73.9,73.6,74.3
2025-02-28,"SUB_ICB_LOC","02P","E38000006","NHS SOUTH YORKSHIRE ICB - 02P",2299,3145.1,73.1,65,80,51834,4.4,4.3,4.6,151,1603,9.4,8.1,10.9,82,2387,3.4,2.8,4.2,1732,72.6,70.7,74.3
2025-02-28,"SUB_ICB_LOC","99E","E38000007","NHS MID AND SOUTH ESSEX ICB - 99E",2193,3529.5,62.1,55.6,68,52611,4.2,4,4.3,282,1487,19,17.1,21,201,2272,8.8,7.7,10.1,1694,74.6,72.7,76.3
2025-02-28,"SUB_ICB_LOC","02Q","E38000008","NHS NOTTINGHAM AND NOTTINGHAMSHIRE ICB - 02Q",1361,1781.4,76.4,67.9,83.8,28033,4.9,4.6,5.1,104,678,15.3,12.8,18.2,128,1407,9.1,7.7,10.7,1056,75.1,72.7,77.2
2025-02-28,"SUB_ICB_LOC","00Q","E38000014","NHS LANCASHIRE AND SOUTH CUMBRIA ICB - 00Q",1008,1603.1,62.9,55.4,69.3,27183,3.7,3.5,3.9,72,879,8.2,6.6,10.2,83,1051,7.9,6.4,9.7,801,76.2,73.5,78.7
2025-02-28,"SUB_ICB_LOC","00R","E38000015","NHS LANCASHIRE AND SOUTH CUMBRIA ICB - 00R",1560,2202.1,70.8,63,77.7,35119,4.4,4.2,4.7,35,712,4.9,3.6,6.8,117,1628,7.2,6,8.5,1048,64.4,62,66.7
2025-02-28,"SUB_ICB_LOC","00T","E38000016","NHS GREATER MANCHESTER ICB - 00T",2398,3339.7,71.8,64,78.7,54615,4.4,4.2,4.6,203,1788,11.4,10,12.9,183,2498,7.3,6.4,8.4,1833,73.4,71.6,75.1
2025-02-28,"SUB_ICB_LOC","09D","E38000021","NHS SUSSEX ICB - 09D",1847,2899,63.7,56.8,69.7,45435,4.1,3.9,4.3,133,715,18.6,15.9,21.6,133,1904,7,5.9,8.2,1341,70.4,68.3,72.4
2025-02-28,"SUB_ICB_LOC","00V","E38000024","NHS GREATER MANCHESTER ICB - 00V",1825,2431.2,75.1,67,82.1,38419,4.8,4.5,5,24,364,6.6,4.5,9.6,167,1891,8.8,7.6,10.2,1390,73.5,71.5,75.4
2025-02-28,"SUB_ICB_LOC","02T","E38000025","NHS WEST YORKSHIRE ICB - 02T",1796,2650.6,67.8,60.1,74.3,43430,4.1,4,4.3,168,1925,8.7,7.5,10.1,137,1866,7.3,6.2,8.6,1365,73.2,71.1,75.1
2025-02-28,"SUB_ICB_LOC","04Y","E38000028","NHS STAFFORDSHIRE AND STOKE-ON-TRENT ICB - 04Y",1417,1860.9,76.1,67.6,83.7,29238,4.8,4.6,5.1,163,595,27.4,24,31.1,147,1460,10.1,8.6,11.7,1089,74.6,72.3,76.8
2025-02-28,"SUB_ICB_LOC","99F","E38000030","NHS MID AND SOUTH ESSEX ICB - 99F",2156,3083.4,69.9,62.6,76.4,44947,4.8,4.6,5,213,694,30.7,27.4,34.2,149,2203,6.8,5.8,7.9,1598,72.5,70.6,74.4
2025-02-28,"SUB_ICB_LOC","00X","E38000034","NHS LANCASHIRE AND SOUTH CUMBRIA ICB - 00X",1865,2569.9,72.6,64.5,79.5,40805,4.6,4.4,4.8,52,872,6,4.6,7.7,90,1914,4.7,3.8,5.7,1446,75.5,73.6,77.4
2025-02-28,"SUB_ICB_LOC","02X","E38000044","NHS SOUTH YORKSHIRE ICB - 02X",2676,3808.1,70.3,63,76.6,61783,4.3,4.2,4.5,245,2550,9.6,8.5,10.8,175,2774,6.3,5.5,7.3,1847,66.6,64.8,68.3
2025-02-28,"SUB_ICB_LOC","11J","E38000045","NHS DORSET ICB - 11J",8430,14532.3,58,52.2,62.8,209955,4,3.9,4.1,286,6372,4.5,4,5,636,8649,7.4,6.8,7.9,6480,74.9,74,75.8
2025-02-28,"SUB_ICB_LOC","06K","E38000049","NHS HERTFORDSHIRE AND WEST ESSEX ICB - 06K",4686,7495.5,62.5,56.3,67.9,110483,4.2,4.1,4.4,234,2745,8.5,7.5,9.6,364,4817,7.6,6.8,8.3,3383,70.2,68.9,71.5
2025-02-28,"SUB_ICB_LOC","01A","E38000050","NHS LANCASHIRE AND SOUTH CUMBRIA ICB - 01A",2973,4505.2,66,58.9,72.2,74172,4,3.9,4.2,291,2929,9.9,8.9,11.1,240,3087,7.8,6.9,8.8,2356,76.3,74.8,77.8
2025-02-28,"SUB_ICB_LOC","03W","E38000051","NHS LEICESTER, LEICESTERSHIRE AND RUTLAND ICB - 03W",3297,5502.3,59.9,53.7,65.3,82481,4,3.9,4.1,90,1852,4.9,4,5.9,347,3382,10.3,9.3,11.3,2566,75.9,74.4,77.3
2025-02-28,"SUB_ICB_LOC","02Y","E38000052","NHS HUMBER AND NORTH YORKSHIRE ICB - 02Y",3309,5597.6,59.1,53,64.4,86557,3.8,3.7,4,458,2326,19.7,18.1,21.4,265,3400,7.8,6.9,8.7,2472,72.7,71.2,74.2
2025-02-28,"SUB_ICB_LOC","05D","E38000053","NHS STAFFORDSHIRE AND STOKE-ON-TRENT ICB - 05D",1199,1955.4,61.3,54.3,67.4,30414,3.9,3.7,4.2,112,497,22.5,19.1,26.4,54,1234,4.4,3.4,5.7,827,67,64.3,69.6
2025-02-28,"SUB_ICB_LOC","11M","E38000062","NHS GLOUCESTERSHIRE ICB - 11M",6539,10064.4,65,58.5,70.6,152349,4.3,4.2,4.4,394,3783,10.4,9.5,11.4,603,6694,9,8.3,9.7,5033,75.2,74.1,76.2
2025-02-28,"SUB_ICB_LOC","15N","E38000230","NHS DEVON ICB - 15N",12051,20603.6,58.5,52.7,63.5,309520,3.9,3.8,4,1074,5715,18.8,17.8,19.8,1056,12353,8.5,8.1,9.1,8725,70.6,69.8,71.4
2025-02-28,"SUB_ICB_LOC","70F","E38000265","NHS SUSSEX ICB - 70F",9538,15072.2,63.3,57.1,68.7,216673,4.4,4.3,4.5,254,4455,5.7,5.1,6.4,691,9743,7.1,6.6,7.6,6860,70.4,69.5,71.3
2025-02-28,"SUB_ICB_LOC","01F","E38000068","NHS CHESHIRE AND MERSEYSIDE ICB - 01F",977,1466.5,66.6,58.5,73.6,25755,3.8,3.6,4,163,626,26,22.8,29.6,77,1017,7.6,6.1,9.4,736,72.4,69.5,75
2025-02-28,"SUB_ICB_LOC","06N","E38000079","NHS HERTFORDSHIRE AND WEST ESSEX ICB - 06N",4901,7807.9,62.8,56.3,68.1,115399,4.2,4.1,4.4,348,1015,34.3,31.4,37.3,460,5025,9.2,8.4,10,3609,71.8,70.6,73
2025-02-28,"SUB_ICB_LOC","01D","E38000080","NHS GREATER MANCHESTER ICB - 01D",1879,2385.9,78.8,69.9,86.2,40548,4.6,4.4,4.8,145,1586,9.1,7.8,10.7,151,1966,7.7,6.6,8.9,1456,74.1,72.1,75.9
2025-02-28,"SUB_ICB_LOC","03F","E38000085","NHS HUMBER AND NORTH YORKSHIRE ICB - 03F",1927,2905,66.3,59.1,72.6,49415,3.9,3.7,4.1,328,1637,20,18.2,22,221,1999,11.1,9.8,12.5,1251,62.6,60.4,64.7
2025-02-28,"SUB_ICB_LOC","06L","E38000086","NHS SUFFOLK AND NORTH EAST ESSEX ICB - 06L",3803,6463.6,58.8,52.7,64.1,96750,3.9,3.8,4.1,973,2293,42.4,40.4,44.5,305,3903,7.8,7,8.7,2952,75.6,74.3,77
2025-02-28,"SUB_ICB_LOC","11N","E38000089","NHS CORNWALL AND THE ISLES OF SCILLY ICB - 11N",6129,9919.4,61.8,55.6,67.2,154406,4,3.9,4.1,359,2605,13.8,12.5,15.2,555,6247,8.9,8.2,9.6,4186,67,65.8,68.2
2025-02-28,"SUB_ICB_LOC","01J","E38000091","NHS CHESHIRE AND MERSEYSIDE ICB - 01J",1064,1697.1,62.7,55.2,69.4,29871,3.6,3.4,3.8,214,852,25.1,22.3,28.1,115,1112,10.3,8.7,12.3,806,72.5,69.8,75
2025-02-28,"SUB_ICB_LOC","04C","E38000097","NHS LEICESTER, LEICESTERSHIRE AND RUTLAND ICB - 04C",2351,3042.1,77.3,68.6,84.6,52398,4.5,4.3,4.7,33,2874,1.1,0.8,1.6,290,2473,11.7,10.5,13.1,1698,68.7,66.8,70.5
2025-02-28,"SUB_ICB_LOC","99A","E38000101","NHS CHESHIRE AND MERSEYSIDE ICB - 99A",3444,5076.4,67.8,60.4,74.1,87199,3.9,3.8,4.1,299,2776,10.8,9.7,12,410,3571,11.5,10.5,12.6,2666,74.7,73.2,76.1
2025-02-28,"SUB_ICB_LOC","06Q","E38000106","NHS MID AND SOUTH ESSEX ICB - 06Q",3673,5735,64,57.4,69.8,86932,4.2,4.1,4.4,248,1779,13.9,12.4,15.6,435,3771,11.5,10.6,12.6,2711,71.9,70.4,73.3
2025-02-28,"SUB_ICB_LOC","06T","E38000117","NHS SUFFOLK AND NORTH EAST ESSEX ICB - 06T",3772,5678.5,66.4,59.7,72.4,84565,4.5,4.3,4.6,256,1731,14.8,13.2,16.5,632,3912,16.2,15,17.3,2785,71.2,69.8,72.6
2025-02-28,"SUB_ICB_LOC","03H","E38000119","NHS HUMBER AND NORTH YORKSHIRE ICB - 03H",1631,2331.5,70,62.2,76.7,36697,4.4,4.2,4.7,303,1237,24.5,22.2,27,157,1725,9.1,7.8,10.6,1257,72.9,70.7,74.9
2025-02-28,"SUB_ICB_LOC","03K","E38000122","NHS HUMBER AND NORTH YORKSHIRE ICB - 03K",1605,2584.5,62.1,55.2,68,41114,3.9,3.7,4.1,199,1458,13.6,12,15.5,105,1685,6.2,5.2,7.5,1187,70.4,68.2,72.6
2025-02-28,"SUB_ICB_LOC","05G","E38000126","NHS STAFFORDSHIRE AND STOKE-ON-TRENT ICB - 05G",2570,3523.4,72.9,65.2,79.7,53848,4.8,4.6,5,201,1928,10.4,9.1,11.9,272,2611,10.4,9.3,11.6,1880,72,70.2,73.7
2025-02-28,"SUB_ICB_LOC","99C","E38000127","NHS NORTH EAST AND NORTH CUMBRIA ICB - 99C",2100,2989.7,70.2,62.5,76.7,48050,4.4,4.2,4.6,90,1847,4.9,4,6,158,2160,7.3,6.3,8.5,1527,70.7,68.7,72.6
2025-02-28,"SUB_ICB_LOC","00L","E38000130","NHS NORTH EAST AND NORTH CUMBRIA ICB - 00L",3579,5602.6,63.9,57.1,69.7,90553,4,3.8,4.1,299,2303,13,11.7,14.4,223,3691,6,5.3,6.9,2750,74.5,73.1,75.9
2025-02-28,"SUB_ICB_LOC","00Y","E38000135","NHS GREATER MANCHESTER ICB - 00Y",1873,2543.4,73.6,65.5,80.8,41654,4.5,4.3,4.7,184,1663,11.1,9.6,12.7,103,1953,5.3,4.4,6.4,1419,72.7,70.6,74.6
2025-02-28,"SUB_ICB_LOC","10Q","E38000136","NHS BUCKINGHAMSHIRE, OXFORDSHIRE AND BERKSHIRE WEST ICB - 10Q",6134,9734.8,63,56.7,68.6,144760,4.2,4.1,4.3,185,1441,12.8,11.2,14.7,539,6266,8.6,7.9,9.3,4604,73.5,72.4,74.6
2025-02-28,"SUB_ICB_LOC","10R","E38000137","NHS HAMPSHIRE AND ISLE OF WIGHT ICB - 10R",1541,2215.2,69.6,61.7,76.3,35044,4.4,4.2,4.6,14,1259,1.1,0.7,1.9,177,1591,11.1,9.7,12.8,1162,73,70.8,75.2
2025-02-28,"SUB_ICB_LOC","03L","E38000141","NHS SOUTH YORKSHIRE ICB - 03L",2974,3315.9,89.7,80.1,98,52564,5.7,5.5,5.9,341,1764,19.3,17.6,21.2,175,3090,5.7,4.9,6.5,2311,74.8,73.2,76.3
2025-02-28,"SUB_ICB_LOC","01G","E38000143","NHS GREATER MANCHESTER ICB - 01G",1949,2418.2,80.6,71.9,88.3,39894,4.9,4.7,5.1,178,808,22,19.3,25,126,2014,6.3,5.3,7.4,1531,76,74.1,77.8
2025-02-28,"SUB_ICB_LOC","03N","E38000146","NHS SOUTH YORKSHIRE ICB - 03N",4638,6385.8,72.6,65.1,79.1,97871,4.7,4.6,4.9,259,2221,11.7,10.4,13.1,452,4813,9.4,8.6,10.2,3431,71.3,70,72.5
2025-02-28,"SUB_ICB_LOC","11X","E38000150","NHS SOMERSET ICB - 11X",5565,10082.4,55.2,49.7,59.9,151726,3.7,3.6,3.8,155,1073,14.4,12.5,16.7,421,5706,7.4,6.7,8.1,3933,68.9,67.7,70.1
2025-02-28,"SUB_ICB_LOC","05Q","E38000153","NHS STAFFORDSHIRE AND STOKE-ON-TRENT ICB - 05Q",2129,3237.5,65.8,58.6,71.8,49807,4.3,4.1,4.5,159,878,18.1,15.7,20.8,104,2185,4.8,3.9,5.7,1453,66.5,64.5,68.4
2025-02-28,"SUB_ICB_LOC","01T","E38000161","NHS CHESHIRE AND MERSEYSIDE ICB - 01T",1201,2047.5,58.7,51.8,64.5,32809,3.7,3.5,3.9,265,2182,12.1,10.8,13.6,106,1225,8.7,7.2,10.4,950,77.6,75.1,79.8
2025-02-28,"SUB_ICB_LOC","00N","E38000163","NHS NORTH EAST AND NORTH CUMBRIA ICB - 00N",1490,2054.4,72.5,64.5,79.7,33453,4.5,4.2,4.7,128,877,14.6,12.4,17.1,104,1534,6.8,5.6,8.1,1114,72.6,70.3,74.8
2025-02-28,"SUB_ICB_LOC","99G","E38000168","NHS MID AND SOUTH ESSEX ICB - 99G",2080,2485.2,83.7,74.7,91.8,36901,5.6,5.4,5.9,160,580,27.6,24.1,31.4,179,2150,8.3,7.2,9.6,1763,82,80.3,83.6
2025-02-28,"SUB_ICB_LOC","01V","E38000170","NHS CHESHIRE AND MERSEYSIDE ICB - 01V",1820,2423.5,75.1,67.1,82.1,34712,5.2,5,5.5,353,2814,12.5,11.4,13.8,185,1863,9.9,8.7,11.4,1454,78,76.1,79.9
2025-02-28,"SUB_ICB_LOC","01X","E38000172","NHS CHESHIRE AND MERSEYSIDE ICB - 01X",1779,2631.3,67.6,60.3,74.1,41881,4.2,4.1,4.4,154,1100,14,12.1,16.2,133,1843,7.2,6.1,8.5,1337,72.5,70.5,74.5
2025-02-28,"SUB_ICB_LOC","05V","E38000173","NHS STAFFORDSHIRE AND STOKE-ON-TRENT ICB - 05V",1465,2403.1,61,54.2,66.8,36411,4,3.8,4.2,122,918,13.3,11.2,15.6,74,1497,4.9,4,6.2,1055,70.5,68.1,72.7
2025-02-28,"SUB_ICB_LOC","01W","E38000174","NHS GREATER MANCHESTER ICB - 01W",3283,4274.4,76.8,68.9,83.6,64040,5.1,5,5.3,97,1073,9,7.5,10.9,223,3368,6.6,5.8,7.5,2651,78.7,77.3,80.1
2025-02-28,"SUB_ICB_LOC","05W","E38000175","NHS STAFFORDSHIRE AND STOKE-ON-TRENT ICB - 05W",3081,3284.3,93.8,83.8,102.5,51861,5.9,5.7,6.1,187,2247,8.3,7.3,9.5,267,3163,8.4,7.5,9.5,2342,74,72.5,75.5
2025-02-28,"SUB_ICB_LOC","00P","E38000176","NHS NORTH EAST AND NORTH CUMBRIA ICB - 00P",2445,3668.7,66.6,59.6,72.9,59698,4.1,3.9,4.3,200,1126,17.8,15.6,20.1,244,2522,9.7,8.6,10.9,1715,68,66.2,69.8
2025-02-28,"SUB_ICB_LOC","07G","E38000185","NHS MID AND SOUTH ESSEX ICB - 07G",1068,1602.1,66.7,58.9,73.7,26044,4.1,3.9,4.3,94,832,11.3,9.3,13.6,140,1110,12.6,10.8,14.7,927,83.5,81.2,85.6
2025-02-28,"SUB_ICB_LOC","02A","E38000187","NHS GREATER MANCHESTER ICB - 02A",1960,2912.5,67.3,60.1,73.7,44007,4.5,4.3,4.7,190,850,22.4,19.7,25.3,115,2011,5.7,4.8,6.8,1383,68.8,66.7,70.8
2025-02-28,"SUB_ICB_LOC","03Q","E38000188","NHS HUMBER AND NORTH YORKSHIRE ICB - 03Q",1771,3286,53.9,48.1,59,48990,3.6,3.5,3.8,116,1942,6,5,7.1,82,1817,4.5,3.7,5.6,1357,74.7,72.6,76.6
2025-02-28,"SUB_ICB_LOC","03R","E38000190","NHS WEST YORKSHIRE ICB - 03R",2989,4504,66.4,59.4,72.4,73590,4.1,3.9,4.2,599,2514,23.8,22.2,25.5,312,3122,10,9,11.1,2433,77.9,76.4,79.4
2025-02-28,"ICB","QWO","E54000054","NHS WEST YORKSHIRE INTEGRATED CARE BOARD",19557,27904.4,70.1,63,76.3,443766,4.4,4.3,4.5,2908,14828,19.6,19,20.3,1838,20272,9.1,8.7,9.5,15531,76.6,76,77.2
2025-02-28,"SUB_ICB_LOC","07H","E38000197","NHS HERTFORDSHIRE AND WEST ESSEX ICB - 07H",3044,4127.1,73.8,66.1,80.4,61607,4.9,4.8,5.1,75,1189,6.3,5.1,7.8,228,3129,7.3,6.4,8.3,2134,68.2,66.5,69.8
2025-02-28,"SUB_ICB_LOC","02G","E38000200","NHS LANCASHIRE AND SOUTH CUMBRIA ICB - 02G",1141,1709.3,66.8,59,73.7,26500,4.3,4.1,4.6,41,518,7.9,5.9,10.6,82,1172,7,5.7,8.6,751,64.1,61.3,66.8
2025-02-28,"SUB_ICB_LOC","04V","E38000201","NHS LEICESTER, LEICESTERSHIRE AND RUTLAND ICB - 04V",3321,5366,61.9,55.3,67.4,84679,3.9,3.8,4.1,182,1555,11.7,10.2,13.4,284,3407,8.3,7.5,9.3,2345,68.8,67.3,70.4
2025-02-28,"SUB_ICB_LOC","07K","E38000204","NHS SUFFOLK AND NORTH EAST ESSEX ICB - 07K",2335,4394.2,53.1,47.6,58.2,66166,3.5,3.4,3.7,355,910,39,35.9,42.2,248,2384,10.4,9.2,11.7,1763,74,72.2,75.7
2025-02-28,"SUB_ICB_LOC","02H","E38000205","NHS GREATER MANCHESTER ICB - 02H",3001,4097.8,73.2,65.3,80,67252,4.5,4.3,4.6,239,4250,5.6,5,6.4,137,3079,4.4,3.8,5.2,2292,74.4,72.9,75.9
2025-02-28,"SUB_ICB_LOC","12F","E38000208","NHS CHESHIRE AND MERSEYSIDE ICB - 12F",3272,4918,66.5,59.5,72.5,76327,4.3,4.1,4.4,112,582,19.2,16.2,22.6,465,3380,13.8,12.6,15,2502,74,72.5,75.5
2025-02-28,"SUB_ICB_LOC","13T","E38000212","NHS NORTH EAST AND NORTH CUMBRIA ICB - 13T",4058,5621.1,72.2,64.6,78.7,88375,4.6,4.5,4.7,176,2927,6,5.2,6.9,354,4204,8.4,7.6,9.3,2777,66.1,64.6,67.5
2025-02-28,"SUB_ICB_LOC","01H","E38000215","NHS NORTH EAST AND NORTH CUMBRIA ICB - 01H",2930,5170.1,56.7,50.7,61.7,81950,3.6,3.5,3.7,403,1075,37.5,34.6,40.4,283,3040,9.3,8.3,10.4,2212,72.8,71.2,74.3
2025-02-28,"SUB_ICB_LOC","14L","E38000217","NHS GREATER MANCHESTER ICB - 14L",2826,3793.6,74.5,66.1,81.4,68043,4.2,4,4.3,106,2295,4.6,3.8,5.6,232,2961,7.8,6.9,8.9,2243,75.8,74.2,77.3
2025-02-28,"SUB_ICB_LOC","15A","E38000221","NHS BUCKINGHAMSHIRE, OXFORDSHIRE AND BERKSHIRE WEST ICB - 15A",3973,6137.2,64.7,58.1,70.4,94694,4.2,4.1,4.3,378,1335,28.3,26,30.8,348,4078,8.5,7.7,9.4,3027,74.2,72.9,75.5
2025-02-28,"SUB_ICB_LOC","15C","E38000222","NHS BRISTOL, NORTH SOMERSET AND SOUTH GLOUCESTERSHIRE ICB - 15C",8508,12027.3,70.7,63.6,76.8,180035,4.7,4.6,4.8,72,1709,4.2,3.4,5.3,669,8739,7.7,7.1,8.2,6523,74.6,73.7,75.5
2025-02-28,"SUB_ICB_LOC","14Y","E38000223","NHS BUCKINGHAMSHIRE, OXFORDSHIRE AND BERKSHIRE WEST ICB - 14Y",4398,7657.4,57.4,51.4,62.5,113475,3.9,3.8,4,252,1821,13.8,12.3,15.5,365,4474,8.2,7.4,9,3321,74.2,72.9,75.5
2025-02-28,"SUB_ICB_LOC","15F","E38000225","NHS WEST YORKSHIRE ICB - 15F",6636,9017.7,73.6,66.1,79.8,139956,4.7,4.6,4.9,1082,3626,29.8,28.4,31.4,398,6844,5.8,5.3,6.4,5445,79.6,78.6,80.5
2025-02-28,"SUB_ICB_LOC","02M","E38000226","NHS LANCASHIRE AND SOUTH CUMBRIA ICB - 02M",2342,3585,65.3,58.4,71.5,53875,4.3,4.2,4.5,52,898,5.8,4.4,7.5,128,2401,5.3,4.5,6.3,1700,70.8,69,72.6
2025-02-28,"SUB_ICB_LOC","01E","E38000227","NHS LANCASHIRE AND SOUTH CUMBRIA ICB - 01E",1775,2363.6,75.1,66.8,82.3,37730,4.7,4.5,4.9,61,1017,6,4.7,7.6,142,1823,7.8,6.6,9.1,1460,80.1,78.2,81.9
2025-02-28,"SUB_ICB_LOC","01K","E38000228","NHS LANCASHIRE AND SOUTH CUMBRIA ICB - 01K",3684,5346.8,68.9,61.7,75.1,82552,4.5,4.3,4.6,109,1024,10.6,8.9,12.7,263,3802,6.9,6.2,7.8,2630,69.2,67.7,70.6
2025-02-28,"SUB_ICB_LOC","92G","E38000231","NHS BATH AND NORTH EAST SOMERSET, SWINDON AND WILTSHIRE ICB - 92G",8528,13880,61.4,55.3,66.7,210454,4.1,4,4.1,632,5060,12.5,11.6,13.4,579,8757,6.6,6.1,7.2,6366,72.7,71.8,73.6
2025-02-28,"SUB_ICB_LOC","36J","E38000232","NHS WEST YORKSHIRE ICB - 36J",4872,6702.2,72.7,65.1,79.2,106345,4.6,4.5,4.7,635,3130,20.3,18.9,21.7,680,5037,13.5,12.6,14.5,3690,73.3,72,74.5
2025-02-28,"SUB_ICB_LOC","27D","E38000233","NHS CHESHIRE AND MERSEYSIDE ICB - 27D",7957,11814.4,67.3,60.7,73.3,179714,4.4,4.3,4.5,356,2628,13.5,12.3,14.9,869,8185,10.6,10,11.3,6019,73.5,72.6,74.5
2025-02-28,"SUB_ICB_LOC","84H","E38000234","NHS NORTH EAST AND NORTH CUMBRIA ICB - 84H",5313,7462.6,71.2,63.7,77.6,122389,4.3,4.2,4.5,543,2763,19.7,18.2,21.2,350,5537,6.3,5.7,7,4082,73.7,72.5,74.9
2025-02-28,"SUB_ICB_LOC","97R","E38000235","NHS SUSSEX ICB - 97R",6292,10261.5,61.3,55.2,66.6,149594,4.2,4.1,4.3,285,4280,6.7,6,7.4,719,6440,11.2,10.4,12,4618,71.7,70.6,72.8
2025-02-28,"SUB_ICB_LOC","18C","E38000236","NHS HEREFORDSHIRE AND WORCESTERSHIRE ICB - 18C",7150,13012.3,54.9,49.4,59.7,198169,3.6,3.5,3.7,263,3359,7.8,7,8.8,766,7352,10.4,9.7,11.1,5632,76.6,75.6,77.6
2025-02-28,"SUB_ICB_LOC","91Q","E38000237","NHS KENT AND MEDWAY ICB - 91Q",15697,25937.6,60.5,54.5,65.6,397023,4,3.9,4,715,5698,12.5,11.7,13.4,1404,16184,8.7,8.3,9.1,11831,73.1,72.4,73.8
2025-02-28,"SUB_ICB_LOC","71E","E38000238","NHS LINCOLNSHIRE ICB - 71E",8619,12644.7,68.2,61.3,74,196122,4.4,4.3,4.5,1002,5430,18.5,17.4,19.5,732,8926,8.2,7.6,8.8,6312,70.7,69.8,71.6
2025-02-28,"SUB_ICB_LOC","26A","E38000239","NHS NORFOLK AND WAVENEY ICB - 26A",11309,18209.9,62.1,55.9,67.3,271424,4.2,4.1,4.2,935,5044,18.5,17.5,19.6,1343,11612,11.6,11,12.2,8348,71.9,71.1,72.7
2025-02-28,"SUB_ICB_LOC","93C","E38000240","NHS NORTH CENTRAL LONDON ICB - 93C",8900,13247,67.2,60.1,73,212387,4.2,4.1,4.3,354,2944,12,10.9,13.2,804,9160,8.8,8.2,9.4,6739,73.6,72.7,74.5
2025-02-28,"SUB_ICB_LOC","42D","E38000241","NHS HUMBER AND NORTH YORKSHIRE ICB - 42D",5564,9528,58.4,52.4,63.5,146272,3.8,3.7,3.9,597,3844,15.5,14.4,16.7,281,5689,4.9,4.4,5.5,4299,75.6,74.4,76.7
2025-02-28,"SUB_ICB_LOC","52R","E38000243","NHS NOTTINGHAM AND NOTTINGHAMSHIRE ICB - 52R",9023,13028.8,69.3,62.2,75.3,202659,4.5,4.4,4.5,317,4242,7.5,6.7,8.3,867,9399,9.2,8.7,9.8,6800,72.3,71.4,73.2
2025-02-28,"SUB_ICB_LOC","72Q","E38000244","NHS SOUTH EAST LONDON ICB - 72Q",10785,15433.7,69.9,62.6,75.8,250835,4.3,4.2,4.4,963,6581,14.6,13.8,15.5,907,11197,8.1,7.6,8.6,7892,70.5,69.6,71.3
2025-02-28,"SUB_ICB_LOC","36L","E38000245","NHS SOUTH WEST LONDON ICB - 36L",10653,14539.7,73.3,65.9,79.5,230308,4.6,4.5,4.7,527,3441,15.3,14.2,16.6,1073,11025,9.7,9.2,10.3,8163,74,73.2,74.9
2025-02-28,"SUB_ICB_LOC","16C","E38000247","NHS NORTH EAST AND NORTH CUMBRIA ICB - 16C",6468,8768.4,73.8,66.1,80.2,142359,4.5,4.4,4.7,896,3411,26.3,24.8,27.8,381,6717,5.7,5.1,6.3,5055,75.3,74.2,76.3
2025-02-28,"SUB_ICB_LOC","M1J4Y","E38000249","NHS BEDFORDSHIRE, LUTON AND MILTON KEYNES ICB - M1J4Y",7388,10644.8,69.4,62.5,75.4,170761,4.3,4.2,4.4,660,4846,13.6,12.7,14.6,737,7676,9.6,9,10.3,5507,71.7,70.7,72.7
2025-02-28,"SUB_ICB_LOC","B2M3M","E38000251","NHS COVENTRY AND WARWICKSHIRE ICB - B2M3M",7388,12617,58.6,52.7,63.7,191467,3.9,3.8,3.9,498,4229,11.8,10.8,12.8,853,7626,11.2,10.5,11.9,5294,69.4,68.4,70.4
2025-02-28,"SUB_ICB_LOC","D4U1Y","E38000252","NHS FRIMLEY ICB - D4U1Y",6042,9026.5,66.9,60.2,72.8,136866,4.4,4.3,4.5,455,2366,19.2,17.7,20.9,528,6181,8.5,7.9,9.3,4643,75.1,74,76.2
2025-02-28,"SUB_ICB_LOC","D9Y0V","E38000253","NHS HAMPSHIRE AND ISLE OF WIGHT ICB - D9Y0V",15809,25377.8,62.3,56.2,67.5,376659,4.2,4.1,4.3,521,7155,7.3,6.7,7.9,1652,16172,10.2,9.8,10.7,11495,71.1,70.4,71.8
2025-02-28,"SUB_ICB_LOC","X2C4Y","E38000254","NHS WEST YORKSHIRE ICB - X2C4Y",3264,5029.8,64.9,58,70.8,80445,4.1,3.9,4.2,424,3633,11.7,10.7,12.8,311,3403,9.1,8.2,10.2,2598,76.3,74.9,77.7
2025-02-28,"SUB_ICB_LOC","A3A8R","E38000255","NHS NORTH EAST LONDON ICB - A3A8R",8411,13658.8,61.6,55.1,67,231931,3.6,3.6,3.7,703,7141,9.8,9.2,10.6,800,8804,9.1,8.5,9.7,6701,76.1,75.2,77
2025-02-28,"SUB_ICB_LOC","W2U3Z","E38000256","NHS NORTH WEST LONDON ICB - W2U3Z",12883,19857.8,64.9,58.2,70.5,326225,3.9,3.9,4,1355,11246,12,11.5,12.7,1135,13401,8.5,8,9,9705,72.4,71.7,73.2
2025-02-28,"SUB_ICB_LOC","M2L0M","E38000257","NHS SHROPSHIRE, TELFORD AND WREKIN ICB - M2L0M",4984,7972.6,62.5,56.1,68.2,122892,4.1,3.9,4.2,174,1352,12.9,11.2,14.8,362,5124,7.1,6.4,7.8,3202,62.5,61.2,63.8
2025-02-28,"SUB_ICB_LOC","15E","E38000258","NHS BIRMINGHAM AND SOLIHULL ICB - 15E",9179,14672.8,62.6,56.3,67.9,224154,4.1,4,4.2,596,4630,12.9,11.9,13.9,1014,9511,10.7,10.1,11.3,6778,71.3,70.3,72.2
2025-02-28,"SUB_ICB_LOC","D2P2L","E38000259","NHS BLACK COUNTRY ICB - D2P2L",9527,14559.1,65.4,58.8,71,222219,4.3,4.2,4.4,588,7419,7.9,7.3,8.6,1006,9910,10.2,9.6,10.8,5534,55.8,54.9,56.8
2025-02-28,"SUB_ICB_LOC","06H","E38000260","NHS CAMBRIDGESHIRE AND PETERBOROUGH ICB - 06H",6740,11199.7,60.2,54,65.4,172174,3.9,3.8,4,522,3192,16.4,15.1,17.7,627,6952,9,8.4,9.7,5173,74.4,73.4,75.4
2025-02-28,"SUB_ICB_LOC","15M","E38000261","NHS DERBY AND DERBYSHIRE ICB - 15M",10333,15074.6,68.5,61.6,74.3,236345,4.4,4.3,4.5,1348,4187,32.2,30.8,33.6,1003,10773,9.3,8.8,9.9,7822,72.6,71.8,73.4
2025-02-28,"SUB_ICB_LOC","78H","E38000262","NHS NORTHAMPTONSHIRE ICB - 78H",6049,9101.1,66.5,59.6,72.4,145743,4.2,4,4.3,332,4414,7.5,6.8,8.3,616,6208,9.9,9.2,10.7,4258,68.6,67.4,69.7
2025-02-28,"SUB_ICB_LOC","01Y","E38000263","NHS GREATER MANCHESTER ICB - 01Y",1720,2358.8,72.9,64.8,80,39428,4.4,4.2,4.6,145,680,21.3,18.4,24.6,150,1794,8.4,7.2,9.7,1454,81,79.2,82.8
2025-02-28,"SUB_ICB_LOC","92A","E38000264","NHS SURREY HEARTLANDS ICB - 92A",10214,15133,67.5,60.8,73.3,216371,4.7,4.6,4.8,222,2227,10,8.8,11.3,1037,10414,10,9.4,10.5,7567,72.7,71.8,73.5
2025-02-28,"SUB_ICB_LOC","02E","E38000194","NHS CHESHIRE AND MERSEYSIDE ICB - 02E",2007,2803.3,71.6,63.8,78.4,44072,4.6,4.4,4.8,171,1873,9.1,7.9,10.5,274,2063,13.3,11.9,14.8,1503,72.9,70.9,74.7
2025-02-28,"ICB","QWU","E54000018","NHS COVENTRY AND WARWICKSHIRE INTEGRATED CARE BOARD",7388,12617,58.6,52.7,63.7,191467,3.9,3.8,3.9,498,4229,11.8,10.8,12.8,853,7626,11.2,10.5,11.9,5294,69.4,68.4,70.4
2025-02-28,"ICB","QGH","E54000019","NHS HEREFORDSHIRE AND WORCESTERSHIRE INTEGRATED CARE BOARD",7150,13012.3,54.9,49.4,59.7,198169,3.6,3.5,3.7,263,3359,7.8,7,8.8,766,7352,10.4,9.7,11.1,5632,76.6,75.6,77.6
2025-02-28,"ICB","QMM","E54000022","NHS NORFOLK AND WAVENEY INTEGRATED CARE BOARD",11309,18209.9,62.1,55.9,67.3,271424,4.2,4.1,4.2,935,5044,18.5,17.5,19.6,1343,11612,11.6,11,12.2,8348,71.9,71.1,72.7
2025-02-28,"ICB","QJG","E54000023","NHS SUFFOLK AND NORTH EAST ESSEX INTEGRATED CARE BOARD",9910,16536.3,59.9,53.8,65,247481,4,3.9,4.1,1584,4934,32.1,30.8,33.4,1185,10199,11.6,11,12.3,7500,73.5,72.7,74.4
2025-02-28,"ICB","QHG","E54000024","NHS BEDFORDSHIRE, LUTON AND MILTON KEYNES INTEGRATED CARE BOARD",7388,10644.8,69.4,62.5,75.4,170761,4.3,4.2,4.4,660,4846,13.6,12.7,14.6,737,7676,9.6,9,10.3,5507,71.7,70.7,72.7
2025-02-28,"ICB","QM7","E54000025","NHS HERTFORDSHIRE AND WEST ESSEX INTEGRATED CARE BOARD",12631,19430.6,65,58.7,70.5,287489,4.4,4.3,4.5,657,4949,13.3,12.4,14.2,1052,12971,8.1,7.7,8.6,9126,70.4,69.6,71.1
2025-02-28,"ICB","QH8","E54000026","NHS MID AND SOUTH ESSEX INTEGRATED CARE BOARD",11170,16435.2,68,61.3,73.6,247435,4.5,4.4,4.6,997,5372,18.6,17.5,19.6,1104,11506,9.6,9.1,10.1,8693,75.6,74.8,76.3
2025-02-28,"ICB","QRV","E54000027","NHS NORTH WEST LONDON INTEGRATED CARE BOARD",12883,19857.8,64.9,58.2,70.5,326225,3.9,3.9,4,1355,11246,12,11.5,12.7,1135,13401,8.5,8,9,9705,72.4,71.7,73.2
2025-02-28,"ICB","QMJ","E54000028","NHS NORTH CENTRAL LONDON INTEGRATED CARE BOARD",8900,13247,67.2,60.1,73,212387,4.2,4.1,4.3,354,2944,12,10.9,13.2,804,9160,8.8,8.2,9.4,6739,73.6,72.7,74.5
2025-02-28,"ICB","QMF","E54000029","NHS NORTH EAST LONDON INTEGRATED CARE BOARD",8411,13658.8,61.6,55.1,67,231931,3.6,3.6,3.7,703,7141,9.8,9.2,10.6,800,8804,9.1,8.5,9.7,6701,76.1,75.2,77
2025-02-28,"ICB","QKK","E54000030","NHS SOUTH EAST LONDON INTEGRATED CARE BOARD",10785,15433.7,69.9,62.6,75.8,250835,4.3,4.2,4.4,963,6581,14.6,13.8,15.5,907,11197,8.1,7.6,8.6,7892,70.5,69.6,71.3
2025-02-28,"ICB","QWE","E54000031","NHS SOUTH WEST LONDON INTEGRATED CARE BOARD",10653,14539.7,73.3,65.9,79.5,230308,4.6,4.5,4.7,527,3441,15.3,14.2,16.6,1073,11025,9.7,9.2,10.3,8163,74,73.2,74.9
2025-02-28,"ICB","QKS","E54000032","NHS KENT AND MEDWAY INTEGRATED CARE BOARD",15697,25937.6,60.5,54.5,65.6,397023,4,3.9,4,715,5698,12.5,11.7,13.4,1404,16184,8.7,8.3,9.1,11831,73.1,72.4,73.8
2025-02-28,"ICB","QNQ","E54000034","NHS FRIMLEY INTEGRATED CARE BOARD",6042,9026.5,66.9,60.2,72.8,136866,4.4,4.3,4.5,455,2366,19.2,17.7,20.9,528,6181,8.5,7.9,9.3,4643,75.1,74,76.2
2025-02-28,"ICB","QJK","E54000037","NHS DEVON INTEGRATED CARE BOARD",12051,20603.6,58.5,52.7,63.5,309520,3.9,3.8,4,1074,5715,18.8,17.8,19.8,1056,12353,8.5,8.1,9.1,8725,70.6,69.8,71.4
2025-02-28,"ICB","QNX","E54000064","NHS SUSSEX ICB",17677,28232.7,62.6,56.4,67.9,411702,4.3,4.2,4.4,672,9450,7.1,6.6,7.6,1543,18087,8.5,8.1,8.9,12819,70.9,70.2,71.5
2025-02-28,"NHS_REGION","Y56","E40000003","LONDON",51632,76736.9,67.3,60.4,72.9,1251686,4.1,4.1,4.2,3902,31353,12.4,12.1,12.8,4719,53587,8.8,8.6,9,39200,73.2,72.8,73.5
2025-02-28,"ICB","QYG","E54000008","NHS CHESHIRE AND MERSEYSIDE INTEGRATED CARE BOARD",23521,34878.1,67.4,60.7,73.3,552340,4.3,4.2,4.3,2087,15433,13.5,13,14.1,2634,24259,10.9,10.5,11.3,17973,74.1,73.5,74.6
2025-02-28,"ICB","QNC","E54000010","NHS STAFFORDSHIRE AND STOKE-ON-TRENT INTEGRATED CARE BOARD",11861,16264.6,72.9,65.6,79.1,251579,4.7,4.6,4.8,944,7063,13.4,12.6,14.2,918,12150,7.6,7.1,8,8646,71.2,70.3,72
2025-02-28,"ICB","QOC","E54000011","NHS SHROPSHIRE, TELFORD AND WREKIN INTEGRATED CARE BOARD",4984,7972.6,62.5,56.1,68.2,122892,4.1,3.9,4.2,174,1352,12.9,11.2,14.8,362,5124,7.1,6.4,7.8,3202,62.5,61.2,63.8
2025-02-28,"ICB","QJM","E54000013","NHS LINCOLNSHIRE INTEGRATED CARE BOARD",8619,12644.7,68.2,61.3,74,196122,4.4,4.3,4.5,1002,5430,18.5,17.4,19.5,732,8926,8.2,7.6,8.8,6312,70.7,69.8,71.6
2025-02-28,"ICB","QK1","E54000015","NHS LEICESTER, LEICESTERSHIRE AND RUTLAND INTEGRATED CARE BOARD",8969,13910.4,64.5,57.9,70.1,219558,4.1,4,4.2,305,6281,4.9,4.4,5.4,921,9262,9.9,9.4,10.6,6609,71.4,70.4,72.3
2025-02-28,"NHS_REGION","Y60","E40000011","MIDLANDS",94443,144639.4,65.3,58.9,70.7,2238940,4.2,4.2,4.2,6471,53284,12.1,11.9,12.4,9186,97648,9.4,9.2,9.6,67943,69.6,69.3,69.9
2025-02-28,"COUNTRY","ENG","E92000001","ENGLAND",481375,735842.4,65.4,59,70.9,11394295,4.2,4.2,4.2,35065,263421,13.3,13.2,13.4,43361,496471,8.7,8.7,8.8,358929,72.3,72.2,72.4
2025-03-31,"ICB","QYG","E54000008","NHS CHESHIRE AND MERSEYSIDE INTEGRATED CARE BOARD",23643,34953.7,67.6,61,73.3,553474,4.3,4.2,4.3,2299,16945,13.6,13.1,14.1,2601,24375,10.7,10.3,11.1,18746,76.9,76.4,77.4
2025-03-31,"ICB","QPM","E54000059","NHS NORTHAMPTONSHIRE INTEGRATED CARE BOARD",6075,9120.3,66.6,59.8,72.5,146000,4.2,4.1,4.3,364,4809,7.6,6.9,8.4,625,6235,10,9.3,10.8,4531,72.7,71.6,73.8
2025-03-31,"SUB_ICB_LOC","01Y","E38000263","NHS GREATER MANCHESTER ICB - 01Y",1721,2363.9,72.8,64.7,80,39489,4.4,4.2,4.6,152,741,20.5,17.8,23.6,147,1797,8.2,7,9.5,1454,80.9,79,82.7
2025-03-31,"SUB_ICB_LOC","92A","E38000264","NHS SURREY HEARTLANDS ICB - 92A",10232,15165.5,67.5,60.7,73.3,216720,4.7,4.6,4.8,254,2439,10.4,9.3,11.7,1051,10436,10.1,9.5,10.7,7967,76.3,75.5,77.1
2025-03-31,"SUB_ICB_LOC","15E","E38000258","NHS BIRMINGHAM AND SOLIHULL ICB - 15E",9190,14681.7,62.6,56.3,68,224480,4.1,4,4.2,638,4983,12.8,11.9,13.8,1012,9516,10.6,10,11.3,6997,73.5,72.6,74.4
2025-03-31,"SUB_ICB_LOC","06H","E38000260","NHS CAMBRIDGESHIRE AND PETERBOROUGH ICB - 06H",6805,11223,60.6,54.5,65.9,172608,3.9,3.9,4,584,3455,16.9,15.7,18.2,645,7007,9.2,8.6,9.9,5285,75.4,74.4,76.4
2025-03-31,"SUB_ICB_LOC","15M","E38000261","NHS DERBY AND DERBYSHIRE ICB - 15M",10393,15102.3,68.8,61.9,74.8,236813,4.4,4.3,4.5,1502,4560,32.9,31.6,34.3,1047,10835,9.7,9.1,10.2,8211,75.8,75,76.6
2025-03-31,"SUB_ICB_LOC","78H","E38000262","NHS NORTHAMPTONSHIRE ICB - 78H",6075,9120.3,66.6,59.8,72.5,146000,4.2,4.1,4.3,364,4809,7.6,6.9,8.4,625,6235,10,9.3,10.8,4531,72.7,71.6,73.8
2025-03-31,"SUB_ICB_LOC","02P","E38000006","NHS SOUTH YORKSHIRE ICB - 02P",2310,3152.9,73.3,65.2,80.2,51946,4.4,4.3,4.6,171,1856,9.2,8,10.6,81,2400,3.4,2.7,4.2,1809,75.4,73.6,77.1
2025-03-31,"SUB_ICB_LOC","99E","E38000007","NHS MID AND SOUTH ESSEX ICB - 99E",2174,3529.4,61.6,55.1,67.5,52662,4.1,4,4.3,302,1577,19.2,17.3,21.2,203,2254,9,7.9,10.3,1742,77.3,75.5,79
2025-03-31,"SUB_ICB_LOC","02Q","E38000008","NHS NOTTINGHAM AND NOTTINGHAMSHIRE ICB - 02Q",1347,1780.9,75.6,67.3,83.3,28068,4.8,4.6,5.1,111,748,14.8,12.5,17.6,125,1391,9,7.6,10.6,1094,78.6,76.4,80.7
2025-03-31,"SUB_ICB_LOC","00Q","E38000014","NHS LANCASHIRE AND SOUTH CUMBRIA ICB - 00Q",1020,1605.8,63.5,56,70.1,27214,3.7,3.5,4,87,950,9.2,7.5,11.2,82,1064,7.7,6.3,9.5,864,81.2,78.7,83.4
2025-03-31,"SUB_ICB_LOC","00R","E38000015","NHS LANCASHIRE AND SOUTH CUMBRIA ICB - 00R",1549,2202.3,70.3,62.3,77.3,35161,4.4,4.2,4.6,40,773,5.2,3.8,7,118,1619,7.3,6.1,8.7,1188,73.4,71.2,75.5
2025-03-31,"SUB_ICB_LOC","00T","E38000016","NHS GREATER MANCHESTER ICB - 00T",2414,3348,72.1,64.3,78.9,54650,4.4,4.2,4.6,219,1932,11.3,10,12.8,188,2513,7.5,6.5,8.6,1940,77.2,75.5,78.8
2025-03-31,"SUB_ICB_LOC","09D","E38000021","NHS SUSSEX ICB - 09D",1833,2898.8,63.2,56.5,69,45514,4,3.9,4.2,140,765,18.3,15.7,21.2,138,1889,7.3,6.2,8.6,1426,75.5,73.5,77.4
2025-03-31,"SUB_ICB_LOC","00V","E38000024","NHS GREATER MANCHESTER ICB - 00V",1826,2432.7,75.1,66.8,82.1,38449,4.7,4.5,5,26,398,6.5,4.5,9.4,161,1892,8.5,7.3,9.9,1470,77.7,75.8,79.5
2025-03-31,"SUB_ICB_LOC","02T","E38000025","NHS WEST YORKSHIRE ICB - 02T",1796,2654.9,67.6,60.3,74.3,43520,4.1,3.9,4.3,188,2072,9.1,7.9,10.4,142,1864,7.6,6.5,8.9,1432,76.8,74.9,78.7
2025-03-31,"SUB_ICB_LOC","04Y","E38000028","NHS STAFFORDSHIRE AND STOKE-ON-TRENT ICB - 04Y",1416,1867.9,75.8,67.4,83.2,29305,4.8,4.6,5.1,170,648,26.2,23,29.8,146,1458,10,8.6,11.7,1133,77.7,75.5,79.8
2025-03-31,"SUB_ICB_LOC","99F","E38000030","NHS MID AND SOUTH ESSEX ICB - 99F",2162,3093.4,69.9,62.5,76.5,45054,4.8,4.6,5,245,758,32.3,29.1,35.7,159,2209,7.2,6.2,8.4,1623,73.5,71.6,75.3
2025-03-31,"SUB_ICB_LOC","00X","E38000034","NHS LANCASHIRE AND SOUTH CUMBRIA ICB - 00X",1868,2575,72.5,64.7,79.6,40858,4.6,4.4,4.8,58,975,5.9,4.6,7.6,84,1917,4.4,3.6,5.4,1458,76.1,74.1,77.9
2025-03-31,"SUB_ICB_LOC","02X","E38000044","NHS SOUTH YORKSHIRE ICB - 02X",2655,3824.7,69.4,61.9,75.9,61941,4.3,4.1,4.4,263,2716,9.7,8.6,10.9,179,2756,6.5,5.6,7.5,2033,73.8,72.1,75.4
2025-03-31,"SUB_ICB_LOC","11J","E38000045","NHS DORSET ICB - 11J",8471,14560.8,58.2,52.5,63.2,210356,4,3.9,4.1,311,6885,4.5,4.1,5,643,8686,7.4,6.9,8,6675,76.8,75.9,77.7
2025-03-31,"SUB_ICB_LOC","06K","E38000049","NHS HERTFORDSHIRE AND WEST ESSEX ICB - 06K",4688,7508.3,62.4,56.1,67.8,110717,4.2,4.1,4.4,266,2997,8.9,7.9,9.9,370,4809,7.7,7,8.5,3584,74.5,73.3,75.7
2025-03-31,"SUB_ICB_LOC","01A","E38000050","NHS LANCASHIRE AND SOUTH CUMBRIA ICB - 01A",2953,4515.9,65.4,58.3,71.6,74297,4,3.8,4.1,310,3192,9.7,8.7,10.8,229,3064,7.5,6.6,8.5,2459,80.3,78.8,81.6
2025-03-31,"SUB_ICB_LOC","15N","E38000230","NHS DEVON ICB - 15N",12155,20642.9,58.9,53,63.9,310071,3.9,3.9,4,1186,6189,19.2,18.2,20.2,1083,12453,8.7,8.2,9.2,9272,74.5,73.7,75.2
2025-03-31,"SUB_ICB_LOC","70F","E38000265","NHS SUSSEX ICB - 70F",9546,15100.7,63.2,57,68.5,217043,4.4,4.3,4.5,274,4794,5.7,5.1,6.4,710,9751,7.3,6.8,7.8,7253,74.4,73.5,75.2
2025-03-31,"SUB_ICB_LOC","03W","E38000051","NHS LEICESTER, LEICESTERSHIRE AND RUTLAND ICB - 03W",3312,5518.5,60,53.7,65.4,82634,4,3.9,4.1,103,2005,5.1,4.3,6.2,369,3401,10.8,9.8,11.9,2703,79.5,78.1,80.8
2025-03-31,"SUB_ICB_LOC","02Y","E38000052","NHS HUMBER AND NORTH YORKSHIRE ICB - 02Y",3295,5615.7,58.7,52.7,63.8,86785,3.8,3.7,3.9,512,2518,20.3,18.8,22,248,3386,7.3,6.5,8.3,2543,75.1,73.6,76.5
2025-03-31,"SUB_ICB_LOC","05D","E38000053","NHS STAFFORDSHIRE AND STOKE-ON-TRENT ICB - 05D",1202,1960.9,61.3,54.4,67.4,30483,3.9,3.7,4.2,130,544,23.9,20.5,27.7,53,1239,4.3,3.3,5.6,889,71.8,69.2,74.2
2025-03-31,"SUB_ICB_LOC","11M","E38000062","NHS GLOUCESTERSHIRE ICB - 11M",6581,10084.2,65.3,58.7,70.9,152609,4.3,4.2,4.4,426,4161,10.2,9.4,11.2,627,6738,9.3,8.6,10,5178,76.8,75.8,77.8
2025-03-31,"SUB_ICB_LOC","01F","E38000068","NHS CHESHIRE AND MERSEYSIDE ICB - 01F",972,1467.8,66.2,58.2,73.2,25791,3.8,3.5,4,183,679,27,23.8,30.4,74,1014,7.3,5.9,9.1,790,77.9,75.3,80.4
2025-03-31,"SUB_ICB_LOC","06N","E38000079","NHS HERTFORDSHIRE AND WEST ESSEX ICB - 06N",4964,7821.8,63.5,57,69.1,115620,4.3,4.2,4.4,353,1117,31.6,28.9,34.4,474,5092,9.3,8.5,10.1,3827,75.2,74,76.3
2025-03-31,"SUB_ICB_LOC","01D","E38000080","NHS GREATER MANCHESTER ICB - 01D",1892,2390,79.2,70.2,86.5,40575,4.7,4.5,4.9,155,1723,9,7.7,10.4,148,1977,7.5,6.4,8.7,1524,77.1,75.2,78.9
2025-03-31,"SUB_ICB_LOC","03F","E38000085","NHS HUMBER AND NORTH YORKSHIRE ICB - 03F",2014,2910.8,69.2,61.5,75.8,49502,4.1,3.9,4.2,365,1907,19.1,17.4,21,237,2090,11.3,10.1,12.8,1442,69,67,70.9
2025-03-31,"SUB_ICB_LOC","06L","E38000086","NHS SUFFOLK AND NORTH EAST ESSEX ICB - 06L",3836,6473,59.3,53.2,64.4,96949,4,3.8,4.1,1058,2481,42.6,40.7,44.6,310,3939,7.9,7.1,8.8,3023,76.7,75.4,78
2025-03-31,"SUB_ICB_LOC","11N","E38000089","NHS CORNWALL AND THE ISLES OF SCILLY ICB - 11N",6144,9940.1,61.8,55.6,67.2,154694,4,3.9,4.1,371,2841,13.1,11.9,14.3,563,6265,9,8.3,9.7,4475,71.4,70.3,72.5
2025-03-31,"SUB_ICB_LOC","01J","E38000091","NHS CHESHIRE AND MERSEYSIDE ICB - 01J",1075,1698.4,63.3,55.6,70,29957,3.6,3.4,3.8,239,935,25.6,22.9,28.5,113,1121,10.1,8.5,12,828,73.9,71.2,76.4
2025-03-31,"SUB_ICB_LOC","04C","E38000097","NHS LEICESTER, LEICESTERSHIRE AND RUTLAND ICB - 04C",2349,3045.9,77.1,68.5,84.4,52423,4.5,4.3,4.7,38,3000,1.3,0.9,1.7,292,2462,11.9,10.6,13.2,1798,73,71.2,74.7
2025-03-31,"SUB_ICB_LOC","99A","E38000101","NHS CHESHIRE AND MERSEYSIDE ICB - 99A",3472,5088.1,68.2,60.9,74.6,87401,4,3.8,4.1,335,3013,11.1,10,12.3,413,3591,11.5,10.5,12.6,2743,76.4,75,77.7
2025-03-31,"SUB_ICB_LOC","06Q","E38000106","NHS MID AND SOUTH ESSEX ICB - 06Q",3670,5742.7,63.9,57.2,69.7,87035,4.2,4.1,4.4,272,1943,14,12.5,15.6,443,3767,11.8,10.8,12.8,2766,73.4,72,74.8
2025-03-31,"SUB_ICB_LOC","06T","E38000117","NHS SUFFOLK AND NORTH EAST ESSEX ICB - 06T",3763,5686.4,66.2,59.4,72.1,84745,4.4,4.3,4.6,295,1903,15.5,13.9,17.2,632,3910,16.2,15,17.4,3063,78.3,77,79.6
2025-03-31,"SUB_ICB_LOC","03H","E38000119","NHS HUMBER AND NORTH YORKSHIRE ICB - 03H",1646,2339.7,70.4,62.6,77.1,36786,4.5,4.3,4.7,334,1360,24.6,22.3,26.9,164,1738,9.4,8.1,10.9,1262,72.6,70.5,74.7
2025-03-31,"SUB_ICB_LOC","03K","E38000122","NHS HUMBER AND NORTH YORKSHIRE ICB - 03K",1787,2586.9,69.1,61.5,75.8,41184,4.3,4.1,4.5,255,1728,14.8,13.2,16.5,117,1879,6.2,5.2,7.4,1350,71.8,69.8,73.8
2025-03-31,"SUB_ICB_LOC","05G","E38000126","NHS STAFFORDSHIRE AND STOKE-ON-TRENT ICB - 05G",2586,3527,73.3,65.6,80.1,53854,4.8,4.6,5,227,2070,11,9.7,12.4,280,2628,10.7,9.5,11.9,2008,76.4,74.7,78
2025-03-31,"SUB_ICB_LOC","99C","E38000127","NHS NORTH EAST AND NORTH CUMBRIA ICB - 99C",2136,2996.2,71.3,63.6,78.1,48149,4.4,4.3,4.6,105,2027,5.2,4.3,6.2,159,2198,7.2,6.2,8.4,1642,74.7,72.8,76.5
2025-03-31,"SUB_ICB_LOC","00L","E38000130","NHS NORTH EAST AND NORTH CUMBRIA ICB - 00L",3588,5616.4,63.9,57.1,69.6,90791,4,3.8,4.1,339,2450,13.8,12.5,15.3,215,3698,5.8,5.1,6.6,2835,76.7,75.3,78
2025-03-31,"SUB_ICB_LOC","00Y","E38000135","NHS GREATER MANCHESTER ICB - 00Y",1897,2549.1,74.4,66.1,81.6,41733,4.5,4.3,4.7,200,1769,11.3,9.9,12.9,111,1979,5.6,4.7,6.7,1565,79.1,77.2,80.8
2025-03-31,"SUB_ICB_LOC","10Q","E38000136","NHS BUCKINGHAMSHIRE, OXFORDSHIRE AND BERKSHIRE WEST ICB - 10Q",6178,9757.1,63.3,56.9,68.7,145047,4.3,4.2,4.4,203,1564,13,11.4,14.7,525,6307,8.3,7.7,9,4803,76.2,75.1,77.2
2025-03-31,"SUB_ICB_LOC","10R","E38000137","NHS HAMPSHIRE AND ISLE OF WIGHT ICB - 10R",1576,2213,71.2,63.3,78.2,35070,4.5,4.3,4.7,19,1384,1.4,0.9,2.1,186,1627,11.4,10,13.1,1131,69.5,67.2,71.7
2025-03-31,"SUB_ICB_LOC","03L","E38000141","NHS SOUTH YORKSHIRE ICB - 03L",2975,3324.4,89.5,80.2,97.7,52656,5.6,5.5,5.9,374,1912,19.6,17.8,21.4,181,3092,5.9,5.1,6.7,2433,78.7,77.2,80.1
2025-03-31,"SUB_ICB_LOC","01G","E38000143","NHS GREATER MANCHESTER ICB - 01G",1939,2422.4,80,71.5,87.7,39948,4.9,4.6,5.1,185,882,21,18.4,23.8,125,2004,6.2,5.3,7.4,1589,79.3,77.5,81
2025-03-31,"SUB_ICB_LOC","03N","E38000146","NHS SOUTH YORKSHIRE ICB - 03N",4640,6393.7,72.6,65.2,79.1,98002,4.7,4.6,4.9,293,2438,12,10.8,13.4,464,4815,9.6,8.8,10.5,3719,77.2,76,78.4
2025-03-31,"SUB_ICB_LOC","11X","E38000150","NHS SOMERSET ICB - 11X",5529,10094,54.8,49.2,59.6,151910,3.6,3.5,3.7,171,1175,14.6,12.7,16.7,423,5669,7.5,6.8,8.2,4162,73.4,72.3,74.6
2025-03-31,"SUB_ICB_LOC","05Q","E38000153","NHS STAFFORDSHIRE AND STOKE-ON-TRENT ICB - 05Q",2157,3250.6,66.4,59.1,72.4,49902,4.3,4.1,4.5,173,975,17.7,15.5,20.3,96,2211,4.3,3.6,5.3,1677,75.8,74,77.6
2025-03-31,"SUB_ICB_LOC","01T","E38000161","NHS CHESHIRE AND MERSEYSIDE ICB - 01T",1225,2053.2,59.7,52.8,65.6,32896,3.7,3.5,3.9,287,2487,11.5,10.3,12.9,109,1250,8.7,7.3,10.4,955,76.4,74,78.7
2025-03-31,"SUB_ICB_LOC","00N","E38000163","NHS NORTH EAST AND NORTH CUMBRIA ICB - 00N",1484,2054,72.3,64,79.4,33511,4.4,4.2,4.7,139,972,14.3,12.2,16.6,101,1528,6.6,5.5,8,1151,75.3,73.1,77.4
2025-03-31,"SUB_ICB_LOC","99G","E38000168","NHS MID AND SOUTH ESSEX ICB - 99G",2066,2488,83,74.1,90.9,36931,5.6,5.4,5.8,167,632,26.4,23.1,30,183,2137,8.6,7.5,9.8,1763,82.5,80.8,84.1
2025-03-31,"SUB_ICB_LOC","01V","E38000170","NHS CHESHIRE AND MERSEYSIDE ICB - 01V",1834,2427,75.6,67.7,82.6,34763,5.3,5,5.5,394,3051,12.9,11.8,14.2,182,1877,9.7,8.4,11.1,1488,79.3,77.4,81
2025-03-31,"SUB_ICB_LOC","01X","E38000172","NHS CHESHIRE AND MERSEYSIDE ICB - 01X",1762,2639.2,66.8,59.5,73.1,41946,4.2,4,4.4,170,1212,14,12.2,16.1,134,1823,7.4,6.2,8.6,1378,75.6,73.6,77.5
2025-03-31,"SUB_ICB_LOC","05V","E38000173","NHS STAFFORDSHIRE AND STOKE-ON-TRENT ICB - 05V",1466,2411.6,60.8,54,66.7,36500,4,3.8,4.2,144,989,14.6,12.5,16.9,77,1494,5.2,4.1,6.4,1120,75,72.7,77.1
2025-03-31,"SUB_ICB_LOC","01W","E38000174","NHS GREATER MANCHESTER ICB - 01W",3285,4278.4,76.8,68.9,83.7,64104,5.1,5,5.3,108,1205,9,7.5,10.7,217,3368,6.4,5.7,7.3,2778,82.5,81.2,83.7
2025-03-31,"SUB_ICB_LOC","05W","E38000175","NHS STAFFORDSHIRE AND STOKE-ON-TRENT ICB - 05W",3080,3289.1,93.6,84,102.5,51875,5.9,5.7,6.1,212,2407,8.8,7.7,10,277,3167,8.7,7.8,9.8,2429,76.7,75.2,78.1
2025-03-31,"SUB_ICB_LOC","00P","E38000176","NHS NORTH EAST AND NORTH CUMBRIA ICB - 00P",2462,3675.5,67,59.7,73.1,59826,4.1,4,4.3,211,1229,17.2,15.2,19.4,252,2536,9.9,8.8,11.2,1900,74.9,73.2,76.6
2025-03-31,"SUB_ICB_LOC","07G","E38000185","NHS MID AND SOUTH ESSEX ICB - 07G",1071,1604.6,66.7,59,73.6,26090,4.1,3.9,4.4,104,883,11.8,9.8,14.1,138,1113,12.4,10.6,14.5,933,83.8,81.5,85.9
2025-03-31,"SUB_ICB_LOC","02A","E38000187","NHS GREATER MANCHESTER ICB - 02A",1941,2911.2,66.7,59.5,73,44074,4.4,4.2,4.6,206,921,22.4,19.8,25.2,111,1993,5.6,4.6,6.7,1456,73.1,71.1,75
2025-03-31,"SUB_ICB_LOC","03Q","E38000188","NHS HUMBER AND NORTH YORKSHIRE ICB - 03Q",1780,3289.4,54.1,48.3,59.3,49067,3.6,3.5,3.8,130,2074,6.3,5.3,7.4,89,1826,4.9,4,6,1424,78,76,79.8
2025-03-31,"SUB_ICB_LOC","03R","E38000190","NHS WEST YORKSHIRE ICB - 03R",2983,4513.1,66.1,59.1,72.1,73671,4,3.9,4.2,656,2753,23.8,22.3,25.5,315,3117,10.1,9.1,11.2,2487,79.8,78.3,81.2
2025-03-31,"SUB_ICB_LOC","02E","E38000194","NHS CHESHIRE AND MERSEYSIDE ICB - 02E",2034,2804.1,72.5,64.7,79.4,44110,4.6,4.4,4.8,186,2037,9.1,8,10.5,266,2090,12.7,11.4,14.2,1591,76.1,74.2,77.9
2025-03-31,"SUB_ICB_LOC","07H","E38000197","NHS HERTFORDSHIRE AND WEST ESSEX ICB - 07H",3047,4138.9,73.6,66,80.4,61765,4.9,4.8,5.1,80,1309,6.1,4.9,7.5,221,3130,7.1,6.2,8,2220,70.9,69.3,72.5
2025-03-31,"SUB_ICB_LOC","02G","E38000200","NHS LANCASHIRE AND SOUTH CUMBRIA ICB - 02G",1144,1714.3,66.7,59.2,73.5,26567,4.3,4.1,4.6,45,565,8,6,10.5,84,1174,7.2,5.8,8.8,860,73.3,70.6,75.7
2025-03-31,"SUB_ICB_LOC","04V","E38000201","NHS LEICESTER, LEICESTERSHIRE AND RUTLAND ICB - 04V",3331,5375.8,62,55.4,67.5,84882,3.9,3.8,4.1,200,1688,11.8,10.4,13.5,289,3415,8.5,7.6,9.4,2481,72.7,71.1,74.1
2025-03-31,"SUB_ICB_LOC","07K","E38000204","NHS SUFFOLK AND NORTH EAST ESSEX ICB - 07K",2335,4401.4,53.1,47.4,57.9,66250,3.5,3.4,3.7,396,987,40.1,37.1,43.2,262,2384,11,9.8,12.3,1797,75.4,73.6,77.1
2025-03-31,"SUB_ICB_LOC","02H","E38000205","NHS GREATER MANCHESTER ICB - 02H",2987,4103,72.8,64.9,79.7,67334,4.4,4.3,4.6,256,4622,5.5,4.9,6.2,137,3069,4.5,3.8,5.3,2363,77,75.5,78.5
2025-03-31,"SUB_ICB_LOC","12F","E38000208","NHS CHESHIRE AND MERSEYSIDE ICB - 12F",3277,4929.3,66.5,59.6,72.4,76494,4.3,4.1,4.4,123,643,19.1,16.3,22.3,460,3386,13.6,12.5,14.8,2573,76,74.5,77.4
2025-03-31,"SUB_ICB_LOC","13T","E38000212","NHS NORTH EAST AND NORTH CUMBRIA ICB - 13T",4087,5632.3,72.6,65,79.4,88561,4.6,4.5,4.8,201,3136,6.4,5.6,7.3,354,4236,8.4,7.6,9.2,3197,75.5,74.2,76.7
2025-03-31,"SUB_ICB_LOC","01H","E38000215","NHS NORTH EAST AND NORTH CUMBRIA ICB - 01H",2939,5182.3,56.7,50.7,61.9,82100,3.6,3.5,3.7,440,1176,37.4,34.7,40.2,280,3046,9.2,8.2,10.3,2326,76.4,74.8,77.8
2025-03-31,"SUB_ICB_LOC","14L","E38000217","NHS GREATER MANCHESTER ICB - 14L",2850,3796.5,75.1,66.6,82.2,68158,4.2,4,4.3,118,2449,4.8,4,5.7,240,2983,8,7.1,9.1,2316,77.6,76.1,79.1
2025-03-31,"SUB_ICB_LOC","15A","E38000221","NHS BUCKINGHAMSHIRE, OXFORDSHIRE AND BERKSHIRE WEST ICB - 15A",3998,6153.2,65,58.1,70.8,94893,4.2,4.1,4.3,420,1453,28.9,26.6,31.3,356,4105,8.7,7.8,9.6,3136,76.4,75.1,77.7
2025-03-31,"SUB_ICB_LOC","15C","E38000222","NHS BRISTOL, NORTH SOMERSET AND SOUTH GLOUCESTERSHIRE ICB - 15C",8461,12041.7,70.3,63.2,76.3,180230,4.7,4.6,4.8,80,1886,4.2,3.4,5.2,669,8697,7.7,7.2,8.3,6895,79.3,78.4,80.1
2025-03-31,"SUB_ICB_LOC","14Y","E38000223","NHS BUCKINGHAMSHIRE, OXFORDSHIRE AND BERKSHIRE WEST ICB - 14Y",4441,7678.4,57.8,51.9,63,113704,3.9,3.8,4,279,2043,13.7,12.2,15.2,372,4522,8.2,7.5,9.1,3437,76,74.7,77.2
2025-03-31,"SUB_ICB_LOC","15F","E38000225","NHS WEST YORKSHIRE ICB - 15F",6657,9021.3,73.8,66.3,80.2,140100,4.8,4.6,4.9,1194,3926,30.4,29,31.9,412,6862,6,5.5,6.6,5544,80.8,79.8,81.7
2025-03-31,"SUB_ICB_LOC","02M","E38000226","NHS LANCASHIRE AND SOUTH CUMBRIA ICB - 02M",2349,3595.1,65.3,58.4,71.3,54027,4.3,4.2,4.5,57,983,5.8,4.5,7.4,134,2405,5.6,4.7,6.6,1833,76.2,74.5,77.9
2025-03-31,"SUB_ICB_LOC","01E","E38000227","NHS LANCASHIRE AND SOUTH CUMBRIA ICB - 01E",1788,2365,75.6,67.3,83,37780,4.7,4.5,5,65,1081,6,4.7,7.6,137,1836,7.5,6.3,8.8,1492,81.3,79.4,83
2025-03-31,"SUB_ICB_LOC","01K","E38000228","NHS LANCASHIRE AND SOUTH CUMBRIA ICB - 01K",3697,5359.8,69,61.8,75.2,82735,4.5,4.3,4.6,123,1110,11.1,9.4,13.1,263,3815,6.9,6.1,7.7,2770,72.6,71.2,74
2025-03-31,"SUB_ICB_LOC","92G","E38000231","NHS BATH AND NORTH EAST SOMERSET, SWINDON AND WILTSHIRE ICB - 92G",8580,13924.3,61.6,55.7,66.8,210990,4.1,4,4.2,700,5498,12.7,11.9,13.6,621,8807,7.1,6.5,7.6,6692,76,75.1,76.9
2025-03-31,"SUB_ICB_LOC","36J","E38000232","NHS WEST YORKSHIRE ICB - 36J",4891,6713.1,72.9,65.3,79.3,106545,4.6,4.5,4.7,684,3314,20.6,19.3,22.1,708,5051,14,13.1,15,3812,75.5,74.3,76.6
2025-03-31,"SUB_ICB_LOC","27D","E38000233","NHS CHESHIRE AND MERSEYSIDE ICB - 27D",7992,11846.7,67.5,60.6,73.4,180116,4.4,4.3,4.5,382,2888,13.2,12,14.5,850,8223,10.3,9.7,11,6400,77.8,76.9,78.7
2025-03-31,"SUB_ICB_LOC","84H","E38000234","NHS NORTH EAST AND NORTH CUMBRIA ICB - 84H",5346,7480.8,71.5,64.1,77.8,122659,4.4,4.2,4.5,592,2986,19.8,18.4,21.3,354,5575,6.3,5.7,7,4223,75.7,74.6,76.9
2025-03-31,"SUB_ICB_LOC","97R","E38000235","NHS SUSSEX ICB - 97R",6285,10271,61.2,55.1,66.6,149824,4.2,4.1,4.3,314,4664,6.7,6,7.5,721,6433,11.2,10.5,12,4935,76.7,75.7,77.7
2025-03-31,"SUB_ICB_LOC","18C","E38000236","NHS HEREFORDSHIRE AND WORCESTERSHIRE ICB - 18C",7215,13043.3,55.3,49.7,60.1,198590,3.6,3.6,3.7,274,3638,7.5,6.7,8.4,782,7427,10.5,9.9,11.2,5773,77.7,76.8,78.7
2025-03-31,"SUB_ICB_LOC","91Q","E38000237","NHS KENT AND MEDWAY ICB - 91Q",15816,25977.3,60.9,54.8,66,397616,4,3.9,4,789,6218,12.7,11.9,13.5,1403,16298,8.6,8.2,9,12230,75,74.4,75.7
2025-03-31,"SUB_ICB_LOC","71E","E38000238","NHS LINCOLNSHIRE ICB - 71E",8640,12676.3,68.2,61.2,74,196517,4.4,4.3,4.5,1091,5934,18.4,17.4,19.4,756,8945,8.5,7.9,9,6642,74.3,73.3,75.1
2025-03-31,"SUB_ICB_LOC","26A","E38000239","NHS NORFOLK AND WAVENEY ICB - 26A",11322,18225.2,62.1,55.9,67.5,271739,4.2,4.1,4.2,1037,5505,18.8,17.8,19.9,1369,11626,11.8,11.2,12.4,8688,74.7,73.9,75.5
2025-03-31,"SUB_ICB_LOC","93C","E38000240","NHS NORTH CENTRAL LONDON ICB - 93C",8930,13279.2,67.2,60.3,73,212875,4.2,4.1,4.3,395,3176,12.4,11.3,13.6,815,9188,8.9,8.3,9.5,7137,77.7,76.8,78.5
2025-03-31,"SUB_ICB_LOC","42D","E38000241","NHS HUMBER AND NORTH YORKSHIRE ICB - 42D",5713,9561.1,59.8,53.7,65,146715,3.9,3.8,4,660,4148,15.9,14.8,17.1,309,5838,5.3,4.7,5.9,4503,77.1,76,78.2
2025-03-31,"SUB_ICB_LOC","52R","E38000243","NHS NOTTINGHAM AND NOTTINGHAMSHIRE ICB - 52R",9053,13058.5,69.3,62.3,75.2,203104,4.5,4.4,4.5,355,4600,7.7,7,8.5,873,9434,9.3,8.7,9.9,7023,74.4,73.6,75.3
2025-03-31,"SUB_ICB_LOC","72Q","E38000244","NHS SOUTH EAST LONDON ICB - 72Q",10831,15449.3,70.1,63,76.3,251351,4.3,4.2,4.4,1094,7165,15.3,14.5,16.1,908,11244,8.1,7.6,8.6,8307,73.9,73.1,74.7
2025-03-31,"SUB_ICB_LOC","36L","E38000245","NHS SOUTH WEST LONDON ICB - 36L",10709,14566.3,73.5,66,79.8,230787,4.6,4.6,4.7,571,3735,15.3,14.2,16.5,1066,11094,9.6,9.1,10.2,8672,78.2,77.4,78.9
2025-03-31,"SUB_ICB_LOC","16C","E38000247","NHS NORTH EAST AND NORTH CUMBRIA ICB - 16C",6503,8793.8,73.9,66.2,80.4,142643,4.6,4.5,4.7,983,3783,26,24.6,27.4,374,6747,5.5,5,6.1,5220,77.4,76.4,78.4
2025-03-31,"SUB_ICB_LOC","M1J4Y","E38000249","NHS BEDFORDSHIRE, LUTON AND MILTON KEYNES ICB - M1J4Y",7394,10663.7,69.3,62.2,75.3,171089,4.3,4.2,4.4,717,5172,13.9,12.9,14.8,767,7676,10,9.3,10.7,5765,75.1,74.1,76.1
2025-03-31,"SUB_ICB_LOC","B2M3M","E38000251","NHS COVENTRY AND WARWICKSHIRE ICB - B2M3M",7462,12646,59,53.1,64.3,191741,3.9,3.8,4,532,4588,11.6,10.7,12.6,856,7703,11.1,10.4,11.8,5737,74.5,73.5,75.4
2025-03-31,"SUB_ICB_LOC","D4U1Y","E38000252","NHS FRIMLEY ICB - D4U1Y",6081,9055.9,67.1,60.4,73.1,137111,4.4,4.3,4.5,512,2554,20,18.5,21.6,517,6216,8.3,7.7,9,4805,77.3,76.2,78.3
2025-03-31,"SUB_ICB_LOC","D9Y0V","E38000253","NHS HAMPSHIRE AND ISLE OF WIGHT ICB - D9Y0V",15998,25422.6,62.9,56.7,68.3,377235,4.2,4.2,4.3,576,7833,7.4,6.8,8,1712,16370,10.5,10,10.9,12396,75.7,75.1,76.4
2025-03-31,"SUB_ICB_LOC","X2C4Y","E38000254","NHS WEST YORKSHIRE ICB - X2C4Y",3276,5036.7,65,58.3,70.9,80589,4.1,3.9,4.2,467,3861,12.1,11.1,13.2,318,3416,9.3,8.4,10.3,2700,79,77.6,80.4
2025-03-31,"SUB_ICB_LOC","A3A8R","E38000255","NHS NORTH EAST LONDON ICB - A3A8R",8421,13674.7,61.6,55,67,232439,3.6,3.5,3.7,764,7638,10,9.3,10.7,800,8814,9.1,8.5,9.7,7000,79.4,78.6,80.3
2025-03-31,"SUB_ICB_LOC","W2U3Z","E38000256","NHS NORTH WEST LONDON ICB - W2U3Z",12893,19877.5,64.9,58.2,70.3,326829,3.9,3.9,4,1475,12089,12.2,11.6,12.8,1169,13411,8.7,8.3,9.2,10189,76,75.2,76.7
2025-03-31,"SUB_ICB_LOC","M2L0M","E38000257","NHS SHROPSHIRE, TELFORD AND WREKIN ICB - M2L0M",5023,7986,62.9,56.4,68.6,123167,4.1,4,4.2,195,1466,13.3,11.7,15.1,362,5160,7,6.4,7.7,3667,71.1,69.8,72.3
2025-03-31,"SUB_ICB_LOC","D2P2L","E38000259","NHS BLACK COUNTRY ICB - D2P2L",9602,14578.8,65.9,59.2,71.4,222472,4.3,4.2,4.4,628,7994,7.9,7.3,8.5,1006,9997,10.1,9.5,10.7,5945,59.5,58.5,60.4
2025-03-31,"ICB","QE1","E54000048","NHS LANCASHIRE AND SOUTH CUMBRIA INTEGRATED CARE BOARD",16368,23933.4,68.4,61.4,74.3,378639,4.3,4.3,4.4,785,9629,8.2,7.6,8.7,1131,16894,6.7,6.3,7.1,12924,76.5,75.9,77.1
2025-03-31,"ICB","QHM","E54000050","NHS NORTH EAST AND NORTH CUMBRIA INTEGRATED CARE BOARD",28545,41431.3,68.9,61.9,74.7,668240,4.3,4.2,4.3,3010,17759,16.9,16.4,17.5,2089,29564,7.1,6.8,7.4,22494,76.1,75.6,76.6
2025-03-31,"ICB","QOQ","E54000051","NHS HUMBER AND NORTH YORKSHIRE INTEGRATED CARE BOARD",16235,26303.5,61.7,55.6,67,410039,4,3.9,4,2256,13735,16.4,15.8,17.1,1164,16757,6.9,6.6,7.3,12524,74.7,74.1,75.4
2025-03-31,"ICB","QWO","E54000054","NHS WEST YORKSHIRE INTEGRATED CARE BOARD",19603,27939.1,70.2,63.1,76.2,444425,4.4,4.4,4.5,3189,15926,20,19.4,20.7,1895,20310,9.3,8.9,9.7,15975,78.7,78.1,79.2
2025-03-31,"ICB","QHL","E54000055","NHS BIRMINGHAM AND SOLIHULL INTEGRATED CARE BOARD",9190,14681.7,62.6,56.3,68,224480,4.1,4,4.2,638,4983,12.8,11.9,13.8,1012,9516,10.6,10,11.3,6997,73.5,72.6,74.4
2025-03-31,"ICB","QUE","E54000056","NHS CAMBRIDGESHIRE AND PETERBOROUGH INTEGRATED CARE BOARD",6805,11223,60.6,54.5,65.9,172608,3.9,3.9,4,584,3455,16.9,15.7,18.2,645,7007,9.2,8.6,9.9,5285,75.4,74.4,76.4
2025-03-31,"ICB","QOP","E54000057","NHS GREATER MANCHESTER INTEGRATED CARE BOARD",22752,30595.3,74.4,66.8,80.7,498514,4.6,4.5,4.6,1625,16642,9.8,9.3,10.2,1585,23575,6.7,6.4,7,18455,78.3,77.8,78.8
2025-03-31,"ICB","QJ2","E54000058","NHS DERBY AND DERBYSHIRE INTEGRATED CARE BOARD",10393,15102.3,68.8,61.9,74.8,236813,4.4,4.3,4.5,1502,4560,32.9,31.6,34.3,1047,10835,9.7,9.1,10.2,8211,75.8,75,76.6
2025-03-31,"ICB","QT1","E54000060","NHS NOTTINGHAM AND NOTTINGHAMSHIRE INTEGRATED CARE BOARD",10400,14839.4,70.1,63,76.1,231172,4.5,4.4,4.6,466,5348,8.7,8,9.5,998,10825,9.2,8.7,9.8,8117,75,74.2,75.8
2025-03-31,"ICB","QUA","E54000062","NHS BLACK COUNTRY INTEGRATED CARE BOARD",9602,14578.8,65.9,59.2,71.4,222472,4.3,4.2,4.4,628,7994,7.9,7.3,8.5,1006,9997,10.1,9.5,10.7,5945,59.5,58.5,60.4
2025-03-31,"ICB","QXU","E54000063","NHS SURREY HEARTLANDS ICB",10232,15165.5,67.5,60.7,73.3,216720,4.7,4.6,4.8,254,2439,10.4,9.3,11.7,1051,10436,10.1,9.5,10.7,7967,76.3,75.5,77.1
2025-03-31,"NHS_REGION","Y59","E40000005","SOUTH EAST",81984,129693.3,63.2,57,68.5,1929777,4.2,4.2,4.3,3780,35711,10.6,10.3,10.9,7691,83954,9.2,9,9.4,63519,75.7,75.4,75.9
2025-03-31,"NHS_REGION","Y58","E40000006","SOUTH WEST",55921,91288.1,61.3,55.2,66.4,1370860,4.1,4,4.1,3245,28635,11.3,11,11.7,4629,57315,8.1,7.9,8.3,43349,75.6,75.3,76
2025-03-31,"NHS_REGION","Y63","E40000012","NORTH EAST AND YORKSHIRE",76963,112369.7,68.5,61.8,74.2,1787249,4.3,4.3,4.3,9556,56342,17,16.7,17.3,6053,79694,7.6,7.4,7.8,60987,76.5,76.2,76.8
2025-03-31,"NHS_REGION","Y61","E40000013","EAST OF ENGLAND",59297,92599.6,64,57.8,69.3,1399254,4.2,4.2,4.3,5876,30719,19.1,18.7,19.6,6176,61053,10.1,9.9,10.4,46079,75.5,75.1,75.8
2025-03-31,"NHS_REGION","Y62","E40000014","NORTH WEST",62763,89482.4,70.1,63.1,76.2,1430627,4.4,4.4,4.4,4709,43216,10.9,10.6,11.2,5317,64844,8.2,8,8.4,50125,77.3,77,77.6
2025-03-31,"ICB","QNC","E54000010","NHS STAFFORDSHIRE AND STOKE-ON-TRENT INTEGRATED CARE BOARD",11907,16307,73,65.6,79.4,251919,4.7,4.6,4.8,1056,7633,13.8,13.1,14.6,929,12197,7.6,7.2,8.1,9256,75.9,75.1,76.6
2025-03-31,"ICB","QOC","E54000011","NHS SHROPSHIRE, TELFORD AND WREKIN INTEGRATED CARE BOARD",5023,7986,62.9,56.4,68.6,123167,4.1,4,4.2,195,1466,13.3,11.7,15.1,362,5160,7,6.4,7.7,3667,71.1,69.8,72.3
2025-03-31,"ICB","QJM","E54000013","NHS LINCOLNSHIRE INTEGRATED CARE BOARD",8640,12676.3,68.2,61.2,74,196517,4.4,4.3,4.5,1091,5934,18.4,17.4,19.4,756,8945,8.5,7.9,9,6642,74.3,73.3,75.1
2025-03-31,"ICB","QK1","E54000015","NHS LEICESTER, LEICESTERSHIRE AND RUTLAND INTEGRATED CARE BOARD",8992,13940.2,64.5,58,70,219939,4.1,4,4.2,341,6693,5.1,4.6,5.6,950,9278,10.2,9.6,10.9,6982,75.3,74.4,76.1
2025-03-31,"ICB","QWU","E54000018","NHS COVENTRY AND WARWICKSHIRE INTEGRATED CARE BOARD",7462,12646,59,53.1,64.3,191741,3.9,3.8,4,532,4588,11.6,10.7,12.6,856,7703,11.1,10.4,11.8,5737,74.5,73.5,75.4
2025-03-31,"ICB","QGH","E54000019","NHS HEREFORDSHIRE AND WORCESTERSHIRE INTEGRATED CARE BOARD",7215,13043.3,55.3,49.7,60.1,198590,3.6,3.6,3.7,274,3638,7.5,6.7,8.4,782,7427,10.5,9.9,11.2,5773,77.7,76.8,78.7
2025-03-31,"ICB","QMM","E54000022","NHS NORFOLK AND WAVENEY INTEGRATED CARE BOARD",11322,18225.2,62.1,55.9,67.5,271739,4.2,4.1,4.2,1037,5505,18.8,17.8,19.9,1369,11626,11.8,11.2,12.4,8688,74.7,73.9,75.5
2025-03-31,"ICB","QJG","E54000023","NHS SUFFOLK AND NORTH EAST ESSEX INTEGRATED CARE BOARD",9934,16560.9,60,54.1,65.3,247944,4,3.9,4.1,1749,5371,32.6,31.3,33.8,1204,10233,11.8,11.2,12.4,7883,77,76.2,77.8
2025-03-31,"ICB","QHG","E54000024","NHS BEDFORDSHIRE, LUTON AND MILTON KEYNES INTEGRATED CARE BOARD",7394,10663.7,69.3,62.2,75.3,171089,4.3,4.2,4.4,717,5172,13.9,12.9,14.8,767,7676,10,9.3,10.7,5765,75.1,74.1,76.1
2025-03-31,"ICB","QM7","E54000025","NHS HERTFORDSHIRE AND WEST ESSEX INTEGRATED CARE BOARD",12699,19468.9,65.2,58.8,70.8,288102,4.4,4.3,4.5,699,5423,12.9,12,13.8,1065,13031,8.2,7.7,8.7,9631,73.9,73.1,74.7
2025-03-31,"ICB","QH8","E54000026","NHS MID AND SOUTH ESSEX INTEGRATED CARE BOARD",11143,16458,67.7,60.8,73.5,247772,4.5,4.4,4.6,1090,5793,18.8,17.8,19.8,1126,11480,9.8,9.3,10.4,8827,76.9,76.1,77.7
2025-03-31,"ICB","QRV","E54000027","NHS NORTH WEST LONDON INTEGRATED CARE BOARD",12893,19877.5,64.9,58.2,70.3,326829,3.9,3.9,4,1475,12089,12.2,11.6,12.8,1169,13411,8.7,8.3,9.2,10189,76,75.2,76.7
2025-03-31,"ICB","QMJ","E54000028","NHS NORTH CENTRAL LONDON INTEGRATED CARE BOARD",8930,13279.2,67.2,60.3,73,212875,4.2,4.1,4.3,395,3176,12.4,11.3,13.6,815,9188,8.9,8.3,9.5,7137,77.7,76.8,78.5
2025-03-31,"ICB","QF7","E54000061","NHS SOUTH YORKSHIRE INTEGRATED CARE BOARD",12580,16695.8,75.3,67.8,81.9,264545,4.8,4.7,4.8,1101,8922,12.3,11.7,13,905,13063,6.9,6.5,7.4,9994,76.5,75.8,77.2
2025-03-31,"ICB","QMF","E54000029","NHS NORTH EAST LONDON INTEGRATED CARE BOARD",8421,13674.7,61.6,55,67,232439,3.6,3.5,3.7,764,7638,10,9.3,10.7,800,8814,9.1,8.5,9.7,7000,79.4,78.6,80.3
2025-03-31,"ICB","QKK","E54000030","NHS SOUTH EAST LONDON INTEGRATED CARE BOARD",10831,15449.3,70.1,63,76.3,251351,4.3,4.2,4.4,1094,7165,15.3,14.5,16.1,908,11244,8.1,7.6,8.6,8307,73.9,73.1,74.7
2025-03-31,"ICB","QWE","E54000031","NHS SOUTH WEST LONDON INTEGRATED CARE BOARD",10709,14566.3,73.5,66,79.8,230787,4.6,4.6,4.7,571,3735,15.3,14.2,16.5,1066,11094,9.6,9.1,10.2,8672,78.2,77.4,78.9
2025-03-31,"ICB","QKS","E54000032","NHS KENT AND MEDWAY INTEGRATED CARE BOARD",15816,25977.3,60.9,54.8,66,397616,4,3.9,4,789,6218,12.7,11.9,13.5,1403,16298,8.6,8.2,9,12230,75,74.4,75.7
2025-03-31,"ICB","QNQ","E54000034","NHS FRIMLEY INTEGRATED CARE BOARD",6081,9055.9,67.1,60.4,73.1,137111,4.4,4.3,4.5,512,2554,20,18.5,21.6,517,6216,8.3,7.7,9,4805,77.3,76.2,78.3
2025-03-31,"ICB","QT6","E54000036","NHS CORNWALL AND THE ISLES OF SCILLY INTEGRATED CARE BOARD",6144,9940.1,61.8,55.6,67.2,154694,4,3.9,4.1,371,2841,13.1,11.9,14.3,563,6265,9,8.3,9.7,4475,71.4,70.3,72.5
2025-03-31,"ICB","QJK","E54000037","NHS DEVON INTEGRATED CARE BOARD",12155,20642.9,58.9,53,63.9,310071,3.9,3.9,4,1186,6189,19.2,18.2,20.2,1083,12453,8.7,8.2,9.2,9272,74.5,73.7,75.2
2025-03-31,"ICB","QSL","E54000038","NHS SOMERSET INTEGRATED CARE BOARD",5529,10094,54.8,49.2,59.6,151910,3.6,3.5,3.7,171,1175,14.6,12.7,16.7,423,5669,7.5,6.8,8.2,4162,73.4,72.3,74.6
2025-03-31,"ICB","QUY","E54000039","NHS BRISTOL, NORTH SOMERSET AND SOUTH GLOUCESTERSHIRE INTEGRATED CARE BOARD",8461,12041.7,70.3,63.2,76.3,180230,4.7,4.6,4.8,80,1886,4.2,3.4,5.2,669,8697,7.7,7.2,8.3,6895,79.3,78.4,80.1
2025-03-31,"ICB","QOX","E54000040","NHS BATH AND NORTH EAST SOMERSET, SWINDON AND WILTSHIRE INTEGRATED CARE BOARD",8580,13924.3,61.6,55.7,66.8,210990,4.1,4,4.2,700,5498,12.7,11.9,13.6,621,8807,7.1,6.5,7.6,6692,76,75.1,76.9
2025-03-31,"ICB","QVV","E54000041","NHS DORSET INTEGRATED CARE BOARD",8471,14560.8,58.2,52.5,63.2,210356,4,3.9,4.1,311,6885,4.5,4.1,5,643,8686,7.4,6.9,8,6675,76.8,75.9,77.7
2025-03-31,"ICB","QRL","E54000042","NHS HAMPSHIRE AND ISLE OF WIGHT INTEGRATED CARE BOARD",17574,27635.5,63.6,57.2,68.9,412305,4.3,4.2,4.3,595,9217,6.5,6,7,1898,17997,10.5,10.1,11,13527,75.2,74.5,75.8
2025-03-31,"ICB","QR1","E54000043","NHS GLOUCESTERSHIRE INTEGRATED CARE BOARD",6581,10084.2,65.3,58.7,70.9,152609,4.3,4.2,4.4,426,4161,10.2,9.4,11.2,627,6738,9.3,8.6,10,5178,76.8,75.8,77.8
2025-03-31,"ICB","QU9","E54000044","NHS BUCKINGHAMSHIRE, OXFORDSHIRE AND BERKSHIRE WEST INTEGRATED CARE BOARD",14617,23588.7,62,55.8,67.2,353644,4.1,4.1,4.2,902,5060,17.8,16.8,18.9,1253,14934,8.4,8,8.8,11376,76.2,75.5,76.9
2025-03-31,"ICB","QNX","E54000064","NHS SUSSEX ICB",17664,28270.4,62.5,56.4,68,412381,4.3,4.2,4.3,728,10223,7.1,6.6,7.6,1569,18073,8.7,8.3,9.1,13614,75.3,74.7,76
2025-03-31,"NHS_REGION","Y56","E40000003","LONDON",51784,76847,67.4,60.4,73.1,1254281,4.1,4.1,4.2,4299,33803,12.7,12.4,13.1,4758,53751,8.9,8.6,9.1,41305,76.8,76.5,77.2
2025-03-31,"NHS_REGION","Y60","E40000011","MIDLANDS",94899,144921.2,65.5,59.1,71,2242810,4.2,4.2,4.3,7087,57646,12.3,12,12.6,9323,98118,9.5,9.3,9.7,71858,73.2,73,73.5
2025-03-31,"COUNTRY","ENG","E92000001","ENGLAND",483611,737201.4,65.6,59.2,71.1,11414858,4.2,4.2,4.2,38552,286072,13.5,13.4,13.6,43947,498729,8.8,8.7,8.9,377222,75.6,75.5,75.8
2025-04-30,"SUB_ICB_LOC","03Q","E38000188","NHS HUMBER AND NORTH YORKSHIRE ICB - 03Q",1776,3296.8,53.9,48,58.9,49144,3.6,3.5,3.8,7,187,3.7,1.8,7.5,95,1824,5.2,4.3,6.3,1406,77.1,75.1,79
2025-04-30,"SUB_ICB_LOC","03R","E38000190","NHS WEST YORKSHIRE ICB - 03R",2995,4521.3,66.2,59.1,72.3,73805,4.1,3.9,4.2,30,288,10.4,7.4,14.5,312,3129,10,9,11.1,2409,77,75.5,78.4
2025-04-30,"SUB_ICB_LOC","02E","E38000194","NHS CHESHIRE AND MERSEYSIDE ICB - 02E",2034,2810.6,72.4,64.7,79.2,44194,4.6,4.4,4.8,14,201,7,4.2,11.4,258,2090,12.3,11,13.8,1519,72.7,70.7,74.5
2025-04-30,"SUB_ICB_LOC","07H","E38000197","NHS HERTFORDSHIRE AND WEST ESSEX ICB - 07H",3064,4143.6,73.9,66.3,80.5,61883,5,4.8,5.1,6,112,5.4,2.5,11.2,222,3149,7,6.2,8,2131,67.7,66,69.3
2025-04-30,"SUB_ICB_LOC","02G","E38000200","NHS LANCASHIRE AND SOUTH CUMBRIA ICB - 02G",1146,1719.7,66.6,58.9,73.3,26627,4.3,4.1,4.6,4,44,9.1,3.6,21.2,83,1176,7.1,5.7,8.7,836,71.1,68.4,73.6
2025-04-30,"SUB_ICB_LOC","04V","E38000201","NHS LEICESTER, LEICESTERSHIRE AND RUTLAND ICB - 04V",3330,5395.4,61.7,55.1,67.3,85106,3.9,3.8,4,9,134,6.7,3.6,12.3,288,3415,8.4,7.5,9.4,2365,69.3,67.7,70.8
2025-04-30,"SUB_ICB_LOC","07K","E38000204","NHS SUFFOLK AND NORTH EAST ESSEX ICB - 07K",2339,4413.8,53,47.4,58,66371,3.5,3.4,3.7,17,74,23,14.9,33.7,264,2388,11.1,9.9,12.4,1763,73.8,72,75.6
2025-04-30,"SUB_ICB_LOC","02H","E38000205","NHS GREATER MANCHESTER ICB - 02H",2996,4114.3,72.8,65.1,79.4,67442,4.4,4.3,4.6,12,319,3.8,2.2,6.5,142,3078,4.6,3.9,5.4,2297,74.6,73.1,76.1
2025-04-30,"SUB_ICB_LOC","12F","E38000208","NHS CHESHIRE AND MERSEYSIDE ICB - 12F",3290,4939.9,66.6,59.7,72.7,76658,4.3,4.2,4.4,0,52,0,0,6.9,465,3399,13.7,12.6,14.9,2486,73.1,71.6,74.6
2025-04-30,"SUB_ICB_LOC","13T","E38000212","NHS NORTH EAST AND NORTH CUMBRIA ICB - 13T",4085,5644.5,72.4,64.8,78.8,88737,4.6,4.5,4.7,10,247,4,2.2,7.3,344,4230,8.1,7.3,9,3050,72.1,70.7,73.4
2025-04-30,"SUB_ICB_LOC","01H","E38000215","NHS NORTH EAST AND NORTH CUMBRIA ICB - 01H",2929,5192.6,56.4,50.5,61.6,82328,3.6,3.4,3.7,28,95,29.5,21.2,39.3,268,3036,8.8,7.9,9.9,2208,72.7,71.1,74.3
2025-04-30,"SUB_ICB_LOC","14L","E38000217","NHS GREATER MANCHESTER ICB - 14L",2853,3806.4,75,66.8,82.1,68331,4.2,4,4.3,7,241,2.9,1.4,5.9,234,2992,7.8,6.9,8.8,2231,74.6,73,76.1
2025-04-30,"SUB_ICB_LOC","15A","E38000221","NHS BUCKINGHAMSHIRE, OXFORDSHIRE AND BERKSHIRE WEST ICB - 15A",3990,6169.6,64.7,58,70.5,95074,4.2,4.1,4.3,20,130,15.4,10.2,22.6,353,4098,8.6,7.8,9.5,3008,73.4,72,74.7
2025-04-30,"SUB_ICB_LOC","15C","E38000222","NHS BRISTOL, NORTH SOMERSET AND SOUTH GLOUCESTERSHIRE ICB - 15C",8558,12068.4,70.9,63.7,77.1,180537,4.7,4.6,4.8,4,171,2.3,0.9,5.9,662,8793,7.5,7,8.1,6711,76.3,75.4,77.2
2025-04-30,"SUB_ICB_LOC","14Y","E38000223","NHS BUCKINGHAMSHIRE, OXFORDSHIRE AND BERKSHIRE WEST ICB - 14Y",4465,7696.5,58,52.1,63,113888,3.9,3.8,4,10,188,5.3,2.9,9.5,369,4546,8.1,7.4,8.9,3282,72.2,70.9,73.5
2025-04-30,"SUB_ICB_LOC","15F","E38000225","NHS WEST YORKSHIRE ICB - 15F",6663,9047.9,73.6,66.1,80,140409,4.7,4.6,4.9,78,382,20.4,16.7,24.7,405,6870,5.9,5.4,6.5,5292,77,76,78
2025-04-30,"SUB_ICB_LOC","15N","E38000230","NHS DEVON ICB - 15N",12149,20685.8,58.7,52.8,63.6,310581,3.9,3.8,4,68,524,13,10.4,16.1,1048,12446,8.4,7.9,8.9,8911,71.6,70.8,72.4
2025-04-30,"SUB_ICB_LOC","97R","E38000235","NHS SUSSEX ICB - 97R",6255,10282,60.8,54.8,66.1,150019,4.2,4.1,4.3,14,403,3.5,2.1,5.7,697,6402,10.9,10.1,11.7,4798,74.9,73.9,76
2025-04-30,"SUB_ICB_LOC","70F","E38000265","NHS SUSSEX ICB - 70F",9571,15130.2,63.3,57,68.7,217419,4.4,4.3,4.5,21,369,5.7,3.8,8.5,712,9772,7.3,6.8,7.8,7048,72.1,71.2,73
2025-04-30,"SUB_ICB_LOC","02M","E38000226","NHS LANCASHIRE AND SOUTH CUMBRIA ICB - 02M",2355,3604.9,65.3,58.4,71.1,54156,4.3,4.2,4.5,2,78,2.6,0.7,8.9,130,2409,5.4,4.6,6.4,1715,71.2,69.4,73
2025-04-30,"SUB_ICB_LOC","01E","E38000227","NHS LANCASHIRE AND SOUTH CUMBRIA ICB - 01E",1780,2372.9,75,66.6,82.3,37888,4.7,4.5,4.9,6,89,6.7,3.1,13.9,138,1829,7.5,6.4,8.8,1409,77,75.1,78.9
2025-04-30,"SUB_ICB_LOC","01K","E38000228","NHS LANCASHIRE AND SOUTH CUMBRIA ICB - 01K",3683,5370,68.6,61.5,74.8,82870,4.4,4.3,4.6,6,87,6.9,3.2,14.2,265,3801,7,6.2,7.8,2681,70.5,69.1,72
2025-04-30,"SUB_ICB_LOC","92G","E38000231","NHS BATH AND NORTH EAST SOMERSET, SWINDON AND WILTSHIRE ICB - 92G",8507,13955.6,61,54.9,66.2,211400,4,3.9,4.1,29,439,6.6,4.6,9.3,615,8731,7,6.5,7.6,6341,72.6,71.7,73.6
2025-04-30,"SUB_ICB_LOC","36J","E38000232","NHS WEST YORKSHIRE ICB - 36J",4913,6725.4,73.1,65.4,79.3,106783,4.6,4.5,4.7,23,321,7.2,4.8,10.5,690,5076,13.6,12.7,14.6,3594,70.8,69.5,72
2025-04-30,"SUB_ICB_LOC","27D","E38000233","NHS CHESHIRE AND MERSEYSIDE ICB - 27D",7986,11875.5,67.2,60.5,73.1,180441,4.4,4.3,4.5,12,256,4.7,2.7,8,848,8220,10.3,9.7,11,6146,74.8,73.8,75.7
2025-04-30,"SUB_ICB_LOC","84H","E38000234","NHS NORTH EAST AND NORTH CUMBRIA ICB - 84H",5376,7504.6,71.6,64.3,78,122923,4.4,4.3,4.5,31,255,12.2,8.7,16.7,346,5603,6.2,5.6,6.8,4119,73.5,72.3,74.7
2025-04-30,"SUB_ICB_LOC","18C","E38000236","NHS HEREFORDSHIRE AND WORCESTERSHIRE ICB - 18C",7228,13072.4,55.3,49.7,60.1,198972,3.6,3.6,3.7,12,349,3.4,2,5.9,778,7434,10.5,9.8,11.2,5553,74.7,73.7,75.7
2025-04-30,"SUB_ICB_LOC","91Q","E38000237","NHS KENT AND MEDWAY ICB - 91Q",15761,25926.3,60.8,54.7,66,396873,4,3.9,4,43,600,7.2,5.4,9.5,1389,16240,8.6,8.1,9,11735,72.3,71.6,72.9
2025-04-30,"SUB_ICB_LOC","71E","E38000238","NHS LINCOLNSHIRE ICB - 71E",8678,12713.4,68.3,61.5,74.4,196919,4.4,4.3,4.5,65,620,10.5,8.3,13.1,726,8988,8.1,7.5,8.7,6411,71.3,70.4,72.3
2025-04-30,"SUB_ICB_LOC","26A","E38000239","NHS NORFOLK AND WAVENEY ICB - 26A",11360,18258.6,62.2,56,67.5,272204,4.2,4.1,4.2,60,525,11.4,9,14.4,1341,11666,11.5,10.9,12.1,8409,72.1,71.3,72.9
2025-04-30,"SUB_ICB_LOC","93C","E38000240","NHS NORTH CENTRAL LONDON ICB - 93C",8941,13295,67.3,60.2,73.1,213226,4.2,4.1,4.3,15,253,5.9,3.6,9.6,822,9196,8.9,8.4,9.5,6833,74.3,73.4,75.2
2025-04-30,"SUB_ICB_LOC","42D","E38000241","NHS HUMBER AND NORTH YORKSHIRE ICB - 42D",5616,9592.7,58.5,52.7,63.7,147037,3.8,3.7,3.9,34,361,9.4,6.8,12.9,296,5741,5.2,4.6,5.8,4265,74.3,73.1,75.4
2025-04-30,"SUB_ICB_LOC","52R","E38000243","NHS NOTTINGHAM AND NOTTINGHAMSHIRE ICB - 52R",9069,13089.3,69.3,62.3,75.4,203496,4.5,4.4,4.5,20,389,5.1,3.4,7.8,869,9449,9.2,8.6,9.8,6788,71.8,70.9,72.7
2025-04-30,"SUB_ICB_LOC","72Q","E38000244","NHS SOUTH EAST LONDON ICB - 72Q",10798,15375.4,70.2,63,76.3,250488,4.3,4.2,4.4,61,510,12,9.4,15.1,914,11212,8.2,7.7,8.7,7980,71.2,70.3,72
2025-04-30,"SUB_ICB_LOC","36L","E38000245","NHS SOUTH WEST LONDON ICB - 36L",10711,14583.8,73.4,65.8,79.7,231144,4.6,4.5,4.7,21,255,8.2,5.4,12.3,1065,11089,9.6,9.1,10.2,8302,74.9,74.1,75.7
2025-04-30,"SUB_ICB_LOC","16C","E38000247","NHS NORTH EAST AND NORTH CUMBRIA ICB - 16C",6496,8813.3,73.7,66,80.1,142955,4.5,4.4,4.7,76,429,17.7,14.4,21.6,352,6740,5.2,4.7,5.8,5005,74.3,73.2,75.3
2025-04-30,"SUB_ICB_LOC","M1J4Y","E38000249","NHS BEDFORDSHIRE, LUTON AND MILTON KEYNES ICB - M1J4Y",7398,10692.3,69.2,62.1,75.2,171519,4.3,4.2,4.4,45,494,9.1,6.9,12,749,7679,9.8,9.1,10.4,5560,72.4,71.4,73.4
2025-04-30,"SUB_ICB_LOC","B2M3M","E38000251","NHS COVENTRY AND WARWICKSHIRE ICB - B2M3M",7447,12681.5,58.7,52.8,63.9,192067,3.9,3.8,4,26,428,6.1,4.2,8.8,872,7688,11.3,10.7,12.1,5558,72.3,71.3,73.3
2025-04-30,"SUB_ICB_LOC","D4U1Y","E38000252","NHS FRIMLEY ICB - D4U1Y",6092,9071.6,67.2,60.2,72.9,137263,4.4,4.3,4.5,28,208,13.5,9.5,18.8,515,6223,8.3,7.6,9,4644,74.6,73.5,75.7
2025-04-30,"SUB_ICB_LOC","D9Y0V","E38000253","NHS HAMPSHIRE AND ISLE OF WIGHT ICB - D9Y0V",16021,25483.2,62.9,56.7,68.3,377976,4.2,4.2,4.3,27,700,3.9,2.7,5.6,1702,16404,10.4,9.9,10.9,11924,72.7,72,73.4
2025-04-30,"SUB_ICB_LOC","X2C4Y","E38000254","NHS WEST YORKSHIRE ICB - X2C4Y",3282,5046.9,65,58.3,70.9,80689,4.1,3.9,4.2,21,341,6.2,4.1,9.2,314,3422,9.2,8.3,10.2,2582,75.5,74,76.9
2025-04-30,"SUB_ICB_LOC","A3A8R","E38000255","NHS NORTH EAST LONDON ICB - A3A8R",8451,13689.3,61.7,55.1,67.2,232840,3.6,3.6,3.7,56,473,11.8,9.2,15.1,805,8841,9.1,8.5,9.7,6651,75.2,74.3,76.1
2025-04-30,"SUB_ICB_LOC","W2U3Z","E38000256","NHS NORTH WEST LONDON ICB - W2U3Z",12921,19883.6,65,58.3,70.6,327299,3.9,3.9,4,72,1015,7.1,5.7,8.8,1129,13433,8.4,7.9,8.9,9664,71.9,71.2,72.7
2025-04-30,"SUB_ICB_LOC","M2L0M","E38000257","NHS SHROPSHIRE, TELFORD AND WREKIN ICB - M2L0M",5036,8008.8,62.9,56.4,68.4,123396,4.1,4,4.2,11,139,7.9,4.5,13.6,360,5174,7,6.3,7.7,3558,68.8,67.5,70
2025-04-30,"SUB_ICB_LOC","15E","E38000258","NHS BIRMINGHAM AND SOLIHULL ICB - 15E",9180,14704.9,62.4,56.1,67.8,224812,4.1,4,4.2,39,381,10.2,7.6,13.7,978,9503,10.3,9.7,10.9,6771,71.3,70.3,72.2
2025-04-30,"SUB_ICB_LOC","D2P2L","E38000259","NHS BLACK COUNTRY ICB - D2P2L",9632,14601.8,66,59.2,71.6,222643,4.3,4.2,4.4,33,776,4.3,3,5.9,1015,10026,10.1,9.5,10.7,5775,57.6,56.6,58.6
2025-04-30,"SUB_ICB_LOC","06H","E38000260","NHS CAMBRIDGESHIRE AND PETERBOROUGH ICB - 06H",6803,11259.5,60.4,54.3,65.5,172984,3.9,3.8,4,25,343,7.3,5,10.5,630,7004,9,8.3,9.7,5105,72.9,71.8,73.9
2025-04-30,"SUB_ICB_LOC","15M","E38000261","NHS DERBY AND DERBYSHIRE ICB - 15M",10440,15128.2,69,62.1,74.9,237127,4.4,4.3,4.5,53,392,13.5,10.5,17.3,1033,10878,9.5,9,10.1,7976,73.3,72.5,74.1
2025-04-30,"SUB_ICB_LOC","78H","E38000262","NHS NORTHAMPTONSHIRE ICB - 78H",6063,9135,66.4,59.7,72.4,146262,4.1,4,4.2,18,505,3.6,2.3,5.6,615,6216,9.9,9.2,10.7,4370,70.3,69.2,71.4
2025-04-30,"SUB_ICB_LOC","01Y","E38000263","NHS GREATER MANCHESTER ICB - 01Y",1721,2369.4,72.6,64.7,79.9,39576,4.3,4.2,4.6,9,76,11.8,6.4,21,155,1798,8.6,7.4,10,1401,77.9,75.9,79.8
2025-04-30,"SUB_ICB_LOC","92A","E38000264","NHS SURREY HEARTLANDS ICB - 92A",10260,15190.2,67.5,60.8,73.2,217026,4.7,4.6,4.8,20,210,9.5,6.2,14.3,1037,10463,9.9,9.4,10.5,7645,73.1,72.2,73.9
2025-04-30,"ICB","QMJ","E54000028","NHS NORTH CENTRAL LONDON INTEGRATED CARE BOARD",8941,13295,67.3,60.2,73.1,213226,4.2,4.1,4.3,15,253,5.9,3.6,9.6,822,9196,8.9,8.4,9.5,6833,74.3,73.4,75.2
2025-04-30,"ICB","QMF","E54000029","NHS NORTH EAST LONDON INTEGRATED CARE BOARD",8451,13689.3,61.7,55.1,67.2,232840,3.6,3.6,3.7,56,473,11.8,9.2,15.1,805,8841,9.1,8.5,9.7,6651,75.2,74.3,76.1
2025-04-30,"ICB","QKK","E54000030","NHS SOUTH EAST LONDON INTEGRATED CARE BOARD",10798,15375.4,70.2,63,76.3,250488,4.3,4.2,4.4,61,510,12,9.4,15.1,914,11212,8.2,7.7,8.7,7980,71.2,70.3,72
2025-04-30,"ICB","QWE","E54000031","NHS SOUTH WEST LONDON INTEGRATED CARE BOARD",10711,14583.8,73.4,65.8,79.7,231144,4.6,4.5,4.7,21,255,8.2,5.4,12.3,1065,11089,9.6,9.1,10.2,8302,74.9,74.1,75.7
2025-04-30,"ICB","QKS","E54000032","NHS KENT AND MEDWAY INTEGRATED CARE BOARD",15761,25926.3,60.8,54.7,66,396873,4,3.9,4,43,600,7.2,5.4,9.5,1389,16240,8.6,8.1,9,11735,72.3,71.6,72.9
2025-04-30,"ICB","QNQ","E54000034","NHS FRIMLEY INTEGRATED CARE BOARD",6092,9071.6,67.2,60.2,72.9,137263,4.4,4.3,4.5,28,208,13.5,9.5,18.8,515,6223,8.3,7.6,9,4644,74.6,73.5,75.7
2025-04-30,"ICB","QT6","E54000036","NHS CORNWALL AND THE ISLES OF SCILLY INTEGRATED CARE BOARD",6123,9952.4,61.5,55.3,66.9,154868,4,3.9,4.1,30,290,10.3,7.3,14.4,550,6249,8.8,8.1,9.5,4299,68.8,67.6,69.9
2025-04-30,"ICB","QJK","E54000037","NHS DEVON INTEGRATED CARE BOARD",12149,20685.8,58.7,52.8,63.6,310581,3.9,3.8,4,68,524,13,10.4,16.1,1048,12446,8.4,7.9,8.9,8911,71.6,70.8,72.4
2025-04-30,"ICB","QSL","E54000038","NHS SOMERSET INTEGRATED CARE BOARD",5584,10132,55.1,49.5,59.8,152201,3.7,3.6,3.8,11,105,10.5,6,17.8,427,5722,7.5,6.8,8.2,4007,70,68.8,71.2
2025-04-30,"ICB","QUY","E54000039","NHS BRISTOL, NORTH SOMERSET AND SOUTH GLOUCESTERSHIRE INTEGRATED CARE BOARD",8558,12068.4,70.9,63.7,77.1,180537,4.7,4.6,4.8,4,171,2.3,0.9,5.9,662,8793,7.5,7,8.1,6711,76.3,75.4,77.2
2025-04-30,"ICB","QOX","E54000040","NHS BATH AND NORTH EAST SOMERSET, SWINDON AND WILTSHIRE INTEGRATED CARE BOARD",8507,13955.6,61,54.9,66.2,211400,4,3.9,4.1,29,439,6.6,4.6,9.3,615,8731,7,6.5,7.6,6341,72.6,71.7,73.6
2025-04-30,"ICB","QVV","E54000041","NHS DORSET INTEGRATED CARE BOARD",8434,14590.3,57.8,52.1,62.8,210690,4,3.9,4.1,14,673,2.1,1.2,3.5,621,8645,7.2,6.7,7.7,6401,74,73.1,75
2025-04-30,"ICB","QRL","E54000042","NHS HAMPSHIRE AND ISLE OF WIGHT INTEGRATED CARE BOARD",17597,27697.8,63.5,57.3,69,413087,4.3,4.2,4.3,28,813,3.4,2.4,4.9,1877,18031,10.4,10,10.9,13016,72.2,71.5,72.8
2025-04-30,"ICB","QNX","E54000064","NHS SUSSEX ICB",17677,28316.2,62.4,56.2,67.7,413049,4.3,4.2,4.3,43,838,5.1,3.8,6.8,1547,18078,8.6,8.2,9,13195,73,72.3,73.6
2025-04-30,"NHS_REGION","Y56","E40000003","LONDON",51822,76827.1,67.5,60.7,73.2,1254997,4.1,4.1,4.2,225,2506,9,7.9,10.2,4735,53771,8.8,8.6,9,39430,73.3,73,73.7
2025-04-30,"NHS_REGION","Y60","E40000011","MIDLANDS",95039,145236.2,65.4,58.9,71,2246593,4.2,4.2,4.3,378,5200,7.3,6.6,8,9246,98235,9.4,9.2,9.6,69366,70.6,70.3,70.9
2025-04-30,"ICB","QRV","E54000027","NHS NORTH WEST LONDON INTEGRATED CARE BOARD",12921,19883.6,65,58.3,70.6,327299,3.9,3.9,4,72,1015,7.1,5.7,8.8,1129,13433,8.4,7.9,8.9,9664,71.9,71.2,72.7
2025-04-30,"ICB","QR1","E54000043","NHS GLOUCESTERSHIRE INTEGRATED CARE BOARD",6591,10102.6,65.2,58.6,71,152870,4.3,4.2,4.4,21,396,5.3,3.5,8,596,6745,8.8,8.2,9.5,4984,73.9,72.8,74.9
2025-04-30,"ICB","QU9","E54000044","NHS BUCKINGHAMSHIRE, OXFORDSHIRE AND BERKSHIRE WEST INTEGRATED CARE BOARD",14641,23647.9,61.9,55.7,67.1,354371,4.1,4.1,4.2,47,452,10.4,7.9,13.6,1237,14959,8.3,7.8,8.7,10856,72.6,71.9,73.3
2025-04-30,"ICB","QE1","E54000048","NHS LANCASHIRE AND SOUTH CUMBRIA INTEGRATED CARE BOARD",16347,23993.9,68.1,61.4,73.8,379400,4.3,4.2,4.4,56,790,7.1,5.5,9.1,1131,16874,6.7,6.3,7.1,12362,73.3,72.6,73.9
2025-04-30,"ICB","QHM","E54000050","NHS NORTH EAST AND NORTH CUMBRIA INTEGRATED CARE BOARD",28725,41533.9,69.2,62.2,74.9,669663,4.3,4.2,4.3,207,1828,11.3,10,12.9,2053,29725,6.9,6.6,7.2,21803,73.3,72.8,73.8
2025-04-30,"ICB","QOQ","E54000051","NHS HUMBER AND NORTH YORKSHIRE INTEGRATED CARE BOARD",15887,26378.1,60.2,54.2,65.3,410929,3.9,3.8,3.9,108,1223,8.8,7.4,10.6,1110,16394,6.8,6.4,7.2,11847,72.3,71.6,72.9
2025-04-30,"ICB","QWO","E54000054","NHS WEST YORKSHIRE INTEGRATED CARE BOARD",19662,28001.5,70.2,63.1,76.1,445282,4.4,4.4,4.5,161,1522,10.6,9.1,12.2,1866,20373,9.2,8.8,9.6,15263,74.9,74.3,75.5
2025-04-30,"ICB","QHL","E54000055","NHS BIRMINGHAM AND SOLIHULL INTEGRATED CARE BOARD",9180,14704.9,62.4,56.1,67.8,224812,4.1,4,4.2,39,381,10.2,7.6,13.7,978,9503,10.3,9.7,10.9,6771,71.3,70.3,72.2
2025-04-30,"ICB","QUE","E54000056","NHS CAMBRIDGESHIRE AND PETERBOROUGH INTEGRATED CARE BOARD",6803,11259.5,60.4,54.3,65.5,172984,3.9,3.8,4,25,343,7.3,5,10.5,630,7004,9,8.3,9.7,5105,72.9,71.8,73.9
2025-04-30,"ICB","QOP","E54000057","NHS GREATER MANCHESTER INTEGRATED CARE BOARD",22773,30654.2,74.3,66.8,80.5,499311,4.6,4.5,4.6,97,1358,7.1,5.9,8.6,1583,23595,6.7,6.4,7,17794,75.4,74.9,76
2025-04-30,"ICB","QJ2","E54000058","NHS DERBY AND DERBYSHIRE INTEGRATED CARE BOARD",10440,15128.2,69,62.1,74.9,237127,4.4,4.3,4.5,53,392,13.5,10.5,17.3,1033,10878,9.5,9,10.1,7976,73.3,72.5,74.1
2025-04-30,"ICB","QT1","E54000060","NHS NOTTINGHAM AND NOTTINGHAMSHIRE INTEGRATED CARE BOARD",10418,14871.9,70.1,62.9,76.1,231599,4.5,4.4,4.6,25,479,5.2,3.6,7.6,992,10842,9.1,8.6,9.7,7846,72.4,71.5,73.2
2025-04-30,"ICB","QF7","E54000061","NHS SOUTH YORKSHIRE INTEGRATED CARE BOARD",12591,16735.9,75.2,67.6,81.7,264967,4.8,4.7,4.8,53,828,6.4,4.9,8.3,890,13071,6.8,6.4,7.3,9668,74,73.2,74.7
2025-04-30,"ICB","QUA","E54000062","NHS BLACK COUNTRY INTEGRATED CARE BOARD",9632,14601.8,66,59.2,71.6,222643,4.3,4.2,4.4,33,776,4.3,3,5.9,1015,10026,10.1,9.5,10.7,5775,57.6,56.6,58.6
2025-04-30,"ICB","QPM","E54000059","NHS NORTHAMPTONSHIRE INTEGRATED CARE BOARD",6063,9135,66.4,59.7,72.4,146262,4.1,4,4.2,18,505,3.6,2.3,5.6,615,6216,9.9,9.2,10.7,4370,70.3,69.2,71.4
2025-04-30,"SUB_ICB_LOC","01J","E38000091","NHS CHESHIRE AND MERSEYSIDE ICB - 01J",1080,1697.7,63.6,56,70,30001,3.6,3.4,3.8,21,93,22.6,15.3,32.1,115,1125,10.2,8.6,12.1,772,68.6,65.9,71.3
2025-04-30,"SUB_ICB_LOC","04C","E38000097","NHS LEICESTER, LEICESTERSHIRE AND RUTLAND ICB - 04C",2359,3055.4,77.2,68.5,84.7,52553,4.5,4.3,4.7,4,245,1.6,0.6,4.1,284,2470,11.5,10.3,12.8,1671,67.7,65.8,69.5
2025-04-30,"SUB_ICB_LOC","99A","E38000101","NHS CHESHIRE AND MERSEYSIDE ICB - 99A",3477,5095.9,68.2,60.8,74.2,87557,4,3.8,4.1,19,315,6,3.9,9.2,420,3595,11.7,10.7,12.8,2613,72.7,71.2,74.1
2025-04-30,"SUB_ICB_LOC","06Q","E38000106","NHS MID AND SOUTH ESSEX ICB - 06Q",3665,5750.3,63.7,57.1,69.7,87184,4.2,4.1,4.3,11,200,5.5,3.1,9.6,442,3763,11.7,10.8,12.8,2684,71.3,69.9,72.7
2025-04-30,"SUB_ICB_LOC","06T","E38000117","NHS SUFFOLK AND NORTH EAST ESSEX ICB - 06T",3779,5698.6,66.3,59.4,72.2,84873,4.5,4.3,4.6,13,191,6.8,4,11.3,628,3922,16,14.9,17.2,2915,74.3,72.9,75.7
2025-04-30,"SUB_ICB_LOC","03H","E38000119","NHS HUMBER AND NORTH YORKSHIRE ICB - 03H",1649,2345.4,70.3,62.6,77,36846,4.5,4.3,4.7,19,130,14.6,9.6,21.7,159,1738,9.1,7.9,10.6,1228,70.7,68.5,72.7
2025-04-30,"SUB_ICB_LOC","03K","E38000122","NHS HUMBER AND NORTH YORKSHIRE ICB - 03K",1668,2590.9,64.4,57.4,70.6,41267,4,3.9,4.2,7,136,5.1,2.5,10.2,106,1751,6.1,5,7.3,1177,67.2,65,69.4
2025-04-30,"SUB_ICB_LOC","05G","E38000126","NHS STAFFORDSHIRE AND STOKE-ON-TRENT ICB - 05G",2591,3533.3,73.3,65.7,79.8,53884,4.8,4.6,5,18,143,12.6,8.1,19,288,2632,10.9,9.8,12.2,1968,74.8,73.1,76.4
2025-04-30,"SUB_ICB_LOC","99C","E38000127","NHS NORTH EAST AND NORTH CUMBRIA ICB - 99C",2285,3002.3,76.1,68,83.2,48236,4.7,4.6,4.9,18,363,5,3.2,7.7,175,2337,7.5,6.5,8.6,1694,72.5,70.6,74.3
2025-04-30,"SUB_ICB_LOC","00L","E38000130","NHS NORTH EAST AND NORTH CUMBRIA ICB - 00L",3601,5637.7,63.9,57.2,69.8,91024,4,3.8,4.1,22,244,9,6,13.3,218,3711,5.9,5.2,6.7,2752,74.2,72.7,75.5
2025-04-30,"SUB_ICB_LOC","00Y","E38000135","NHS GREATER MANCHESTER ICB - 00Y",1895,2550.1,74.3,66,81.4,41771,4.5,4.3,4.7,11,179,6.1,3.5,10.7,102,1975,5.2,4.3,6.2,1526,77.3,75.4,79.1
2025-04-30,"SUB_ICB_LOC","10Q","E38000136","NHS BUCKINGHAMSHIRE, OXFORDSHIRE AND BERKSHIRE WEST ICB - 10Q",6186,9781.8,63.2,57,68.7,145409,4.3,4.2,4.4,17,134,12.7,8.1,19.4,515,6315,8.2,7.5,8.9,4566,72.3,71.2,73.4
2025-04-30,"SUB_ICB_LOC","10R","E38000137","NHS HAMPSHIRE AND ISLE OF WIGHT ICB - 10R",1576,2214.6,71.2,63.5,78.1,35111,4.5,4.3,4.7,1,113,0.9,0.2,4.8,175,1627,10.8,9.3,12.4,1092,67.1,64.8,69.4
2025-04-30,"SUB_ICB_LOC","03L","E38000141","NHS SOUTH YORKSHIRE ICB - 03L",2971,3333.2,89.1,79.5,97.2,52739,5.6,5.4,5.8,19,170,11.2,7.3,16.8,180,3087,5.8,5.1,6.7,2400,77.7,76.2,79.2
2025-04-30,"SUB_ICB_LOC","01G","E38000143","NHS GREATER MANCHESTER ICB - 01G",1909,2425.8,78.7,70,86.3,39957,4.8,4.6,5,13,87,14.9,8.9,23.9,130,1972,6.6,5.6,7.8,1513,76.7,74.8,78.5
2025-04-30,"SUB_ICB_LOC","99F","E38000030","NHS MID AND SOUTH ESSEX ICB - 99F",2196,3104.8,70.7,63.3,77.1,45112,4.9,4.7,5.1,21,86,24.4,16.6,34.5,157,2241,7,6,8.1,1614,72,70.1,73.8
2025-04-30,"SUB_ICB_LOC","00X","E38000034","NHS LANCASHIRE AND SOUTH CUMBRIA ICB - 00X",1879,2578.9,72.9,64.9,79.9,40944,4.6,4.4,4.8,3,88,3.4,1.2,9.5,87,1930,4.5,3.7,5.5,1427,73.9,71.9,75.8
2025-04-30,"SUB_ICB_LOC","02X","E38000044","NHS SOUTH YORKSHIRE ICB - 02X",2648,3832,69.1,61.6,75.5,62041,4.3,4.1,4.4,17,263,6.5,4.1,10.1,177,2750,6.4,5.6,7.4,1950,70.9,69.2,72.6
2025-04-30,"SUB_ICB_LOC","06K","E38000049","NHS HERTFORDSHIRE AND WEST ESSEX ICB - 06K",4661,7524.1,61.9,55.7,67.5,110964,4.2,4.1,4.3,14,329,4.3,2.6,7,371,4783,7.8,7,8.5,3414,71.4,70.1,72.6
2025-04-30,"SUB_ICB_LOC","01A","E38000050","NHS LANCASHIRE AND SOUTH CUMBRIA ICB - 01A",2942,4529.4,65,58,70.8,74413,4,3.8,4.1,19,238,8,5.2,12.1,225,3056,7.4,6.5,8.3,2338,76.5,75,78
2025-04-30,"SUB_ICB_LOC","03W","E38000051","NHS LEICESTER, LEICESTERSHIRE AND RUTLAND ICB - 03W",3319,5528.7,60,53.8,65.5,82836,4,3.9,4.1,8,154,5.2,2.7,9.9,358,3406,10.5,9.5,11.6,2590,76,74.6,77.4
2025-04-30,"SUB_ICB_LOC","02Y","E38000052","NHS HUMBER AND NORTH YORKSHIRE ICB - 02Y",3272,5635.4,58.1,51.9,63.3,86999,3.8,3.6,3.9,30,228,13.2,9.4,18.2,246,3362,7.3,6.5,8.2,2426,72.2,70.6,73.6
2025-04-30,"SUB_ICB_LOC","05D","E38000053","NHS STAFFORDSHIRE AND STOKE-ON-TRENT ICB - 05D",1203,1963.9,61.3,54.2,67.3,30559,3.9,3.7,4.2,3,44,6.8,2.3,18.2,54,1240,4.4,3.4,5.6,862,69.5,66.9,72
2025-04-30,"SUB_ICB_LOC","11M","E38000062","NHS GLOUCESTERSHIRE ICB - 11M",6591,10102.6,65.2,58.6,71,152870,4.3,4.2,4.4,21,396,5.3,3.5,8,596,6745,8.8,8.2,9.5,4984,73.9,72.8,74.9
2025-04-30,"SUB_ICB_LOC","01F","E38000068","NHS CHESHIRE AND MERSEYSIDE ICB - 01F",970,1470.7,66,58,73.3,25810,3.8,3.5,4,7,71,9.9,4.9,19,81,1014,8,6.5,9.8,750,74,71.2,76.6
2025-04-30,"SUB_ICB_LOC","06N","E38000079","NHS HERTFORDSHIRE AND WEST ESSEX ICB - 06N",4964,7833.1,63.4,56.9,68.8,115825,4.3,4.2,4.4,7,122,5.7,2.8,11.4,468,5092,9.2,8.4,10,3675,72.2,70.9,73.4
2025-04-30,"SUB_ICB_LOC","01D","E38000080","NHS GREATER MANCHESTER ICB - 01D",1889,2395.5,78.9,70.2,86.4,40681,4.6,4.4,4.9,15,108,13.9,8.6,21.7,154,1976,7.8,6.7,9.1,1505,76.2,74.2,78
2025-04-30,"SUB_ICB_LOC","03F","E38000085","NHS HUMBER AND NORTH YORKSHIRE ICB - 03F",1906,2917,65.3,58,71.5,49636,3.8,3.7,4,11,181,6.1,3.4,10.6,208,1978,10.5,9.2,11.9,1345,68,65.9,70
2025-04-30,"SUB_ICB_LOC","06L","E38000086","NHS SUFFOLK AND NORTH EAST ESSEX ICB - 06L",3858,6483.6,59.5,53.5,64.8,97103,4,3.9,4.1,68,215,31.6,25.8,38.1,304,3956,7.7,6.9,8.6,2935,74.2,72.8,75.5
2025-04-30,"SUB_ICB_LOC","11N","E38000089","NHS CORNWALL AND THE ISLES OF SCILLY ICB - 11N",6123,9952.4,61.5,55.3,66.9,154868,4,3.9,4.1,30,290,10.3,7.3,14.4,550,6249,8.8,8.1,9.5,4299,68.8,67.6,69.9
2025-04-30,"ICB","QXU","E54000063","NHS SURREY HEARTLANDS ICB",10260,15190.2,67.5,60.8,73.2,217026,4.7,4.6,4.8,20,210,9.5,6.2,14.3,1037,10463,9.9,9.4,10.5,7645,73.1,72.2,73.9
2025-04-30,"NHS_REGION","Y59","E40000005","SOUTH EAST",82028,129850,63.2,57,68.4,1931669,4.2,4.2,4.3,209,3121,6.7,5.9,7.6,7602,83994,9.1,8.9,9.2,61091,72.7,72.4,73
2025-04-30,"NHS_REGION","Y58","E40000006","SOUTH WEST",55946,91487,61.2,55.1,66.3,1373147,4.1,4,4.1,177,2598,6.8,5.9,7.8,4519,57331,7.9,7.7,8.1,41654,72.7,72.3,73
2025-04-30,"NHS_REGION","Y63","E40000012","NORTH EAST AND YORKSHIRE",76865,112649.4,68.2,61.4,73.9,1790841,4.3,4.3,4.3,529,5401,9.8,9,10.6,5919,79563,7.4,7.3,7.6,58581,73.6,73.3,73.9
2025-04-30,"NHS_REGION","Y61","E40000013","EAST OF ENGLAND",59407,92801.9,64,57.7,69.3,1401904,4.2,4.2,4.3,321,2993,10.7,9.7,11.9,6090,61157,10,9.7,10.2,44444,72.7,72.3,73
2025-04-30,"NHS_REGION","Y62","E40000014","NORTH WEST",62792,89674.3,70,63.1,75.9,1433173,4.4,4.3,4.4,284,3605,7.9,7,8.8,5340,64875,8.2,8,8.4,48029,74,73.7,74.4
2025-04-30,"SUB_ICB_LOC","02P","E38000006","NHS SOUTH YORKSHIRE ICB - 02P",2319,3161.7,73.3,65.6,80.4,52054,4.5,4.3,4.6,6,197,3,1.4,6.5,82,2409,3.4,2.8,4.2,1749,72.6,70.8,74.3
2025-04-30,"SUB_ICB_LOC","99E","E38000007","NHS MID AND SOUTH ESSEX ICB - 99E",2165,3539.1,61.2,54.8,66.9,52767,4.1,3.9,4.3,19,166,11.4,7.5,17.2,195,2245,8.7,7.6,9.9,1656,73.8,71.9,75.5
2025-04-30,"SUB_ICB_LOC","02Q","E38000008","NHS NOTTINGHAM AND NOTTINGHAMSHIRE ICB - 02Q",1349,1782.6,75.7,67.2,83.2,28103,4.8,4.6,5.1,5,90,5.6,2.4,12.4,123,1393,8.8,7.5,10.4,1058,76,73.6,78.1
2025-04-30,"SUB_ICB_LOC","00Q","E38000014","NHS LANCASHIRE AND SOUTH CUMBRIA ICB - 00Q",1016,1608.6,63.2,55.7,69.7,27269,3.7,3.5,4,10,92,10.9,6,18.9,84,1059,7.9,6.5,9.7,805,76,73.4,78.5
2025-04-30,"SUB_ICB_LOC","00R","E38000015","NHS LANCASHIRE AND SOUTH CUMBRIA ICB - 00R",1546,2209.6,70,62,76.7,35233,4.4,4.2,4.6,6,74,8.1,3.8,16.6,119,1614,7.4,6.2,8.8,1151,71.3,69.1,73.5
2025-04-30,"SUB_ICB_LOC","00T","E38000016","NHS GREATER MANCHESTER ICB - 00T",2420,3350.7,72.2,64.4,79,54720,4.4,4.3,4.6,11,153,7.2,4.1,12.4,184,2519,7.3,6.4,8.4,1863,74,72.2,75.6
2025-04-30,"SUB_ICB_LOC","00V","E38000024","NHS GREATER MANCHESTER ICB - 00V",1861,2440.8,76.2,68,83.5,38525,4.8,4.6,5,0,23,0,0,14.3,167,1926,8.7,7.5,10,1413,73.4,71.3,75.3
2025-04-30,"SUB_ICB_LOC","02T","E38000025","NHS WEST YORKSHIRE ICB - 02T",1809,2660.1,68,60.5,74.4,43596,4.1,4,4.3,9,190,4.7,2.5,8.8,145,1876,7.7,6.6,9,1386,73.9,71.8,75.8
2025-04-30,"SUB_ICB_LOC","04Y","E38000028","NHS STAFFORDSHIRE AND STOKE-ON-TRENT ICB - 04Y",1425,1873,76.1,67.7,83.5,29369,4.9,4.6,5.1,11,55,20,11.6,32.4,151,1466,10.3,8.8,12,1104,75.3,73,77.4
2025-04-30,"SUB_ICB_LOC","03N","E38000146","NHS SOUTH YORKSHIRE ICB - 03N",4653,6409,72.6,65.1,79,98133,4.7,4.6,4.9,11,198,5.6,3.1,9.7,451,4825,9.3,8.6,10.2,3569,74,72.7,75.2
2025-04-30,"SUB_ICB_LOC","11X","E38000150","NHS SOMERSET ICB - 11X",5584,10132,55.1,49.5,59.8,152201,3.7,3.6,3.8,11,105,10.5,6,17.8,427,5722,7.5,6.8,8.2,4007,70,68.8,71.2
2025-04-30,"SUB_ICB_LOC","05Q","E38000153","NHS STAFFORDSHIRE AND STOKE-ON-TRENT ICB - 05Q",2152,3255.1,66.1,59,72.3,49964,4.3,4.1,4.5,13,113,11.5,6.8,18.7,98,2206,4.4,3.7,5.4,1581,71.7,69.8,73.5
2025-04-30,"SUB_ICB_LOC","01T","E38000161","NHS CHESHIRE AND MERSEYSIDE ICB - 01T",1229,2056.9,59.7,52.9,65.6,32957,3.7,3.5,3.9,24,173,13.9,9.5,19.8,115,1253,9.2,7.7,10.9,896,71.5,68.9,73.9
2025-04-30,"SUB_ICB_LOC","00N","E38000163","NHS NORTH EAST AND NORTH CUMBRIA ICB - 00N",1489,2058.5,72.3,64.2,79.5,33562,4.4,4.2,4.7,8,85,9.4,4.8,17.5,102,1531,6.7,5.5,8,1116,72.9,70.6,75.1
2025-04-30,"SUB_ICB_LOC","99G","E38000168","NHS MID AND SOUTH ESSEX ICB - 99G",2091,2493.4,83.9,74.9,91.8,37009,5.6,5.4,5.9,8,59,13.6,7,24.5,184,2164,8.5,7.4,9.8,1717,79.3,77.6,81
2025-04-30,"SUB_ICB_LOC","01V","E38000170","NHS CHESHIRE AND MERSEYSIDE ICB - 01V",1849,2437.7,75.8,67.7,83,34860,5.3,5.1,5.5,27,189,14.3,10,20,187,1890,9.9,8.6,11.3,1404,74.3,72.3,76.2
2025-04-30,"SUB_ICB_LOC","01X","E38000172","NHS CHESHIRE AND MERSEYSIDE ICB - 01X",1757,2641.2,66.5,59.3,73.1,41984,4.2,4,4.4,7,107,6.5,3.2,12.9,137,1820,7.5,6.4,8.8,1287,70.7,68.6,72.8
2025-04-30,"SUB_ICB_LOC","05V","E38000173","NHS STAFFORDSHIRE AND STOKE-ON-TRENT ICB - 05V",1473,2417.7,60.9,54.2,66.8,36569,4,3.8,4.2,8,70,11.4,5.9,21,78,1501,5.2,4.2,6.4,1093,72.8,70.5,75
2025-04-30,"SUB_ICB_LOC","01W","E38000174","NHS GREATER MANCHESTER ICB - 01W",3264,4284.5,76.2,68.3,83,64196,5.1,4.9,5.3,6,93,6.5,3,13.4,206,3342,6.2,5.4,7,2646,79.2,77.8,80.5
2025-04-30,"SUB_ICB_LOC","05W","E38000175","NHS STAFFORDSHIRE AND STOKE-ON-TRENT ICB - 05W",3065,3295.7,93,83.2,101.4,51956,5.9,5.7,6.1,22,173,12.7,8.5,18.5,278,3150,8.8,7.9,9.9,2314,73.5,71.9,75
2025-04-30,"SUB_ICB_LOC","00P","E38000176","NHS NORTH EAST AND NORTH CUMBRIA ICB - 00P",2464,3680.3,67,59.8,73.1,59898,4.1,4,4.3,14,110,12.7,7.7,20.2,248,2537,9.8,8.7,11,1859,73.3,71.5,75
2025-04-30,"SUB_ICB_LOC","07G","E38000185","NHS MID AND SOUTH ESSEX ICB - 07G",1064,1607.2,66.2,58.6,72.9,26106,4.1,3.8,4.3,7,77,9.1,4.5,17.6,135,1105,12.2,10.4,14.3,866,78.4,75.8,80.7
2025-04-30,"SUB_ICB_LOC","02A","E38000187","NHS GREATER MANCHESTER ICB - 02A",1965,2916.6,67.4,60,73.5,44112,4.5,4.3,4.7,13,79,16.5,9.9,26.1,109,2017,5.4,4.5,6.5,1399,69.4,67.3,71.3
2025-04-30,"ICB","QYG","E54000008","NHS CHESHIRE AND MERSEYSIDE INTEGRATED CARE BOARD",23672,35026.1,67.6,60.9,73.3,554462,4.3,4.2,4.3,131,1457,9,7.6,10.6,2626,24406,10.8,10.4,11.2,17873,73.2,72.7,73.8
2025-04-30,"ICB","QNC","E54000010","NHS STAFFORDSHIRE AND STOKE-ON-TRENT INTEGRATED CARE BOARD",11909,16338.8,72.9,65.6,79.3,252301,4.7,4.6,4.8,75,598,12.5,10.1,15.4,947,12195,7.8,7.3,8.3,8922,73.2,72.4,73.9
2025-04-30,"ICB","QOC","E54000011","NHS SHROPSHIRE, TELFORD AND WREKIN INTEGRATED CARE BOARD",5036,8008.8,62.9,56.4,68.4,123396,4.1,4,4.2,11,139,7.9,4.5,13.6,360,5174,7,6.3,7.7,3558,68.8,67.5,70
2025-04-30,"ICB","QJM","E54000013","NHS LINCOLNSHIRE INTEGRATED CARE BOARD",8678,12713.4,68.3,61.5,74.4,196919,4.4,4.3,4.5,65,620,10.5,8.3,13.1,726,8988,8.1,7.5,8.7,6411,71.3,70.4,72.3
2025-04-30,"ICB","QK1","E54000015","NHS LEICESTER, LEICESTERSHIRE AND RUTLAND INTEGRATED CARE BOARD",9008,13979.5,64.4,57.9,69.9,220495,4.1,4,4.2,21,533,3.9,2.6,5.9,930,9291,10,9.4,10.6,6626,71.3,70.4,72.2
2025-04-30,"ICB","QWU","E54000018","NHS COVENTRY AND WARWICKSHIRE INTEGRATED CARE BOARD",7447,12681.5,58.7,52.8,63.9,192067,3.9,3.8,4,26,428,6.1,4.2,8.8,872,7688,11.3,10.7,12.1,5558,72.3,71.3,73.3
2025-04-30,"ICB","QGH","E54000019","NHS HEREFORDSHIRE AND WORCESTERSHIRE INTEGRATED CARE BOARD",7228,13072.4,55.3,49.7,60.1,198972,3.6,3.6,3.7,12,349,3.4,2,5.9,778,7434,10.5,9.8,11.2,5553,74.7,73.7,75.7
2025-04-30,"ICB","QMM","E54000022","NHS NORFOLK AND WAVENEY INTEGRATED CARE BOARD",11360,18258.6,62.2,56,67.5,272204,4.2,4.1,4.2,60,525,11.4,9,14.4,1341,11666,11.5,10.9,12.1,8409,72.1,71.3,72.9
2025-04-30,"ICB","QJG","E54000023","NHS SUFFOLK AND NORTH EAST ESSEX INTEGRATED CARE BOARD",9976,16595.9,60.1,54.1,65.2,248347,4,3.9,4.1,98,480,20.4,17.1,24.3,1196,10266,11.7,11,12.3,7613,74.2,73.3,75
2025-04-30,"ICB","QHG","E54000024","NHS BEDFORDSHIRE, LUTON AND MILTON KEYNES INTEGRATED CARE BOARD",7398,10692.3,69.2,62.1,75.2,171519,4.3,4.2,4.4,45,494,9.1,6.9,12,749,7679,9.8,9.1,10.4,5560,72.4,71.4,73.4
2025-04-30,"ICB","QM7","E54000025","NHS HERTFORDSHIRE AND WEST ESSEX INTEGRATED CARE BOARD",12689,19500.9,65.1,58.7,70.6,288672,4.4,4.3,4.5,27,563,4.8,3.3,6.9,1061,13024,8.1,7.7,8.6,9220,70.8,70,71.6
2025-04-30,"ICB","QH8","E54000026","NHS MID AND SOUTH ESSEX INTEGRATED CARE BOARD",11181,16494.7,67.8,60.8,73.6,248178,4.5,4.4,4.6,66,588,11.2,8.9,14,1113,11518,9.7,9.1,10.2,8537,74.1,73.3,74.9
2025-04-30,"COUNTRY","ENG","E92000001","ENGLAND",483899,738525.9,65.5,59,71.2,11432324,4.2,4.2,4.2,2123,25424,8.4,8,8.7,43451,498926,8.7,8.6,8.8,362595,72.7,72.6,72.8
2025-04-30,"SUB_ICB_LOC","09D","E38000021","NHS SUSSEX ICB - 09D",1851,2904,63.7,56.9,69.7,45611,4.1,3.9,4.2,8,66,12.1,6.3,22.1,138,1904,7.2,6.2,8.5,1349,70.9,68.8,72.8
2025-04-30,"SUB_ICB_LOC","11J","E38000045","NHS DORSET ICB - 11J",8434,14590.3,57.8,52.1,62.8,210690,4,3.9,4.1,14,673,2.1,1.2,3.5,621,8645,7.2,6.7,7.7,6401,74,73.1,75
2025-05-31,"ICB","QT6","E54000036","NHS CORNWALL AND THE ISLES OF SCILLY INTEGRATED CARE BOARD",6142,9976.5,61.6,55.3,66.8,155174,4,3.9,4.1,64,576,11.1,8.8,13.9,561,6268,9,8.3,9.7,4094,65.3,64.1,66.5
2025-05-31,"ICB","QYG","E54000008","NHS CHESHIRE AND MERSEYSIDE INTEGRATED CARE BOARD",23738,35121,67.6,60.8,73.3,555640,4.3,4.2,4.3,321,2957,10.9,9.8,12,2655,24479,10.8,10.5,11.2,17099,69.9,69.3,70.4
2025-05-31,"ICB","QNC","E54000010","NHS STAFFORDSHIRE AND STOKE-ON-TRENT INTEGRATED CARE BOARD",11945,16372.9,73,65.7,79.2,252754,4.7,4.6,4.8,171,1319,13,11.3,14.9,961,12233,7.9,7.4,8.3,8544,69.8,69,70.7
2025-05-31,"ICB","QOC","E54000011","NHS SHROPSHIRE, TELFORD AND WREKIN INTEGRATED CARE BOARD",5058,8033.2,63,56.4,68.5,123646,4.1,4,4.2,26,291,8.9,6.2,12.8,365,5192,7,6.4,7.8,3461,66.7,65.4,67.9
2025-05-31,"ICB","QJM","E54000013","NHS LINCOLNSHIRE INTEGRATED CARE BOARD",8722,12751.2,68.4,61.5,74.2,197335,4.4,4.3,4.5,151,1185,12.7,11,14.8,741,9030,8.2,7.7,8.8,6228,69,68,69.9
2025-05-31,"ICB","QK1","E54000015","NHS LEICESTER, LEICESTERSHIRE AND RUTLAND INTEGRATED CARE BOARD",9055,14012.6,64.6,58.1,70.3,220970,4.1,4,4.2,38,1115,3.4,2.5,4.6,934,9340,10,9.4,10.6,6432,68.9,67.9,69.8
2025-05-31,"ICB","QWU","E54000018","NHS COVENTRY AND WARWICKSHIRE INTEGRATED CARE BOARD",7483,12717.1,58.8,53,63.8,192477,3.9,3.8,4,72,832,8.7,6.9,10.8,866,7725,11.2,10.5,11.9,5328,69,67.9,70
2025-05-31,"ICB","QGH","E54000019","NHS HEREFORDSHIRE AND WORCESTERSHIRE INTEGRATED CARE BOARD",7275,13098.7,55.5,50,60.4,199348,3.6,3.6,3.7,34,699,4.9,3.5,6.7,804,7481,10.7,10.1,11.5,5420,72.5,71.4,73.5
2025-05-31,"ICB","QMM","E54000022","NHS NORFOLK AND WAVENEY INTEGRATED CARE BOARD",11450,18317.3,62.5,56.3,67.9,272724,4.2,4.1,4.3,142,1037,13.7,11.7,15.9,1362,11750,11.6,11,12.2,8139,69.3,68.4,70.1
2025-05-31,"ICB","QJG","E54000023","NHS SUFFOLK AND NORTH EAST ESSEX INTEGRATED CARE BOARD",9976,16630.4,60,54,65.2,248796,4,3.9,4.1,235,947,24.8,22.2,27.7,1196,10263,11.7,11,12.3,7323,71.4,70.5,72.2
2025-05-31,"ICB","QHG","E54000024","NHS BEDFORDSHIRE, LUTON AND MILTON KEYNES INTEGRATED CARE BOARD",7416,10723.6,69.2,62.1,75.2,171982,4.3,4.2,4.4,105,928,11.3,9.4,13.5,754,7691,9.8,9.2,10.5,5331,69.3,68.3,70.3
2025-05-31,"ICB","QM7","E54000025","NHS HERTFORDSHIRE AND WEST ESSEX INTEGRATED CARE BOARD",12817,19561.2,65.5,59,70.9,289450,4.4,4.4,4.5,48,1170,4.1,3.1,5.4,1055,13160,8,7.6,8.5,8924,67.8,67,68.6
2025-05-31,"ICB","QH8","E54000026","NHS MID AND SOUTH ESSEX INTEGRATED CARE BOARD",11224,16533.9,67.9,61.2,73.8,248795,4.5,4.4,4.6,153,1140,13.4,11.6,15.5,1110,11558,9.6,9.1,10.2,8290,71.7,70.9,72.5
2025-05-31,"ICB","QNQ","E54000034","NHS FRIMLEY INTEGRATED CARE BOARD",6111,9103.7,67.1,60.2,73,137722,4.4,4.3,4.5,76,423,18,14.6,21.9,534,6242,8.6,7.9,9.3,4503,72.1,71,73.2
2025-05-31,"ICB","QSL","E54000038","NHS SOMERSET INTEGRATED CARE BOARD",5632,10147.9,55.5,49.8,60.2,152487,3.7,3.6,3.8,30,242,12.4,8.8,17.1,429,5774,7.4,6.8,8.1,3817,66.1,64.9,67.3
2025-05-31,"SUB_ICB_LOC","92G","E38000231","NHS BATH AND NORTH EAST SOMERSET, SWINDON AND WILTSHIRE ICB - 92G",8527,13995.8,60.9,54.7,66.3,211901,4,3.9,4.1,78,958,8.1,6.6,10,628,8751,7.2,6.7,7.7,6132,70.1,69.1,71
2025-05-31,"SUB_ICB_LOC","36J","E38000232","NHS WEST YORKSHIRE ICB - 36J",4921,6741.3,73,65.4,79.5,106983,4.6,4.5,4.7,75,636,11.8,9.5,14.5,700,5087,13.8,12.8,14.7,3366,66.2,64.9,67.5
2025-05-31,"SUB_ICB_LOC","27D","E38000233","NHS CHESHIRE AND MERSEYSIDE ICB - 27D",8003,11909.5,67.2,60.4,73,180800,4.4,4.3,4.5,46,503,9.1,6.9,12,838,8236,10.2,9.5,10.8,5891,71.5,70.5,72.5
2025-05-31,"SUB_ICB_LOC","84H","E38000234","NHS NORTH EAST AND NORTH CUMBRIA ICB - 84H",5400,7524.2,71.8,64.3,78.2,123134,4.4,4.3,4.5,91,535,17,14.1,20.4,347,5625,6.2,5.6,6.8,3962,70.4,69.2,71.6
2025-05-31,"SUB_ICB_LOC","97R","E38000235","NHS SUSSEX ICB - 97R",6231,10297.5,60.5,54.3,65.8,150228,4.1,4,4.2,34,799,4.3,3.1,5.9,720,6378,11.3,10.5,12.1,4618,72.4,71.3,73.5
2025-05-31,"SUB_ICB_LOC","18C","E38000236","NHS HEREFORDSHIRE AND WORCESTERSHIRE ICB - 18C",7275,13098.7,55.5,50,60.4,199348,3.6,3.6,3.7,34,699,4.9,3.5,6.7,804,7481,10.7,10.1,11.5,5420,72.5,71.4,73.5
2025-05-31,"SUB_ICB_LOC","91Q","E38000237","NHS KENT AND MEDWAY ICB - 91Q",15939,26092.2,61.1,55,66.3,399124,4,3.9,4.1,102,1190,8.6,7.1,10.3,1433,16421,8.7,8.3,9.2,11388,69.4,68.6,70.1
2025-05-31,"SUB_ICB_LOC","71E","E38000238","NHS LINCOLNSHIRE ICB - 71E",8722,12751.2,68.4,61.5,74.2,197335,4.4,4.3,4.5,151,1185,12.7,11,14.8,741,9030,8.2,7.7,8.8,6228,69,68,69.9
2025-05-31,"SUB_ICB_LOC","26A","E38000239","NHS NORFOLK AND WAVENEY ICB - 26A",11450,18317.3,62.5,56.3,67.9,272724,4.2,4.1,4.3,142,1037,13.7,11.7,15.9,1362,11750,11.6,11,12.2,8139,69.3,68.4,70.1
2025-05-31,"SUB_ICB_LOC","93C","E38000240","NHS NORTH CENTRAL LONDON ICB - 93C",8985,13333.8,67.4,60.3,73.4,214069,4.2,4.1,4.3,42,492,8.5,6.4,11.3,817,9244,8.8,8.3,9.4,6493,70.2,69.3,71.2
2025-05-31,"SUB_ICB_LOC","42D","E38000241","NHS HUMBER AND NORTH YORKSHIRE ICB - 42D",5634,9622.4,58.6,52.6,63.6,147396,3.8,3.7,3.9,82,750,10.9,8.9,13.4,304,5761,5.3,4.7,5.9,4101,71.2,70,72.3
2025-05-31,"SUB_ICB_LOC","52R","E38000243","NHS NOTTINGHAM AND NOTTINGHAMSHIRE ICB - 52R",9069,13130.4,69.1,62.3,75,203966,4.4,4.4,4.5,61,834,7.3,5.7,9.3,867,9448,9.2,8.6,9.8,6525,69.1,68.1,70
2025-05-31,"SUB_ICB_LOC","72Q","E38000244","NHS SOUTH EAST LONDON ICB - 72Q",10961,15443.8,71,63.7,77,251556,4.4,4.3,4.4,141,1014,13.9,11.9,16.2,936,11377,8.2,7.7,8.7,7529,66.2,65.3,67
2025-05-31,"SUB_ICB_LOC","36L","E38000245","NHS SOUTH WEST LONDON ICB - 36L",10803,14615.3,73.9,66.3,80.4,231737,4.7,4.6,4.7,74,567,13.1,10.5,16.1,1077,11180,9.6,9.1,10.2,7969,71.3,70.4,72.1
2025-05-31,"SUB_ICB_LOC","16C","E38000247","NHS NORTH EAST AND NORTH CUMBRIA ICB - 16C",6529,8843.3,73.8,66.2,80.3,143301,4.6,4.4,4.7,167,891,18.7,16.3,21.4,356,6773,5.3,4.7,5.8,4819,71.2,70.1,72.2
2025-05-31,"SUB_ICB_LOC","M1J4Y","E38000249","NHS BEDFORDSHIRE, LUTON AND MILTON KEYNES ICB - M1J4Y",7416,10723.6,69.2,62.1,75.2,171982,4.3,4.2,4.4,105,928,11.3,9.4,13.5,754,7691,9.8,9.2,10.5,5331,69.3,68.3,70.3
2025-05-31,"SUB_ICB_LOC","70F","E38000265","NHS SUSSEX ICB - 70F",9633,15173.6,63.5,57.2,68.9,217832,4.4,4.3,4.5,46,762,6,4.6,8,708,9839,7.2,6.7,7.7,6861,69.7,68.8,70.6
2025-05-31,"SUB_ICB_LOC","B2M3M","E38000251","NHS COVENTRY AND WARWICKSHIRE ICB - B2M3M",7483,12717.1,58.8,53,63.8,192477,3.9,3.8,4,72,832,8.7,6.9,10.8,866,7725,11.2,10.5,11.9,5328,69,67.9,70
2025-05-31,"ICB","QOX","E54000040","NHS BATH AND NORTH EAST SOMERSET, SWINDON AND WILTSHIRE INTEGRATED CARE BOARD",8527,13995.8,60.9,54.7,66.3,211901,4,3.9,4.1,78,958,8.1,6.6,10,628,8751,7.2,6.7,7.7,6132,70.1,69.1,71
2025-05-31,"ICB","QVV","E54000041","NHS DORSET INTEGRATED CARE BOARD",8439,14629.6,57.7,52,62.8,211119,4,3.9,4.1,36,1367,2.6,1.9,3.6,620,8657,7.2,6.6,7.7,6181,71.4,70.4,72.3
2025-05-31,"ICB","QRL","E54000042","NHS HAMPSHIRE AND ISLE OF WIGHT INTEGRATED CARE BOARD",17448,27758.5,62.9,56.7,68.3,413836,4.2,4.2,4.3,70,1636,4.3,3.4,5.4,1875,17864,10.5,10.1,11,12378,69.3,68.6,70
2025-05-31,"ICB","QR1","E54000043","NHS GLOUCESTERSHIRE INTEGRATED CARE BOARD",6355,10131,62.7,56.4,68.2,153235,4.1,4,4.2,58,825,7,5.5,9,576,6504,8.9,8.2,9.6,4580,70.4,69.3,71.5
2025-05-31,"ICB","QU9","E54000044","NHS BUCKINGHAMSHIRE, OXFORDSHIRE AND BERKSHIRE WEST INTEGRATED CARE BOARD",14715,23723.5,62,55.9,67.4,355335,4.1,4.1,4.2,104,955,10.9,9.1,13,1250,15033,8.3,7.9,8.8,10393,69.1,68.4,69.9
2025-05-31,"ICB","QE1","E54000048","NHS LANCASHIRE AND SOUTH CUMBRIA INTEGRATED CARE BOARD",16420,24065.8,68.2,61.2,74.1,380252,4.3,4.3,4.4,117,1603,7.3,6.1,8.7,1132,16946,6.7,6.3,7.1,11951,70.5,69.8,71.2
2025-05-31,"ICB","QHM","E54000050","NHS NORTH EAST AND NORTH CUMBRIA INTEGRATED CARE BOARD",28727,41669.2,68.9,62,74.7,671123,4.3,4.2,4.3,466,3291,14.2,13,15.4,2058,29720,6.9,6.6,7.2,20934,70.4,69.9,71
2025-05-31,"ICB","QOQ","E54000051","NHS HUMBER AND NORTH YORKSHIRE INTEGRATED CARE BOARD",15975,26458.5,60.4,54.5,65.5,411863,3.9,3.8,3.9,284,2498,11.4,10.2,12.7,1134,16482,6.9,6.5,7.3,11346,68.8,68.1,69.5
2025-05-31,"ICB","QWO","E54000054","NHS WEST YORKSHIRE INTEGRATED CARE BOARD",19749,28076.5,70.3,63.1,76.2,446221,4.4,4.4,4.5,419,2974,14.1,12.9,15.4,1886,20474,9.2,8.8,9.6,14669,71.6,71,72.3
2025-05-31,"ICB","QHL","E54000055","NHS BIRMINGHAM AND SOLIHULL INTEGRATED CARE BOARD",9224,14721.4,62.7,56.4,68.2,225158,4.1,4,4.2,82,776,10.6,8.6,12.9,986,9548,10.3,9.7,11,6500,68.1,67.1,69
2025-05-31,"ICB","QUE","E54000056","NHS CAMBRIDGESHIRE AND PETERBOROUGH INTEGRATED CARE BOARD",6885,11286.1,61,54.7,66.3,173387,4,3.9,4.1,63,679,9.3,7.3,11.7,611,7082,8.6,8,9.3,4982,70.3,69.3,71.4
2025-05-31,"ICB","QOP","E54000057","NHS GREATER MANCHESTER INTEGRATED CARE BOARD",22829,30736,74.3,66.5,80.6,500292,4.6,4.5,4.6,238,2961,8,7.1,9.1,1575,23647,6.7,6.3,7,16948,71.7,71.1,72.2
2025-05-31,"ICB","QJ2","E54000058","NHS DERBY AND DERBYSHIRE INTEGRATED CARE BOARD",10516,15173.5,69.3,62.4,75.3,237707,4.4,4.3,4.5,166,819,20.3,17.7,23.2,1026,10961,9.4,8.8,9.9,7751,70.7,69.9,71.6
2025-05-31,"ICB","QPM","E54000059","NHS NORTHAMPTONSHIRE INTEGRATED CARE BOARD",6076,9162.8,66.3,59.6,72.2,146630,4.1,4,4.2,46,986,4.7,3.5,6.2,622,6229,10,9.3,10.8,4272,68.6,67.4,69.7
2025-05-31,"ICB","QT1","E54000060","NHS NOTTINGHAM AND NOTTINGHAMSHIRE INTEGRATED CARE BOARD",10421,14916.7,69.9,62.8,75.8,232127,4.5,4.4,4.6,72,993,7.3,5.8,9,986,10847,9.1,8.6,9.6,7538,69.5,68.6,70.4
2025-05-31,"ICB","QF7","E54000061","NHS SOUTH YORKSHIRE INTEGRATED CARE BOARD",12647,16771.8,75.4,67.7,82,265338,4.8,4.7,4.8,144,1682,8.6,7.3,10,901,13118,6.9,6.4,7.3,9400,71.7,70.9,72.4
2025-05-31,"ICB","QUA","E54000062","NHS BLACK COUNTRY INTEGRATED CARE BOARD",9687,14624.2,66.2,59.5,72,223014,4.3,4.3,4.4,100,1493,6.7,5.5,8.1,1014,10078,10.1,9.5,10.7,5610,55.7,54.7,56.6
2025-05-31,"ICB","QXU","E54000063","NHS SURREY HEARTLANDS ICB",10284,15237.1,67.5,60.9,73.3,217565,4.7,4.6,4.8,46,427,10.8,8.2,14.1,1036,10486,9.9,9.3,10.5,7335,70,69.1,70.8
2025-05-31,"NHS_REGION","Y59","E40000005","SOUTH EAST",82224,130296.8,63.1,56.9,68.4,1937385,4.2,4.2,4.3,496,6328,7.8,7.2,8.5,7695,84177,9.1,8.9,9.3,58769,69.8,69.5,70.1
2025-05-31,"NHS_REGION","Y58","E40000006","SOUTH WEST",55858,91730.6,60.9,54.9,66.1,1376042,4.1,4,4.1,451,5390,8.4,7.7,9.1,4531,57248,7.9,7.7,8.1,39873,69.6,69.3,70
2025-05-31,"NHS_REGION","Y63","E40000012","NORTH EAST AND YORKSHIRE",77098,112976.1,68.2,61.5,74.2,1794545,4.3,4.3,4.3,1313,10445,12.6,11.9,13.2,5979,79794,7.5,7.3,7.7,56349,70.6,70.3,70.9
2025-05-31,"NHS_REGION","Y61","E40000013","EAST OF ENGLAND",59768,93052.4,64.2,57.9,69.7,1405134,4.3,4.2,4.3,746,5901,12.6,11.8,13.5,6088,61504,9.9,9.7,10.1,42989,69.9,69.5,70.3
2025-05-31,"NHS_REGION","Y62","E40000014","NORTH WEST",62987,89922.8,70,63,75.8,1436184,4.4,4.4,4.4,676,7521,9,8.4,9.7,5362,65072,8.2,8,8.5,45998,70.7,70.3,71
2025-05-31,"SUB_ICB_LOC","02P","E38000006","NHS SOUTH YORKSHIRE ICB - 02P",2321,3168.4,73.3,65.3,80,52118,4.5,4.3,4.6,21,390,5.4,3.5,8.1,83,2409,3.4,2.8,4.3,1691,70.2,68.3,72
2025-05-31,"SUB_ICB_LOC","99E","E38000007","NHS MID AND SOUTH ESSEX ICB - 99E",2155,3545.4,60.8,54.3,66.4,52867,4.1,3.9,4.2,49,300,16.3,12.6,20.9,197,2234,8.8,7.7,10.1,1558,69.7,67.8,71.6
2025-05-31,"SUB_ICB_LOC","02Q","E38000008","NHS NOTTINGHAM AND NOTTINGHAMSHIRE ICB - 02Q",1352,1786.3,75.7,67,83.3,28161,4.8,4.6,5.1,11,159,6.9,3.9,12,119,1399,8.5,7.2,10.1,1013,72.4,70,74.7
2025-05-31,"SUB_ICB_LOC","00Q","E38000014","NHS LANCASHIRE AND SOUTH CUMBRIA ICB - 00Q",1012,1618.3,62.5,55.2,69.1,27380,3.7,3.5,3.9,16,168,9.5,5.9,14.9,84,1055,8,6.5,9.8,792,75.1,72.4,77.6
2025-05-31,"SUB_ICB_LOC","00R","E38000015","NHS LANCASHIRE AND SOUTH CUMBRIA ICB - 00R",1546,2210.3,69.9,62.2,76.7,35265,4.4,4.2,4.6,14,141,9.9,6,16,118,1617,7.3,6.1,8.7,1075,66.5,64.1,68.7
2025-05-31,"SUB_ICB_LOC","00T","E38000016","NHS GREATER MANCHESTER ICB - 00T",2432,3359.9,72.4,64.5,79.3,54851,4.4,4.3,4.6,23,300,7.7,5.2,11.2,182,2525,7.2,6.3,8.3,1800,71.3,69.5,73
2025-05-31,"SUB_ICB_LOC","00V","E38000024","NHS GREATER MANCHESTER ICB - 00V",1873,2446.9,76.5,68.2,83.8,38555,4.9,4.6,5.1,1,57,1.8,0.3,9.3,171,1941,8.8,7.6,10.2,1348,69.4,67.4,71.5
2025-05-31,"SUB_ICB_LOC","02T","E38000025","NHS WEST YORKSHIRE ICB - 02T",1809,2667.7,67.8,60.2,74.2,43688,4.1,4,4.3,21,359,5.8,3.9,8.8,146,1877,7.8,6.7,9.1,1380,73.5,71.5,75.5
2025-05-31,"SUB_ICB_LOC","04Y","E38000028","NHS STAFFORDSHIRE AND STOKE-ON-TRENT ICB - 04Y",1429,1876.7,76.1,67.7,83.7,29434,4.9,4.6,5.1,35,130,26.9,20,35.1,146,1470,9.9,8.5,11.6,1068,72.7,70.3,74.9
2025-05-31,"SUB_ICB_LOC","99F","E38000030","NHS MID AND SOUTH ESSEX ICB - 99F",2200,3112.2,70.7,63.4,77.3,45207,4.9,4.7,5.1,42,161,26.1,19.9,33.4,153,2246,6.8,5.8,7.9,1595,71,69.1,72.9
2025-05-31,"SUB_ICB_LOC","00X","E38000034","NHS LANCASHIRE AND SOUTH CUMBRIA ICB - 00X",1877,2585.6,72.6,64.8,79.5,41008,4.6,4.4,4.8,9,180,5,2.7,9.2,89,1928,4.6,3.8,5.6,1386,71.9,69.8,73.8
2025-05-31,"SUB_ICB_LOC","02X","E38000044","NHS SOUTH YORKSHIRE ICB - 02X",2670,3845.2,69.4,62,75.9,62149,4.3,4.1,4.5,47,503,9.3,7.1,12.2,174,2772,6.3,5.4,7.2,1898,68.5,66.7,70.2
2025-05-31,"SUB_ICB_LOC","11J","E38000045","NHS DORSET ICB - 11J",8439,14629.6,57.7,52,62.8,211119,4,3.9,4.1,36,1367,2.6,1.9,3.6,620,8657,7.2,6.6,7.7,6181,71.4,70.4,72.3
2025-05-31,"SUB_ICB_LOC","06K","E38000049","NHS HERTFORDSHIRE AND WEST ESSEX ICB - 06K",4686,7553.3,62,55.7,67.4,111205,4.2,4.1,4.3,25,671,3.7,2.5,5.4,365,4813,7.6,6.9,8.4,3293,68.4,67.1,69.7
2025-05-31,"SUB_ICB_LOC","01A","E38000050","NHS LANCASHIRE AND SOUTH CUMBRIA ICB - 01A",2953,4536.4,65.1,58.1,71,74533,4,3.8,4.1,44,517,8.5,6.4,11.2,226,3067,7.4,6.5,8.3,2260,73.7,72.1,75.2
2025-05-31,"SUB_ICB_LOC","03W","E38000051","NHS LEICESTER, LEICESTERSHIRE AND RUTLAND ICB - 03W",3330,5537.4,60.1,53.8,65.6,82976,4,3.9,4.1,12,305,3.9,2.3,6.8,346,3415,10.1,9.2,11.2,2523,73.9,72.4,75.3
2025-05-31,"SUB_ICB_LOC","02Y","E38000052","NHS HUMBER AND NORTH YORKSHIRE ICB - 02Y",3277,5650.3,58,52,63.2,87176,3.8,3.6,3.9,67,437,15.3,12.3,19,247,3363,7.3,6.5,8.3,2347,69.8,68.2,71.3
2025-05-31,"SUB_ICB_LOC","05D","E38000053","NHS STAFFORDSHIRE AND STOKE-ON-TRENT ICB - 05D",1196,1964.3,60.9,54,66.9,30608,3.9,3.7,4.1,19,95,20,13.2,29.1,53,1232,4.3,3.3,5.6,823,66.8,64.1,69.4
2025-05-31,"SUB_ICB_LOC","11M","E38000062","NHS GLOUCESTERSHIRE ICB - 11M",6355,10131,62.7,56.4,68.2,153235,4.1,4,4.2,58,825,7,5.5,9,576,6504,8.9,8.2,9.6,4580,70.4,69.3,71.5
2025-05-31,"SUB_ICB_LOC","01F","E38000068","NHS CHESHIRE AND MERSEYSIDE ICB - 01F",990,1475.3,67.1,59,74.2,25863,3.8,3.6,4.1,23,125,18.4,12.6,26.1,77,1035,7.4,6,9.2,714,69,66.1,71.7
2025-05-31,"SUB_ICB_LOC","06N","E38000079","NHS HERTFORDSHIRE AND WEST ESSEX ICB - 06N",5043,7853.1,64.2,57.7,69.9,116139,4.3,4.2,4.5,11,260,4.2,2.4,7.4,467,5175,9,8.3,9.8,3569,69,67.7,70.2
2025-05-31,"SUB_ICB_LOC","01D","E38000080","NHS GREATER MANCHESTER ICB - 01D",1879,2402,78.2,69.5,85.7,40730,4.6,4.4,4.8,31,247,12.6,9,17.3,149,1964,7.6,6.5,8.8,1414,72,70,73.9
2025-05-31,"SUB_ICB_LOC","03F","E38000085","NHS HUMBER AND NORTH YORKSHIRE ICB - 03F",1896,2924.2,64.8,57.6,71.1,49734,3.8,3.6,4,28,346,8.1,5.7,11.4,215,1968,10.9,9.6,12.4,1245,63.3,61.1,65.4
2025-05-31,"SUB_ICB_LOC","06L","E38000086","NHS SUFFOLK AND NORTH EAST ESSEX ICB - 06L",3870,6499.7,59.5,53.4,64.9,97307,4,3.9,4.1,151,417,36.2,31.7,40.9,297,3967,7.5,6.7,8.3,2789,70.3,68.9,71.7
2025-05-31,"SUB_ICB_LOC","11N","E38000089","NHS CORNWALL AND THE ISLES OF SCILLY ICB - 11N",6142,9976.5,61.6,55.3,66.8,155174,4,3.9,4.1,64,576,11.1,8.8,13.9,561,6268,9,8.3,9.7,4094,65.3,64.1,66.5
2025-05-31,"SUB_ICB_LOC","01J","E38000091","NHS CHESHIRE AND MERSEYSIDE ICB - 01J",1102,1699.6,64.8,57.1,71.5,30064,3.7,3.5,3.9,38,179,21.2,15.9,27.8,116,1145,10.1,8.5,12,733,64,61.2,66.7
2025-05-31,"SUB_ICB_LOC","04C","E38000097","NHS LEICESTER, LEICESTERSHIRE AND RUTLAND ICB - 04C",2386,3068,77.8,69,85.2,52732,4.5,4.4,4.7,6,553,1.1,0.5,2.3,291,2499,11.6,10.4,13,1630,65.2,63.3,67.1
2025-05-31,"SUB_ICB_LOC","99A","E38000101","NHS CHESHIRE AND MERSEYSIDE ICB - 99A",3500,5108.4,68.5,61,74.8,87792,4,3.9,4.1,46,615,7.5,5.7,9.8,431,3619,11.9,10.9,13,2503,69.2,67.6,70.6
2025-05-31,"SUB_ICB_LOC","06Q","E38000106","NHS MID AND SOUTH ESSEX ICB - 06Q",3711,5769.8,64.3,57.7,70,87459,4.2,4.1,4.4,30,414,7.2,5.1,10.2,440,3807,11.6,10.6,12.6,2613,68.6,67.1,70.1
2025-05-31,"SUB_ICB_LOC","06T","E38000117","NHS SUFFOLK AND NORTH EAST ESSEX ICB - 06T",3786,5707.4,66.3,59.5,72.2,85008,4.5,4.3,4.6,40,364,11,8.2,14.6,632,3927,16.1,15,17.3,2830,72.1,70.6,73.4
2025-05-31,"SUB_ICB_LOC","03H","E38000119","NHS HUMBER AND NORTH YORKSHIRE ICB - 03H",1668,2349.5,71,63.2,77.9,36908,4.5,4.3,4.7,64,278,23,18.5,28.3,165,1757,9.4,8.1,10.8,1190,67.7,65.5,69.9
2025-05-31,"SUB_ICB_LOC","03K","E38000122","NHS HUMBER AND NORTH YORKSHIRE ICB - 03K",1695,2600.5,65.2,58.1,71.4,41360,4.1,3.9,4.3,26,270,9.6,6.7,13.7,107,1779,6,5,7.2,1121,63,60.7,65.2
2025-05-31,"SUB_ICB_LOC","05G","E38000126","NHS STAFFORDSHIRE AND STOKE-ON-TRENT ICB - 05G",2620,3544.1,73.9,66.2,80.8,54007,4.9,4.7,5,33,300,11,7.9,15,296,2661,11.1,10,12.4,1898,71.3,69.6,73
2025-05-31,"SUB_ICB_LOC","99C","E38000127","NHS NORTH EAST AND NORTH CUMBRIA ICB - 99C",2108,3009.9,70,62.4,76.6,48318,4.4,4.2,4.5,12,322,3.7,2.1,6.4,163,2157,7.6,6.5,8.7,1510,70,68,71.9
2025-05-31,"SUB_ICB_LOC","00L","E38000130","NHS NORTH EAST AND NORTH CUMBRIA ICB - 00L",3610,5660.1,63.8,57,69.4,91287,4,3.8,4.1,48,489,9.8,7.5,12.8,217,3720,5.8,5.1,6.6,2670,71.8,70.3,73.2
2025-05-31,"SUB_ICB_LOC","00Y","E38000135","NHS GREATER MANCHESTER ICB - 00Y",1905,2555.9,74.5,66.3,81.7,41849,4.6,4.4,4.8,32,396,8.1,5.8,11.2,103,1987,5.2,4.3,6.2,1464,73.7,71.7,75.6
2025-05-31,"SUB_ICB_LOC","10Q","E38000136","NHS BUCKINGHAMSHIRE, OXFORDSHIRE AND BERKSHIRE WEST ICB - 10Q",6236,9817.6,63.5,57.1,68.9,145874,4.3,4.2,4.4,35,267,13.1,9.6,17.7,504,6365,7.9,7.3,8.6,4366,68.6,67.4,69.7
2025-05-31,"SUB_ICB_LOC","10R","E38000137","NHS HAMPSHIRE AND ISLE OF WIGHT ICB - 10R",1563,2217.6,70.5,62.5,77,35169,4.4,4.2,4.7,1,223,0.4,0.1,2.5,175,1612,10.9,9.4,12.5,1026,63.6,61.3,66
2025-05-31,"SUB_ICB_LOC","03L","E38000141","NHS SOUTH YORKSHIRE ICB - 03L",2968,3344.9,88.7,79.4,97,52839,5.6,5.4,5.8,40,358,11.2,8.3,14.9,174,3082,5.6,4.9,6.5,2369,76.9,75.3,78.3
2025-05-31,"SUB_ICB_LOC","01G","E38000143","NHS GREATER MANCHESTER ICB - 01G",1905,2431,78.4,69.8,85.7,40032,4.8,4.6,5,31,185,16.8,12.1,22.8,129,1968,6.6,5.5,7.7,1435,72.9,70.9,74.8
2025-05-31,"SUB_ICB_LOC","03N","E38000146","NHS SOUTH YORKSHIRE ICB - 03N",4688,6413.3,73.1,65.3,79.6,98232,4.8,4.6,4.9,36,431,8.4,6.1,11.3,470,4855,9.7,8.9,10.5,3442,70.9,69.6,72.2
2025-05-31,"SUB_ICB_LOC","11X","E38000150","NHS SOMERSET ICB - 11X",5632,10147.9,55.5,49.8,60.2,152487,3.7,3.6,3.8,30,242,12.4,8.8,17.1,429,5774,7.4,6.8,8.1,3817,66.1,64.9,67.3
2025-05-31,"SUB_ICB_LOC","05Q","E38000153","NHS STAFFORDSHIRE AND STOKE-ON-TRENT ICB - 05Q",2151,3260.9,66,58.8,72.3,50033,4.3,4.1,4.5,26,214,12.1,8.4,17.2,101,2206,4.6,3.8,5.5,1495,67.8,65.8,69.7
2025-05-31,"SUB_ICB_LOC","01T","E38000161","NHS CHESHIRE AND MERSEYSIDE ICB - 01T",1227,2064.3,59.4,52.6,65.3,33047,3.7,3.5,3.9,50,448,11.2,8.6,14.4,122,1256,9.7,8.2,11.5,830,66.1,63.4,68.6
2025-05-31,"SUB_ICB_LOC","00N","E38000163","NHS NORTH EAST AND NORTH CUMBRIA ICB - 00N",1483,2063.2,71.9,63.6,79,33617,4.4,4.2,4.6,19,177,10.7,7,16.2,105,1522,6.9,5.7,8.3,1066,70,67.7,72.3
2025-05-31,"SUB_ICB_LOC","99G","E38000168","NHS MID AND SOUTH ESSEX ICB - 99G",2107,2494.7,84.5,75.5,92.2,37083,5.7,5.5,5.9,21,112,18.8,12.6,27,186,2179,8.5,7.4,9.8,1696,77.8,76,79.5
2025-05-31,"SUB_ICB_LOC","01V","E38000170","NHS CHESHIRE AND MERSEYSIDE ICB - 01V",1844,2441.1,75.5,67.6,82.5,34922,5.3,5.1,5.5,59,388,15.2,12,19.1,197,1883,10.5,9.2,11.9,1321,70.2,68,72.2
2025-05-31,"SUB_ICB_LOC","01X","E38000172","NHS CHESHIRE AND MERSEYSIDE ICB - 01X",1748,2649.1,66,58.7,72.2,42072,4.2,4,4.3,26,215,12.1,8.4,17.1,140,1814,7.7,6.6,9,1208,66.6,64.4,68.7
2025-05-31,"SUB_ICB_LOC","05V","E38000173","NHS STAFFORDSHIRE AND STOKE-ON-TRENT ICB - 05V",1474,2425.7,60.8,54.1,66.8,36656,4,3.8,4.2,13,203,6.4,3.8,10.6,81,1505,5.4,4.4,6.6,1051,69.8,67.5,72.1
2025-05-31,"SUB_ICB_LOC","01W","E38000174","NHS GREATER MANCHESTER ICB - 01W",3247,4298.5,75.5,67.7,82.4,64349,5,4.9,5.2,13,182,7.1,4.2,11.8,210,3323,6.3,5.5,7.2,2503,75.3,73.8,76.8
2025-05-31,"SUB_ICB_LOC","05W","E38000175","NHS STAFFORDSHIRE AND STOKE-ON-TRENT ICB - 05W",3075,3301.3,93.1,83.3,101.6,52016,5.9,5.7,6.1,45,377,11.9,9,15.6,284,3159,9,8,10,2209,69.9,68.3,71.5
2025-05-31,"SUB_ICB_LOC","00P","E38000176","NHS NORTH EAST AND NORTH CUMBRIA ICB - 00P",2497,3692,67.6,60.3,73.8,60028,4.2,4,4.3,33,220,15,10.9,20.3,251,2570,9.8,8.7,11,1797,69.9,68.1,71.7
2025-05-31,"SUB_ICB_LOC","07G","E38000185","NHS MID AND SOUTH ESSEX ICB - 07G",1051,1611.8,65.2,57.6,71.9,26179,4,3.8,4.3,11,153,7.2,4.1,12.4,134,1092,12.3,10.5,14.4,828,75.8,73.2,78.3
2025-05-31,"SUB_ICB_LOC","02A","E38000187","NHS GREATER MANCHESTER ICB - 02A",1984,2924.6,67.8,60.5,74.3,44213,4.5,4.3,4.7,31,154,20.1,14.6,27.2,109,2037,5.4,4.5,6.4,1307,64.2,62.1,66.2
2025-05-31,"SUB_ICB_LOC","03Q","E38000188","NHS HUMBER AND NORTH YORKSHIRE ICB - 03Q",1805,3311.6,54.5,48.6,59.6,49289,3.7,3.5,3.8,17,417,4.1,2.6,6.4,96,1854,5.2,4.3,6.3,1342,72.4,70.3,74.4
2025-05-31,"SUB_ICB_LOC","03R","E38000190","NHS WEST YORKSHIRE ICB - 03R",3013,4534.7,66.4,59.3,72.3,73959,4.1,3.9,4.2,84,575,14.6,12,17.7,316,3152,10,9,11.1,2361,74.9,73.4,76.4
2025-05-31,"SUB_ICB_LOC","02E","E38000194","NHS CHESHIRE AND MERSEYSIDE ICB - 02E",2043,2820,72.4,64.6,79.2,44296,4.6,4.4,4.8,27,375,7.2,5,10.3,265,2100,12.6,11.3,14.1,1473,70.1,68.2,72.1
2025-05-31,"SUB_ICB_LOC","07H","E38000197","NHS HERTFORDSHIRE AND WEST ESSEX ICB - 07H",3088,4154.7,74.3,66.6,81,62106,5,4.8,5.1,12,239,5,2.9,8.6,223,3172,7,6.2,8,2062,65,63.3,66.6
2025-05-31,"SUB_ICB_LOC","02G","E38000200","NHS LANCASHIRE AND SOUTH CUMBRIA ICB - 02G",1147,1725.6,66.5,58.9,73.4,26688,4.3,4.1,4.5,7,80,8.8,4.3,17,84,1175,7.1,5.8,8.8,812,69.1,66.4,71.7
2025-05-31,"SUB_ICB_LOC","04V","E38000201","NHS LEICESTER, LEICESTERSHIRE AND RUTLAND ICB - 04V",3339,5407.2,61.8,55.2,67.4,85262,3.9,3.8,4,20,257,7.8,5.1,11.7,297,3426,8.7,7.8,9.7,2279,66.5,64.9,68.1
2025-05-31,"SUB_ICB_LOC","07K","E38000204","NHS SUFFOLK AND NORTH EAST ESSEX ICB - 07K",2320,4423.2,52.5,47,57.3,66481,3.5,3.4,3.6,44,166,26.5,20.4,33.7,267,2369,11.3,10.1,12.6,1704,71.9,70.1,73.7
2025-05-31,"SUB_ICB_LOC","02H","E38000205","NHS GREATER MANCHESTER ICB - 02H",3012,4123.7,73,65.1,79.7,67526,4.5,4.3,4.6,35,742,4.7,3.4,6.5,132,3093,4.3,3.6,5,2215,71.6,70,73.2
2025-05-31,"SUB_ICB_LOC","12F","E38000208","NHS CHESHIRE AND MERSEYSIDE ICB - 12F",3281,4953.7,66.2,59.2,72.2,76784,4.3,4.1,4.4,6,109,5.5,2.5,11.5,469,3391,13.8,12.7,15,2426,71.5,70,73
2025-05-31,"SUB_ICB_LOC","13T","E38000212","NHS NORTH EAST AND NORTH CUMBRIA ICB - 13T",4119,5660.3,72.8,65.2,79.2,88905,4.6,4.5,4.8,26,452,5.8,4,8.3,342,4267,8,7.2,8.9,2944,69,67.6,70.4
2025-05-31,"SUB_ICB_LOC","01H","E38000215","NHS NORTH EAST AND NORTH CUMBRIA ICB - 01H",2981,5216.4,57.1,50.9,62.5,82533,3.6,3.5,3.7,70,205,34.1,28,40.9,277,3086,9,8,10,2166,70.2,68.5,71.8
2025-05-31,"SUB_ICB_LOC","14L","E38000217","NHS GREATER MANCHESTER ICB - 14L",2870,3816.5,75.2,66.9,82.2,68549,4.2,4,4.3,15,550,2.7,1.7,4.5,232,3011,7.7,6.8,8.7,2134,70.9,69.2,72.5
2025-05-31,"SUB_ICB_LOC","15A","E38000221","NHS BUCKINGHAMSHIRE, OXFORDSHIRE AND BERKSHIRE WEST ICB - 15A",4007,6186.2,64.8,58.1,70.7,95293,4.2,4.1,4.3,47,304,15.5,11.8,20,370,4115,9,8.2,9.9,2863,69.6,68.2,71
2025-05-31,"SUB_ICB_LOC","15C","E38000222","NHS BRISTOL, NORTH SOMERSET AND SOUTH GLOUCESTERSHIRE ICB - 15C",8582,12106.8,70.9,64,77.1,180917,4.7,4.6,4.8,5,336,1.5,0.6,3.4,666,8812,7.6,7,8.1,6493,73.7,72.8,74.6
2025-05-31,"SUB_ICB_LOC","14Y","E38000223","NHS BUCKINGHAMSHIRE, OXFORDSHIRE AND BERKSHIRE WEST ICB - 14Y",4472,7719.7,57.9,52,63,114168,3.9,3.8,4,22,384,5.7,3.8,8.5,376,4553,8.3,7.5,9.1,3164,69.5,68.1,70.8
2025-05-31,"SUB_ICB_LOC","15F","E38000225","NHS WEST YORKSHIRE ICB - 15F",6694,9075,73.8,66.3,80.1,140745,4.8,4.6,4.9,176,722,24.4,21.4,27.6,404,6903,5.9,5.3,6.4,5103,73.9,72.9,74.9
2025-05-31,"SUB_ICB_LOC","02M","E38000226","NHS LANCASHIRE AND SOUTH CUMBRIA ICB - 02M",2362,3614.6,65.3,58.6,71.5,54284,4.4,4.2,4.5,8,154,5.2,2.7,9.9,134,2417,5.5,4.7,6.5,1654,68.4,66.6,70.3
2025-05-31,"SUB_ICB_LOC","01E","E38000227","NHS LANCASHIRE AND SOUTH CUMBRIA ICB - 01E",1771,2381.8,74.4,66.2,81.5,37995,4.7,4.5,4.9,10,171,5.8,3.2,10.4,137,1818,7.5,6.4,8.8,1353,74.4,72.4,76.4
2025-05-31,"SUB_ICB_LOC","X2C4Y","E38000254","NHS WEST YORKSHIRE ICB - X2C4Y",3312,5057.8,65.5,58.5,71.3,80846,4.1,4,4.2,63,682,9.2,7.3,11.6,320,3455,9.3,8.3,10.3,2459,71.2,69.6,72.7
2025-05-31,"SUB_ICB_LOC","A3A8R","E38000255","NHS NORTH EAST LONDON ICB - A3A8R",8528,13737.1,62.1,55.6,67.4,233665,3.6,3.6,3.7,122,864,14.1,12,16.6,834,8919,9.4,8.8,10,6364,71.4,70.4,72.3
2025-05-31,"SUB_ICB_LOC","W2U3Z","E38000256","NHS NORTH WEST LONDON ICB - W2U3Z",12979,19946.7,65.1,58.3,70.6,328433,4,3.9,4,176,2069,8.5,7.4,9.8,1150,13498,8.5,8.1,9,9068,67.2,66.4,68
2025-05-31,"SUB_ICB_LOC","M2L0M","E38000257","NHS SHROPSHIRE, TELFORD AND WREKIN ICB - M2L0M",5058,8033.2,63,56.4,68.5,123646,4.1,4,4.2,26,291,8.9,6.2,12.8,365,5192,7,6.4,7.8,3461,66.7,65.4,67.9
2025-05-31,"SUB_ICB_LOC","15E","E38000258","NHS BIRMINGHAM AND SOLIHULL ICB - 15E",9224,14721.4,62.7,56.4,68.2,225158,4.1,4,4.2,82,776,10.6,8.6,12.9,986,9548,10.3,9.7,11,6500,68.1,67.1,69
2025-05-31,"SUB_ICB_LOC","D2P2L","E38000259","NHS BLACK COUNTRY ICB - D2P2L",9687,14624.2,66.2,59.5,72,223014,4.3,4.3,4.4,100,1493,6.7,5.5,8.1,1014,10078,10.1,9.5,10.7,5610,55.7,54.7,56.6
2025-05-31,"SUB_ICB_LOC","06H","E38000260","NHS CAMBRIDGESHIRE AND PETERBOROUGH ICB - 06H",6885,11286.1,61,54.7,66.3,173387,4,3.9,4.1,63,679,9.3,7.3,11.7,611,7082,8.6,8,9.3,4982,70.3,69.3,71.4
2025-05-31,"SUB_ICB_LOC","15M","E38000261","NHS DERBY AND DERBYSHIRE ICB - 15M",10516,15173.5,69.3,62.4,75.3,237707,4.4,4.3,4.5,166,819,20.3,17.7,23.2,1026,10961,9.4,8.8,9.9,7751,70.7,69.9,71.6
2025-05-31,"SUB_ICB_LOC","78H","E38000262","NHS NORTHAMPTONSHIRE ICB - 78H",6076,9162.8,66.3,59.6,72.2,146630,4.1,4,4.2,46,986,4.7,3.5,6.2,622,6229,10,9.3,10.8,4272,68.6,67.4,69.7
2025-05-31,"SUB_ICB_LOC","01Y","E38000263","NHS GREATER MANCHESTER ICB - 01Y",1722,2377,72.4,64.2,79.4,39638,4.3,4.1,4.5,26,148,17.6,12.3,24.5,158,1798,8.8,7.6,10.2,1328,73.9,71.8,75.8
2025-05-31,"SUB_ICB_LOC","92A","E38000264","NHS SURREY HEARTLANDS ICB - 92A",10284,15237.1,67.5,60.9,73.3,217565,4.7,4.6,4.8,46,427,10.8,8.2,14.1,1036,10486,9.9,9.3,10.5,7335,70,69.1,70.8
2025-05-31,"ICB","QUY","E54000039","NHS BRISTOL, NORTH SOMERSET AND SOUTH GLOUCESTERSHIRE INTEGRATED CARE BOARD",8582,12106.8,70.9,64,77.1,180917,4.7,4.6,4.8,5,336,1.5,0.6,3.4,666,8812,7.6,7,8.1,6493,73.7,72.8,74.6
2025-05-31,"SUB_ICB_LOC","D4U1Y","E38000252","NHS FRIMLEY ICB - D4U1Y",6111,9103.7,67.1,60.2,73,137722,4.4,4.3,4.5,76,423,18,14.6,21.9,534,6242,8.6,7.9,9.3,4503,72.1,71,73.2
2025-05-31,"SUB_ICB_LOC","D9Y0V","E38000253","NHS HAMPSHIRE AND ISLE OF WIGHT ICB - D9Y0V",15885,25540.8,62.2,56.1,67.4,378667,4.2,4.1,4.3,69,1413,4.9,3.9,6.1,1700,16252,10.5,10,10.9,11352,69.8,69.1,70.6
2025-05-31,"SUB_ICB_LOC","01K","E38000228","NHS LANCASHIRE AND SOUTH CUMBRIA ICB - 01K",3752,5393.3,69.6,62.3,75.9,83099,4.5,4.4,4.7,9,192,4.7,2.5,8.7,260,3869,6.7,6,7.6,2619,67.7,66.2,69.1
2025-05-31,"ICB","QRV","E54000027","NHS NORTH WEST LONDON INTEGRATED CARE BOARD",12979,19946.7,65.1,58.3,70.6,328433,4,3.9,4,176,2069,8.5,7.4,9.8,1150,13498,8.5,8.1,9,9068,67.2,66.4,68
2025-05-31,"ICB","QMJ","E54000028","NHS NORTH CENTRAL LONDON INTEGRATED CARE BOARD",8985,13333.8,67.4,60.3,73.4,214069,4.2,4.1,4.3,42,492,8.5,6.4,11.3,817,9244,8.8,8.3,9.4,6493,70.2,69.3,71.2
2025-05-31,"ICB","QMF","E54000029","NHS NORTH EAST LONDON INTEGRATED CARE BOARD",8528,13737.1,62.1,55.6,67.4,233665,3.6,3.6,3.7,122,864,14.1,12,16.6,834,8919,9.4,8.8,10,6364,71.4,70.4,72.3
2025-05-31,"ICB","QKK","E54000030","NHS SOUTH EAST LONDON INTEGRATED CARE BOARD",10961,15443.8,71,63.7,77,251556,4.4,4.3,4.4,141,1014,13.9,11.9,16.2,936,11377,8.2,7.7,8.7,7529,66.2,65.3,67
2025-05-31,"ICB","QWE","E54000031","NHS SOUTH WEST LONDON INTEGRATED CARE BOARD",10803,14615.3,73.9,66.3,80.4,231737,4.7,4.6,4.7,74,567,13.1,10.5,16.1,1077,11180,9.6,9.1,10.2,7969,71.3,70.4,72.1
2025-05-31,"ICB","QKS","E54000032","NHS KENT AND MEDWAY INTEGRATED CARE BOARD",15939,26092.2,61.1,55,66.3,399124,4,3.9,4.1,102,1190,8.6,7.1,10.3,1433,16421,8.7,8.3,9.2,11388,69.4,68.6,70.1
2025-05-31,"ICB","QJK","E54000037","NHS DEVON INTEGRATED CARE BOARD",12181,20742.9,58.7,52.8,63.7,311209,3.9,3.8,4,180,1086,16.6,14.5,18.9,1051,12482,8.4,7.9,8.9,8576,68.7,67.9,69.5
2025-05-31,"ICB","QNX","E54000064","NHS SUSSEX ICB",17727,28381.9,62.5,56.2,67.8,413803,4.3,4.2,4.3,98,1697,5.8,4.8,7,1567,18131,8.6,8.2,9.1,12772,70.4,69.8,71.1
2025-05-31,"NHS_REGION","Y56","E40000003","LONDON",52256,77076.6,67.8,60.9,73.4,1259460,4.1,4.1,4.2,555,5006,11.1,10.2,12,4814,54218,8.9,8.6,9.1,37423,69,68.6,69.4
2025-05-31,"NHS_REGION","Y60","E40000011","MIDLANDS",95462,145584.3,65.6,59.1,71.1,2251166,4.2,4.2,4.3,958,10508,9.1,8.6,9.7,9305,98664,9.4,9.3,9.6,67084,68,67.7,68.3
2025-05-31,"SUB_ICB_LOC","09D","E38000021","NHS SUSSEX ICB - 09D",1863,2910.8,64,57,70,45743,4.1,3.9,4.3,18,136,13.2,8.5,20,139,1914,7.3,6.2,8.5,1293,67.6,65.4,69.6
2025-05-31,"SUB_ICB_LOC","15N","E38000230","NHS DEVON ICB - 15N",12181,20742.9,58.7,52.8,63.7,311209,3.9,3.8,4,180,1086,16.6,14.5,18.9,1051,12482,8.4,7.9,8.9,8576,68.7,67.9,69.5
2025-05-31,"COUNTRY","ENG","E92000001","ENGLAND",485653,740639.6,65.6,59,71,11459916,4.2,4.2,4.2,5195,51099,10.2,9.9,10.4,43774,500677,8.7,8.7,8.8,348485,69.6,69.5,69.7
2025-06-30,"SUB_ICB_LOC","91Q","E38000237","NHS KENT AND MEDWAY ICB - 91Q",16043,26138.8,61.4,55.3,66.7,399544,4,4,4.1,161,1857,8.7,7.5,10,1431,16522,8.7,8.2,9.1,11029,66.8,66,67.5
2025-06-30,"SUB_ICB_LOC","18C","E38000236","NHS HEREFORDSHIRE AND WORCESTERSHIRE ICB - 18C",7309,13138.7,55.6,50,60.4,199611,3.7,3.6,3.7,58,1064,5.5,4.2,7,795,7521,10.6,9.9,11.3,5315,70.7,69.6,71.7
2025-06-30,"SUB_ICB_LOC","99F","E38000030","NHS MID AND SOUTH ESSEX ICB - 99F",2224,3113,71.4,64,78,45172,4.9,4.7,5.1,68,269,25.3,20.5,30.8,150,2273,6.6,5.7,7.7,1586,69.8,67.9,71.6
2025-06-30,"SUB_ICB_LOC","00X","E38000034","NHS LANCASHIRE AND SOUTH CUMBRIA ICB - 00X",1882,2593.5,72.6,64.7,79.6,41108,4.6,4.4,4.8,14,279,5,3,8.2,90,1935,4.7,3.8,5.7,1353,69.9,67.8,71.9
2025-06-30,"SUB_ICB_LOC","02X","E38000044","NHS SOUTH YORKSHIRE ICB - 02X",2683,3849.4,69.7,62.2,75.9,62241,4.3,4.2,4.5,67,792,8.5,6.7,10.6,178,2793,6.4,5.5,7.3,1807,64.7,62.9,66.4
2025-06-30,"SUB_ICB_LOC","11J","E38000045","NHS DORSET ICB - 11J",8436,14640.2,57.6,51.9,62.6,211243,4,3.9,4.1,65,2039,3.2,2.5,4,619,8656,7.2,6.6,7.7,5975,69,68,70
2025-06-30,"SUB_ICB_LOC","06K","E38000049","NHS HERTFORDSHIRE AND WEST ESSEX ICB - 06K",4725,7566.2,62.4,56.1,67.9,111348,4.2,4.1,4.4,58,1011,5.7,4.5,7.3,367,4850,7.6,6.9,8.3,3221,66.4,65.1,67.7
2025-06-30,"SUB_ICB_LOC","01A","E38000050","NHS LANCASHIRE AND SOUTH CUMBRIA ICB - 01A",2965,4545.8,65.2,58.2,71.3,74613,4,3.8,4.1,72,780,9.2,7.4,11.5,225,3073,7.3,6.5,8.3,2226,72.4,70.8,74
2025-06-30,"SUB_ICB_LOC","03W","E38000051","NHS LEICESTER, LEICESTERSHIRE AND RUTLAND ICB - 03W",3341,5552.7,60.2,53.9,65.6,83143,4,3.9,4.2,22,494,4.5,3,6.7,340,3420,9.9,9,11,2436,71.2,69.7,72.7
2025-06-30,"SUB_ICB_LOC","02Y","E38000052","NHS HUMBER AND NORTH YORKSHIRE ICB - 02Y",3295,5668.2,58.1,52,63.2,87355,3.8,3.6,3.9,119,719,16.6,14,19.4,261,3381,7.7,6.9,8.7,2303,68.1,66.5,69.7
2025-06-30,"SUB_ICB_LOC","05D","E38000053","NHS STAFFORDSHIRE AND STOKE-ON-TRENT ICB - 05D",1191,1968.7,60.5,53.6,66.4,30660,3.9,3.7,4.1,36,141,25.5,19.1,33.3,51,1228,4.2,3.2,5.4,794,64.7,61.9,67.3
2025-06-30,"SUB_ICB_LOC","11M","E38000062","NHS GLOUCESTERSHIRE ICB - 11M",6655,10146.7,65.6,58.9,71.2,153398,4.3,4.2,4.4,96,1275,7.5,6.2,9.1,598,6813,8.8,8.1,9.5,4671,68.6,67.4,69.7
2025-06-30,"SUB_ICB_LOC","01F","E38000068","NHS CHESHIRE AND MERSEYSIDE ICB - 01F",981,1480.1,66.3,58.2,73.4,25911,3.8,3.6,4,38,185,20.5,15.3,26.9,90,1030,8.7,7.2,10.6,687,66.7,63.8,69.5
2025-06-30,"SUB_ICB_LOC","06N","E38000079","NHS HERTFORDSHIRE AND WEST ESSEX ICB - 06N",5012,7866.6,63.7,57.1,69.2,116314,4.3,4.2,4.4,20,379,5.3,3.4,8,451,5141,8.8,8,9.6,3335,64.9,63.6,66.2
2025-06-30,"SUB_ICB_LOC","01D","E38000080","NHS GREATER MANCHESTER ICB - 01D",1882,2407.1,78.2,69.5,85.7,40803,4.6,4.4,4.8,42,391,10.7,8,14.2,148,1968,7.5,6.4,8.8,1357,69,66.9,71
2025-06-30,"SUB_ICB_LOC","03F","E38000085","NHS HUMBER AND NORTH YORKSHIRE ICB - 03F",1912,2925.4,65.4,58,71.5,49799,3.8,3.7,4,62,512,12.1,9.6,15.2,217,1984,10.9,9.6,12.4,1221,61.5,59.4,63.7
2025-06-30,"SUB_ICB_LOC","06L","E38000086","NHS SUFFOLK AND NORTH EAST ESSEX ICB - 06L",3911,6519.2,60,53.8,65.3,97438,4,3.9,4.1,242,647,37.4,33.8,41.2,304,4006,7.6,6.8,8.4,2724,68,66.5,69.4
2025-06-30,"ICB","QXU","E54000063","NHS SURREY HEARTLANDS ICB",10373,15279.9,67.9,61.2,73.7,217862,4.8,4.7,4.9,79,643,12.3,10,15,1054,10574,10,9.4,10.6,7168,67.8,66.9,68.7
2025-06-30,"NHS_REGION","Y59","E40000005","SOUTH EAST",82746,130576.9,63.4,57.2,68.7,1940010,4.3,4.2,4.3,831,9781,8.5,8,9.1,7688,84701,9.1,8.9,9.3,57224,67.6,67.2,67.9
2025-06-30,"NHS_REGION","Y58","E40000006","SOUTH WEST",56382,91884.9,61.4,55.4,66.5,1377519,4.1,4.1,4.1,708,8213,8.6,8,9.2,4546,57781,7.9,7.7,8.1,38997,67.5,67.1,67.9
2025-06-30,"NHS_REGION","Y63","E40000012","NORTH EAST AND YORKSHIRE",77568,113182.9,68.5,61.7,74.3,1797129,4.3,4.3,4.3,2130,15716,13.6,13,14.1,6054,80290,7.5,7.4,7.7,54879,68.4,68,68.7
2025-06-30,"NHS_REGION","Y61","E40000013","EAST OF ENGLAND",60028,93237.2,64.4,58,69.6,1406987,4.3,4.2,4.3,1281,8972,14.3,13.6,15,6089,61766,9.9,9.6,10.1,41806,67.7,67.3,68.1
2025-06-30,"NHS_REGION","Y62","E40000014","NORTH WEST",63313,90108.4,70.3,63.3,76.2,1438381,4.4,4.4,4.4,1128,11612,9.7,9.2,10.3,5376,65392,8.2,8,8.4,44665,68.3,67.9,68.7
2025-06-30,"SUB_ICB_LOC","02P","E38000006","NHS SOUTH YORKSHIRE ICB - 02P",2326,3172.2,73.3,65.4,80.3,52182,4.5,4.3,4.6,24,557,4.3,2.9,6.3,85,2413,3.5,2.9,4.3,1650,68.4,66.5,70.2
2025-06-30,"SUB_ICB_LOC","99E","E38000007","NHS MID AND SOUTH ESSEX ICB - 99E",2156,3551.6,60.7,54.3,66.4,52975,4.1,3.9,4.2,79,454,17.4,14.2,21.2,193,2233,8.6,7.5,9.9,1528,68.4,66.5,70.3
2025-06-30,"SUB_ICB_LOC","02Q","E38000008","NHS NOTTINGHAM AND NOTTINGHAMSHIRE ICB - 02Q",1366,1788.3,76.4,67.8,83.9,28213,4.8,4.6,5.1,13,256,5.1,3,8.5,114,1413,8.1,6.8,9.6,1034,73.2,70.8,75.4
2025-06-30,"SUB_ICB_LOC","00Q","E38000014","NHS LANCASHIRE AND SOUTH CUMBRIA ICB - 00Q",1009,1621,62.2,54.9,68.9,27399,3.7,3.5,3.9,25,256,9.8,6.7,14,83,1051,7.9,6.4,9.7,771,73.4,70.6,75.9
2025-06-30,"SUB_ICB_LOC","00R","E38000015","NHS LANCASHIRE AND SOUTH CUMBRIA ICB - 00R",1562,2214.9,70.5,62.8,77.4,35288,4.4,4.2,4.6,18,211,8.5,5.5,13.1,122,1633,7.5,6.3,8.8,1031,63.1,60.8,65.4
2025-06-30,"SUB_ICB_LOC","00T","E38000016","NHS GREATER MANCHESTER ICB - 00T",2435,3365.9,72.3,64.5,78.9,54917,4.4,4.3,4.6,47,429,11,8.3,14.3,184,2523,7.3,6.3,8.4,1768,70.1,68.3,71.8
2025-06-30,"SUB_ICB_LOC","00V","E38000024","NHS GREATER MANCHESTER ICB - 00V",1876,2454.6,76.4,68.1,83.8,38629,4.9,4.6,5.1,2,71,2.8,0.8,9.7,172,1943,8.9,7.7,10.2,1345,69.2,67.1,71.2
2025-06-30,"SUB_ICB_LOC","02T","E38000025","NHS WEST YORKSHIRE ICB - 02T",1809,2673.1,67.7,60.1,74.1,43732,4.1,4,4.3,33,507,6.5,4.7,9,141,1881,7.5,6.4,8.8,1359,72.2,70.2,74.2
2025-06-30,"SUB_ICB_LOC","04Y","E38000028","NHS STAFFORDSHIRE AND STOKE-ON-TRENT ICB - 04Y",1417,1884.8,75.2,66.8,82.6,29501,4.8,4.6,5.1,43,174,24.7,18.9,31.6,149,1459,10.2,8.8,11.9,1017,69.7,67.3,72
2025-06-30,"ICB","QF7","E54000061","NHS SOUTH YORKSHIRE INTEGRATED CARE BOARD",12685,16792.8,75.5,68,81.9,265693,4.8,4.7,4.9,216,2549,8.5,7.5,9.6,904,13165,6.9,6.4,7.3,9131,69.4,68.6,70.1
2025-06-30,"SUB_ICB_LOC","11N","E38000089","NHS CORNWALL AND THE ISLES OF SCILLY ICB - 11N",6138,9992.1,61.4,55.1,66.9,155315,4,3.9,4.1,97,902,10.8,8.9,12.9,564,6269,9,8.3,9.7,3904,62.3,61.1,63.5
2025-06-30,"SUB_ICB_LOC","01J","E38000091","NHS CHESHIRE AND MERSEYSIDE ICB - 01J",1104,1703.2,64.8,57,71.6,30122,3.7,3.5,3.9,58,255,22.7,18,28.3,115,1148,10,8.4,11.9,691,60.2,57.3,63
2025-06-30,"SUB_ICB_LOC","04C","E38000097","NHS LEICESTER, LEICESTERSHIRE AND RUTLAND ICB - 04C",2385,3071.6,77.6,69.1,84.8,52880,4.5,4.3,4.7,10,976,1,0.6,1.9,302,2497,12.1,10.9,13.4,1549,62,60.1,63.9
2025-06-30,"SUB_ICB_LOC","99A","E38000101","NHS CHESHIRE AND MERSEYSIDE ICB - 99A",3530,5114.1,69,61.5,75.3,87948,4,3.9,4.1,76,895,8.5,6.8,10.5,439,3647,12,11,13.1,2383,65.3,63.8,66.9
2025-06-30,"SUB_ICB_LOC","06Q","E38000106","NHS MID AND SOUTH ESSEX ICB - 06Q",3746,5783.8,64.8,58.3,70.4,87562,4.3,4.1,4.4,41,604,6.8,5,9.1,437,3841,11.4,10.4,12.4,2562,66.7,65.2,68.2
2025-06-30,"SUB_ICB_LOC","06T","E38000117","NHS SUFFOLK AND NORTH EAST ESSEX ICB - 06T",3808,5721.3,66.6,59.7,72.6,85157,4.5,4.3,4.6,74,567,13.1,10.5,16.1,636,3949,16.1,15,17.3,2768,70.1,68.6,71.5
2025-06-30,"SUB_ICB_LOC","03H","E38000119","NHS HUMBER AND NORTH YORKSHIRE ICB - 03H",1701,2352.7,72.3,64.4,79.5,36955,4.6,4.4,4.8,87,410,21.2,17.5,25.4,178,1791,9.9,8.6,11.4,1114,62.2,59.9,64.4
2025-06-30,"SUB_ICB_LOC","03K","E38000122","NHS HUMBER AND NORTH YORKSHIRE ICB - 03K",1712,2600.6,65.8,58.6,72.3,41372,4.1,4,4.3,60,421,14.3,11.2,17.9,110,1796,6.1,5.1,7.3,1076,59.9,57.6,62.2
2025-06-30,"SUB_ICB_LOC","05G","E38000126","NHS STAFFORDSHIRE AND STOKE-ON-TRENT ICB - 05G",2648,3554.3,74.5,66.7,81.3,54067,4.9,4.7,5.1,64,471,13.6,10.8,17,289,2688,10.8,9.6,12,1820,67.7,65.9,69.4
2025-06-30,"SUB_ICB_LOC","99C","E38000127","NHS NORTH EAST AND NORTH CUMBRIA ICB - 99C",2112,3013.4,70.1,62.5,76.7,48375,4.4,4.2,4.6,14,462,3,1.8,5,159,2161,7.4,6.3,8.5,1472,68.1,66.1,70
2025-06-30,"SUB_ICB_LOC","00L","E38000130","NHS NORTH EAST AND NORTH CUMBRIA ICB - 00L",3632,5679.4,63.9,57.3,69.8,91492,4,3.8,4.1,73,717,10.2,8.2,12.6,222,3744,5.9,5.2,6.7,2596,69.3,67.8,70.8
2025-06-30,"SUB_ICB_LOC","00Y","E38000135","NHS GREATER MANCHESTER ICB - 00Y",1926,2559,75.3,66.9,82.5,41885,4.6,4.4,4.8,53,574,9.2,7.1,11.9,108,2007,5.4,4.5,6.5,1400,69.8,67.7,71.7
2025-06-30,"SUB_ICB_LOC","10Q","E38000136","NHS BUCKINGHAMSHIRE, OXFORDSHIRE AND BERKSHIRE WEST ICB - 10Q",6245,9834.5,63.5,57.1,69.1,146055,4.3,4.2,4.4,53,425,12.5,9.7,16,514,6378,8.1,7.4,8.8,4226,66.3,65.1,67.4
2025-06-30,"SUB_ICB_LOC","10R","E38000137","NHS HAMPSHIRE AND ISLE OF WIGHT ICB - 10R",1566,2221.1,70.5,62.8,77.5,35199,4.4,4.2,4.7,1,318,0.3,0.1,1.8,177,1616,11,9.5,12.6,994,61.5,59.1,63.9
2025-06-30,"SUB_ICB_LOC","03L","E38000141","NHS SOUTH YORKSHIRE ICB - 03L",2961,3348.1,88.4,78.9,96.6,52918,5.6,5.4,5.8,70,528,13.3,10.6,16.4,175,3074,5.7,4.9,6.6,2348,76.4,74.8,77.9
2025-06-30,"SUB_ICB_LOC","01G","E38000143","NHS GREATER MANCHESTER ICB - 01G",1917,2434.8,78.7,70.2,85.9,40083,4.8,4.6,5,54,270,20,15.7,25.2,128,1982,6.5,5.5,7.6,1397,70.5,68.4,72.5
2025-06-30,"SUB_ICB_LOC","03N","E38000146","NHS SOUTH YORKSHIRE ICB - 03N",4715,6423,73.4,65.6,80,98352,4.8,4.7,4.9,55,672,8.2,6.3,10.5,466,4885,9.5,8.7,10.4,3326,68.1,66.8,69.4
2025-06-30,"SUB_ICB_LOC","11X","E38000150","NHS SOMERSET ICB - 11X",5700,10159.6,56.1,50.5,61,152624,3.7,3.6,3.8,44,360,12.2,9.2,16,423,5847,7.2,6.6,7.9,3734,63.9,62.6,65.1
2025-06-30,"SUB_ICB_LOC","05Q","E38000153","NHS STAFFORDSHIRE AND STOKE-ON-TRENT ICB - 05Q",2154,3267.4,65.9,58.8,72,50068,4.3,4.1,4.5,51,307,16.6,12.9,21.2,107,2208,4.8,4,5.8,1469,66.5,64.5,68.5
2025-06-30,"SUB_ICB_LOC","01T","E38000161","NHS CHESHIRE AND MERSEYSIDE ICB - 01T",1229,2067,59.5,52.7,65.4,33128,3.7,3.5,3.9,88,841,10.5,8.6,12.7,120,1259,9.5,8,11.3,794,63.1,60.4,65.7
2025-06-30,"SUB_ICB_LOC","00N","E38000163","NHS NORTH EAST AND NORTH CUMBRIA ICB - 00N",1495,2065.4,72.4,64.3,79.3,33667,4.4,4.2,4.7,31,289,10.7,7.7,14.8,115,1535,7.5,6.3,8.9,1029,67,64.6,69.3
2025-06-30,"SUB_ICB_LOC","99G","E38000168","NHS MID AND SOUTH ESSEX ICB - 99G",2103,2498.6,84.2,75.2,92,37119,5.7,5.4,5.9,37,187,19.8,14.7,26.1,174,2176,8,6.9,9.2,1685,77.4,75.6,79.1
2025-06-30,"SUB_ICB_LOC","01V","E38000170","NHS CHESHIRE AND MERSEYSIDE ICB - 01V",1867,2443.9,76.4,68.3,83.7,34975,5.3,5.1,5.6,112,693,16.2,13.6,19.1,195,1905,10.2,9,11.7,1261,66.2,64,68.3
2025-06-30,"SUB_ICB_LOC","01X","E38000172","NHS CHESHIRE AND MERSEYSIDE ICB - 01X",1765,2655.1,66.5,59.2,72.8,42121,4.2,4,4.4,36,334,10.8,7.9,14.6,134,1835,7.3,6.2,8.6,1172,63.9,61.6,66
2025-06-30,"SUB_ICB_LOC","05V","E38000173","NHS STAFFORDSHIRE AND STOKE-ON-TRENT ICB - 05V",1453,2426.5,59.9,53.4,65.7,36677,4,3.8,4.2,30,321,9.3,6.6,13,83,1486,5.6,4.5,6.9,1014,68.2,65.8,70.6
2025-06-30,"SUB_ICB_LOC","01W","E38000174","NHS GREATER MANCHESTER ICB - 01W",3238,4304,75.2,67.5,82.1,64442,5,4.9,5.2,25,271,9.2,6.3,13.3,204,3314,6.2,5.4,7,2433,73.4,71.9,74.9
2025-06-30,"SUB_ICB_LOC","05W","E38000175","NHS STAFFORDSHIRE AND STOKE-ON-TRENT ICB - 05W",3086,3305,93.4,83.7,102.1,52054,5.9,5.7,6.1,71,679,10.5,8.4,13,292,3171,9.2,8.3,10.3,2158,68.1,66.4,69.7
2025-06-30,"SUB_ICB_LOC","00P","E38000176","NHS NORTH EAST AND NORTH CUMBRIA ICB - 00P",2515,3696.8,68,60.7,74.3,60098,4.2,4,4.3,47,314,15,11.4,19.3,254,2589,9.8,8.7,11,1733,66.9,65.1,68.7
2025-06-30,"SUB_ICB_LOC","07G","E38000185","NHS MID AND SOUTH ESSEX ICB - 07G",1054,1614.8,65.3,57.5,71.9,26221,4,3.8,4.3,19,233,8.2,5.3,12.4,138,1094,12.6,10.8,14.7,807,73.8,71.1,76.3
2025-06-30,"SUB_ICB_LOC","02A","E38000187","NHS GREATER MANCHESTER ICB - 02A",2000,2928.4,68.3,61,74.7,44231,4.5,4.3,4.7,62,239,25.9,20.8,31.8,109,2055,5.3,4.4,6.4,1265,61.6,59.4,63.6
2025-06-30,"SUB_ICB_LOC","03Q","E38000188","NHS HUMBER AND NORTH YORKSHIRE ICB - 03Q",1805,3318.6,54.4,48.6,59.5,49377,3.7,3.5,3.8,29,642,4.5,3.2,6.4,96,1854,5.2,4.3,6.3,1361,73.4,71.4,75.4
2025-06-30,"SUB_ICB_LOC","03R","E38000190","NHS WEST YORKSHIRE ICB - 03R",3006,4538.2,66.2,59.1,72.1,74038,4.1,3.9,4.2,138,845,16.3,14,19,316,3146,10,9,11.1,2303,73.2,71.6,74.7
2025-06-30,"SUB_ICB_LOC","02E","E38000194","NHS CHESHIRE AND MERSEYSIDE ICB - 02E",2070,2826.1,73.2,65.3,80.2,44360,4.7,4.5,4.9,43,570,7.5,5.6,10,267,2129,12.5,11.2,14,1419,66.7,64.6,68.6
2025-06-30,"SUB_ICB_LOC","07H","E38000197","NHS HERTFORDSHIRE AND WEST ESSEX ICB - 07H",3085,4156.9,74.2,66.5,81,62192,5,4.8,5.1,26,346,7.5,5.2,10.8,236,3170,7.4,6.6,8.4,2007,63.3,61.6,65
2025-06-30,"SUB_ICB_LOC","02G","E38000200","NHS LANCASHIRE AND SOUTH CUMBRIA ICB - 02G",1155,1730.8,66.7,59.1,73.5,26743,4.3,4.1,4.6,10,128,7.8,4.3,13.8,85,1182,7.2,5.9,8.8,797,67.4,64.7,70
2025-06-30,"SUB_ICB_LOC","04V","E38000201","NHS LEICESTER, LEICESTERSHIRE AND RUTLAND ICB - 04V",3357,5422.6,61.9,55.3,67.6,85440,3.9,3.8,4.1,34,395,8.6,6.2,11.8,290,3442,8.4,7.5,9.4,2251,65.4,63.8,67
2025-06-30,"SUB_ICB_LOC","07K","E38000204","NHS SUFFOLK AND NORTH EAST ESSEX ICB - 07K",2325,4436.1,52.4,46.9,57.2,66582,3.5,3.4,3.6,77,267,28.8,23.7,34.5,263,2373,11.1,9.9,12.4,1623,68.4,66.5,70.2
2025-06-30,"SUB_ICB_LOC","02H","E38000205","NHS GREATER MANCHESTER ICB - 02H",3039,4140.6,73.4,65.6,80.1,67668,4.5,4.3,4.6,55,1172,4.7,3.6,6.1,132,3119,4.2,3.6,5,2190,70.2,68.6,71.8
2025-06-30,"SUB_ICB_LOC","12F","E38000208","NHS CHESHIRE AND MERSEYSIDE ICB - 12F",3310,4965.1,66.7,59.7,72.8,76880,4.3,4.2,4.5,13,174,7.5,4.4,12.4,486,3419,14.2,13.1,15.4,2393,70,68.4,71.5
2025-06-30,"SUB_ICB_LOC","13T","E38000212","NHS NORTH EAST AND NORTH CUMBRIA ICB - 13T",4149,5674.4,73.1,65.5,79.5,89029,4.7,4.5,4.8,37,729,5.1,3.7,6.9,339,4297,7.9,7.1,8.7,2860,66.6,65.1,68
2025-06-30,"SUB_ICB_LOC","01H","E38000215","NHS NORTH EAST AND NORTH CUMBRIA ICB - 01H",3003,5227.5,57.4,51.5,62.7,82627,3.6,3.5,3.8,111,292,38,32.6,43.7,280,3103,9,8.1,10.1,2117,68.2,66.6,69.8
2025-06-30,"SUB_ICB_LOC","14L","E38000217","NHS GREATER MANCHESTER ICB - 14L",2898,3826.5,75.7,67.3,83,68680,4.2,4.1,4.4,22,798,2.8,1.8,4.1,231,3045,7.6,6.7,8.6,2095,68.8,67.1,70.4
2025-06-30,"SUB_ICB_LOC","15A","E38000221","NHS BUCKINGHAMSHIRE, OXFORDSHIRE AND BERKSHIRE WEST ICB - 15A",4018,6201,64.8,58.1,70.6,95452,4.2,4.1,4.3,84,473,17.8,14.6,21.5,369,4129,8.9,8.1,9.8,2833,68.6,67.2,70
2025-06-30,"SUB_ICB_LOC","15C","E38000222","NHS BRISTOL, NORTH SOMERSET AND SOUTH GLOUCESTERSHIRE ICB - 15C",8630,12125.2,71.2,64.1,77.5,181060,4.8,4.7,4.9,11,501,2.2,1.2,3.9,666,8858,7.5,7,8.1,6386,72.1,71.1,73
2025-06-30,"SUB_ICB_LOC","14Y","E38000223","NHS BUCKINGHAMSHIRE, OXFORDSHIRE AND BERKSHIRE WEST ICB - 14Y",4502,7735.7,58.2,52.3,63.4,114348,3.9,3.8,4.1,54,602,9,6.9,11.5,365,4584,8,7.2,8.8,3046,66.4,65.1,67.8
2025-06-30,"SUB_ICB_LOC","15F","E38000225","NHS WEST YORKSHIRE ICB - 15F",6740,9090.9,74.1,66.6,80.7,140864,4.8,4.7,4.9,274,1054,26,23.4,28.7,417,6946,6,5.5,6.6,5006,72.1,71,73.1
2025-06-30,"SUB_ICB_LOC","02M","E38000226","NHS LANCASHIRE AND SOUTH CUMBRIA ICB - 02M",2368,3624.2,65.3,58.3,71.6,54395,4.4,4.2,4.5,12,218,5.5,3.2,9.4,136,2421,5.6,4.8,6.6,1617,66.8,64.9,68.6
2025-06-30,"SUB_ICB_LOC","01E","E38000227","NHS LANCASHIRE AND SOUTH CUMBRIA ICB - 01E",1785,2384.6,74.9,66.8,81.9,38059,4.7,4.5,4.9,13,259,5,3,8.4,133,1832,7.3,6.2,8.5,1336,72.9,70.8,74.9
2025-06-30,"SUB_ICB_LOC","01K","E38000228","NHS LANCASHIRE AND SOUTH CUMBRIA ICB - 01K",3765,5404,69.7,62.4,75.8,83216,4.5,4.4,4.7,16,304,5.3,3.3,8.4,266,3879,6.9,6.1,7.7,2566,66.2,64.6,67.6
2025-06-30,"SUB_ICB_LOC","92G","E38000231","NHS BATH AND NORTH EAST SOMERSET, SWINDON AND WILTSHIRE ICB - 92G",8559,14027.3,61,54.9,66.2,212198,4,4,4.1,137,1442,9.5,8.1,11.1,630,8778,7.2,6.7,7.7,5964,67.9,67,68.9
2025-06-30,"SUB_ICB_LOC","36J","E38000232","NHS WEST YORKSHIRE ICB - 36J",4954,6753.2,73.4,65.8,79.9,107197,4.6,4.5,4.7,121,978,12.4,10.5,14.6,708,5121,13.8,12.9,14.8,3251,63.5,62.2,64.8
2025-06-30,"SUB_ICB_LOC","27D","E38000233","NHS CHESHIRE AND MERSEYSIDE ICB - 27D",8013,11930.8,67.2,60.2,72.9,181087,4.4,4.3,4.5,82,794,10.3,8.4,12.6,818,8244,9.9,9.3,10.6,5667,68.7,67.7,69.7
2025-06-30,"SUB_ICB_LOC","84H","E38000234","NHS NORTH EAST AND NORTH CUMBRIA ICB - 84H",5433,7540.2,72.1,64.6,78.5,123327,4.4,4.3,4.5,150,801,18.7,16.2,21.6,347,5661,6.1,5.5,6.8,3859,68.2,66.9,69.4
2025-06-30,"SUB_ICB_LOC","97R","E38000235","NHS SUSSEX ICB - 97R",6295,10316.5,61,54.9,66.4,150344,4.2,4.1,4.3,58,1188,4.9,3.8,6.3,704,6441,10.9,10.2,11.7,4544,70.5,69.4,71.6
2025-06-30,"SUB_ICB_LOC","71E","E38000238","NHS LINCOLNSHIRE ICB - 71E",8786,12783.4,68.7,61.9,74.6,197689,4.4,4.4,4.5,264,1750,15.1,13.5,16.8,775,9092,8.5,8,9.1,6091,67,66,68
2025-06-30,"SUB_ICB_LOC","26A","E38000239","NHS NORFOLK AND WAVENEY ICB - 26A",11499,18355.5,62.6,56.4,67.9,273157,4.2,4.1,4.3,257,1594,16.1,14.4,18,1384,11806,11.7,11.2,12.3,7885,66.8,65.9,67.6
2025-06-30,"SUB_ICB_LOC","93C","E38000240","NHS NORTH CENTRAL LONDON ICB - 93C",9014,13352,67.5,60.5,73.5,214429,4.2,4.1,4.3,78,739,10.6,8.5,13,829,9280,8.9,8.4,9.5,6135,66.1,65.1,67.1
2025-06-30,"SUB_ICB_LOC","42D","E38000241","NHS HUMBER AND NORTH YORKSHIRE ICB - 42D",5699,9644.2,59.1,53,64.2,147637,3.9,3.8,4,149,1126,13.2,11.4,15.3,320,5825,5.5,4.9,6.1,4049,69.5,68.3,70.7
2025-06-30,"SUB_ICB_LOC","52R","E38000243","NHS NOTTINGHAM AND NOTTINGHAMSHIRE ICB - 52R",9084,13161.4,69,62.1,75,204360,4.4,4.4,4.5,105,1236,8.5,7.1,10.2,846,9465,8.9,8.4,9.5,6323,66.8,65.8,67.7
2025-06-30,"SUB_ICB_LOC","72Q","E38000244","NHS SOUTH EAST LONDON ICB - 72Q",11018,15472.8,71.2,64,77.5,252258,4.4,4.3,4.4,244,1723,14.2,12.6,15.9,941,11433,8.2,7.7,8.7,7260,63.5,62.6,64.4
2025-06-30,"SUB_ICB_LOC","36L","E38000245","NHS SOUTH WEST LONDON ICB - 36L",10862,14636.4,74.2,66.6,80.7,232104,4.7,4.6,4.8,130,871,14.9,12.7,17.4,1088,11240,9.7,9.1,10.2,7711,68.6,67.7,69.5
2025-06-30,"SUB_ICB_LOC","16C","E38000247","NHS NORTH EAST AND NORTH CUMBRIA ICB - 16C",6579,8864.3,74.2,66.4,80.6,143562,4.6,4.5,4.7,281,1347,20.9,18.8,23.1,355,6829,5.2,4.7,5.8,4684,68.6,67.5,69.7
2025-06-30,"SUB_ICB_LOC","M1J4Y","E38000249","NHS BEDFORDSHIRE, LUTON AND MILTON KEYNES ICB - M1J4Y",7452,10752,69.3,62.3,75.3,172194,4.3,4.2,4.4,164,1396,11.7,10.2,13.5,727,7726,9.4,8.8,10.1,5181,67.1,66,68.1
2025-06-30,"SUB_ICB_LOC","B2M3M","E38000251","NHS COVENTRY AND WARWICKSHIRE ICB - B2M3M",7491,12728.9,58.9,52.9,64,192583,3.9,3.8,4,129,1202,10.7,9.1,12.6,877,7733,11.3,10.7,12.1,5161,66.7,65.7,67.8
2025-06-30,"SUB_ICB_LOC","D4U1Y","E38000252","NHS FRIMLEY ICB - D4U1Y",6119,9126.7,67,60.4,73,138005,4.4,4.3,4.5,125,651,19.2,16.4,22.4,531,6250,8.5,7.8,9.2,4425,70.8,69.7,71.9
2025-06-30,"SUB_ICB_LOC","D9Y0V","E38000253","NHS HAMPSHIRE AND ISLE OF WIGHT ICB - D9Y0V",16005,25603.2,62.5,56.3,67.7,379250,4.2,4.2,4.3,118,2223,5.3,4.5,6.3,1706,16367,10.4,10,10.9,11007,67.3,66.5,68
2025-06-30,"SUB_ICB_LOC","X2C4Y","E38000254","NHS WEST YORKSHIRE ICB - X2C4Y",3332,5063.6,65.8,58.8,71.9,80933,4.1,4,4.3,98,1002,9.8,8.1,11.8,315,3481,9,8.1,10,2355,67.7,66.1,69.2
2025-06-30,"SUB_ICB_LOC","A3A8R","E38000255","NHS NORTH EAST LONDON ICB - A3A8R",8588,13771.6,62.4,55.8,67.9,234335,3.7,3.6,3.7,161,1332,12.1,10.4,13.9,830,8977,9.2,8.7,9.9,6165,68.7,67.7,69.6
2025-06-30,"SUB_ICB_LOC","W2U3Z","E38000256","NHS NORTH WEST LONDON ICB - W2U3Z",13024,19976.9,65.2,58.5,70.8,328945,4,3.9,4,271,3204,8.5,7.5,9.5,1169,13535,8.6,8.2,9.1,8705,64.3,63.5,65.1
2025-06-30,"SUB_ICB_LOC","M2L0M","E38000257","NHS SHROPSHIRE, TELFORD AND WREKIN ICB - M2L0M",5056,8060.8,62.7,56.3,68.2,123884,4.1,4,4.2,43,428,10,7.5,13.3,357,5189,6.9,6.2,7.6,3353,64.6,63.3,65.9
2025-06-30,"SUB_ICB_LOC","15E","E38000258","NHS BIRMINGHAM AND SOLIHULL ICB - 15E",9293,14728.4,63.1,56.6,68.6,225254,4.1,4,4.2,137,1212,11.3,9.6,13.2,985,9617,10.2,9.7,10.9,6202,64.5,63.5,65.4
2025-06-30,"SUB_ICB_LOC","D2P2L","E38000259","NHS BLACK COUNTRY ICB - D2P2L",9744,14638,66.6,59.9,72.2,223189,4.4,4.3,4.5,140,2164,6.5,5.5,7.6,1039,10126,10.3,9.7,10.9,5502,54.3,53.4,55.3
2025-06-30,"SUB_ICB_LOC","06H","E38000260","NHS CAMBRIDGESHIRE AND PETERBOROUGH ICB - 06H",6928,11301.5,61.3,55.1,66.6,173556,4,3.9,4.1,119,1018,11.7,9.9,13.8,629,7128,8.8,8.2,9.5,4894,68.7,67.6,69.7
2025-06-30,"SUB_ICB_LOC","15M","E38000261","NHS DERBY AND DERBYSHIRE ICB - 15M",10533,15214.9,69.2,62.2,75.1,238149,4.4,4.3,4.5,288,1217,23.7,21.4,26.1,1054,10976,9.6,9.1,10.2,7530,68.6,67.7,69.5
2025-06-30,"SUB_ICB_LOC","78H","E38000262","NHS NORTHAMPTONSHIRE ICB - 78H",6092,9191.4,66.3,59.5,72.1,146863,4.1,4,4.3,79,1477,5.3,4.3,6.6,621,6244,9.9,9.2,10.7,4152,66.5,65.3,67.7
2025-06-30,"SUB_ICB_LOC","01Y","E38000263","NHS GREATER MANCHESTER ICB - 01Y",1742,2383.3,73.1,64.9,80.2,39690,4.4,4.2,4.6,40,221,18.1,13.6,23.7,156,1814,8.6,7.4,10,1251,69,66.8,71.1
2025-06-30,"SUB_ICB_LOC","92A","E38000264","NHS SURREY HEARTLANDS ICB - 92A",10373,15279.9,67.9,61.2,73.7,217862,4.8,4.7,4.9,79,643,12.3,10,15,1054,10574,10,9.4,10.6,7168,67.8,66.9,68.7
2025-06-30,"SUB_ICB_LOC","70F","E38000265","NHS SUSSEX ICB - 70F",9706,15210.9,63.8,57.6,69.3,218194,4.4,4.4,4.5,65,1201,5.4,4.3,6.8,702,9915,7.1,6.6,7.6,6688,67.5,66.5,68.4
2025-06-30,"ICB","QRL","E54000042","NHS HAMPSHIRE AND ISLE OF WIGHT INTEGRATED CARE BOARD",17571,27824.3,63.1,57,68.6,414449,4.2,4.2,4.3,119,2541,4.7,3.9,5.6,1883,17983,10.5,10,10.9,12001,66.7,66,67.4
2025-06-30,"ICB","QR1","E54000043","NHS GLOUCESTERSHIRE INTEGRATED CARE BOARD",6655,10146.7,65.6,58.9,71.2,153398,4.3,4.2,4.4,96,1275,7.5,6.2,9.1,598,6813,8.8,8.1,9.5,4671,68.6,67.4,69.7
2025-06-30,"ICB","QU9","E54000044","NHS BUCKINGHAMSHIRE, OXFORDSHIRE AND BERKSHIRE WEST INTEGRATED CARE BOARD",14765,23771.2,62.1,56,67.4,355855,4.1,4.1,4.2,191,1500,12.7,11.1,14.5,1248,15091,8.3,7.8,8.7,10105,67,66.2,67.7
2025-06-30,"ICB","QE1","E54000048","NHS LANCASHIRE AND SOUTH CUMBRIA INTEGRATED CARE BOARD",16491,24118.7,68.4,61.5,74.1,380821,4.3,4.3,4.4,180,2435,7.4,6.4,8.5,1140,17006,6.7,6.3,7.1,11697,68.8,68.1,69.5
2025-06-30,"ICB","QHM","E54000050","NHS NORTH EAST AND NORTH CUMBRIA INTEGRATED CARE BOARD",28918,41761.4,69.2,62.3,74.8,672177,4.3,4.3,4.4,744,4951,15,14.1,16,2071,29919,6.9,6.6,7.2,20350,68,67.5,68.5
2025-06-30,"ICB","QOQ","E54000051","NHS HUMBER AND NORTH YORKSHIRE INTEGRATED CARE BOARD",16124,26509.7,60.8,54.7,65.9,412495,3.9,3.9,4,506,3830,13.2,12.2,14.3,1182,16631,7.1,6.7,7.5,11124,66.9,66.2,67.6
2025-06-30,"ICB","QWO","E54000054","NHS WEST YORKSHIRE INTEGRATED CARE BOARD",19841,28119.1,70.6,63.4,76.5,446764,4.4,4.4,4.5,664,4386,15.1,14.1,16.2,1897,20575,9.2,8.8,9.6,14274,69.4,68.7,70
2025-06-30,"ICB","QHL","E54000055","NHS BIRMINGHAM AND SOLIHULL INTEGRATED CARE BOARD",9293,14728.4,63.1,56.6,68.6,225254,4.1,4,4.2,137,1212,11.3,9.6,13.2,985,9617,10.2,9.7,10.9,6202,64.5,63.5,65.4
2025-06-30,"ICB","QUE","E54000056","NHS CAMBRIDGESHIRE AND PETERBOROUGH INTEGRATED CARE BOARD",6928,11301.5,61.3,55.1,66.6,173556,4,3.9,4.1,119,1018,11.7,9.9,13.8,629,7128,8.8,8.2,9.5,4894,68.7,67.6,69.7
2025-06-30,"ICB","QOP","E54000057","NHS GREATER MANCHESTER INTEGRATED CARE BOARD",22953,30804.3,74.5,67.1,80.6,501028,4.6,4.5,4.6,402,4436,9.1,8.3,9.9,1572,23770,6.6,6.3,6.9,16501,69.4,68.8,70
2025-06-30,"ICB","QJ2","E54000058","NHS DERBY AND DERBYSHIRE INTEGRATED CARE BOARD",10533,15214.9,69.2,62.2,75.1,238149,4.4,4.3,4.5,288,1217,23.7,21.4,26.1,1054,10976,9.6,9.1,10.2,7530,68.6,67.7,69.5
2025-06-30,"ICB","QPM","E54000059","NHS NORTHAMPTONSHIRE INTEGRATED CARE BOARD",6092,9191.4,66.3,59.5,72.1,146863,4.1,4,4.3,79,1477,5.3,4.3,6.6,621,6244,9.9,9.2,10.7,4152,66.5,65.3,67.7
2025-06-30,"ICB","QT1","E54000060","NHS NOTTINGHAM AND NOTTINGHAMSHIRE INTEGRATED CARE BOARD",10450,14949.7,69.9,62.8,76,232573,4.5,4.4,4.6,118,1492,7.9,6.6,9.4,960,10878,8.8,8.3,9.4,7357,67.6,66.7,68.5
2025-06-30,"ICB","QUA","E54000062","NHS BLACK COUNTRY INTEGRATED CARE BOARD",9744,14638,66.6,59.9,72.2,223189,4.4,4.3,4.5,140,2164,6.5,5.5,7.6,1039,10126,10.3,9.7,10.9,5502,54.3,53.4,55.3
2025-06-30,"ICB","QRV","E54000027","NHS NORTH WEST LONDON INTEGRATED CARE BOARD",13024,19976.9,65.2,58.5,70.8,328945,4,3.9,4,271,3204,8.5,7.5,9.5,1169,13535,8.6,8.2,9.1,8705,64.3,63.5,65.1
2025-06-30,"ICB","QMJ","E54000028","NHS NORTH CENTRAL LONDON INTEGRATED CARE BOARD",9014,13352,67.5,60.5,73.5,214429,4.2,4.1,4.3,78,739,10.6,8.5,13,829,9280,8.9,8.4,9.5,6135,66.1,65.1,67.1
2025-06-30,"ICB","QMF","E54000029","NHS NORTH EAST LONDON INTEGRATED CARE BOARD",8588,13771.6,62.4,55.8,67.9,234335,3.7,3.6,3.7,161,1332,12.1,10.4,13.9,830,8977,9.2,8.7,9.9,6165,68.7,67.7,69.6
2025-06-30,"ICB","QKK","E54000030","NHS SOUTH EAST LONDON INTEGRATED CARE BOARD",11018,15472.8,71.2,64,77.5,252258,4.4,4.3,4.4,244,1723,14.2,12.6,15.9,941,11433,8.2,7.7,8.7,7260,63.5,62.6,64.4
2025-06-30,"ICB","QWE","E54000031","NHS SOUTH WEST LONDON INTEGRATED CARE BOARD",10862,14636.4,74.2,66.6,80.7,232104,4.7,4.6,4.8,130,871,14.9,12.7,17.4,1088,11240,9.7,9.1,10.2,7711,68.6,67.7,69.5
2025-06-30,"ICB","QKS","E54000032","NHS KENT AND MEDWAY INTEGRATED CARE BOARD",16043,26138.8,61.4,55.3,66.7,399544,4,4,4.1,161,1857,8.7,7.5,10,1431,16522,8.7,8.2,9.1,11029,66.8,66,67.5
2025-06-30,"ICB","QNQ","E54000034","NHS FRIMLEY INTEGRATED CARE BOARD",6119,9126.7,67,60.4,73,138005,4.4,4.3,4.5,125,651,19.2,16.4,22.4,531,6250,8.5,7.8,9.2,4425,70.8,69.7,71.9
2025-06-30,"ICB","QT6","E54000036","NHS CORNWALL AND THE ISLES OF SCILLY INTEGRATED CARE BOARD",6138,9992.1,61.4,55.1,66.9,155315,4,3.9,4.1,97,902,10.8,8.9,12.9,564,6269,9,8.3,9.7,3904,62.3,61.1,63.5
2025-06-30,"ICB","QJK","E54000037","NHS DEVON INTEGRATED CARE BOARD",12264,20793.7,59,53.1,64,311681,3.9,3.9,4,258,1694,15.2,13.6,17,1046,12560,8.3,7.9,8.8,8363,66.6,65.8,67.4
2025-06-30,"ICB","QSL","E54000038","NHS SOMERSET INTEGRATED CARE BOARD",5700,10159.6,56.1,50.5,61,152624,3.7,3.6,3.8,44,360,12.2,9.2,16,423,5847,7.2,6.6,7.9,3734,63.9,62.6,65.1
2025-06-30,"ICB","QUY","E54000039","NHS BRISTOL, NORTH SOMERSET AND SOUTH GLOUCESTERSHIRE INTEGRATED CARE BOARD",8630,12125.2,71.2,64.1,77.5,181060,4.8,4.7,4.9,11,501,2.2,1.2,3.9,666,8858,7.5,7,8.1,6386,72.1,71.1,73
2025-06-30,"ICB","QOX","E54000040","NHS BATH AND NORTH EAST SOMERSET, SWINDON AND WILTSHIRE INTEGRATED CARE BOARD",8559,14027.3,61,54.9,66.2,212198,4,4,4.1,137,1442,9.5,8.1,11.1,630,8778,7.2,6.7,7.7,5964,67.9,67,68.9
2025-06-30,"ICB","QVV","E54000041","NHS DORSET INTEGRATED CARE BOARD",8436,14640.2,57.6,51.9,62.6,211243,4,3.9,4.1,65,2039,3.2,2.5,4,619,8656,7.2,6.6,7.7,5975,69,68,70
2025-06-30,"ICB","QNX","E54000064","NHS SUSSEX ICB",17875,28436,62.9,56.7,68.3,414295,4.3,4.3,4.4,156,2589,6,5.2,7,1541,18281,8.4,8,8.8,12496,68.4,67.7,69
2025-06-30,"NHS_REGION","Y56","E40000003","LONDON",52506,77209.7,68,61,73.9,1262071,4.2,4.1,4.2,884,7869,11.2,10.6,12,4857,54465,8.9,8.7,9.2,35976,66.1,65.7,66.4
2025-06-30,"NHS_REGION","Y60","E40000011","MIDLANDS",95786,145887.8,65.7,59.2,71.2,2254285,4.2,4.2,4.3,1617,15964,10.1,9.7,10.6,9366,98975,9.5,9.3,9.6,65171,65.8,65.5,66.1
2025-06-30,"ICB","QYG","E54000008","NHS CHESHIRE AND MERSEYSIDE INTEGRATED CARE BOARD",23869,35185.4,67.8,61.1,73.4,556532,4.3,4.2,4.3,546,4741,11.5,10.6,12.5,2664,24616,10.8,10.4,11.2,16467,66.9,66.3,67.5
2025-06-30,"ICB","QNC","E54000010","NHS STAFFORDSHIRE AND STOKE-ON-TRENT INTEGRATED CARE BOARD",11949,16406.8,72.8,65.6,79,253027,4.7,4.6,4.8,295,2093,14.1,12.7,15.7,971,12240,7.9,7.5,8.4,8272,67.6,66.7,68.4
2025-06-30,"ICB","QOC","E54000011","NHS SHROPSHIRE, TELFORD AND WREKIN INTEGRATED CARE BOARD",5056,8060.8,62.7,56.3,68.2,123884,4.1,4,4.2,43,428,10,7.5,13.3,357,5189,6.9,6.2,7.6,3353,64.6,63.3,65.9
2025-06-30,"ICB","QJM","E54000013","NHS LINCOLNSHIRE INTEGRATED CARE BOARD",8786,12783.4,68.7,61.9,74.6,197689,4.4,4.4,4.5,264,1750,15.1,13.5,16.8,775,9092,8.5,8,9.1,6091,67,66,68
2025-06-30,"ICB","QK1","E54000015","NHS LEICESTER, LEICESTERSHIRE AND RUTLAND INTEGRATED CARE BOARD",9083,14046.9,64.7,58.1,70.2,221463,4.1,4,4.2,66,1865,3.5,2.8,4.5,932,9359,10,9.4,10.6,6236,66.6,65.7,67.6
2025-06-30,"ICB","QWU","E54000018","NHS COVENTRY AND WARWICKSHIRE INTEGRATED CARE BOARD",7491,12728.9,58.9,52.9,64,192583,3.9,3.8,4,129,1202,10.7,9.1,12.6,877,7733,11.3,10.7,12.1,5161,66.7,65.7,67.8
2025-06-30,"ICB","QGH","E54000019","NHS HEREFORDSHIRE AND WORCESTERSHIRE INTEGRATED CARE BOARD",7309,13138.7,55.6,50,60.4,199611,3.7,3.6,3.7,58,1064,5.5,4.2,7,795,7521,10.6,9.9,11.3,5315,70.7,69.6,71.7
2025-06-30,"ICB","QMM","E54000022","NHS NORFOLK AND WAVENEY INTEGRATED CARE BOARD",11499,18355.5,62.6,56.4,67.9,273157,4.2,4.1,4.3,257,1594,16.1,14.4,18,1384,11806,11.7,11.2,12.3,7885,66.8,65.9,67.6
2025-06-30,"ICB","QJG","E54000023","NHS SUFFOLK AND NORTH EAST ESSEX INTEGRATED CARE BOARD",10044,16676.6,60.2,54.2,65.4,249177,4,4,4.1,393,1481,26.5,24.4,28.8,1203,10328,11.6,11,12.3,7115,68.9,68,69.8
2025-06-30,"ICB","QHG","E54000024","NHS BEDFORDSHIRE, LUTON AND MILTON KEYNES INTEGRATED CARE BOARD",7452,10752,69.3,62.3,75.3,172194,4.3,4.2,4.4,164,1396,11.7,10.2,13.5,727,7726,9.4,8.8,10.1,5181,67.1,66,68.1
2025-06-30,"ICB","QM7","E54000025","NHS HERTFORDSHIRE AND WEST ESSEX INTEGRATED CARE BOARD",12822,19589.7,65.5,58.9,71,289854,4.4,4.3,4.5,104,1736,6,5,7.2,1054,13161,8,7.6,8.5,8563,65.1,64.2,65.9
2025-06-30,"ICB","QH8","E54000026","NHS MID AND SOUTH ESSEX INTEGRATED CARE BOARD",11283,16561.8,68.1,61.4,73.8,249049,4.5,4.4,4.6,244,1747,14,12.4,15.7,1092,11617,9.4,8.9,9.9,8168,70.3,69.5,71.1
2025-06-30,"COUNTRY","ENG","E92000001","ENGLAND",488329,742087.8,65.8,59.3,71.4,11476382,4.3,4.2,4.3,8579,78127,11,10.8,11.2,43976,503370,8.7,8.7,8.8,338718,67.3,67.2,67.4
2025-06-30,"SUB_ICB_LOC","09D","E38000021","NHS SUSSEX ICB - 09D",1874,2908.5,64.4,57.4,70.4,45757,4.1,3.9,4.3,33,200,16.5,12,22.3,135,1925,7,6,8.2,1264,65.7,63.5,67.8
2025-06-30,"SUB_ICB_LOC","15N","E38000230","NHS DEVON ICB - 15N",12264,20793.7,59,53.1,64,311681,3.9,3.9,4,258,1694,15.2,13.6,17,1046,12560,8.3,7.9,8.8,8363,66.6,65.8,67.4
2025-07-31,"ICB","QR1","E54000043","NHS GLOUCESTERSHIRE INTEGRATED CARE BOARD",6702,10159.9,66,59.4,71.9,153677,4.4,4.3,4.5,145,1784,8.1,6.9,9.5,611,6860,8.9,8.3,9.6,4545,66.3,65.1,67.4
2025-07-31,"SUB_ICB_LOC","04C","E38000097","NHS LEICESTER, LEICESTERSHIRE AND RUTLAND ICB - 04C",2394,3073.5,77.9,69.3,85.4,53003,4.5,4.3,4.7,14,1313,1.1,0.6,1.8,306,2506,12.2,11,13.6,1515,60.5,58.5,62.4
2025-07-31,"SUB_ICB_LOC","99A","E38000101","NHS CHESHIRE AND MERSEYSIDE ICB - 99A",3544,5128.4,69.1,61.7,75.5,88188,4,3.9,4.2,105,1223,8.6,7.1,10.3,444,3661,12.1,11.1,13.2,2316,63.3,61.7,64.8
2025-07-31,"SUB_ICB_LOC","06Q","E38000106","NHS MID AND SOUTH ESSEX ICB - 06Q",3732,5803.3,64.3,57.7,70,87791,4.3,4.1,4.4,62,809,7.7,6,9.7,443,3824,11.6,10.6,12.6,2509,65.6,64.1,67.1
2025-07-31,"SUB_ICB_LOC","06T","E38000117","NHS SUFFOLK AND NORTH EAST ESSEX ICB - 06T",3816,5729,66.6,59.8,72.8,85290,4.5,4.3,4.6,103,772,13.3,11.1,15.9,636,3955,16.1,15,17.3,2680,67.8,66.3,69.2
2025-07-31,"SUB_ICB_LOC","03H","E38000119","NHS HUMBER AND NORTH YORKSHIRE ICB - 03H",1715,2358.9,72.7,64.6,79.6,37039,4.6,4.4,4.8,127,561,22.6,19.4,26.3,176,1806,9.7,8.5,11.2,1051,58.2,55.9,60.4
2025-07-31,"SUB_ICB_LOC","03K","E38000122","NHS HUMBER AND NORTH YORKSHIRE ICB - 03K",1741,2610,66.7,59.2,73.2,41439,4.2,4,4.4,73,547,13.3,10.7,16.5,111,1824,6.1,5.1,7.3,1021,56,53.7,58.2
2025-07-31,"SUB_ICB_LOC","05G","E38000126","NHS STAFFORDSHIRE AND STOKE-ON-TRENT ICB - 05G",2683,3565.4,75.3,67.4,82.1,54188,5,4.8,5.1,88,608,14.5,11.9,17.5,292,2725,10.7,9.6,11.9,1768,64.9,63.1,66.7
2025-07-31,"SUB_ICB_LOC","99C","E38000127","NHS NORTH EAST AND NORTH CUMBRIA ICB - 99C",2149,3023.5,71.1,63.3,77.8,48495,4.4,4.3,4.6,30,626,4.8,3.4,6.8,161,2199,7.3,6.3,8.5,1429,65,63,67
2025-07-31,"SUB_ICB_LOC","00L","E38000130","NHS NORTH EAST AND NORTH CUMBRIA ICB - 00L",3652,5696.9,64.1,57.4,69.7,91693,4,3.9,4.1,106,961,11,9.2,13.2,213,3760,5.7,5,6.5,2519,67,65.5,68.5
2025-07-31,"SUB_ICB_LOC","00Y","E38000135","NHS GREATER MANCHESTER ICB - 00Y",1940,2568.4,75.5,67.2,82.6,42000,4.6,4.4,4.8,72,799,9,7.2,11.2,106,2017,5.3,4.4,6.3,1387,68.8,66.7,70.8
2025-07-31,"SUB_ICB_LOC","02X","E38000044","NHS SOUTH YORKSHIRE ICB - 02X",2699,3856.6,70,62.6,76.5,62310,4.3,4.2,4.5,90,1079,8.3,6.8,10.1,178,2808,6.3,5.5,7.3,1747,62.2,60.4,64
2025-07-31,"SUB_ICB_LOC","11J","E38000045","NHS DORSET ICB - 11J",8471,14673.4,57.7,52,62.7,211656,4,3.9,4.1,88,2749,3.2,2.6,3.9,635,8689,7.3,6.8,7.9,5860,67.4,66.4,68.4
2025-07-31,"SUB_ICB_LOC","06K","E38000049","NHS HERTFORDSHIRE AND WEST ESSEX ICB - 06K",4767,7584.1,62.9,56.5,68.4,111592,4.3,4.2,4.4,100,1316,7.6,6.3,9.2,376,4901,7.7,7,8.5,3132,63.9,62.6,65.2
2025-07-31,"SUB_ICB_LOC","01A","E38000050","NHS LANCASHIRE AND SOUTH CUMBRIA ICB - 01A",2986,4559.8,65.5,58.4,71.2,74749,4,3.9,4.1,94,1084,8.7,7.1,10.5,228,3094,7.4,6.5,8.3,2241,72.4,70.8,74
2025-07-31,"SUB_ICB_LOC","03W","E38000051","NHS LEICESTER, LEICESTERSHIRE AND RUTLAND ICB - 03W",3342,5565.6,60,53.8,65.5,83309,4,3.9,4.1,24,666,3.6,2.4,5.3,346,3424,10.1,9.1,11.2,2396,70,68.4,71.5
2025-07-31,"SUB_ICB_LOC","02Y","E38000052","NHS HUMBER AND NORTH YORKSHIRE ICB - 02Y",3325,5692.7,58.4,52.2,63.7,87592,3.8,3.7,3.9,179,1003,17.8,15.6,20.3,260,3411,7.6,6.8,8.6,2263,66.3,64.7,67.9
2025-07-31,"SUB_ICB_LOC","05D","E38000053","NHS STAFFORDSHIRE AND STOKE-ON-TRENT ICB - 05D",1188,1976.3,60.1,53.2,66.3,30727,3.9,3.7,4.1,48,195,24.6,19.1,31.1,47,1224,3.8,2.9,5.1,751,61.4,58.6,64
2025-07-31,"SUB_ICB_LOC","11M","E38000062","NHS GLOUCESTERSHIRE ICB - 11M",6702,10159.9,66,59.4,71.9,153677,4.4,4.3,4.5,145,1784,8.1,6.9,9.5,611,6860,8.9,8.3,9.6,4545,66.3,65.1,67.4
2025-07-31,"SUB_ICB_LOC","01F","E38000068","NHS CHESHIRE AND MERSEYSIDE ICB - 01F",992,1484.4,66.8,58.8,73.7,25964,3.8,3.6,4.1,60,242,24.8,19.8,30.6,87,1041,8.4,6.8,10.2,686,65.9,63,68.7
2025-07-31,"SUB_ICB_LOC","06N","E38000079","NHS HERTFORDSHIRE AND WEST ESSEX ICB - 06N",5051,7889.4,64,57.5,69.6,116544,4.3,4.2,4.5,28,509,5.5,3.8,7.8,459,5182,8.9,8.1,9.7,3243,62.6,61.3,63.9
2025-07-31,"SUB_ICB_LOC","01D","E38000080","NHS GREATER MANCHESTER ICB - 01D",1896,2412.6,78.6,69.8,86.1,40875,4.6,4.4,4.8,61,575,10.6,8.3,13.4,145,1987,7.3,6.2,8.5,1327,66.8,64.7,68.8
2025-07-31,"SUB_ICB_LOC","03F","E38000085","NHS HUMBER AND NORTH YORKSHIRE ICB - 03F",1915,2934,65.3,57.9,71.5,49919,3.8,3.7,4,86,700,12.3,10.1,14.9,217,1988,10.9,9.6,12.4,1205,60.6,58.4,62.7
2025-07-31,"SUB_ICB_LOC","06L","E38000086","NHS SUFFOLK AND NORTH EAST ESSEX ICB - 06L",3966,6538.5,60.7,54.5,66,97637,4.1,3.9,4.2,358,910,39.3,36.2,42.6,311,4061,7.7,6.9,8.5,2685,66.1,64.6,67.6
2025-07-31,"SUB_ICB_LOC","11N","E38000089","NHS CORNWALL AND THE ISLES OF SCILLY ICB - 11N",6194,10018,61.8,55.5,67.3,155619,4,3.9,4.1,138,1259,11,9.4,12.8,552,6328,8.7,8.1,9.4,3738,59.1,57.9,60.3
2025-07-31,"SUB_ICB_LOC","01J","E38000091","NHS CHESHIRE AND MERSEYSIDE ICB - 01J",1123,1704.5,65.9,57.9,72.6,30175,3.7,3.5,3.9,82,342,24,19.8,28.8,119,1168,10.2,8.6,12.1,680,58.2,55.4,61
2025-07-31,"NHS_REGION","Y58","E40000006","SOUTH WEST",56707,92097.1,61.6,55.5,66.8,1380221,4.1,4.1,4.1,1054,11186,9.4,8.9,10,4598,58106,7.9,7.7,8.1,37894,65.2,64.8,65.6
2025-07-31,"NHS_REGION","Y63","E40000012","NORTH EAST AND YORKSHIRE",78223,113602,68.9,62,74.6,1802502,4.3,4.3,4.4,3070,21355,14.4,13.9,14.9,6009,80964,7.4,7.2,7.6,53690,66.3,66,66.6
2025-07-31,"NHS_REGION","Y61","E40000013","EAST OF ENGLAND",60452,93467.1,64.7,58.3,70.3,1409881,4.3,4.3,4.3,1853,12109,15.3,14.7,16,6133,62198,9.9,9.6,10.1,40886,65.7,65.4,66.1
2025-07-31,"NHS_REGION","Y62","E40000014","NORTH WEST",63719,90361.3,70.5,63.5,76.5,1441555,4.4,4.4,4.5,1580,16169,9.8,9.3,10.2,5407,65810,8.2,8,8.4,43820,66.6,66.2,66.9
2025-07-31,"SUB_ICB_LOC","02P","E38000006","NHS SOUTH YORKSHIRE ICB - 02P",2338,3180.5,73.5,65.6,80.4,52251,4.5,4.3,4.7,44,753,5.8,4.4,7.8,81,2425,3.3,2.7,4.1,1598,65.9,64,67.8
2025-07-31,"SUB_ICB_LOC","99E","E38000007","NHS MID AND SOUTH ESSEX ICB - 99E",2159,3557,60.7,54.2,66.2,53073,4.1,3.9,4.2,110,643,17.1,14.4,20.2,190,2234,8.5,7.4,9.7,1486,66.5,64.5,68.4
2025-07-31,"SUB_ICB_LOC","02Q","E38000008","NHS NOTTINGHAM AND NOTTINGHAMSHIRE ICB - 02Q",1367,1793.5,76.2,67.7,83.6,28281,4.8,4.6,5.1,23,350,6.6,4.4,9.7,126,1417,8.9,7.5,10.5,953,67.3,64.8,69.6
2025-07-31,"SUB_ICB_LOC","00Q","E38000014","NHS LANCASHIRE AND SOUTH CUMBRIA ICB - 00Q",1019,1625.1,62.7,55.3,69.3,27450,3.7,3.5,3.9,36,343,10.5,7.7,14.2,85,1062,8,6.5,9.8,767,72.2,69.5,74.8
2025-07-31,"SUB_ICB_LOC","00R","E38000015","NHS LANCASHIRE AND SOUTH CUMBRIA ICB - 00R",1590,2220.7,71.6,63.6,78.4,35363,4.5,4.3,4.7,24,278,8.6,5.9,12.5,117,1660,7,5.9,8.4,1043,62.8,60.5,65.1
2025-07-31,"SUB_ICB_LOC","00T","E38000016","NHS GREATER MANCHESTER ICB - 00T",2436,3373.1,72.2,64.4,78.8,55006,4.4,4.3,4.6,61,577,10.6,8.3,13.3,195,2527,7.7,6.7,8.8,1770,70,68.2,71.8
2025-07-31,"SUB_ICB_LOC","00V","E38000024","NHS GREATER MANCHESTER ICB - 00V",1881,2458.6,76.5,68.3,83.7,38670,4.9,4.7,5.1,3,99,3,1,8.5,171,1948,8.8,7.6,10.1,1292,66.3,64.2,68.4
2025-07-31,"SUB_ICB_LOC","02T","E38000025","NHS WEST YORKSHIRE ICB - 02T",1830,2681.9,68.2,60.7,75,43826,4.2,4,4.4,50,691,7.2,5.5,9.4,136,1903,7.1,6.1,8.4,1314,69,66.9,71.1
2025-07-31,"SUB_ICB_LOC","04Y","E38000028","NHS STAFFORDSHIRE AND STOKE-ON-TRENT ICB - 04Y",1438,1887.4,76.2,67.6,83.7,29558,4.9,4.6,5.1,57,241,23.7,18.7,29.4,154,1479,10.4,9,12.1,1000,67.6,65.2,69.9
2025-07-31,"SUB_ICB_LOC","99F","E38000030","NHS MID AND SOUTH ESSEX ICB - 99F",2207,3111.2,70.9,63.2,77.5,45188,4.9,4.7,5.1,93,347,26.8,22.4,31.7,156,2256,6.9,5.9,8,1499,66.4,64.5,68.4
2025-07-31,"SUB_ICB_LOC","00X","E38000034","NHS LANCASHIRE AND SOUTH CUMBRIA ICB - 00X",1883,2598.9,72.5,64.7,79.2,41197,4.6,4.4,4.8,20,383,5.2,3.4,7.9,89,1936,4.6,3.8,5.6,1336,69,66.9,71
2025-07-31,"ICB","QYG","E54000008","NHS CHESHIRE AND MERSEYSIDE INTEGRATED CARE BOARD",23998,35296.1,68,61.2,73.7,557878,4.3,4.2,4.4,770,6657,11.6,10.8,12.4,2692,24735,10.9,10.5,11.3,16081,65,64.4,65.6
2025-07-31,"ICB","QNC","E54000010","NHS STAFFORDSHIRE AND STOKE-ON-TRENT INTEGRATED CARE BOARD",12047,16458.9,73.2,65.8,79.4,253515,4.8,4.7,4.8,411,2853,14.4,13.2,15.7,971,12341,7.9,7.4,8.4,8039,65.1,64.3,66
2025-07-31,"ICB","QOC","E54000011","NHS SHROPSHIRE, TELFORD AND WREKIN INTEGRATED CARE BOARD",5074,8086.9,62.7,56.3,68.2,124164,4.1,4,4.2,70,561,12.5,10,15.5,352,5206,6.8,6.1,7.5,3290,63.2,61.9,64.5
2025-07-31,"ICB","QJM","E54000013","NHS LINCOLNSHIRE INTEGRATED CARE BOARD",8850,12820.5,69,62,75,198117,4.5,4.4,4.6,372,2428,15.3,13.9,16.8,761,9155,8.3,7.8,8.9,5992,65.5,64.5,66.4
2025-07-31,"ICB","QK1","E54000015","NHS LEICESTER, LEICESTERSHIRE AND RUTLAND INTEGRATED CARE BOARD",9088,14075.5,64.6,58,70.2,221892,4.1,4,4.2,87,2519,3.5,2.8,4.2,948,9367,10.1,9.5,10.7,6087,65,64,65.9
2025-07-31,"ICB","QWU","E54000018","NHS COVENTRY AND WARWICKSHIRE INTEGRATED CARE BOARD",7556,12769.4,59.2,53.3,64.2,193026,3.9,3.8,4,185,1622,11.4,9.9,13,892,7792,11.4,10.8,12.2,5086,65.3,64.2,66.3
2025-07-31,"ICB","QGH","E54000019","NHS HEREFORDSHIRE AND WORCESTERSHIRE INTEGRATED CARE BOARD",7324,13164.8,55.6,50,60.5,199935,3.7,3.6,3.7,83,1475,5.6,4.6,6.9,793,7537,10.5,9.8,11.2,5176,68.7,67.6,69.7
2025-07-31,"ICB","QMM","E54000022","NHS NORFOLK AND WAVENEY INTEGRATED CARE BOARD",11646,18411.1,63.3,57,68.8,273738,4.3,4.2,4.3,353,2157,16.4,14.9,18,1406,11956,11.8,11.2,12.3,7822,65.4,64.6,66.3
2025-07-31,"ICB","QJG","E54000023","NHS SUFFOLK AND NORTH EAST ESSEX INTEGRATED CARE BOARD",10115,16717.9,60.5,54.5,65.7,249639,4.1,4,4.1,583,2063,28.3,26.4,30.2,1210,10397,11.6,11,12.3,6954,66.9,66,67.8
2025-07-31,"ICB","QHG","E54000024","NHS BEDFORDSHIRE, LUTON AND MILTON KEYNES INTEGRATED CARE BOARD",7506,10786.8,69.6,62.5,75.6,172649,4.3,4.3,4.4,226,1829,12.4,10.9,13.9,736,7784,9.5,8.8,10.1,5085,65.3,64.3,66.4
2025-07-31,"ICB","QM7","E54000025","NHS HERTFORDSHIRE AND WEST ESSEX INTEGRATED CARE BOARD",12936,19637.1,65.9,59.3,71.5,290433,4.5,4.4,4.5,164,2309,7.1,6.1,8.2,1059,13291,8,7.5,8.4,8306,62.5,61.7,63.3
2025-07-31,"ICB","QH8","E54000026","NHS MID AND SOUTH ESSEX INTEGRATED CARE BOARD",11248,16590.2,67.8,61,73.4,249507,4.5,4.4,4.6,348,2368,14.7,13.3,16.2,1110,11573,9.6,9.1,10.1,7945,68.7,67.8,69.5
2025-07-31,"ICB","QJK","E54000037","NHS DEVON INTEGRATED CARE BOARD",12384,20838.6,59.4,53.5,64.4,312295,4,3.9,4,393,2286,17.2,15.7,18.8,1072,12683,8.5,8,8.9,8237,64.9,64.1,65.8
2025-07-31,"ICB","QNX","E54000064","NHS SUSSEX ICB",17982,28498.3,63.1,56.8,68.5,415095,4.3,4.3,4.4,199,3499,5.7,5,6.5,1575,18386,8.6,8.2,9,12214,66.4,65.7,67.1
2025-07-31,"NHS_REGION","Y56","E40000003","LONDON",52791,77391.8,68.2,61.3,74,1265599,4.2,4.1,4.2,1296,11129,11.6,11.1,12.3,4836,54750,8.8,8.6,9.1,34790,63.5,63.1,63.9
2025-07-31,"ICB","QRV","E54000027","NHS NORTH WEST LONDON INTEGRATED CARE BOARD",13104,20040.6,65.4,58.6,71.2,330062,4,3.9,4,412,4397,9.4,8.5,10.3,1160,13609,8.5,8.1,9,8427,61.9,61.1,62.7
2025-07-31,"ICB","QMJ","E54000028","NHS NORTH CENTRAL LONDON INTEGRATED CARE BOARD",9053,13376.4,67.7,60.7,73.5,214877,4.2,4.1,4.3,109,1080,10.1,8.4,12,828,9316,8.9,8.3,9.5,5985,64.2,63.3,65.2
2025-07-31,"ICB","QMF","E54000029","NHS NORTH EAST LONDON INTEGRATED CARE BOARD",8690,13798.1,63,56.3,68.5,235007,3.7,3.6,3.8,230,1857,12.4,11,14,835,9083,9.2,8.6,9.8,5917,65.1,64.2,66.1
2025-07-31,"ICB","QKK","E54000030","NHS SOUTH EAST LONDON INTEGRATED CARE BOARD",11041,15505.4,71.2,63.7,77.4,252953,4.4,4.3,4.4,358,2601,13.8,12.5,15.1,941,11459,8.2,7.7,8.7,7028,61.3,60.4,62.2
2025-07-31,"ICB","QWE","E54000031","NHS SOUTH WEST LONDON INTEGRATED CARE BOARD",10903,14671.2,74.3,66.6,80.8,232700,4.7,4.6,4.8,187,1194,15.7,13.7,17.8,1072,11283,9.5,9,10.1,7433,65.9,65,66.7
2025-07-31,"ICB","QKS","E54000032","NHS KENT AND MEDWAY INTEGRATED CARE BOARD",16246,26215.1,62,55.7,67.3,400403,4.1,4,4.1,246,2615,9.4,8.3,10.6,1473,16734,8.8,8.4,9.2,10898,65.1,64.4,65.8
2025-07-31,"ICB","QNQ","E54000034","NHS FRIMLEY INTEGRATED CARE BOARD",6161,9148.3,67.3,60.5,73,138400,4.5,4.3,4.6,193,906,21.3,18.8,24.1,548,6296,8.7,8,9.4,4327,68.7,67.6,69.9
2025-07-31,"ICB","QT6","E54000036","NHS CORNWALL AND THE ISLES OF SCILLY INTEGRATED CARE BOARD",6194,10018,61.8,55.5,67.3,155619,4,3.9,4.1,138,1259,11,9.4,12.8,552,6328,8.7,8.1,9.4,3738,59.1,57.9,60.3
2025-07-31,"ICB","QSL","E54000038","NHS SOMERSET INTEGRATED CARE BOARD",5688,10185.5,55.8,50.2,60.9,152902,3.7,3.6,3.8,56,475,11.8,9.2,15,417,5831,7.2,6.5,7.8,3605,61.8,60.6,63.1
2025-07-31,"ICB","QUY","E54000039","NHS BRISTOL, NORTH SOMERSET AND SOUTH GLOUCESTERSHIRE INTEGRATED CARE BOARD",8639,12157.5,71.1,64,77.1,181395,4.8,4.7,4.9,14,680,2.1,1.2,3.4,671,8864,7.6,7,8.1,6168,69.6,68.6,70.5
2025-07-31,"ICB","QOX","E54000040","NHS BATH AND NORTH EAST SOMERSET, SWINDON AND WILTSHIRE INTEGRATED CARE BOARD",8629,14064.2,61.4,55.2,66.6,212677,4.1,4,4.1,220,1953,11.3,9.9,12.7,640,8851,7.2,6.7,7.8,5741,64.9,63.9,65.9
2025-07-31,"ICB","QVV","E54000041","NHS DORSET INTEGRATED CARE BOARD",8471,14673.4,57.7,52,62.7,211656,4,3.9,4.1,88,2749,3.2,2.6,3.9,635,8689,7.3,6.8,7.9,5860,67.4,66.4,68.4
2025-07-31,"ICB","QRL","E54000042","NHS HAMPSHIRE AND ISLE OF WIGHT INTEGRATED CARE BOARD",17724,27905,63.5,57.2,69,415305,4.3,4.2,4.3,173,3476,5,4.3,5.8,1912,18132,10.5,10.1,11,11632,64.2,63.5,64.8
2025-07-31,"ICB","QU9","E54000044","NHS BUCKINGHAMSHIRE, OXFORDSHIRE AND BERKSHIRE WEST INTEGRATED CARE BOARD",14863,23834.9,62.4,56.2,67.7,356646,4.2,4.1,4.2,292,2034,14.4,12.9,15.9,1275,15194,8.4,8,8.8,9869,65,64.2,65.7
2025-07-31,"ICB","QE1","E54000048","NHS LANCASHIRE AND SOUTH CUMBRIA INTEGRATED CARE BOARD",16611,24184.4,68.7,61.8,74.6,381622,4.4,4.3,4.4,245,3355,7.3,6.5,8.2,1144,17130,6.7,6.3,7.1,11557,67.5,66.8,68.2
2025-07-31,"ICB","QHM","E54000050","NHS NORTH EAST AND NORTH CUMBRIA INTEGRATED CARE BOARD",29085,41882.6,69.4,62.3,75.3,673669,4.3,4.3,4.4,1073,6745,15.9,15.1,16.8,2078,30091,6.9,6.6,7.2,19943,66.3,65.7,66.8
2025-07-31,"ICB","QOQ","E54000051","NHS HUMBER AND NORTH YORKSHIRE INTEGRATED CARE BOARD",16294,26599.7,61.3,55.1,66.4,413504,3.9,3.9,4,721,5272,13.7,12.8,14.6,1188,16803,7.1,6.7,7.5,10857,64.6,63.9,65.3
2025-07-31,"ICB","QWO","E54000054","NHS WEST YORKSHIRE INTEGRATED CARE BOARD",20065,28289.8,70.9,63.9,76.9,449229,4.5,4.4,4.5,952,5912,16.1,15.2,17.1,1851,20812,8.9,8.5,9.3,13977,67.2,66.5,67.8
2025-07-31,"ICB","QHL","E54000055","NHS BIRMINGHAM AND SOLIHULL INTEGRATED CARE BOARD",9365,14755.5,63.5,57,69,225660,4.2,4.1,4.2,198,1666,11.9,10.4,13.5,988,9695,10.2,9.6,10.8,6111,63,62.1,64
2025-07-31,"ICB","QUE","E54000056","NHS CAMBRIDGESHIRE AND PETERBOROUGH INTEGRATED CARE BOARD",7001,11324,61.8,55.6,67.2,173915,4,3.9,4.1,179,1383,12.9,11.3,14.8,612,7197,8.5,7.9,9.2,4774,66.3,65.2,67.4
2025-07-31,"ICB","QOP","E54000057","NHS GREATER MANCHESTER INTEGRATED CARE BOARD",23110,30880.8,74.8,67.2,81.2,502055,4.6,4.5,4.7,565,6157,9.2,8.5,9.9,1571,23945,6.6,6.3,6.9,16182,67.6,67,68.2
2025-07-31,"ICB","QJ2","E54000058","NHS DERBY AND DERBYSHIRE INTEGRATED CARE BOARD",10508,15241.3,68.9,62,74.8,238515,4.4,4.3,4.5,442,1648,26.8,24.7,29,1049,10940,9.6,9.1,10.2,7242,66.2,65.3,67.1
2025-07-31,"ICB","QPM","E54000059","NHS NORTHAMPTONSHIRE INTEGRATED CARE BOARD",6116,9214.4,66.4,59.3,72.2,147186,4.2,4.1,4.3,111,1927,5.8,4.8,6.9,601,6270,9.6,8.9,10.3,4074,65,63.8,66.1
2025-07-31,"ICB","QT1","E54000060","NHS NOTTINGHAM AND NOTTINGHAMSHIRE INTEGRATED CARE BOARD",10495,14988.1,70,63,76.1,233036,4.5,4.4,4.6,143,2027,7.1,6,8.3,969,10931,8.9,8.3,9.4,7099,64.9,64,65.8
2025-07-31,"ICB","QF7","E54000061","NHS SOUTH YORKSHIRE INTEGRATED CARE BOARD",12779,16829.8,75.9,68.3,82.5,266100,4.8,4.7,4.9,324,3426,9.5,8.5,10.5,892,13258,6.7,6.3,7.2,8913,67.2,66.4,68
2025-07-31,"ICB","QUA","E54000062","NHS BLACK COUNTRY INTEGRATED CARE BOARD",9793,14647.2,66.9,60.2,72.5,223430,4.4,4.3,4.5,201,3001,6.7,5.9,7.6,1046,10183,10.3,9.7,10.9,5308,52.1,51.2,53.1
2025-07-31,"ICB","QXU","E54000063","NHS SURREY HEARTLANDS ICB",10361,15301.6,67.7,61.1,73.4,218208,4.7,4.7,4.8,112,868,12.9,10.8,15.3,1079,10562,10.2,9.7,10.8,6936,65.7,64.8,66.6
2025-07-31,"NHS_REGION","Y59","E40000005","SOUTH EAST",83337,130903.2,63.7,57.4,69.2,1944057,4.3,4.3,4.3,1215,13398,9.1,8.6,9.6,7862,85304,9.2,9,9.4,55876,65.5,65.2,65.8
2025-07-31,"NHS_REGION","Y60","E40000011","MIDLANDS",96216,146222.5,65.8,59.4,71.3,2258476,4.3,4.2,4.3,2303,21727,10.6,10.2,11,9370,99417,9.4,9.2,9.6,63504,63.9,63.6,64.2
2025-07-31,"COUNTRY","ENG","E92000001","ENGLAND",491445,744044.9,66.1,59.6,71.7,11502291,4.3,4.3,4.3,12371,107073,11.6,11.4,11.7,44215,506549,8.7,8.7,8.8,330460,65.2,65.1,65.4
2025-07-31,"SUB_ICB_LOC","02A","E38000187","NHS GREATER MANCHESTER ICB - 02A",2020,2937.9,68.8,61.4,75.2,44310,4.6,4.4,4.8,82,328,25,20.6,30,113,2077,5.4,4.5,6.5,1210,58.3,56.1,60.4
2025-07-31,"SUB_ICB_LOC","09D","E38000021","NHS SUSSEX ICB - 09D",1888,2915.3,64.8,57.5,70.8,45872,4.1,3.9,4.3,39,251,15.5,11.6,20.5,147,1940,7.6,6.5,8.8,1219,62.8,60.7,65
2025-07-31,"SUB_ICB_LOC","15N","E38000230","NHS DEVON ICB - 15N",12384,20838.6,59.4,53.5,64.4,312295,4,3.9,4,393,2286,17.2,15.7,18.8,1072,12683,8.5,8,8.9,8237,64.9,64.1,65.8
2025-07-31,"SUB_ICB_LOC","10Q","E38000136","NHS BUCKINGHAMSHIRE, OXFORDSHIRE AND BERKSHIRE WEST ICB - 10Q",6288,9867.2,63.7,57.5,69.3,146372,4.3,4.2,4.4,75,604,12.4,10,15.3,523,6422,8.1,7.5,8.8,4141,64.5,63.3,65.6
2025-07-31,"SUB_ICB_LOC","10R","E38000137","NHS HAMPSHIRE AND ISLE OF WIGHT ICB - 10R",1577,2233,70.6,62.9,77.4,35289,4.5,4.3,4.7,3,454,0.7,0.2,1.9,168,1627,10.3,8.9,11.9,938,57.7,55.2,60
2025-07-31,"SUB_ICB_LOC","03L","E38000141","NHS SOUTH YORKSHIRE ICB - 03L",2983,3356.4,88.9,79.5,96.9,53001,5.6,5.4,5.8,109,698,15.6,13.1,18.5,164,3093,5.3,4.6,6.1,2343,75.8,74.2,77.2
2025-07-31,"SUB_ICB_LOC","01G","E38000143","NHS GREATER MANCHESTER ICB - 01G",1923,2439.3,78.8,70.2,86.3,40154,4.8,4.6,5,86,369,23.3,19.3,27.9,122,1987,6.1,5.2,7.3,1362,68.5,66.5,70.5
2025-07-31,"SUB_ICB_LOC","03N","E38000146","NHS SOUTH YORKSHIRE ICB - 03N",4759,6436.3,73.9,66.5,80.3,98538,4.8,4.7,5,81,896,9,7.3,11.1,469,4932,9.5,8.7,10.4,3225,65.4,64.1,66.7
2025-07-31,"SUB_ICB_LOC","11X","E38000150","NHS SOMERSET ICB - 11X",5688,10185.5,55.8,50.2,60.9,152902,3.7,3.6,3.8,56,475,11.8,9.2,15,417,5831,7.2,6.5,7.8,3605,61.8,60.6,63.1
2025-07-31,"SUB_ICB_LOC","05Q","E38000153","NHS STAFFORDSHIRE AND STOKE-ON-TRENT ICB - 05Q",2151,3281.1,65.6,58.4,71.8,50156,4.3,4.1,4.5,75,415,18.1,14.7,22.1,105,2206,4.8,3.9,5.7,1411,64,61.9,65.9
2025-07-31,"SUB_ICB_LOC","01T","E38000161","NHS CHESHIRE AND MERSEYSIDE ICB - 01T",1231,2071.5,59.4,52.6,65.3,33178,3.7,3.5,3.9,119,1206,9.9,8.3,11.7,128,1262,10.1,8.6,11.9,763,60.5,57.7,63.1
2025-07-31,"SUB_ICB_LOC","00N","E38000163","NHS NORTH EAST AND NORTH CUMBRIA ICB - 00N",1502,2069,72.6,64.5,79.6,33731,4.5,4.2,4.7,50,396,12.6,9.7,16.3,103,1544,6.7,5.5,8,979,63.4,61,65.8
2025-07-31,"SUB_ICB_LOC","99G","E38000168","NHS MID AND SOUTH ESSEX ICB - 99G",2088,2504.1,83.4,74.4,91.3,37206,5.6,5.4,5.9,54,254,21.3,16.7,26.7,179,2158,8.3,7.2,9.5,1643,76.1,74.3,77.9
2025-07-31,"SUB_ICB_LOC","01V","E38000170","NHS CHESHIRE AND MERSEYSIDE ICB - 01V",1876,2451.8,76.5,68.5,83.6,35081,5.3,5.1,5.6,153,1052,14.5,12.5,16.8,198,1913,10.4,9.1,11.8,1252,65.4,63.3,67.5
2025-07-31,"SUB_ICB_LOC","01X","E38000172","NHS CHESHIRE AND MERSEYSIDE ICB - 01X",1771,2663.3,66.5,59.2,72.7,42207,4.2,4,4.4,52,478,10.9,8.4,14,136,1838,7.4,6.3,8.7,1115,60.7,58.4,62.9
2025-07-31,"SUB_ICB_LOC","05V","E38000173","NHS STAFFORDSHIRE AND STOKE-ON-TRENT ICB - 05V",1481,2434.9,60.8,54.1,66.7,36728,4,3.8,4.2,46,460,10,7.6,13.1,81,1513,5.4,4.3,6.6,995,65.8,63.3,68.1
2025-07-31,"SUB_ICB_LOC","01W","E38000174","NHS GREATER MANCHESTER ICB - 01W",3281,4314.5,76,68.1,83,64584,5.1,4.9,5.3,34,398,8.5,6.2,11.7,196,3360,5.8,5.1,6.7,2417,71.9,70.4,73.4
2025-07-31,"SUB_ICB_LOC","05W","E38000175","NHS STAFFORDSHIRE AND STOKE-ON-TRENT ICB - 05W",3106,3313.7,93.7,83.9,102.1,52158,6,5.8,6.2,97,934,10.4,8.6,12.5,292,3194,9.1,8.2,10.2,2114,66.2,64.5,67.8
2025-07-31,"SUB_ICB_LOC","00P","E38000176","NHS NORTH EAST AND NORTH CUMBRIA ICB - 00P",2521,3708.5,68,60.7,74.4,60266,4.2,4,4.3,69,429,16.1,12.9,19.9,252,2596,9.7,8.6,10.9,1695,65.3,63.4,67.1
2025-07-31,"SUB_ICB_LOC","07G","E38000185","NHS MID AND SOUTH ESSEX ICB - 07G",1062,1614.7,65.8,58.2,72.6,26249,4,3.8,4.3,29,315,9.2,6.5,12.9,142,1101,12.9,11,15,808,73.4,70.7,75.9
2025-07-31,"SUB_ICB_LOC","03R","E38000190","NHS WEST YORKSHIRE ICB - 03R",3089,4651.7,66.4,59.3,72.8,75728,4.1,3.9,4.2,203,1155,17.6,15.5,19.9,319,3236,9.9,8.9,10.9,2350,72.6,71.1,74.1
2025-07-31,"SUB_ICB_LOC","02E","E38000194","NHS CHESHIRE AND MERSEYSIDE ICB - 02E",2084,2837.8,73.4,65.4,80.5,44463,4.7,4.5,4.9,59,787,7.5,5.9,9.6,272,2141,12.7,11.4,14.2,1413,66,64,68
2025-07-31,"SUB_ICB_LOC","07H","E38000197","NHS HERTFORDSHIRE AND WEST ESSEX ICB - 07H",3118,4163.6,74.9,66.8,81.6,62297,5,4.8,5.2,36,484,7.4,5.4,10.1,224,3208,7,6.2,7.9,1931,60.2,58.5,61.9
2025-07-31,"SUB_ICB_LOC","02G","E38000200","NHS LANCASHIRE AND SOUTH CUMBRIA ICB - 02G",1154,1735.6,66.5,58.8,73.1,26818,4.3,4.1,4.6,16,189,8.5,5.3,13.3,85,1183,7.2,5.8,8.8,806,68.1,65.4,70.7
2025-07-31,"SUB_ICB_LOC","04V","E38000201","NHS LEICESTER, LEICESTERSHIRE AND RUTLAND ICB - 04V",3352,5436.4,61.7,55.3,67.4,85580,3.9,3.8,4,49,540,9.1,6.9,11.8,296,3437,8.6,7.7,9.6,2176,63.3,61.7,64.9
2025-07-31,"SUB_ICB_LOC","07K","E38000204","NHS SUFFOLK AND NORTH EAST ESSEX ICB - 07K",2333,4450.4,52.4,46.9,57.2,66712,3.5,3.4,3.6,122,381,32,27.5,36.9,263,2381,11,9.8,12.4,1589,66.7,64.8,68.6
2025-07-31,"SUB_ICB_LOC","02H","E38000205","NHS GREATER MANCHESTER ICB - 02H",3074,4157.3,73.9,65.8,80.6,67816,4.5,4.4,4.7,79,1623,4.9,3.9,6,132,3162,4.2,3.5,4.9,2196,69.4,67.8,71
2025-07-31,"SUB_ICB_LOC","12F","E38000208","NHS CHESHIRE AND MERSEYSIDE ICB - 12F",3307,4977.4,66.4,59.4,72.3,77045,4.3,4.2,4.4,24,235,10.2,7,14.7,464,3412,13.6,12.5,14.8,2342,68.6,67.1,70.2
2025-07-31,"SUB_ICB_LOC","13T","E38000212","NHS NORTH EAST AND NORTH CUMBRIA ICB - 13T",4148,5684.2,73,65.4,79.6,89179,4.7,4.5,4.8,50,985,5.1,3.9,6.6,351,4299,8.2,7.4,9,2826,65.7,64.3,67.1
2025-07-31,"SUB_ICB_LOC","01H","E38000215","NHS NORTH EAST AND NORTH CUMBRIA ICB - 01H",3030,5243.1,57.8,51.7,63,82799,3.7,3.5,3.8,155,414,37.4,32.9,42.2,280,3132,8.9,8,10,2087,66.6,65,68.3
2025-07-31,"SUB_ICB_LOC","14L","E38000217","NHS GREATER MANCHESTER ICB - 14L",2910,3833.1,75.9,67.6,83,68882,4.2,4.1,4.4,33,1081,3.1,2.2,4.3,230,3056,7.5,6.6,8.5,2036,66.6,64.9,68.3
2025-07-31,"SUB_ICB_LOC","15A","E38000221","NHS BUCKINGHAMSHIRE, OXFORDSHIRE AND BERKSHIRE WEST ICB - 15A",4049,6210.4,65.2,58.6,71.1,95702,4.2,4.1,4.4,136,667,20.4,17.5,23.6,376,4160,9,8.2,9.9,2824,67.9,66.4,69.3
2025-07-31,"SUB_ICB_LOC","15C","E38000222","NHS BRISTOL, NORTH SOMERSET AND SOUTH GLOUCESTERSHIRE ICB - 15C",8639,12157.5,71.1,64,77.1,181395,4.8,4.7,4.9,14,680,2.1,1.2,3.4,671,8864,7.6,7,8.1,6168,69.6,68.6,70.5
2025-07-31,"SUB_ICB_LOC","14Y","E38000223","NHS BUCKINGHAMSHIRE, OXFORDSHIRE AND BERKSHIRE WEST ICB - 14Y",4526,7757.4,58.3,52.3,63.5,114572,4,3.8,4.1,81,763,10.6,8.6,13,376,4612,8.2,7.4,9,2904,63,61.6,64.3
2025-07-31,"SUB_ICB_LOC","15F","E38000225","NHS WEST YORKSHIRE ICB - 15F",6818,9109.5,74.8,67.4,81.4,141085,4.8,4.7,4.9,374,1398,26.8,24.5,29.1,408,7027,5.8,5.3,6.4,4860,69.2,68.1,70.2
2025-07-31,"SUB_ICB_LOC","02M","E38000226","NHS LANCASHIRE AND SOUTH CUMBRIA ICB - 02M",2393,3638.4,65.8,58.7,71.7,54566,4.4,4.2,4.6,13,314,4.1,2.4,7,134,2445,5.5,4.6,6.5,1588,64.9,63,66.8
2025-07-31,"SUB_ICB_LOC","01E","E38000227","NHS LANCASHIRE AND SOUTH CUMBRIA ICB - 01E",1825,2394,76.2,67.9,83.3,38166,4.8,4.6,5,19,361,5.3,3.4,8.1,137,1874,7.3,6.2,8.6,1320,70.4,68.3,72.5
2025-07-31,"SUB_ICB_LOC","01K","E38000228","NHS LANCASHIRE AND SOUTH CUMBRIA ICB - 01K",3761,5412.1,69.5,62.3,75.7,83313,4.5,4.4,4.7,23,403,5.7,3.8,8.4,269,3876,6.9,6.2,7.8,2456,63.4,61.8,64.9
2025-07-31,"SUB_ICB_LOC","92G","E38000231","NHS BATH AND NORTH EAST SOMERSET, SWINDON AND WILTSHIRE ICB - 92G",8629,14064.2,61.4,55.2,66.6,212677,4.1,4,4.1,220,1953,11.3,9.9,12.7,640,8851,7.2,6.7,7.8,5741,64.9,63.9,65.9
2025-07-31,"SUB_ICB_LOC","36J","E38000232","NHS WEST YORKSHIRE ICB - 36J",4984,6773.8,73.6,66.2,79.9,107497,4.6,4.5,4.8,191,1335,14.3,12.5,16.3,674,5154,13.1,12.2,14,3137,60.9,59.5,62.2
2025-07-31,"SUB_ICB_LOC","27D","E38000233","NHS CHESHIRE AND MERSEYSIDE ICB - 27D",8070,11977.1,67.4,60.6,73.2,181577,4.4,4.4,4.5,116,1092,10.6,8.9,12.6,844,8299,10.2,9.5,10.8,5514,66.4,65.4,67.4
2025-07-31,"SUB_ICB_LOC","84H","E38000234","NHS NORTH EAST AND NORTH CUMBRIA ICB - 84H",5465,7563.2,72.3,64.7,78.6,123619,4.4,4.3,4.5,228,1082,21.1,18.7,23.6,351,5691,6.2,5.6,6.8,3771,66.3,65,67.5
2025-07-31,"SUB_ICB_LOC","97R","E38000235","NHS SUSSEX ICB - 97R",6285,10340.7,60.8,54.7,66.1,150635,4.2,4.1,4.3,72,1586,4.5,3.6,5.7,711,6430,11.1,10.3,11.8,4455,69.3,68.1,70.4
2025-07-31,"SUB_ICB_LOC","18C","E38000236","NHS HEREFORDSHIRE AND WORCESTERSHIRE ICB - 18C",7324,13164.8,55.6,50,60.5,199935,3.7,3.6,3.7,83,1475,5.6,4.6,6.9,793,7537,10.5,9.8,11.2,5176,68.7,67.6,69.7
2025-07-31,"SUB_ICB_LOC","91Q","E38000237","NHS KENT AND MEDWAY ICB - 91Q",16246,26215.1,62,55.7,67.3,400403,4.1,4,4.1,246,2615,9.4,8.3,10.6,1473,16734,8.8,8.4,9.2,10898,65.1,64.4,65.8
2025-07-31,"SUB_ICB_LOC","71E","E38000238","NHS LINCOLNSHIRE ICB - 71E",8850,12820.5,69,62,75,198117,4.5,4.4,4.6,372,2428,15.3,13.9,16.8,761,9155,8.3,7.8,8.9,5992,65.5,64.5,66.4
2025-07-31,"SUB_ICB_LOC","26A","E38000239","NHS NORFOLK AND WAVENEY ICB - 26A",11646,18411.1,63.3,57,68.8,273738,4.3,4.2,4.3,353,2157,16.4,14.9,18,1406,11956,11.8,11.2,12.3,7822,65.4,64.6,66.3
2025-07-31,"SUB_ICB_LOC","93C","E38000240","NHS NORTH CENTRAL LONDON ICB - 93C",9053,13376.4,67.7,60.7,73.5,214877,4.2,4.1,4.3,109,1080,10.1,8.4,12,828,9316,8.9,8.3,9.5,5985,64.2,63.3,65.2
2025-07-31,"SUB_ICB_LOC","42D","E38000241","NHS HUMBER AND NORTH YORKSHIRE ICB - 42D",5757,9676.1,59.5,53.4,64.8,148051,3.9,3.8,4,214,1558,13.7,12.1,15.5,324,5882,5.5,5,6.1,3955,67.2,66,68.4
2025-07-31,"SUB_ICB_LOC","52R","E38000243","NHS NOTTINGHAM AND NOTTINGHAMSHIRE ICB - 52R",9128,13194.6,69.2,62.3,75,204755,4.5,4.4,4.5,120,1677,7.2,6,8.5,843,9514,8.9,8.3,9.4,6146,64.6,63.6,65.6
2025-07-31,"SUB_ICB_LOC","72Q","E38000244","NHS SOUTH EAST LONDON ICB - 72Q",11041,15505.4,71.2,63.7,77.4,252953,4.4,4.3,4.4,358,2601,13.8,12.5,15.1,941,11459,8.2,7.7,8.7,7028,61.3,60.4,62.2
2025-07-31,"SUB_ICB_LOC","36L","E38000245","NHS SOUTH WEST LONDON ICB - 36L",10903,14671.2,74.3,66.6,80.8,232700,4.7,4.6,4.8,187,1194,15.7,13.7,17.8,1072,11283,9.5,9,10.1,7433,65.9,65,66.7
2025-07-31,"SUB_ICB_LOC","16C","E38000247","NHS NORTH EAST AND NORTH CUMBRIA ICB - 16C",6618,8894.3,74.4,66.6,80.8,143887,4.6,4.5,4.7,385,1852,20.8,19,22.7,367,6870,5.3,4.8,5.9,4637,67.5,66.4,68.6
2025-07-31,"SUB_ICB_LOC","M1J4Y","E38000249","NHS BEDFORDSHIRE, LUTON AND MILTON KEYNES ICB - M1J4Y",7506,10786.8,69.6,62.5,75.6,172649,4.3,4.3,4.4,226,1829,12.4,10.9,13.9,736,7784,9.5,8.8,10.1,5085,65.3,64.3,66.4
2025-07-31,"SUB_ICB_LOC","B2M3M","E38000251","NHS COVENTRY AND WARWICKSHIRE ICB - B2M3M",7556,12769.4,59.2,53.3,64.2,193026,3.9,3.8,4,185,1622,11.4,9.9,13,892,7792,11.4,10.8,12.2,5086,65.3,64.2,66.3
2025-07-31,"SUB_ICB_LOC","D4U1Y","E38000252","NHS FRIMLEY ICB - D4U1Y",6161,9148.3,67.3,60.5,73,138400,4.5,4.3,4.6,193,906,21.3,18.8,24.1,548,6296,8.7,8,9.4,4327,68.7,67.6,69.9
2025-07-31,"SUB_ICB_LOC","D9Y0V","E38000253","NHS HAMPSHIRE AND ISLE OF WIGHT ICB - D9Y0V",16147,25672,62.9,56.6,68.1,380016,4.2,4.2,4.3,170,3022,5.6,4.9,6.5,1744,16505,10.6,10.1,11,10694,64.8,64.1,65.5
2025-07-31,"SUB_ICB_LOC","X2C4Y","E38000254","NHS WEST YORKSHIRE ICB - X2C4Y",3344,5072.9,65.9,59,72,81093,4.1,4,4.3,134,1333,10.1,8.6,11.8,314,3492,9,8.1,10,2316,66.3,64.7,67.9
2025-07-31,"SUB_ICB_LOC","A3A8R","E38000255","NHS NORTH EAST LONDON ICB - A3A8R",8690,13798.1,63,56.3,68.5,235007,3.7,3.6,3.8,230,1857,12.4,11,14,835,9083,9.2,8.6,9.8,5917,65.1,64.2,66.1
2025-07-31,"SUB_ICB_LOC","W2U3Z","E38000256","NHS NORTH WEST LONDON ICB - W2U3Z",13104,20040.6,65.4,58.6,71.2,330062,4,3.9,4,412,4397,9.4,8.5,10.3,1160,13609,8.5,8.1,9,8427,61.9,61.1,62.7
2025-07-31,"SUB_ICB_LOC","M2L0M","E38000257","NHS SHROPSHIRE, TELFORD AND WREKIN ICB - M2L0M",5074,8086.9,62.7,56.3,68.2,124164,4.1,4,4.2,70,561,12.5,10,15.5,352,5206,6.8,6.1,7.5,3290,63.2,61.9,64.5
2025-07-31,"SUB_ICB_LOC","15E","E38000258","NHS BIRMINGHAM AND SOLIHULL ICB - 15E",9365,14755.5,63.5,57,69,225660,4.2,4.1,4.2,198,1666,11.9,10.4,13.5,988,9695,10.2,9.6,10.8,6111,63,62.1,64
2025-07-31,"SUB_ICB_LOC","D2P2L","E38000259","NHS BLACK COUNTRY ICB - D2P2L",9793,14647.2,66.9,60.2,72.5,223430,4.4,4.3,4.5,201,3001,6.7,5.9,7.6,1046,10183,10.3,9.7,10.9,5308,52.1,51.2,53.1
2025-07-31,"SUB_ICB_LOC","06H","E38000260","NHS CAMBRIDGESHIRE AND PETERBOROUGH ICB - 06H",7001,11324,61.8,55.6,67.2,173915,4,3.9,4.1,179,1383,12.9,11.3,14.8,612,7197,8.5,7.9,9.2,4774,66.3,65.2,67.4
2025-07-31,"SUB_ICB_LOC","15M","E38000261","NHS DERBY AND DERBYSHIRE ICB - 15M",10508,15241.3,68.9,62,74.8,238515,4.4,4.3,4.5,442,1648,26.8,24.7,29,1049,10940,9.6,9.1,10.2,7242,66.2,65.3,67.1
2025-07-31,"SUB_ICB_LOC","78H","E38000262","NHS NORTHAMPTONSHIRE ICB - 78H",6116,9214.4,66.4,59.3,72.2,147186,4.2,4.1,4.3,111,1927,5.8,4.8,6.9,601,6270,9.6,8.9,10.3,4074,65,63.8,66.1
2025-07-31,"SUB_ICB_LOC","01Y","E38000263","NHS GREATER MANCHESTER ICB - 01Y",1749,2385.8,73.3,65.1,80.2,39758,4.4,4.2,4.6,54,308,17.5,13.7,22.2,161,1824,8.8,7.6,10.2,1185,65,62.7,67.1
2025-07-31,"SUB_ICB_LOC","92A","E38000264","NHS SURREY HEARTLANDS ICB - 92A",10361,15301.6,67.7,61.1,73.4,218208,4.7,4.7,4.8,112,868,12.9,10.8,15.3,1079,10562,10.2,9.7,10.8,6936,65.7,64.8,66.6
2025-07-31,"SUB_ICB_LOC","70F","E38000265","NHS SUSSEX ICB - 70F",9809,15242.3,64.4,58,70,218588,4.5,4.4,4.6,88,1662,5.3,4.3,6.5,717,10016,7.2,6.7,7.7,6540,65.3,64.4,66.2
2025-07-31,"SUB_ICB_LOC","03Q","E38000188","NHS HUMBER AND NORTH YORKSHIRE ICB - 03Q",1841,3328,55.3,49.3,60.5,49464,3.7,3.6,3.9,42,903,4.7,3.5,6.2,100,1892,5.3,4.4,6.4,1362,72,69.9,74
2025-08-31,"ICB","QU9","E54000044","NHS BUCKINGHAMSHIRE, OXFORDSHIRE AND BERKSHIRE WEST INTEGRATED CARE BOARD",14958,23903,62.6,56.3,67.9,357479,4.2,4.1,4.3,350,2441,14.3,13,15.8,1303,15290,8.5,8.1,9,9659,63.2,62.4,63.9
2025-08-31,"ICB","QE1","E54000048","NHS LANCASHIRE AND SOUTH CUMBRIA INTEGRATED CARE BOARD",16681,24241.2,68.8,61.8,74.7,382329,4.4,4.3,4.4,295,4041,7.3,6.5,8.1,1151,17204,6.7,6.3,7.1,11510,66.9,66.2,67.6
2025-08-31,"ICB","QHM","E54000050","NHS NORTH EAST AND NORTH CUMBRIA INTEGRATED CARE BOARD",29138,41983.5,69.4,62.4,75.4,674943,4.3,4.3,4.4,1285,8151,15.8,15,16.6,2086,30142,6.9,6.6,7.2,19564,64.9,64.4,65.4
2025-08-31,"ICB","QOQ","E54000051","NHS HUMBER AND NORTH YORKSHIRE INTEGRATED CARE BOARD",16369,26681.6,61.3,55.3,66.7,414450,3.9,3.9,4,910,6316,14.4,13.6,15.3,1193,16880,7.1,6.7,7.5,10781,63.9,63.1,64.6
2025-08-31,"ICB","QHL","E54000055","NHS BIRMINGHAM AND SOLIHULL INTEGRATED CARE BOARD",9394,14776.2,63.6,57.1,69.1,226011,4.2,4.1,4.2,261,2037,12.8,11.4,14.3,976,9720,10,9.5,10.7,5969,61.4,60.4,62.4
2025-08-31,"ICB","QUE","E54000056","NHS CAMBRIDGESHIRE AND PETERBOROUGH INTEGRATED CARE BOARD",7038,11359.2,62,55.7,67.2,174350,4,3.9,4.1,232,1626,14.3,12.7,16.1,601,7229,8.3,7.7,9,4692,64.9,63.8,66
2025-08-31,"ICB","QOP","E54000057","NHS GREATER MANCHESTER INTEGRATED CARE BOARD",23163,30964.3,74.8,67.2,80.9,503015,4.6,4.5,4.7,706,7531,9.4,8.7,10.1,1551,23997,6.5,6.2,6.8,15935,66.4,65.8,67
2025-08-31,"ICB","QJ2","E54000058","NHS DERBY AND DERBYSHIRE INTEGRATED CARE BOARD",10478,15281.9,68.6,61.7,74.6,238948,4.4,4.3,4.5,557,2006,27.8,25.9,29.8,1021,10900,9.4,8.8,9.9,7066,64.8,63.9,65.7
2025-08-31,"ICB","QPM","E54000059","NHS NORTHAMPTONSHIRE INTEGRATED CARE BOARD",6168,9245.6,66.7,59.7,72.5,147528,4.2,4.1,4.3,152,2373,6.4,5.5,7.5,601,6319,9.5,8.8,10.3,4026,63.7,62.5,64.9
2025-08-31,"ICB","QT1","E54000060","NHS NOTTINGHAM AND NOTTINGHAMSHIRE INTEGRATED CARE BOARD",10535,15029.9,70.1,62.9,76.1,233575,4.5,4.4,4.6,192,2450,7.8,6.8,9,974,10971,8.9,8.4,9.4,6936,63.2,62.3,64.1
2025-08-31,"ICB","QF7","E54000061","NHS SOUTH YORKSHIRE INTEGRATED CARE BOARD",12886,16875.1,76.4,68.8,82.9,266615,4.8,4.8,4.9,416,4122,10.1,9.2,11,897,13366,6.7,6.3,7.1,8733,65.3,64.5,66.1
2025-08-31,"ICB","QUA","E54000062","NHS BLACK COUNTRY INTEGRATED CARE BOARD",9839,14663.6,67.1,60.4,72.8,223786,4.4,4.3,4.5,255,3638,7,6.2,7.9,1071,10233,10.5,9.9,11.1,5170,50.5,49.6,51.5
2025-08-31,"ICB","QXU","E54000063","NHS SURREY HEARTLANDS ICB",10404,15340.7,67.8,61.2,73.6,218645,4.8,4.7,4.8,143,1079,13.3,11.4,15.4,1042,10604,9.8,9.3,10.4,6709,63.3,62.3,64.2
2025-08-31,"NHS_REGION","Y59","E40000005","SOUTH EAST",83814,131265.3,63.9,57.5,69.1,1948178,4.3,4.3,4.3,1520,16232,9.4,8.9,9.8,7882,85781,9.2,9,9.4,54855,63.9,63.6,64.3
2025-08-31,"NHS_REGION","Y58","E40000006","SOUTH WEST",56889,92356.4,61.6,55.5,66.7,1382986,4.1,4.1,4.1,1333,13429,9.9,9.4,10.4,4590,58293,7.9,7.7,8.1,36878,63.3,62.9,63.7
2025-08-31,"NHS_REGION","Y63","E40000012","NORTH EAST AND YORKSHIRE",78507,113898.7,68.9,61.9,74.7,1806191,4.3,4.3,4.4,3794,25644,14.8,14.4,15.2,6049,81250,7.4,7.3,7.6,52860,65.1,64.7,65.4
2025-08-31,"NHS_REGION","Y61","E40000013","EAST OF ENGLAND",60765,93723.3,64.8,58.4,70.2,1413061,4.3,4.3,4.3,2385,14702,16.2,15.6,16.8,6132,62491,9.8,9.6,10,40379,64.6,64.2,65
2025-08-31,"NHS_REGION","Y62","E40000014","NORTH WEST",63974,90603.3,70.6,63.7,76.7,1444567,4.4,4.4,4.5,1963,19752,9.9,9.5,10.4,5404,66067,8.2,8,8.4,43219,65.4,65.1,65.8
2025-08-31,"SUB_ICB_LOC","02P","E38000006","NHS SOUTH YORKSHIRE ICB - 02P",2355,3190.9,73.8,65.7,80.5,52360,4.5,4.3,4.7,63,878,7.2,5.6,9.1,82,2442,3.4,2.7,4.1,1564,64,62.1,65.9
2025-08-31,"SUB_ICB_LOC","99E","E38000007","NHS MID AND SOUTH ESSEX ICB - 99E",2152,3565.8,60.4,53.9,66,53159,4,3.9,4.2,138,787,17.5,15,20.3,191,2224,8.6,7.5,9.8,1456,65.5,63.5,67.4
2025-08-31,"SUB_ICB_LOC","02Q","E38000008","NHS NOTTINGHAM AND NOTTINGHAMSHIRE ICB - 02Q",1381,1800.2,76.7,68,84.2,28356,4.9,4.6,5.1,28,413,6.8,4.7,9.6,118,1432,8.2,6.9,9.8,936,65.4,62.9,67.8
2025-08-31,"SUB_ICB_LOC","00Q","E38000014","NHS LANCASHIRE AND SOUTH CUMBRIA ICB - 00Q",1028,1627.3,63.2,55.7,69.8,27508,3.7,3.5,4,44,396,11.1,8.4,14.6,88,1070,8.2,6.7,10,759,70.9,68.1,73.6
2025-08-31,"SUB_ICB_LOC","00R","E38000015","NHS LANCASHIRE AND SOUTH CUMBRIA ICB - 00R",1595,2224.5,71.7,64,78.5,35438,4.5,4.3,4.7,29,335,8.7,6.1,12.2,116,1664,7,5.8,8.3,968,58.2,55.8,60.5
2025-08-31,"SUB_ICB_LOC","00T","E38000016","NHS GREATER MANCHESTER ICB - 00T",2436,3381.4,72,64.4,78.9,55121,4.4,4.3,4.6,72,698,10.3,8.3,12.8,189,2525,7.5,6.5,8.6,1801,71.3,69.5,73.1
2025-08-31,"SUB_ICB_LOC","00V","E38000024","NHS GREATER MANCHESTER ICB - 00V",1884,2468.5,76.3,68.1,83.5,38759,4.9,4.7,5.1,4,131,3.1,1.2,7.6,168,1949,8.6,7.5,9.9,1300,66.7,64.6,68.8
2025-08-31,"SUB_ICB_LOC","02T","E38000025","NHS WEST YORKSHIRE ICB - 02T",1824,2691.4,67.8,60.6,74.3,43915,4.2,4,4.3,61,836,7.3,5.7,9.3,136,1895,7.2,6.1,8.4,1296,68.4,66.3,70.4
2025-08-31,"SUB_ICB_LOC","04Y","E38000028","NHS STAFFORDSHIRE AND STOKE-ON-TRENT ICB - 04Y",1445,1885.1,76.7,68.3,83.8,29579,4.9,4.6,5.1,71,288,24.7,20,29.9,150,1485,10.1,8.7,11.7,960,64.6,62.2,67
2025-08-31,"SUB_ICB_LOC","99F","E38000030","NHS MID AND SOUTH ESSEX ICB - 99F",2219,3110.6,71.3,63.8,77.9,45223,4.9,4.7,5.1,113,414,27.3,23.2,31.8,149,2268,6.6,5.6,7.7,1464,64.6,62.6,66.5
2025-08-31,"SUB_ICB_LOC","00X","E38000034","NHS LANCASHIRE AND SOUTH CUMBRIA ICB - 00X",1889,2608.7,72.4,64.6,79.2,41289,4.6,4.4,4.8,22,455,4.8,3.2,7.2,83,1941,4.3,3.5,5.3,1348,69.4,67.4,71.5
2025-08-31,"ICB","QMF","E54000029","NHS NORTH EAST LONDON INTEGRATED CARE BOARD",8717,13826.5,63,56.3,68.5,235682,3.7,3.6,3.8,269,2247,12,10.7,13.4,827,9105,9.1,8.5,9.7,5778,63.5,62.5,64.4
2025-08-31,"ICB","QKK","E54000030","NHS SOUTH EAST LONDON INTEGRATED CARE BOARD",11038,15555.6,71,63.6,77.2,253844,4.3,4.3,4.4,472,3237,14.6,13.4,15.8,945,11455,8.2,7.8,8.8,6727,58.7,57.8,59.6
2025-08-31,"ICB","QWE","E54000031","NHS SOUTH WEST LONDON INTEGRATED CARE BOARD",10955,14710.4,74.5,66.8,80.7,233319,4.7,4.6,4.8,227,1489,15.2,13.5,17.2,1084,11342,9.6,9,10.1,7213,63.6,62.7,64.5
2025-08-31,"ICB","QKS","E54000032","NHS KENT AND MEDWAY INTEGRATED CARE BOARD",16321,26291.4,62.1,55.8,67.3,401245,4.1,4,4.1,309,3149,9.8,8.8,10.9,1475,16814,8.8,8.4,9.2,10804,64.3,63.5,65
2025-08-31,"ICB","QNQ","E54000034","NHS FRIMLEY INTEGRATED CARE BOARD",6186,9177.9,67.4,60.5,73.3,138793,4.5,4.3,4.6,247,1169,21.1,18.9,23.6,543,6319,8.6,7.9,9.3,4217,66.7,65.6,67.9
2025-08-31,"ICB","QT6","E54000036","NHS CORNWALL AND THE ISLES OF SCILLY INTEGRATED CARE BOARD",6229,10048.8,62,55.7,67.5,155926,4,3.9,4.1,172,1505,11.4,9.9,13.1,549,6365,8.6,8,9.3,3578,56.2,55,57.4
2025-08-31,"ICB","QJK","E54000037","NHS DEVON INTEGRATED CARE BOARD",12386,20893.5,59.3,53.4,64.3,312870,4,3.9,4,475,2750,17.3,15.9,18.7,1057,12685,8.3,7.9,8.8,8099,63.8,63,64.7
2025-08-31,"ICB","QSL","E54000038","NHS SOMERSET INTEGRATED CARE BOARD",5725,10210.3,56.1,50.5,61,153151,3.7,3.6,3.8,76,592,12.8,10.4,15.8,405,5869,6.9,6.3,7.6,3479,59.3,58,60.5
2025-08-31,"ICB","QUY","E54000039","NHS BRISTOL, NORTH SOMERSET AND SOUTH GLOUCESTERSHIRE INTEGRATED CARE BOARD",8662,12181.8,71.1,64,77.4,181712,4.8,4.7,4.9,22,826,2.7,1.8,4,666,8883,7.5,7,8.1,6008,67.6,66.7,68.6
2025-08-31,"ICB","QOX","E54000040","NHS BATH AND NORTH EAST SOMERSET, SWINDON AND WILTSHIRE INTEGRATED CARE BOARD",8669,14113.4,61.4,55.2,66.9,213165,4.1,4,4.2,291,2377,12.2,11,13.6,638,8892,7.2,6.7,7.7,5549,62.4,61.4,63.4
2025-08-31,"ICB","QVV","E54000041","NHS DORSET INTEGRATED CARE BOARD",8472,14711.8,57.6,51.8,62.5,212105,4,3.9,4.1,113,3281,3.4,2.9,4.1,653,8694,7.5,7,8.1,5733,65.9,64.9,66.9
2025-08-31,"ICB","QRL","E54000042","NHS HAMPSHIRE AND ISLE OF WIGHT INTEGRATED CARE BOARD",17827,27986.5,63.7,57.4,69.1,416107,4.3,4.2,4.3,225,4176,5.4,4.7,6.1,1912,18233,10.5,10.1,10.9,11384,62.4,61.7,63.1
2025-08-31,"ICB","QR1","E54000043","NHS GLOUCESTERSHIRE INTEGRATED CARE BOARD",6746,10196.8,66.2,59.5,72,154057,4.4,4.3,4.5,184,2098,8.8,7.6,10.1,622,6905,9,8.4,9.7,4432,64.2,63,65.3
2025-08-31,"ICB","QNX","E54000064","NHS SUSSEX ICB",18118,28565.7,63.4,57.2,68.7,415909,4.4,4.3,4.4,246,4218,5.8,5.2,6.6,1607,18521,8.7,8.3,9.1,12082,65.2,64.5,65.9
2025-08-31,"NHS_REGION","Y56","E40000003","LONDON",52996,77602.6,68.3,61.3,73.9,1269313,4.2,4.1,4.2,1656,13762,12,11.5,12.6,4838,54952,8.8,8.6,9,33815,61.5,61.1,61.9
2025-08-31,"NHS_REGION","Y60","E40000011","MIDLANDS",96488,146564,65.8,59.2,71.3,2262880,4.3,4.2,4.3,2901,26506,10.9,10.6,11.3,9397,99666,9.4,9.2,9.6,62042,62.2,61.9,62.6
2025-08-31,"ICB","QMJ","E54000028","NHS NORTH CENTRAL LONDON INTEGRATED CARE BOARD",9103,13413.8,67.9,61,73.7,215406,4.2,4.1,4.3,134,1331,10.1,8.6,11.8,838,9365,8.9,8.4,9.5,5823,62.2,61.2,63.2
2025-08-31,"SUB_ICB_LOC","09D","E38000021","NHS SUSSEX ICB - 09D",1914,2924,65.5,58.4,71.7,45995,4.2,4,4.3,45,309,14.6,11.1,18.9,143,1965,7.3,6.2,8.5,1175,59.8,57.6,61.9
2025-08-31,"SUB_ICB_LOC","02X","E38000044","NHS SOUTH YORKSHIRE ICB - 02X",2716,3870.3,70.2,62.7,76.5,62460,4.3,4.2,4.5,112,1329,8.4,7.1,10,173,2825,6.1,5.3,7.1,1718,60.8,59,62.6
2025-08-31,"SUB_ICB_LOC","11J","E38000045","NHS DORSET ICB - 11J",8472,14711.8,57.6,51.8,62.5,212105,4,3.9,4.1,113,3281,3.4,2.9,4.1,653,8694,7.5,7,8.1,5733,65.9,64.9,66.9
2025-08-31,"SUB_ICB_LOC","06K","E38000049","NHS HERTFORDSHIRE AND WEST ESSEX ICB - 06K",4771,7601.5,62.8,56.5,68.4,111873,4.3,4.1,4.4,154,1626,9.5,8.1,11,379,4902,7.7,7,8.5,3105,63.3,62,64.7
2025-08-31,"SUB_ICB_LOC","01A","E38000050","NHS LANCASHIRE AND SOUTH CUMBRIA ICB - 01A",2984,4571.3,65.3,58.3,71.2,74814,4,3.9,4.1,111,1292,8.6,7.2,10.2,237,3096,7.7,6.8,8.6,2288,73.9,72.3,75.4
2025-08-31,"SUB_ICB_LOC","03W","E38000051","NHS LEICESTER, LEICESTERSHIRE AND RUTLAND ICB - 03W",3345,5581.6,59.9,53.7,65.5,83473,4,3.9,4.1,28,829,3.4,2.3,4.8,352,3427,10.3,9.3,11.3,2358,68.8,67.2,70.3
2025-08-31,"SUB_ICB_LOC","02Y","E38000052","NHS HUMBER AND NORTH YORKSHIRE ICB - 02Y",3323,5709.6,58.2,52.2,63.4,87781,3.8,3.7,3.9,209,1190,17.6,15.5,19.8,267,3409,7.8,7,8.8,2214,64.9,63.3,66.5
2025-08-31,"SUB_ICB_LOC","05D","E38000053","NHS STAFFORDSHIRE AND STOKE-ON-TRENT ICB - 05D",1200,1982.4,60.5,53.8,66.6,30791,3.9,3.7,4.1,55,232,23.7,18.7,29.6,51,1234,4.1,3.2,5.4,726,58.8,56.1,61.5
2025-08-31,"SUB_ICB_LOC","11M","E38000062","NHS GLOUCESTERSHIRE ICB - 11M",6746,10196.8,66.2,59.5,72,154057,4.4,4.3,4.5,184,2098,8.8,7.6,10.1,622,6905,9,8.4,9.7,4432,64.2,63,65.3
2025-08-31,"SUB_ICB_LOC","01F","E38000068","NHS CHESHIRE AND MERSEYSIDE ICB - 01F",1001,1488.3,67.3,59.2,74.5,26033,3.8,3.6,4.1,68,289,23.5,19,28.7,79,1048,7.5,6.1,9.3,669,63.8,60.9,66.7
2025-08-31,"SUB_ICB_LOC","06N","E38000079","NHS HERTFORDSHIRE AND WEST ESSEX ICB - 06N",5090,7907,64.4,57.9,70.1,116830,4.4,4.2,4.5,41,631,6.5,4.8,8.7,464,5222,8.9,8.1,9.7,3122,59.8,58.4,61.1
2025-08-31,"SUB_ICB_LOC","01D","E38000080","NHS GREATER MANCHESTER ICB - 01D",1889,2414.5,78.2,69.4,85.8,40926,4.6,4.4,4.8,76,711,10.7,8.6,13.2,144,1982,7.3,6.2,8.5,1299,65.5,63.4,67.6
2025-08-31,"SUB_ICB_LOC","03F","E38000085","NHS HUMBER AND NORTH YORKSHIRE ICB - 03F",1926,2940.1,65.5,58.2,71.8,49975,3.9,3.7,4,121,863,14,11.9,16.5,214,1999,10.7,9.4,12.1,1223,61.2,59,63.3
2025-08-31,"SUB_ICB_LOC","06L","E38000086","NHS SUFFOLK AND NORTH EAST ESSEX ICB - 06L",3990,6560.2,60.8,54.6,66.1,97860,4.1,4,4.2,448,1108,40.4,37.6,43.4,317,4085,7.8,7,8.6,2621,64.2,62.7,65.6
2025-08-31,"SUB_ICB_LOC","11N","E38000089","NHS CORNWALL AND THE ISLES OF SCILLY ICB - 11N",6229,10048.8,62,55.7,67.5,155926,4,3.9,4.1,172,1505,11.4,9.9,13.1,549,6365,8.6,8,9.3,3578,56.2,55,57.4
2025-08-31,"SUB_ICB_LOC","01J","E38000091","NHS CHESHIRE AND MERSEYSIDE ICB - 01J",1150,1709,67.3,59.4,74.2,30289,3.8,3.6,4,103,417,24.7,20.8,29.1,120,1195,10,8.5,11.9,650,54.4,51.6,57.2
2025-08-31,"SUB_ICB_LOC","04C","E38000097","NHS LEICESTER, LEICESTERSHIRE AND RUTLAND ICB - 04C",2404,3073,78.2,69.7,85.9,53084,4.5,4.4,4.7,19,1642,1.2,0.7,1.8,317,2512,12.6,11.4,14,1531,60.9,59,62.8
2025-08-31,"SUB_ICB_LOC","15N","E38000230","NHS DEVON ICB - 15N",12386,20893.5,59.3,53.4,64.3,312870,4,3.9,4,475,2750,17.3,15.9,18.7,1057,12685,8.3,7.9,8.8,8099,63.8,63,64.7
2025-08-31,"SUB_ICB_LOC","70F","E38000265","NHS SUSSEX ICB - 70F",9890,15280.9,64.7,58.4,70.2,219058,4.5,4.4,4.6,105,2014,5.2,4.3,6.3,745,10097,7.4,6.9,7.9,6508,64.5,63.5,65.4
2025-08-31,"SUB_ICB_LOC","99A","E38000101","NHS CHESHIRE AND MERSEYSIDE ICB - 99A",3551,5140.1,69.1,61.6,75.5,88431,4,3.9,4.1,132,1512,8.7,7.4,10.3,441,3669,12,11,13.1,2283,62.2,60.6,63.8
2025-08-31,"SUB_ICB_LOC","06Q","E38000106","NHS MID AND SOUTH ESSEX ICB - 06Q",3752,5822.7,64.4,57.7,70.1,88006,4.3,4.1,4.4,89,1005,8.9,7.3,10.8,443,3842,11.5,10.6,12.6,2441,63.5,62,65
2025-08-31,"SUB_ICB_LOC","06T","E38000117","NHS SUFFOLK AND NORTH EAST ESSEX ICB - 06T",3848,5745.4,67,60.1,73,85501,4.5,4.4,4.6,144,943,15.3,13.1,17.7,627,3987,15.7,14.6,16.9,2673,67,65.6,68.5
2025-08-31,"SUB_ICB_LOC","03H","E38000119","NHS HUMBER AND NORTH YORKSHIRE ICB - 03H",1722,2368.3,72.7,64.6,79.7,37139,4.6,4.4,4.9,156,672,23.2,20.2,26.6,179,1812,9.9,8.6,11.3,1048,57.8,55.5,60.1
2025-08-31,"SUB_ICB_LOC","03K","E38000122","NHS HUMBER AND NORTH YORKSHIRE ICB - 03K",1739,2617.9,66.4,59.1,73,41537,4.2,4,4.4,85,644,13.2,10.8,16,109,1824,6,5,7.2,1002,54.9,52.6,57.2
2025-08-31,"SUB_ICB_LOC","05G","E38000126","NHS STAFFORDSHIRE AND STOKE-ON-TRENT ICB - 05G",2713,3577,75.8,67.9,82.8,54307,5,4.8,5.2,114,750,15.2,12.8,17.9,292,2754,10.6,9.5,11.8,1727,62.7,60.9,64.5
2025-08-31,"SUB_ICB_LOC","99C","E38000127","NHS NORTH EAST AND NORTH CUMBRIA ICB - 99C",2162,3030.8,71.3,63.5,78,48620,4.4,4.3,4.6,33,743,4.4,3.2,6.2,164,2210,7.4,6.4,8.6,1388,62.8,60.8,64.8
2025-08-31,"SUB_ICB_LOC","00L","E38000130","NHS NORTH EAST AND NORTH CUMBRIA ICB - 00L",3659,5715.3,64,57.3,69.6,91884,4,3.9,4.1,125,1167,10.7,9.1,12.6,218,3766,5.8,5.1,6.6,2509,66.6,65.1,68.1
2025-08-31,"SUB_ICB_LOC","00Y","E38000135","NHS GREATER MANCHESTER ICB - 00Y",1958,2575.5,76,67.6,83.3,42064,4.7,4.5,4.9,97,933,10.4,8.6,12.5,101,2032,5,4.1,6,1349,66.4,64.3,68.4
2025-08-31,"SUB_ICB_LOC","10Q","E38000136","NHS BUCKINGHAMSHIRE, OXFORDSHIRE AND BERKSHIRE WEST ICB - 10Q",6344,9896.7,64.1,57.6,69.5,146747,4.3,4.2,4.4,92,723,12.7,10.5,15.4,528,6477,8.2,7.5,8.8,4085,63.1,61.9,64.2
2025-08-31,"SUB_ICB_LOC","10R","E38000137","NHS HAMPSHIRE AND ISLE OF WIGHT ICB - 10R",1587,2238.8,70.9,62.9,77.7,35368,4.5,4.3,4.7,6,553,1.1,0.5,2.3,162,1636,9.9,8.5,11.4,895,54.7,52.3,57.1
2025-08-31,"SUB_ICB_LOC","03L","E38000141","NHS SOUTH YORKSHIRE ICB - 03L",3019,3366,89.7,80,97.6,53096,5.7,5.5,5.9,132,839,15.7,13.4,18.4,176,3127,5.6,4.9,6.5,2296,73.4,71.8,74.9
2025-08-31,"SUB_ICB_LOC","01G","E38000143","NHS GREATER MANCHESTER ICB - 01G",1931,2444.9,79,70.3,86.3,40214,4.8,4.6,5,94,436,21.6,18,25.7,122,1996,6.1,5.1,7.2,1330,66.6,64.5,68.7
2025-08-31,"SUB_ICB_LOC","03N","E38000146","NHS SOUTH YORKSHIRE ICB - 03N",4796,6447.8,74.4,66.9,81,98699,4.9,4.7,5,109,1076,10.1,8.5,12.1,466,4972,9.4,8.6,10.2,3155,63.5,62.1,64.8
2025-08-31,"SUB_ICB_LOC","11X","E38000150","NHS SOMERSET ICB - 11X",5725,10210.3,56.1,50.5,61,153151,3.7,3.6,3.8,76,592,12.8,10.4,15.8,405,5869,6.9,6.3,7.6,3479,59.3,58,60.5
2025-08-31,"SUB_ICB_LOC","05Q","E38000153","NHS STAFFORDSHIRE AND STOKE-ON-TRENT ICB - 05Q",2157,3289.1,65.6,58.6,71.5,50248,4.3,4.1,4.5,82,482,17,13.9,20.6,111,2207,5,4.2,6,1374,62.3,60.2,64.3
2025-08-31,"SUB_ICB_LOC","01T","E38000161","NHS CHESHIRE AND MERSEYSIDE ICB - 01T",1233,2075.1,59.4,52.6,65.3,33254,3.7,3.5,3.9,146,1470,9.9,8.5,11.6,131,1267,10.3,8.8,12.1,743,58.6,55.9,61.3
2025-08-31,"SUB_ICB_LOC","00N","E38000163","NHS NORTH EAST AND NORTH CUMBRIA ICB - 00N",1487,2074.5,71.7,63.6,78.7,33791,4.4,4.2,4.6,55,465,11.8,9.2,15.1,95,1530,6.2,5.1,7.5,958,62.6,60.2,65
2025-08-31,"SUB_ICB_LOC","99G","E38000168","NHS MID AND SOUTH ESSEX ICB - 99G",2104,2508.3,83.9,74.9,91.8,37293,5.6,5.4,5.9,61,327,18.7,14.8,23.2,178,2174,8.2,7.1,9.4,1638,75.3,73.5,77.1
2025-08-31,"SUB_ICB_LOC","01V","E38000170","NHS CHESHIRE AND MERSEYSIDE ICB - 01V",1878,2462.1,76.3,68.3,83.7,35165,5.3,5.1,5.6,196,1352,14.5,12.7,16.5,207,1915,10.8,9.5,12.3,1193,62.3,60.1,64.4
2025-08-31,"SUB_ICB_LOC","01X","E38000172","NHS CHESHIRE AND MERSEYSIDE ICB - 01X",1798,2673.4,67.3,59.9,73.7,42346,4.2,4.1,4.4,69,588,11.7,9.4,14.6,132,1863,7.1,6,8.3,1078,57.9,55.6,60.1
2025-08-31,"SUB_ICB_LOC","05V","E38000173","NHS STAFFORDSHIRE AND STOKE-ON-TRENT ICB - 05V",1469,2440.2,60.2,53.6,66.2,36807,4,3.8,4.2,59,562,10.5,8.2,13.3,77,1501,5.1,4.1,6.4,952,63.4,61,65.8
2025-08-31,"SUB_ICB_LOC","01W","E38000174","NHS GREATER MANCHESTER ICB - 01W",3295,4325.3,76.2,68.1,83,64668,5.1,4.9,5.3,52,509,10.2,7.9,13.2,203,3376,6,5.3,6.9,2403,71.2,69.6,72.7
2025-08-31,"SUB_ICB_LOC","05W","E38000175","NHS STAFFORDSHIRE AND STOKE-ON-TRENT ICB - 05W",3098,3316.6,93.4,83.7,101.9,52242,5.9,5.7,6.1,113,1123,10.1,8.4,12,292,3189,9.2,8.2,10.2,2055,64.4,62.8,66.1
2025-08-31,"SUB_ICB_LOC","00P","E38000176","NHS NORTH EAST AND NORTH CUMBRIA ICB - 00P",2539,3718.4,68.3,60.8,74.4,60397,4.2,4,4.4,88,500,17.6,14.5,21.2,249,2615,9.5,8.5,10.7,1648,63,61.2,64.9
2025-08-31,"SUB_ICB_LOC","07G","E38000185","NHS MID AND SOUTH ESSEX ICB - 07G",1074,1618,66.4,58.6,73.3,26312,4.1,3.8,4.3,32,370,8.6,6.2,12,141,1112,12.7,10.9,14.8,811,72.9,70.2,75.5
2025-08-31,"SUB_ICB_LOC","02A","E38000187","NHS GREATER MANCHESTER ICB - 02A",2016,2943.4,68.5,61.1,74.9,44390,4.5,4.4,4.7,98,409,24,20.1,28.3,113,2072,5.5,4.6,6.5,1174,56.7,54.5,58.8
2025-08-31,"SUB_ICB_LOC","03Q","E38000188","NHS HUMBER AND NORTH YORKSHIRE ICB - 03Q",1878,3339.6,56.2,50.3,61.4,49602,3.8,3.6,4,59,1079,5.5,4.3,7,92,1928,4.8,3.9,5.8,1374,71.3,69.2,73.2
2025-08-31,"SUB_ICB_LOC","03R","E38000190","NHS WEST YORKSHIRE ICB - 03R",3098,4667.2,66.4,59.4,72.5,75884,4.1,3.9,4.2,246,1380,17.8,15.9,19.9,321,3243,9.9,8.9,11,2316,71.4,69.8,72.9
2025-08-31,"SUB_ICB_LOC","02E","E38000194","NHS CHESHIRE AND MERSEYSIDE ICB - 02E",2095,2848.2,73.6,65.7,80.5,44579,4.7,4.5,4.9,69,922,7.5,6,9.4,270,2151,12.6,11.2,14,1417,65.9,63.8,67.9
2025-08-31,"SUB_ICB_LOC","07H","E38000197","NHS HERTFORDSHIRE AND WEST ESSEX ICB - 07H",3137,4168,75.3,67.4,82,62422,5,4.9,5.2,42,613,6.9,5.1,9.1,222,3229,6.9,6.1,7.8,1928,59.7,58,61.4
2025-08-31,"SUB_ICB_LOC","02G","E38000200","NHS LANCASHIRE AND SOUTH CUMBRIA ICB - 02G",1156,1739,66.5,59,73,26863,4.3,4.1,4.6,19,247,7.7,5,11.7,82,1188,6.9,5.6,8.5,803,67.6,64.9,70.2
2025-08-31,"SUB_ICB_LOC","04V","E38000201","NHS LEICESTER, LEICESTERSHIRE AND RUTLAND ICB - 04V",3375,5453.4,61.9,55.4,67.4,85793,3.9,3.8,4.1,58,686,8.5,6.6,10.8,298,3461,8.6,7.7,9.6,2182,63,61.4,64.6
2025-08-31,"SUB_ICB_LOC","07K","E38000204","NHS SUFFOLK AND NORTH EAST ESSEX ICB - 07K",2325,4466.5,52.1,46.6,57,66848,3.5,3.3,3.6,154,449,34.3,30.1,38.8,264,2373,11.1,9.9,12.5,1576,66.4,64.5,68.3
2025-08-31,"SUB_ICB_LOC","02H","E38000205","NHS GREATER MANCHESTER ICB - 02H",3080,4169.7,73.9,66.1,80.7,67894,4.5,4.4,4.7,101,2030,5,4.1,6,132,3171,4.2,3.5,4.9,2156,68,66.3,69.6
2025-08-31,"SUB_ICB_LOC","12F","E38000208","NHS CHESHIRE AND MERSEYSIDE ICB - 12F",3306,4988.7,66.3,59.2,72.2,77173,4.3,4.1,4.4,34,291,11.7,8.5,15.9,478,3409,14,12.9,15.2,2322,68.1,66.5,69.7
2025-08-31,"SUB_ICB_LOC","13T","E38000212","NHS NORTH EAST AND NORTH CUMBRIA ICB - 13T",4157,5692.9,73,65.5,79.5,89303,4.7,4.5,4.8,67,1247,5.4,4.3,6.8,355,4311,8.2,7.5,9.1,2745,63.7,62.2,65.1
2025-08-31,"SUB_ICB_LOC","01H","E38000215","NHS NORTH EAST AND NORTH CUMBRIA ICB - 01H",3031,5257.4,57.7,51.7,63,82958,3.7,3.5,3.8,185,503,36.8,32.7,41.1,283,3132,9,8.1,10.1,2065,65.9,64.3,67.6
2025-08-31,"SUB_ICB_LOC","14L","E38000217","NHS GREATER MANCHESTER ICB - 14L",2909,3848.5,75.6,67.2,82.5,69125,4.2,4.1,4.4,41,1289,3.2,2.4,4.3,223,3055,7.3,6.4,8.3,1951,63.9,62.1,65.5
2025-08-31,"SUB_ICB_LOC","15A","E38000221","NHS BUCKINGHAMSHIRE, OXFORDSHIRE AND BERKSHIRE WEST ICB - 15A",4072,6229.4,65.4,58.6,71.1,95919,4.2,4.1,4.4,157,820,19.1,16.6,22,383,4185,9.2,8.3,10.1,2790,66.7,65.2,68.1
2025-08-31,"SUB_ICB_LOC","15C","E38000222","NHS BRISTOL, NORTH SOMERSET AND SOUTH GLOUCESTERSHIRE ICB - 15C",8662,12181.8,71.1,64,77.4,181712,4.8,4.7,4.9,22,826,2.7,1.8,4,666,8883,7.5,7,8.1,6008,67.6,66.7,68.6
2025-08-31,"SUB_ICB_LOC","14Y","E38000223","NHS BUCKINGHAMSHIRE, OXFORDSHIRE AND BERKSHIRE WEST ICB - 14Y",4542,7777,58.4,52.5,63.6,114813,4,3.8,4.1,101,898,11.2,9.3,13.5,392,4628,8.5,7.7,9.3,2784,60.2,58.7,61.6
2025-08-31,"SUB_ICB_LOC","15F","E38000225","NHS WEST YORKSHIRE ICB - 15F",6853,9130.6,75.1,67.4,81.7,141370,4.8,4.7,5,469,1679,27.9,25.8,30.1,416,7066,5.9,5.4,6.5,4802,68,66.9,69
2025-08-31,"SUB_ICB_LOC","02M","E38000226","NHS LANCASHIRE AND SOUTH CUMBRIA ICB - 02M",2390,3647.4,65.5,58.7,71.5,54715,4.4,4.2,4.5,20,390,5.1,3.3,7.8,136,2440,5.6,4.7,6.6,1589,65.1,63.2,67
2025-08-31,"SUB_ICB_LOC","01E","E38000227","NHS LANCASHIRE AND SOUTH CUMBRIA ICB - 01E",1839,2398.5,76.7,68.2,83.9,38246,4.8,4.6,5,23,439,5.2,3.5,7.7,143,1890,7.6,6.5,8.8,1348,71.3,69.2,73.3
2025-08-31,"SUB_ICB_LOC","01K","E38000228","NHS LANCASHIRE AND SOUTH CUMBRIA ICB - 01K",3800,5424.6,70.1,62.8,76,83456,4.6,4.4,4.7,27,487,5.5,3.8,7.9,266,3915,6.8,6,7.6,2407,61.5,59.9,63
2025-08-31,"SUB_ICB_LOC","92G","E38000231","NHS BATH AND NORTH EAST SOMERSET, SWINDON AND WILTSHIRE ICB - 92G",8669,14113.4,61.4,55.2,66.9,213165,4.1,4,4.2,291,2377,12.2,11,13.6,638,8892,7.2,6.7,7.7,5549,62.4,61.4,63.4
2025-08-31,"SUB_ICB_LOC","36J","E38000232","NHS WEST YORKSHIRE ICB - 36J",4986,6784,73.5,65.9,80,107756,4.6,4.5,4.8,241,1582,15.2,13.5,17.1,693,5156,13.4,12.5,14.4,3037,58.9,57.6,60.2
2025-08-31,"SUB_ICB_LOC","27D","E38000233","NHS CHESHIRE AND MERSEYSIDE ICB - 27D",8118,12013,67.6,60.7,73.3,181953,4.5,4.4,4.6,145,1339,10.8,9.3,12.6,844,8349,10.1,9.5,10.8,5419,64.9,63.9,65.9
2025-08-31,"SUB_ICB_LOC","84H","E38000234","NHS NORTH EAST AND NORTH CUMBRIA ICB - 84H",5463,7586.9,72,64.6,78.3,123843,4.4,4.3,4.5,269,1316,20.4,18.3,22.7,358,5690,6.3,5.7,7,3682,64.7,63.5,65.9
2025-08-31,"SUB_ICB_LOC","97R","E38000235","NHS SUSSEX ICB - 97R",6314,10360.8,60.9,54.8,66.3,150856,4.2,4.1,4.3,96,1895,5.1,4.2,6.1,719,6459,11.1,10.4,11.9,4399,68.1,67,69.2
2025-08-31,"SUB_ICB_LOC","18C","E38000236","NHS HEREFORDSHIRE AND WORCESTERSHIRE ICB - 18C",7375,13203.4,55.9,50.3,60.8,200366,3.7,3.6,3.8,108,1773,6.1,5.1,7.3,793,7589,10.4,9.8,11.2,5029,66.3,65.2,67.3
2025-08-31,"SUB_ICB_LOC","91Q","E38000237","NHS KENT AND MEDWAY ICB - 91Q",16321,26291.4,62.1,55.8,67.3,401245,4.1,4,4.1,309,3149,9.8,8.8,10.9,1475,16814,8.8,8.4,9.2,10804,64.3,63.5,65
2025-08-31,"SUB_ICB_LOC","71E","E38000238","NHS LINCOLNSHIRE ICB - 71E",8882,12856,69.1,62.1,75.2,198523,4.5,4.4,4.6,457,2934,15.6,14.3,16.9,765,9186,8.3,7.8,8.9,5869,63.9,62.9,64.9
2025-08-31,"SUB_ICB_LOC","26A","E38000239","NHS NORFOLK AND WAVENEY ICB - 26A",11716,18468.8,63.4,57.2,68.8,274343,4.3,4.2,4.3,458,2598,17.6,16.2,19.1,1420,12024,11.8,11.2,12.4,7747,64.4,63.6,65.3
2025-08-31,"SUB_ICB_LOC","93C","E38000240","NHS NORTH CENTRAL LONDON ICB - 93C",9103,13413.8,67.9,61,73.7,215406,4.2,4.1,4.3,134,1331,10.1,8.6,11.8,838,9365,8.9,8.4,9.5,5823,62.2,61.2,63.2
2025-08-31,"SUB_ICB_LOC","42D","E38000241","NHS HUMBER AND NORTH YORKSHIRE ICB - 42D",5781,9706,59.6,53.5,64.5,148416,3.9,3.8,4,280,1868,15,13.4,16.7,332,5908,5.6,5.1,6.2,3920,66.4,65.1,67.5
2025-08-31,"SUB_ICB_LOC","52R","E38000243","NHS NOTTINGHAM AND NOTTINGHAMSHIRE ICB - 52R",9154,13229.8,69.2,62.1,75.2,205219,4.5,4.4,4.6,164,2037,8.1,6.9,9.3,856,9539,9,8.4,9.6,6000,62.9,61.9,63.9
2025-08-31,"SUB_ICB_LOC","72Q","E38000244","NHS SOUTH EAST LONDON ICB - 72Q",11038,15555.6,71,63.6,77.2,253844,4.3,4.3,4.4,472,3237,14.6,13.4,15.8,945,11455,8.2,7.8,8.8,6727,58.7,57.8,59.6
2025-08-31,"SUB_ICB_LOC","36L","E38000245","NHS SOUTH WEST LONDON ICB - 36L",10955,14710.4,74.5,66.8,80.7,233319,4.7,4.6,4.8,227,1489,15.2,13.5,17.2,1084,11342,9.6,9,10.1,7213,63.6,62.7,64.5
2025-08-31,"SUB_ICB_LOC","16C","E38000247","NHS NORTH EAST AND NORTH CUMBRIA ICB - 16C",6640,8907.4,74.5,67.1,81,144147,4.6,4.5,4.7,463,2210,21,19.3,22.7,364,6888,5.3,4.8,5.8,4569,66.3,65.2,67.4
2025-08-31,"SUB_ICB_LOC","M1J4Y","E38000249","NHS BEDFORDSHIRE, LUTON AND MILTON KEYNES ICB - M1J4Y",7549,10821.2,69.8,62.6,75.9,173041,4.4,4.3,4.5,279,2205,12.7,11.3,14.1,736,7820,9.4,8.8,10.1,5105,65.3,64.2,66.3
2025-08-31,"SUB_ICB_LOC","B2M3M","E38000251","NHS COVENTRY AND WARWICKSHIRE ICB - B2M3M",7547,12793.6,59,53,64,193354,3.9,3.8,4,219,2011,10.9,9.6,12.3,899,7784,11.5,10.9,12.3,4938,63.4,62.4,64.5
2025-08-31,"SUB_ICB_LOC","D4U1Y","E38000252","NHS FRIMLEY ICB - D4U1Y",6186,9177.9,67.4,60.5,73.3,138793,4.5,4.3,4.6,247,1169,21.1,18.9,23.6,543,6319,8.6,7.9,9.3,4217,66.7,65.6,67.9
2025-08-31,"SUB_ICB_LOC","D9Y0V","E38000253","NHS HAMPSHIRE AND ISLE OF WIGHT ICB - D9Y0V",16240,25747.7,63.1,56.8,68.4,380739,4.3,4.2,4.3,219,3623,6,5.3,6.9,1750,16597,10.5,10.1,11,10489,63.2,62.5,63.9
2025-08-31,"SUB_ICB_LOC","X2C4Y","E38000254","NHS WEST YORKSHIRE ICB - X2C4Y",3353,5085.1,65.9,59.1,71.9,81258,4.1,4,4.3,166,1578,10.5,9.1,12.1,307,3502,8.8,7.9,9.7,2331,66.6,65,68.1
2025-08-31,"SUB_ICB_LOC","A3A8R","E38000255","NHS NORTH EAST LONDON ICB - A3A8R",8717,13826.5,63,56.3,68.5,235682,3.7,3.6,3.8,269,2247,12,10.7,13.4,827,9105,9.1,8.5,9.7,5778,63.5,62.5,64.4
2025-08-31,"SUB_ICB_LOC","W2U3Z","E38000256","NHS NORTH WEST LONDON ICB - W2U3Z",13183,20096.2,65.6,58.8,71.2,331062,4,3.9,4,554,5458,10.2,9.4,11,1144,13685,8.4,7.9,8.8,8274,60.5,59.6,61.3
2025-08-31,"SUB_ICB_LOC","M2L0M","E38000257","NHS SHROPSHIRE, TELFORD AND WREKIN ICB - M2L0M",5064,8115.4,62.4,56,67.9,124465,4.1,4,4.2,101,690,14.6,12.2,17.5,357,5194,6.9,6.2,7.6,3174,61.1,59.8,62.4
2025-08-31,"SUB_ICB_LOC","15E","E38000258","NHS BIRMINGHAM AND SOLIHULL ICB - 15E",9394,14776.2,63.6,57.1,69.1,226011,4.2,4.1,4.2,261,2037,12.8,11.4,14.3,976,9720,10,9.5,10.7,5969,61.4,60.4,62.4
2025-08-31,"SUB_ICB_LOC","D2P2L","E38000259","NHS BLACK COUNTRY ICB - D2P2L",9839,14663.6,67.1,60.4,72.8,223786,4.4,4.3,4.5,255,3638,7,6.2,7.9,1071,10233,10.5,9.9,11.1,5170,50.5,49.6,51.5
2025-08-31,"SUB_ICB_LOC","06H","E38000260","NHS CAMBRIDGESHIRE AND PETERBOROUGH ICB - 06H",7038,11359.2,62,55.7,67.2,174350,4,3.9,4.1,232,1626,14.3,12.7,16.1,601,7229,8.3,7.7,9,4692,64.9,63.8,66
2025-08-31,"SUB_ICB_LOC","15M","E38000261","NHS DERBY AND DERBYSHIRE ICB - 15M",10478,15281.9,68.6,61.7,74.6,238948,4.4,4.3,4.5,557,2006,27.8,25.9,29.8,1021,10900,9.4,8.8,9.9,7066,64.8,63.9,65.7
2025-08-31,"SUB_ICB_LOC","78H","E38000262","NHS NORTHAMPTONSHIRE ICB - 78H",6168,9245.6,66.7,59.7,72.5,147528,4.2,4.1,4.3,152,2373,6.4,5.5,7.5,601,6319,9.5,8.8,10.3,4026,63.7,62.5,64.9
2025-08-31,"SUB_ICB_LOC","01Y","E38000263","NHS GREATER MANCHESTER ICB - 01Y",1765,2392.6,73.8,65.5,80.8,39854,4.4,4.2,4.6,71,385,18.4,14.9,22.6,156,1839,8.5,7.3,9.8,1172,63.7,61.5,65.9
2025-08-31,"SUB_ICB_LOC","92A","E38000264","NHS SURREY HEARTLANDS ICB - 92A",10404,15340.7,67.8,61.2,73.6,218645,4.8,4.7,4.8,143,1079,13.3,11.4,15.4,1042,10604,9.8,9.3,10.4,6709,63.3,62.3,64.2
2025-08-31,"ICB","QYG","E54000008","NHS CHESHIRE AND MERSEYSIDE INTEGRATED CARE BOARD",24130,35397.8,68.2,61.3,74,559223,4.3,4.3,4.4,962,8180,11.8,11.1,12.5,2702,24866,10.9,10.5,11.3,15774,63.4,62.8,64
2025-08-31,"ICB","QNC","E54000010","NHS STAFFORDSHIRE AND STOKE-ON-TRENT INTEGRATED CARE BOARD",12082,16490.4,73.3,66,79.6,253974,4.8,4.7,4.8,494,3437,14.4,13.2,15.6,973,12370,7.9,7.4,8.4,7794,63,62.2,63.9
2025-08-31,"ICB","QOC","E54000011","NHS SHROPSHIRE, TELFORD AND WREKIN INTEGRATED CARE BOARD",5064,8115.4,62.4,56,67.9,124465,4.1,4,4.2,101,690,14.6,12.2,17.5,357,5194,6.9,6.2,7.6,3174,61.1,59.8,62.4
2025-08-31,"ICB","QJM","E54000013","NHS LINCOLNSHIRE INTEGRATED CARE BOARD",8882,12856,69.1,62.1,75.2,198523,4.5,4.4,4.6,457,2934,15.6,14.3,16.9,765,9186,8.3,7.8,8.9,5869,63.9,62.9,64.9
2025-08-31,"ICB","QK1","E54000015","NHS LEICESTER, LEICESTERSHIRE AND RUTLAND INTEGRATED CARE BOARD",9124,14108,64.7,58.1,70.4,222350,4.1,4,4.2,105,3157,3.3,2.8,4,967,9400,10.3,9.7,10.9,6071,64.6,63.6,65.5
2025-08-31,"ICB","QWU","E54000018","NHS COVENTRY AND WARWICKSHIRE INTEGRATED CARE BOARD",7547,12793.6,59,53,64,193354,3.9,3.8,4,219,2011,10.9,9.6,12.3,899,7784,11.5,10.9,12.3,4938,63.4,62.4,64.5
2025-08-31,"ICB","QGH","E54000019","NHS HEREFORDSHIRE AND WORCESTERSHIRE INTEGRATED CARE BOARD",7375,13203.4,55.9,50.3,60.8,200366,3.7,3.6,3.8,108,1773,6.1,5.1,7.3,793,7589,10.4,9.8,11.2,5029,66.3,65.2,67.3
2025-08-31,"ICB","QMM","E54000022","NHS NORFOLK AND WAVENEY INTEGRATED CARE BOARD",11716,18468.8,63.4,57.2,68.8,274343,4.3,4.2,4.3,458,2598,17.6,16.2,19.1,1420,12024,11.8,11.2,12.4,7747,64.4,63.6,65.3
2025-08-31,"ICB","QJG","E54000023","NHS SUFFOLK AND NORTH EAST ESSEX INTEGRATED CARE BOARD",10163,16772.1,60.6,54.4,65.7,250209,4.1,4,4.1,746,2500,29.8,28.1,31.7,1208,10445,11.6,11,12.2,6870,65.8,64.9,66.7
2025-08-31,"ICB","QHG","E54000024","NHS BEDFORDSHIRE, LUTON AND MILTON KEYNES INTEGRATED CARE BOARD",7549,10821.2,69.8,62.6,75.9,173041,4.4,4.3,4.5,279,2205,12.7,11.3,14.1,736,7820,9.4,8.8,10.1,5105,65.3,64.2,66.3
2025-08-31,"ICB","QM7","E54000025","NHS HERTFORDSHIRE AND WEST ESSEX INTEGRATED CARE BOARD",12998,19676.4,66.1,59.5,71.7,291125,4.5,4.4,4.5,237,2870,8.3,7.3,9.3,1065,13353,8,7.5,8.4,8155,61.1,60.2,61.9
2025-08-31,"ICB","QH8","E54000026","NHS MID AND SOUTH ESSEX INTEGRATED CARE BOARD",11301,16625.6,68,61.2,73.8,249993,4.5,4.4,4.6,433,2903,14.9,13.7,16.3,1102,11620,9.5,9,10,7810,67.2,66.4,68.1
2025-08-31,"ICB","QRV","E54000027","NHS NORTH WEST LONDON INTEGRATED CARE BOARD",13183,20096.2,65.6,58.8,71.2,331062,4,3.9,4,554,5458,10.2,9.4,11,1144,13685,8.4,7.9,8.8,8274,60.5,59.6,61.3
2025-08-31,"ICB","QWO","E54000054","NHS WEST YORKSHIRE INTEGRATED CARE BOARD",20114,28358.4,70.9,63.9,77.2,450183,4.5,4.4,4.5,1183,7055,16.8,15.9,17.7,1873,20862,9,8.6,9.4,13782,66.1,65.4,66.7
2025-08-31,"COUNTRY","ENG","E92000001","ENGLAND",493433,746013.5,66.1,59.6,71.5,11527176,4.3,4.3,4.3,15552,130027,12,11.8,12.1,44292,508500,8.7,8.6,8.8,324048,63.7,63.6,63.9
2025-09-30,"COUNTRY","ENG","E92000001","ENGLAND",495453,747812.3,66.3,59.7,71.8,11550541,4.3,4.3,4.3,19199,156339,12.3,12.1,12.4,44660,510536,8.7,8.7,8.8,321751,63,62.9,63.2
2025-09-30,"ICB","QYG","E54000008","NHS CHESHIRE AND MERSEYSIDE INTEGRATED CARE BOARD",24157,35490.5,68.1,61.1,73.8,560423,4.3,4.3,4.4,1174,9810,12,11.3,12.6,2708,24899,10.9,10.5,11.3,15537,62.4,61.8,63
2025-09-30,"ICB","QNC","E54000010","NHS STAFFORDSHIRE AND STOKE-ON-TRENT INTEGRATED CARE BOARD",12159,16532.9,73.5,66.2,79.9,254483,4.8,4.7,4.9,596,4161,14.3,13.3,15.4,966,12439,7.8,7.3,8.2,7827,62.9,62.1,63.8
2025-09-30,"ICB","QOC","E54000011","NHS SHROPSHIRE, TELFORD AND WREKIN INTEGRATED CARE BOARD",5074,8139,62.3,56,67.7,124700,4.1,4,4.2,133,844,15.8,13.5,18.4,356,5206,6.8,6.2,7.6,3089,59.3,58,60.7
2025-09-30,"ICB","QJM","E54000013","NHS LINCOLNSHIRE INTEGRATED CARE BOARD",8914,12898.7,69.1,62.2,75,198905,4.5,4.4,4.6,574,3522,16.3,15.1,17.6,771,9214,8.4,7.8,9,5861,63.6,62.6,64.6
2025-09-30,"ICB","QK1","E54000015","NHS LEICESTER, LEICESTERSHIRE AND RUTLAND INTEGRATED CARE BOARD",9127,14147.4,64.5,58,70.1,222852,4.1,4,4.2,131,3846,3.4,2.9,4,970,9400,10.3,9.7,11,6110,65,64,66
2025-09-30,"ICB","QWU","E54000018","NHS COVENTRY AND WARWICKSHIRE INTEGRATED CARE BOARD",7578,12828.8,59.1,53.2,64.3,193825,3.9,3.8,4,258,2396,10.8,9.6,12.1,912,7813,11.7,11,12.4,4859,62.2,61.1,63.3
2025-09-30,"ICB","QGH","E54000019","NHS HEREFORDSHIRE AND WORCESTERSHIRE INTEGRATED CARE BOARD",7363,13229.8,55.7,50.1,60.5,200696,3.7,3.6,3.8,128,2139,6,5.1,7.1,798,7575,10.5,9.9,11.2,4944,65.3,64.2,66.3
2025-09-30,"ICB","QMM","E54000022","NHS NORFOLK AND WAVENEY INTEGRATED CARE BOARD",11809,18518.2,63.8,57.4,69.3,274905,4.3,4.2,4.4,573,3095,18.5,17.2,19.9,1434,12124,11.8,11.3,12.4,7735,63.8,62.9,64.7
2025-09-30,"ICB","QJG","E54000023","NHS SUFFOLK AND NORTH EAST ESSEX INTEGRATED CARE BOARD",10177,16816.8,60.5,54.4,65.7,250769,4.1,4,4.1,934,3047,30.7,29,32.3,1226,10460,11.7,11.1,12.4,6857,65.6,64.6,66.5
2025-09-30,"ICB","QHG","E54000024","NHS BEDFORDSHIRE, LUTON AND MILTON KEYNES INTEGRATED CARE BOARD",7564,10854.2,69.7,62.6,75.7,173465,4.4,4.3,4.5,357,2699,13.2,12,14.6,738,7838,9.4,8.8,10.1,5102,65.1,64,66.1
2025-09-30,"ICB","QM7","E54000025","NHS HERTFORDSHIRE AND WEST ESSEX INTEGRATED CARE BOARD",13042,19730.8,66.1,59.6,71.6,291827,4.5,4.4,4.5,297,3440,8.6,7.7,9.6,1085,13395,8.1,7.6,8.6,8143,60.8,60,61.6
2025-09-30,"ICB","QH8","E54000026","NHS MID AND SOUTH ESSEX INTEGRATED CARE BOARD",11352,16658.2,68.1,61.3,74,250384,4.5,4.5,4.6,556,3440,16.2,15,17.4,1128,11666,9.7,9.1,10.2,7747,66.4,65.5,67.3
2025-09-30,"ICB","QUE","E54000056","NHS CAMBRIDGESHIRE AND PETERBOROUGH INTEGRATED CARE BOARD",7053,11374.3,62,55.7,67.4,174625,4,3.9,4.1,287,1972,14.6,13.1,16.2,616,7249,8.5,7.9,9.2,4608,63.6,62.5,64.7
2025-09-30,"ICB","QR1","E54000043","NHS GLOUCESTERSHIRE INTEGRATED CARE BOARD",6745,10227.1,66,59.3,71.7,154456,4.4,4.3,4.5,236,2477,9.5,8.4,10.7,605,6900,8.8,8.1,9.5,4278,62,60.8,63.1
2025-09-30,"ICB","QU9","E54000044","NHS BUCKINGHAMSHIRE, OXFORDSHIRE AND BERKSHIRE WEST INTEGRATED CARE BOARD",15019,23962.3,62.7,56.4,68.1,358188,4.2,4.1,4.3,433,2932,14.8,13.5,16.1,1289,15357,8.4,8,8.8,9575,62.3,61.6,63.1
2025-09-30,"ICB","QE1","E54000048","NHS LANCASHIRE AND SOUTH CUMBRIA INTEGRATED CARE BOARD",16768,24301,69,62.1,74.9,382913,4.4,4.3,4.4,363,4849,7.5,6.8,8.3,1160,17294,6.7,6.3,7.1,11467,66.3,65.6,67
2025-09-30,"ICB","QHM","E54000050","NHS NORTH EAST AND NORTH CUMBRIA INTEGRATED CARE BOARD",29274,42074.4,69.6,62.5,75.6,676255,4.3,4.3,4.4,1577,9762,16.2,15.4,16.9,2152,30276,7.1,6.8,7.4,19227,63.5,63,64
2025-09-30,"ICB","QOQ","E54000051","NHS HUMBER AND NORTH YORKSHIRE INTEGRATED CARE BOARD",16496,26756.6,61.7,55.4,67,415386,4,3.9,4,1126,7535,14.9,14.2,15.8,1201,17008,7.1,6.7,7.5,10598,62.3,61.6,63
2025-09-30,"ICB","QWO","E54000054","NHS WEST YORKSHIRE INTEGRATED CARE BOARD",20181,28425.6,71,63.9,77,451017,4.5,4.4,4.5,1452,8461,17.2,16.4,18,1880,20921,9,8.6,9.4,13791,65.9,65.3,66.6
2025-09-30,"ICB","QOP","E54000057","NHS GREATER MANCHESTER INTEGRATED CARE BOARD",23277,31034.2,75,67.4,81.4,503924,4.6,4.6,4.7,840,9151,9.2,8.6,9.8,1565,24128,6.5,6.2,6.8,15997,66.3,65.7,66.9
2025-09-30,"ICB","QJ2","E54000058","NHS DERBY AND DERBYSHIRE INTEGRATED CARE BOARD",10513,15309.9,68.7,61.7,74.5,239390,4.4,4.3,4.5,696,2380,29.2,27.5,31.1,1054,10925,9.6,9.1,10.2,7086,64.9,64,65.8
2025-09-30,"ICB","QPM","E54000059","NHS NORTHAMPTONSHIRE INTEGRATED CARE BOARD",6233,9274.8,67.2,60.3,73.1,147879,4.2,4.1,4.3,181,2753,6.6,5.7,7.6,609,6384,9.5,8.8,10.3,3967,62.1,60.9,63.3
2025-09-30,"ICB","QT1","E54000060","NHS NOTTINGHAM AND NOTTINGHAMSHIRE INTEGRATED CARE BOARD",10563,15073.7,70.1,62.9,76.3,234077,4.5,4.4,4.6,224,2922,7.7,6.8,8.7,968,11008,8.8,8.3,9.3,6947,63.1,62.2,64
2025-09-30,"ICB","QF7","E54000061","NHS SOUTH YORKSHIRE INTEGRATED CARE BOARD",12934,16903.5,76.5,68.9,83.1,267092,4.8,4.8,4.9,506,4884,10.4,9.5,11.2,932,13425,6.9,6.5,7.4,8591,64,63.2,64.8
2025-09-30,"ICB","QUA","E54000062","NHS BLACK COUNTRY INTEGRATED CARE BOARD",9914,14680.4,67.5,60.7,73.5,223966,4.4,4.3,4.5,316,4273,7.4,6.6,8.2,1072,10309,10.4,9.8,11,5163,50.1,49.1,51
2025-09-30,"ICB","QXU","E54000063","NHS SURREY HEARTLANDS ICB",10427,15372.1,67.8,61.2,73.8,219050,4.8,4.7,4.9,183,1333,13.7,12,15.7,1057,10627,9.9,9.4,10.5,6665,62.7,61.8,63.6
2025-09-30,"NHS_REGION","Y59","E40000005","SOUTH EAST",84129,131575.2,63.9,57.8,69.3,1951915,4.3,4.3,4.3,1877,19740,9.5,9.1,9.9,7881,86095,9.2,9,9.3,54485,63.3,63,63.6
2025-09-30,"NHS_REGION","Y58","E40000006","SOUTH WEST",57142,92579.1,61.7,55.7,66.9,1385548,4.1,4.1,4.2,1670,16049,10.4,9.9,10.9,4604,58537,7.9,7.6,8.1,36355,62.1,61.7,62.5
2025-09-30,"NHS_REGION","Y63","E40000012","NORTH EAST AND YORKSHIRE",78885,114160.2,69.1,62.3,74.8,1809750,4.4,4.3,4.4,4661,30642,15.2,14.8,15.6,6165,81630,7.6,7.4,7.7,52207,64,63.6,64.3
2025-09-30,"NHS_REGION","Y61","E40000013","EAST OF ENGLAND",60997,93952.3,64.9,58.5,70.5,1415975,4.3,4.3,4.3,3004,17693,17,16.4,17.5,6227,62732,9.9,9.7,10.2,40192,64.1,63.7,64.4
2025-09-30,"NHS_REGION","Y62","E40000014","NORTH WEST",64202,90825.8,70.7,63.5,76.7,1447260,4.4,4.4,4.5,2377,23810,10,9.6,10.4,5433,66321,8.2,8,8.4,43001,64.8,64.5,65.2
2025-09-30,"SUB_ICB_LOC","02P","E38000006","NHS SOUTH YORKSHIRE ICB - 02P",2358,3198.9,73.7,65.8,80.4,52461,4.5,4.3,4.7,82,1025,8,6.5,9.8,88,2447,3.6,2.9,4.4,1547,63.2,61.3,65.1
2025-09-30,"SUB_ICB_LOC","99E","E38000007","NHS MID AND SOUTH ESSEX ICB - 99E",2154,3567.7,60.4,54,66,53211,4,3.9,4.2,177,921,19.2,16.8,21.9,186,2226,8.4,7.3,9.6,1462,65.7,63.7,67.6
2025-09-30,"SUB_ICB_LOC","02Q","E38000008","NHS NOTTINGHAM AND NOTTINGHAMSHIRE ICB - 02Q",1380,1802.8,76.5,68,84.3,28434,4.9,4.6,5.1,31,470,6.6,4.7,9.2,119,1431,8.3,7,9.9,942,65.8,63.3,68.2
2025-09-30,"SUB_ICB_LOC","00Q","E38000014","NHS LANCASHIRE AND SOUTH CUMBRIA ICB - 00Q",1032,1630.9,63.3,55.8,69.7,27557,3.7,3.5,4,53,471,11.3,8.7,14.4,92,1075,8.6,7,10.4,766,71.3,68.5,73.9
2025-09-30,"SUB_ICB_LOC","00R","E38000015","NHS LANCASHIRE AND SOUTH CUMBRIA ICB - 00R",1607,2226.1,72.2,64,79.1,35473,4.5,4.3,4.8,35,414,8.5,6.1,11.5,117,1675,7,5.9,8.3,915,54.6,52.2,57
2025-09-30,"SUB_ICB_LOC","00T","E38000016","NHS GREATER MANCHESTER ICB - 00T",2436,3387.6,71.9,64.1,78.9,55192,4.4,4.2,4.6,79,838,9.4,7.6,11.6,193,2528,7.6,6.7,8.7,1806,71.4,69.6,73.2
2025-09-30,"SUB_ICB_LOC","09D","E38000021","NHS SUSSEX ICB - 09D",1910,2931.6,65.2,58,71.3,46123,4.1,4,4.3,59,373,15.8,12.5,19.9,142,1961,7.2,6.2,8.5,1159,59.1,56.9,61.3
2025-09-30,"SUB_ICB_LOC","00V","E38000024","NHS GREATER MANCHESTER ICB - 00V",1894,2472.2,76.6,68.4,83.8,38776,4.9,4.7,5.1,5,161,3.1,1.3,7.1,170,1959,8.7,7.5,10,1278,65.2,63.1,67.3
2025-09-30,"SUB_ICB_LOC","02T","E38000025","NHS WEST YORKSHIRE ICB - 02T",1823,2697.5,67.6,60.3,74.2,44006,4.1,4,4.3,77,986,7.8,6.3,9.7,134,1894,7.1,6,8.3,1294,68.3,66.2,70.4
2025-09-30,"SUB_ICB_LOC","04Y","E38000028","NHS STAFFORDSHIRE AND STOKE-ON-TRENT ICB - 04Y",1453,1890.8,76.8,68.1,84.2,29629,4.9,4.7,5.2,85,360,23.6,19.5,28.3,146,1491,9.8,8.4,11.4,1029,69,66.6,71.3
2025-09-30,"SUB_ICB_LOC","99F","E38000030","NHS MID AND SOUTH ESSEX ICB - 99F",2231,3120.9,71.5,64,78.2,45276,4.9,4.7,5.1,135,469,28.8,24.9,33,162,2279,7.1,6.1,8.2,1426,62.6,60.6,64.5
2025-09-30,"SUB_ICB_LOC","00X","E38000034","NHS LANCASHIRE AND SOUTH CUMBRIA ICB - 00X",1898,2611.3,72.7,64.9,79.6,41332,4.6,4.4,4.8,26,540,4.8,3.3,7,95,1950,4.9,4,5.9,1353,69.4,67.3,71.4
2025-09-30,"SUB_ICB_LOC","02X","E38000044","NHS SOUTH YORKSHIRE ICB - 02X",2729,3880.7,70.3,62.9,76.8,62574,4.4,4.2,4.5,122,1592,7.7,6.5,9.1,187,2841,6.6,5.7,7.6,1673,58.9,57.1,60.7
2025-09-30,"SUB_ICB_LOC","15N","E38000230","NHS DEVON ICB - 15N",12379,20952.7,59.1,53.3,64.1,313526,3.9,3.9,4,601,3314,18.1,16.9,19.5,1063,12679,8.4,7.9,8.9,7922,62.5,61.6,63.3
2025-09-30,"SUB_ICB_LOC","70F","E38000265","NHS SUSSEX ICB - 70F",9924,15309.1,64.8,58.3,70.5,219493,4.5,4.4,4.6,143,2461,5.8,5,6.8,740,10129,7.3,6.8,7.8,6516,64.3,63.4,65.3
2025-09-30,"SUB_ICB_LOC","11J","E38000045","NHS DORSET ICB - 11J",8546,14752.3,57.9,52.1,62.8,212519,4,3.9,4.1,140,3873,3.6,3.1,4.3,659,8764,7.5,7,8.1,5672,64.7,63.7,65.7
2025-09-30,"SUB_ICB_LOC","06K","E38000049","NHS HERTFORDSHIRE AND WEST ESSEX ICB - 06K",4792,7629.1,62.8,56.5,68.3,112165,4.3,4.2,4.4,202,1946,10.4,9.1,11.8,380,4922,7.7,7,8.5,3162,64.2,62.9,65.6
2025-09-30,"SUB_ICB_LOC","01A","E38000050","NHS LANCASHIRE AND SOUTH CUMBRIA ICB - 01A",2995,4582.6,65.4,58.3,71.4,74902,4,3.9,4.1,133,1519,8.8,7.4,10.3,234,3107,7.5,6.7,8.5,2285,73.5,72,75.1
2025-09-30,"SUB_ICB_LOC","03W","E38000051","NHS LEICESTER, LEICESTERSHIRE AND RUTLAND ICB - 03W",3324,5593.8,59.4,53.2,64.7,83657,4,3.8,4.1,33,1023,3.2,2.3,4.5,346,3407,10.2,9.2,11.2,2387,70.1,68.5,71.6
2025-09-30,"SUB_ICB_LOC","02Y","E38000052","NHS HUMBER AND NORTH YORKSHIRE ICB - 02Y",3352,5726.2,58.5,52.4,63.8,87971,3.8,3.7,3.9,248,1425,17.4,15.5,19.5,259,3438,7.5,6.7,8.5,2124,61.8,60.1,63.4
2025-09-30,"SUB_ICB_LOC","05D","E38000053","NHS STAFFORDSHIRE AND STOKE-ON-TRENT ICB - 05D",1199,1985.7,60.4,53.4,66.5,30848,3.9,3.7,4.1,61,291,21,16.7,26,55,1231,4.5,3.4,5.8,725,58.9,56.1,61.6
2025-09-30,"SUB_ICB_LOC","11M","E38000062","NHS GLOUCESTERSHIRE ICB - 11M",6745,10227.1,66,59.3,71.7,154456,4.4,4.3,4.5,236,2477,9.5,8.4,10.7,605,6900,8.8,8.1,9.5,4278,62,60.8,63.1
2025-09-30,"SUB_ICB_LOC","01F","E38000068","NHS CHESHIRE AND MERSEYSIDE ICB - 01F",1001,1493.5,67,58.9,74,26084,3.8,3.6,4.1,88,338,26,21.6,31,86,1049,8.2,6.7,10,673,64.2,61.2,67
2025-09-30,"SUB_ICB_LOC","06N","E38000079","NHS HERTFORDSHIRE AND WEST ESSEX ICB - 06N",5138,7925.4,64.8,58.2,70.6,117076,4.4,4.3,4.5,45,737,6.1,4.6,8.1,481,5268,9.1,8.4,9.9,3117,59.2,57.8,60.5
2025-09-30,"SUB_ICB_LOC","01D","E38000080","NHS GREATER MANCHESTER ICB - 01D",1899,2418.3,78.5,69.8,86.2,41017,4.6,4.4,4.8,98,868,11.3,9.4,13.6,148,1995,7.4,6.3,8.7,1310,65.7,63.6,67.7
2025-09-30,"SUB_ICB_LOC","03F","E38000085","NHS HUMBER AND NORTH YORKSHIRE ICB - 03F",1945,2945.3,66,58.7,72.2,50060,3.9,3.7,4.1,147,1045,14.1,12.1,16.3,225,2019,11.1,9.8,12.6,1237,61.3,59.1,63.4
2025-09-30,"SUB_ICB_LOC","06L","E38000086","NHS SUFFOLK AND NORTH EAST ESSEX ICB - 06L",3998,6578.6,60.8,54.5,66.1,98054,4.1,4,4.2,560,1336,41.9,39.3,44.6,319,4093,7.8,7,8.7,2637,64.4,62.9,65.9
2025-09-30,"SUB_ICB_LOC","11N","E38000089","NHS CORNWALL AND THE ISLES OF SCILLY ICB - 11N",6252,10063.3,62.1,55.6,67.5,156171,4,3.9,4.1,207,1823,11.4,10,12.9,541,6387,8.5,7.8,9.2,3503,54.8,53.6,56.1
2025-09-30,"SUB_ICB_LOC","01J","E38000091","NHS CHESHIRE AND MERSEYSIDE ICB - 01J",1154,1712.1,67.4,59.3,74.6,30366,3.8,3.6,4,129,508,25.4,21.8,29.4,120,1198,10,8.4,11.8,624,52.1,49.3,54.9
2025-09-30,"SUB_ICB_LOC","04C","E38000097","NHS LEICESTER, LEICESTERSHIRE AND RUTLAND ICB - 04C",2413,3082.5,78.3,69.4,85.4,53236,4.5,4.4,4.7,28,1998,1.4,1,2,321,2520,12.7,11.5,14.1,1559,61.9,60,63.7
2025-09-30,"SUB_ICB_LOC","99A","E38000101","NHS CHESHIRE AND MERSEYSIDE ICB - 99A",3542,5150,68.8,61.1,75.2,88610,4,3.9,4.1,162,1830,8.9,7.6,10.2,454,3664,12.4,11.4,13.5,2267,61.9,60.3,63.4
2025-09-30,"SUB_ICB_LOC","06Q","E38000106","NHS MID AND SOUTH ESSEX ICB - 06Q",3774,5836.2,64.7,58.1,70.5,88149,4.3,4.1,4.4,120,1192,10.1,8.5,11.9,452,3864,11.7,10.7,12.7,2402,62.2,60.6,63.7
2025-09-30,"SUB_ICB_LOC","06T","E38000117","NHS SUFFOLK AND NORTH EAST ESSEX ICB - 06T",3853,5756.6,66.9,60.2,72.9,85683,4.5,4.4,4.6,185,1151,16.1,14.1,18.3,638,3992,16,14.9,17.2,2665,66.8,65.3,68.2
2025-09-30,"SUB_ICB_LOC","03H","E38000119","NHS HUMBER AND NORTH YORKSHIRE ICB - 03H",1748,2377.1,73.5,65.6,80.7,37225,4.7,4.5,4.9,198,797,24.8,22,28,186,1840,10.1,8.8,11.6,1044,56.7,54.5,59
2025-09-30,"SUB_ICB_LOC","03K","E38000122","NHS HUMBER AND NORTH YORKSHIRE ICB - 03K",1756,2621.6,67,59.6,73.4,41635,4.2,4,4.4,102,770,13.2,11,15.8,114,1842,6.2,5.2,7.4,943,51.2,48.9,53.5
2025-09-30,"SUB_ICB_LOC","05G","E38000126","NHS STAFFORDSHIRE AND STOKE-ON-TRENT ICB - 05G",2735,3579.3,76.4,68.2,83.6,54373,5,4.8,5.2,148,929,15.9,13.7,18.4,286,2777,10.3,9.2,11.5,1740,62.7,60.8,64.4
2025-09-30,"SUB_ICB_LOC","99C","E38000127","NHS NORTH EAST AND NORTH CUMBRIA ICB - 99C",2194,3043.7,72.1,64.4,78.6,48746,4.5,4.3,4.7,44,878,5,3.8,6.7,164,2243,7.3,6.3,8.5,1383,61.7,59.6,63.6
2025-09-30,"SUB_ICB_LOC","00L","E38000130","NHS NORTH EAST AND NORTH CUMBRIA ICB - 00L",3653,5725.6,63.8,57,69.6,92087,4,3.8,4.1,153,1396,11,9.4,12.7,224,3757,6,5.2,6.8,2490,66.3,64.7,67.8
2025-09-30,"SUB_ICB_LOC","00Y","E38000135","NHS GREATER MANCHESTER ICB - 00Y",1972,2580.1,76.4,68,83.7,42124,4.7,4.5,4.9,116,1087,10.7,9,12.6,105,2047,5.1,4.3,6.2,1376,67.2,65.2,69.2
2025-09-30,"SUB_ICB_LOC","10Q","E38000136","NHS BUCKINGHAMSHIRE, OXFORDSHIRE AND BERKSHIRE WEST ICB - 10Q",6390,9925.6,64.4,57.9,69.9,147048,4.3,4.2,4.5,111,870,12.8,10.7,15.1,514,6526,7.9,7.2,8.6,4012,61.5,60.3,62.7
2025-09-30,"SUB_ICB_LOC","10R","E38000137","NHS HAMPSHIRE AND ISLE OF WIGHT ICB - 10R",1573,2244.8,70.1,62.4,76.8,35442,4.4,4.2,4.7,12,684,1.8,1,3,163,1621,10.1,8.7,11.6,876,54,51.6,56.5
2025-09-30,"SUB_ICB_LOC","03L","E38000141","NHS SOUTH YORKSHIRE ICB - 03L",3028,3370,89.9,80.5,97.9,53204,5.7,5.5,5.9,171,982,17.4,15.2,19.9,177,3138,5.6,4.9,6.5,2305,73.5,71.9,75
2025-09-30,"SUB_ICB_LOC","01G","E38000143","NHS GREATER MANCHESTER ICB - 01G",1932,2452.2,78.8,70.1,86.3,40331,4.8,4.6,5,108,500,21.6,18.2,25.4,121,1999,6.1,5.1,7.2,1335,66.8,64.7,68.8
2025-09-30,"SUB_ICB_LOC","03N","E38000146","NHS SOUTH YORKSHIRE ICB - 03N",4819,6453.9,74.7,67.1,81.3,98853,4.9,4.7,5,131,1285,10.2,8.7,12,480,4999,9.6,8.8,10.4,3066,61.3,60,62.7
2025-09-30,"SUB_ICB_LOC","11X","E38000150","NHS SOMERSET ICB - 11X",5804,10222.7,56.8,51,61.9,153277,3.8,3.7,3.9,93,691,13.5,11.1,16.2,407,5948,6.8,6.2,7.5,3574,60.1,58.8,61.3
2025-09-30,"SUB_ICB_LOC","05Q","E38000153","NHS STAFFORDSHIRE AND STOKE-ON-TRENT ICB - 05Q",2174,3297.7,65.9,58.8,72,50376,4.3,4.1,4.5,95,552,17.2,14.3,20.6,112,2224,5,4.2,6,1336,60.1,58,62.1
2025-09-30,"SUB_ICB_LOC","01T","E38000161","NHS CHESHIRE AND MERSEYSIDE ICB - 01T",1230,2079.8,59.1,52.4,65.1,33346,3.7,3.5,3.9,165,1732,9.5,8.2,11,123,1263,9.7,8.2,11.5,719,56.9,54.2,59.6
2025-09-30,"SUB_ICB_LOC","00N","E38000163","NHS NORTH EAST AND NORTH CUMBRIA ICB - 00N",1507,2080.5,72.4,64.3,79.7,33862,4.5,4.2,4.7,66,559,11.8,9.4,14.7,111,1549,7.2,6,8.6,926,59.8,57.3,62.2
2025-09-30,"SUB_ICB_LOC","99G","E38000168","NHS MID AND SOUTH ESSEX ICB - 99G",2128,2513.1,84.7,75.5,92.6,37397,5.7,5.5,5.9,81,404,20,16.4,24.2,183,2194,8.3,7.3,9.6,1656,75.5,73.6,77.2
2025-09-30,"SUB_ICB_LOC","01V","E38000170","NHS CHESHIRE AND MERSEYSIDE ICB - 01V",1888,2464.2,76.6,68.5,83.8,35236,5.4,5.1,5.6,236,1725,13.7,12.1,15.4,212,1925,11,9.7,12.5,1142,59.3,57.1,61.5
2025-09-30,"SUB_ICB_LOC","01X","E38000172","NHS CHESHIRE AND MERSEYSIDE ICB - 01X",1798,2681.3,67.1,59.7,73.4,42425,4.2,4.1,4.4,85,679,12.5,10.2,15.2,125,1866,6.7,5.7,7.9,1041,55.8,53.5,58
2025-09-30,"SUB_ICB_LOC","05V","E38000173","NHS STAFFORDSHIRE AND STOKE-ON-TRENT ICB - 05V",1483,2452.5,60.5,53.8,66.4,36912,4,3.8,4.2,74,688,10.8,8.7,13.3,83,1513,5.5,4.4,6.7,918,60.7,58.2,63.1
2025-09-30,"SUB_ICB_LOC","01W","E38000174","NHS GREATER MANCHESTER ICB - 01W",3297,4336.4,76,68.3,82.8,64762,5.1,4.9,5.3,59,614,9.6,7.5,12.2,200,3380,5.9,5.2,6.8,2392,70.8,69.2,72.3
2025-09-30,"SUB_ICB_LOC","05W","E38000175","NHS STAFFORDSHIRE AND STOKE-ON-TRENT ICB - 05W",3115,3326.9,93.6,83.9,102,52345,6,5.8,6.2,133,1341,9.9,8.4,11.6,284,3203,8.9,7.9,9.9,2079,64.9,63.2,66.5
2025-09-30,"SUB_ICB_LOC","00P","E38000176","NHS NORTH EAST AND NORTH CUMBRIA ICB - 00P",2546,3720.6,68.4,61,74.7,60508,4.2,4.1,4.4,112,596,18.8,15.9,22.1,264,2622,10.1,9,11.3,1589,60.6,58.7,62.5
2025-09-30,"SUB_ICB_LOC","07G","E38000185","NHS MID AND SOUTH ESSEX ICB - 07G",1065,1620.3,65.7,58,72.4,26351,4,3.8,4.3,43,454,9.5,7.1,12.5,145,1103,13.1,11.3,15.3,801,72.6,69.9,75.2
2025-09-30,"SUB_ICB_LOC","02A","E38000187","NHS GREATER MANCHESTER ICB - 02A",2030,2949.4,68.8,61.5,75.3,44467,4.6,4.4,4.8,117,487,24,20.4,28,111,2088,5.3,4.4,6.4,1192,57.1,55,59.2
2025-09-30,"SUB_ICB_LOC","03Q","E38000188","NHS HUMBER AND NORTH YORKSHIRE ICB - 03Q",1888,3347.7,56.4,50.4,61.7,49692,3.8,3.6,4,67,1236,5.4,4.3,6.8,91,1936,4.7,3.8,5.7,1397,72.2,70.1,74.1
2025-09-30,"SUB_ICB_LOC","03R","E38000190","NHS WEST YORKSHIRE ICB - 03R",3111,4678.2,66.5,59.4,72.6,76015,4.1,4,4.2,300,1656,18.1,16.3,20,323,3259,9.9,8.9,11,2317,71.1,69.5,72.6
2025-09-30,"SUB_ICB_LOC","02E","E38000194","NHS CHESHIRE AND MERSEYSIDE ICB - 02E",2104,2858.1,73.6,65.7,80.6,44699,4.7,4.5,4.9,85,1049,8.1,6.6,9.9,267,2160,12.4,11,13.8,1391,64.4,62.4,66.4
2025-09-30,"SUB_ICB_LOC","07H","E38000197","NHS HERTFORDSHIRE AND WEST ESSEX ICB - 07H",3112,4176.3,74.5,66.8,81.4,62586,5,4.8,5.1,50,757,6.6,5,8.6,224,3205,7,6.2,7.9,1864,58.2,56.4,59.9
2025-09-30,"SUB_ICB_LOC","02G","E38000200","NHS LANCASHIRE AND SOUTH CUMBRIA ICB - 02G",1175,1748.3,67.2,59.5,73.8,26943,4.4,4.1,4.6,21,291,7.2,4.8,10.8,79,1207,6.5,5.3,8.1,801,66.4,63.6,69
2025-09-30,"SUB_ICB_LOC","04V","E38000201","NHS LEICESTER, LEICESTERSHIRE AND RUTLAND ICB - 04V",3390,5471.2,62,55.4,67.7,85959,3.9,3.8,4.1,70,825,8.5,6.8,10.6,303,3473,8.7,7.8,9.7,2164,62.3,60.7,63.9
2025-09-30,"SUB_ICB_LOC","07K","E38000204","NHS SUFFOLK AND NORTH EAST ESSEX ICB - 07K",2326,4481.6,51.9,46.3,56.7,67032,3.5,3.3,3.6,189,560,33.8,30,37.8,269,2375,11.3,10.1,12.7,1555,65.5,63.5,67.4
2025-09-30,"SUB_ICB_LOC","02H","E38000205","NHS GREATER MANCHESTER ICB - 02H",3111,4178.8,74.4,66.5,81.1,68016,4.6,4.4,4.7,127,2625,4.8,4.1,5.7,134,3205,4.2,3.5,4.9,2184,68.1,66.5,69.7
2025-09-30,"SUB_ICB_LOC","12F","E38000208","NHS CHESHIRE AND MERSEYSIDE ICB - 12F",3315,5003.6,66.3,59.3,72,77343,4.3,4.1,4.4,53,366,14.5,11.2,18.5,486,3417,14.2,13.1,15.4,2318,67.8,66.3,69.4
2025-09-30,"SUB_ICB_LOC","13T","E38000212","NHS NORTH EAST AND NORTH CUMBRIA ICB - 13T",4180,5701.6,73.3,65.6,79.7,89436,4.7,4.5,4.8,79,1496,5.3,4.3,6.5,358,4332,8.3,7.5,9.1,2697,62.3,60.8,63.7
2025-09-30,"SUB_ICB_LOC","01H","E38000215","NHS NORTH EAST AND NORTH CUMBRIA ICB - 01H",3051,5272.1,57.9,51.8,63.2,83093,3.7,3.5,3.8,231,606,38.1,34.3,42,286,3152,9.1,8.1,10.1,1997,63.4,61.7,65
2025-09-30,"SUB_ICB_LOC","14L","E38000217","NHS GREATER MANCHESTER ICB - 14L",2940,3860.1,76.2,67.8,83,69303,4.2,4.1,4.4,51,1511,3.4,2.6,4.4,227,3087,7.4,6.5,8.3,1948,63.1,61.4,64.8
2025-09-30,"SUB_ICB_LOC","15A","E38000221","NHS BUCKINGHAMSHIRE, OXFORDSHIRE AND BERKSHIRE WEST ICB - 15A",4083,6248.6,65.3,58.5,71.1,96138,4.2,4.1,4.4,197,987,20,17.6,22.6,387,4198,9.2,8.4,10.1,2822,67.2,65.8,68.6
2025-09-30,"SUB_ICB_LOC","15C","E38000222","NHS BRISTOL, NORTH SOMERSET AND SOUTH GLOUCESTERSHIRE ICB - 15C",8710,12205.6,71.4,64.1,77.5,182005,4.8,4.7,4.9,30,1002,3,2.1,4.2,666,8935,7.5,6.9,8,5935,66.4,65.4,67.4
2025-09-30,"SUB_ICB_LOC","14Y","E38000223","NHS BUCKINGHAMSHIRE, OXFORDSHIRE AND BERKSHIRE WEST ICB - 14Y",4546,7788.1,58.4,52.5,63.5,115002,4,3.8,4.1,125,1075,11.6,9.8,13.7,388,4633,8.4,7.6,9.2,2741,59.2,57.7,60.6
2025-09-30,"SUB_ICB_LOC","15F","E38000225","NHS WEST YORKSHIRE ICB - 15F",6863,9152,75,67.3,81.6,141651,4.8,4.7,5,577,2028,28.5,26.5,30.5,422,7072,6,5.4,6.5,4808,68,66.9,69.1
2025-09-30,"SUB_ICB_LOC","02M","E38000226","NHS LANCASHIRE AND SOUTH CUMBRIA ICB - 02M",2411,3658.1,65.9,59,71.9,54839,4.4,4.2,4.6,22,489,4.5,3,6.7,142,2462,5.8,4.9,6.8,1557,63.2,61.3,65.1
2025-09-30,"SUB_ICB_LOC","01E","E38000227","NHS LANCASHIRE AND SOUTH CUMBRIA ICB - 01E",1831,2403.9,76.2,67.8,83.5,38300,4.8,4.6,5,33,540,6.1,4.4,8.5,138,1883,7.3,6.2,8.6,1357,72.1,70,74
2025-09-30,"SUB_ICB_LOC","01K","E38000228","NHS LANCASHIRE AND SOUTH CUMBRIA ICB - 01K",3819,5439.9,70.2,63,76.3,83567,4.6,4.4,4.7,40,585,6.8,5.1,9.2,263,3935,6.7,5.9,7.5,2433,61.8,60.3,63.3
2025-09-30,"SUB_ICB_LOC","92G","E38000231","NHS BATH AND NORTH EAST SOMERSET, SWINDON AND WILTSHIRE ICB - 92G",8706,14155.4,61.5,55.4,66.8,213594,4.1,4,4.2,363,2869,12.7,11.5,13.9,663,8924,7.4,6.9,8,5471,61.3,60.3,62.3
2025-09-30,"SUB_ICB_LOC","36J","E38000232","NHS WEST YORKSHIRE ICB - 36J",5011,6798.7,73.7,66.1,80.2,107980,4.6,4.5,4.8,291,1898,15.3,13.8,17,697,5179,13.5,12.6,14.4,3069,59.3,57.9,60.6
2025-09-30,"SUB_ICB_LOC","27D","E38000233","NHS CHESHIRE AND MERSEYSIDE ICB - 27D",8125,12047.8,67.4,60.6,73.3,182314,4.5,4.4,4.6,171,1583,10.8,9.4,12.4,835,8357,10,9.4,10.7,5362,64.2,63.1,65.2
2025-09-30,"SUB_ICB_LOC","84H","E38000234","NHS NORTH EAST AND NORTH CUMBRIA ICB - 84H",5486,7602.6,72.2,64.8,78.5,124065,4.4,4.3,4.5,332,1614,20.6,18.7,22.6,360,5716,6.3,5.7,7,3638,63.6,62.4,64.9
2025-09-30,"SUB_ICB_LOC","97R","E38000235","NHS SUSSEX ICB - 97R",6333,10381,61,54.9,66.4,151065,4.2,4.1,4.3,119,2303,5.2,4.3,6.1,747,6479,11.5,10.8,12.3,4402,67.9,66.8,69.1
2025-09-30,"SUB_ICB_LOC","18C","E38000236","NHS HEREFORDSHIRE AND WORCESTERSHIRE ICB - 18C",7363,13229.8,55.7,50.1,60.5,200696,3.7,3.6,3.8,128,2139,6,5.1,7.1,798,7575,10.5,9.9,11.2,4944,65.3,64.2,66.3
2025-09-30,"SUB_ICB_LOC","91Q","E38000237","NHS KENT AND MEDWAY ICB - 91Q",16357,26350.7,62.1,55.9,67.4,401858,4.1,4,4.1,366,3833,9.5,8.7,10.5,1456,16845,8.6,8.2,9.1,10759,63.9,63.1,64.6
2025-09-30,"SUB_ICB_LOC","71E","E38000238","NHS LINCOLNSHIRE ICB - 71E",8914,12898.7,69.1,62.2,75,198905,4.5,4.4,4.6,574,3522,16.3,15.1,17.6,771,9214,8.4,7.8,9,5861,63.6,62.6,64.6
2025-09-30,"SUB_ICB_LOC","26A","E38000239","NHS NORFOLK AND WAVENEY ICB - 26A",11809,18518.2,63.8,57.4,69.3,274905,4.3,4.2,4.4,573,3095,18.5,17.2,19.9,1434,12124,11.8,11.3,12.4,7735,63.8,62.9,64.7
2025-09-30,"SUB_ICB_LOC","93C","E38000240","NHS NORTH CENTRAL LONDON ICB - 93C",9103,13441.8,67.7,60.7,73.8,215950,4.2,4.1,4.3,174,1608,10.8,9.4,12.4,859,9361,9.2,8.6,9.8,5682,60.7,59.7,61.7
2025-09-30,"SUB_ICB_LOC","42D","E38000241","NHS HUMBER AND NORTH YORKSHIRE ICB - 42D",5807,9738.7,59.6,53.6,64.8,148803,3.9,3.8,4,364,2262,16.1,14.6,17.7,326,5933,5.5,4.9,6.1,3853,64.9,63.7,66.1
2025-09-30,"SUB_ICB_LOC","52R","E38000243","NHS NOTTINGHAM AND NOTTINGHAMSHIRE ICB - 52R",9183,13271,69.2,62.2,75.4,205643,4.5,4.4,4.6,193,2452,7.9,6.9,9,849,9577,8.9,8.3,9.5,6005,62.7,61.7,63.7
2025-09-30,"SUB_ICB_LOC","72Q","E38000244","NHS SOUTH EAST LONDON ICB - 72Q",11087,15603.6,71.1,63.8,77.3,254685,4.4,4.3,4.4,594,3993,14.9,13.8,16,945,11505,8.2,7.7,8.7,6665,57.9,57,58.8
2025-09-30,"SUB_ICB_LOC","36L","E38000245","NHS SOUTH WEST LONDON ICB - 36L",11009,14750.2,74.6,67.1,81.1,233918,4.7,4.6,4.8,277,1809,15.3,13.7,17,1078,11398,9.5,8.9,10,7095,62.2,61.4,63.1
2025-09-30,"SUB_ICB_LOC","16C","E38000247","NHS NORTH EAST AND NORTH CUMBRIA ICB - 16C",6657,8927.7,74.6,66.8,81.1,144458,4.6,4.5,4.7,560,2617,21.4,19.9,23,385,6905,5.6,5.1,6.1,4507,65.3,64.1,66.4
2025-09-30,"SUB_ICB_LOC","M1J4Y","E38000249","NHS BEDFORDSHIRE, LUTON AND MILTON KEYNES ICB - M1J4Y",7564,10854.2,69.7,62.6,75.7,173465,4.4,4.3,4.5,357,2699,13.2,12,14.6,738,7838,9.4,8.8,10.1,5102,65.1,64,66.1
2025-09-30,"SUB_ICB_LOC","B2M3M","E38000251","NHS COVENTRY AND WARWICKSHIRE ICB - B2M3M",7578,12828.8,59.1,53.2,64.3,193825,3.9,3.8,4,258,2396,10.8,9.6,12.1,912,7813,11.7,11,12.4,4859,62.2,61.1,63.3
2025-09-30,"SUB_ICB_LOC","D4U1Y","E38000252","NHS FRIMLEY ICB - D4U1Y",6232,9203,67.7,60.9,73.7,139133,4.5,4.4,4.6,289,1415,20.4,18.4,22.6,540,6364,8.5,7.8,9.2,4169,65.5,64.3,66.7
2025-09-30,"SUB_ICB_LOC","D9Y0V","E38000253","NHS HAMPSHIRE AND ISLE OF WIGHT ICB - D9Y0V",16354,25820.6,63.3,57,68.9,381563,4.3,4.2,4.4,273,4406,6.2,5.5,6.9,1747,16712,10.5,10,10.9,10364,62,61.3,62.7
2025-09-30,"SUB_ICB_LOC","X2C4Y","E38000254","NHS WEST YORKSHIRE ICB - X2C4Y",3373,5099.2,66.1,59.2,72.4,81365,4.1,4,4.3,207,1893,10.9,9.6,12.4,304,3517,8.6,7.8,9.6,2303,65.5,63.9,67
2025-09-30,"SUB_ICB_LOC","A3A8R","E38000255","NHS NORTH EAST LONDON ICB - A3A8R",8789,13855.9,63.4,56.7,69,236310,3.7,3.6,3.8,324,2729,11.9,10.7,13.1,846,9182,9.2,8.6,9.8,5798,63.1,62.2,64.1
2025-09-30,"SUB_ICB_LOC","W2U3Z","E38000256","NHS NORTH WEST LONDON ICB - W2U3Z",13220,20159.3,65.6,58.8,71.1,332121,4,3.9,4,683,6520,10.5,9.8,11.2,1162,13717,8.5,8,8.9,8302,60.5,59.7,61.3
2025-09-30,"SUB_ICB_LOC","M2L0M","E38000257","NHS SHROPSHIRE, TELFORD AND WREKIN ICB - M2L0M",5074,8139,62.3,56,67.7,124700,4.1,4,4.2,133,844,15.8,13.5,18.4,356,5206,6.8,6.2,7.6,3089,59.3,58,60.7
2025-09-30,"SUB_ICB_LOC","15E","E38000258","NHS BIRMINGHAM AND SOLIHULL ICB - 15E",9452,14793.4,63.9,57.5,69.4,226336,4.2,4.1,4.3,321,2510,12.8,11.5,14.2,984,9785,10.1,9.5,10.7,6116,62.5,61.5,63.5
2025-09-30,"SUB_ICB_LOC","D2P2L","E38000259","NHS BLACK COUNTRY ICB - D2P2L",9914,14680.4,67.5,60.7,73.5,223966,4.4,4.3,4.5,316,4273,7.4,6.6,8.2,1072,10309,10.4,9.8,11,5163,50.1,49.1,51
2025-09-30,"SUB_ICB_LOC","06H","E38000260","NHS CAMBRIDGESHIRE AND PETERBOROUGH ICB - 06H",7053,11374.3,62,55.7,67.4,174625,4,3.9,4.1,287,1972,14.6,13.1,16.2,616,7249,8.5,7.9,9.2,4608,63.6,62.5,64.7
2025-09-30,"SUB_ICB_LOC","15M","E38000261","NHS DERBY AND DERBYSHIRE ICB - 15M",10513,15309.9,68.7,61.7,74.5,239390,4.4,4.3,4.5,696,2380,29.2,27.5,31.1,1054,10925,9.6,9.1,10.2,7086,64.9,64,65.8
2025-09-30,"SUB_ICB_LOC","78H","E38000262","NHS NORTHAMPTONSHIRE ICB - 78H",6233,9274.8,67.2,60.3,73.1,147879,4.2,4.1,4.3,181,2753,6.6,5.7,7.6,609,6384,9.5,8.8,10.3,3967,62.1,60.9,63.3
2025-09-30,"SUB_ICB_LOC","01Y","E38000263","NHS GREATER MANCHESTER ICB - 01Y",1766,2399.1,73.6,65.5,80.6,39936,4.4,4.2,4.6,80,460,17.4,14.2,21.1,156,1840,8.5,7.3,9.8,1176,63.9,61.7,66.1
2025-09-30,"SUB_ICB_LOC","92A","E38000264","NHS SURREY HEARTLANDS ICB - 92A",10427,15372.1,67.8,61.2,73.8,219050,4.8,4.7,4.9,183,1333,13.7,12,15.7,1057,10627,9.9,9.4,10.5,6665,62.7,61.8,63.6
2025-09-30,"ICB","QRV","E54000027","NHS NORTH WEST LONDON INTEGRATED CARE BOARD",13220,20159.3,65.6,58.8,71.1,332121,4,3.9,4,683,6520,10.5,9.8,11.2,1162,13717,8.5,8,8.9,8302,60.5,59.7,61.3
2025-09-30,"ICB","QMJ","E54000028","NHS NORTH CENTRAL LONDON INTEGRATED CARE BOARD",9103,13441.8,67.7,60.7,73.8,215950,4.2,4.1,4.3,174,1608,10.8,9.4,12.4,859,9361,9.2,8.6,9.8,5682,60.7,59.7,61.7
2025-09-30,"ICB","QMF","E54000029","NHS NORTH EAST LONDON INTEGRATED CARE BOARD",8789,13855.9,63.4,56.7,69,236310,3.7,3.6,3.8,324,2729,11.9,10.7,13.1,846,9182,9.2,8.6,9.8,5798,63.1,62.2,64.1
2025-09-30,"ICB","QKK","E54000030","NHS SOUTH EAST LONDON INTEGRATED CARE BOARD",11087,15603.6,71.1,63.8,77.3,254685,4.4,4.3,4.4,594,3993,14.9,13.8,16,945,11505,8.2,7.7,8.7,6665,57.9,57,58.8
2025-09-30,"ICB","QWE","E54000031","NHS SOUTH WEST LONDON INTEGRATED CARE BOARD",11009,14750.2,74.6,67.1,81.1,233918,4.7,4.6,4.8,277,1809,15.3,13.7,17,1078,11398,9.5,8.9,10,7095,62.2,61.4,63.1
2025-09-30,"ICB","QKS","E54000032","NHS KENT AND MEDWAY INTEGRATED CARE BOARD",16357,26350.7,62.1,55.9,67.4,401858,4.1,4,4.1,366,3833,9.5,8.7,10.5,1456,16845,8.6,8.2,9.1,10759,63.9,63.1,64.6
2025-09-30,"ICB","QNQ","E54000034","NHS FRIMLEY INTEGRATED CARE BOARD",6232,9203,67.7,60.9,73.7,139133,4.5,4.4,4.6,289,1415,20.4,18.4,22.6,540,6364,8.5,7.8,9.2,4169,65.5,64.3,66.7
2025-09-30,"ICB","QT6","E54000036","NHS CORNWALL AND THE ISLES OF SCILLY INTEGRATED CARE BOARD",6252,10063.3,62.1,55.6,67.5,156171,4,3.9,4.1,207,1823,11.4,10,12.9,541,6387,8.5,7.8,9.2,3503,54.8,53.6,56.1
2025-09-30,"ICB","QJK","E54000037","NHS DEVON INTEGRATED CARE BOARD",12379,20952.7,59.1,53.3,64.1,313526,3.9,3.9,4,601,3314,18.1,16.9,19.5,1063,12679,8.4,7.9,8.9,7922,62.5,61.6,63.3
2025-09-30,"ICB","QSL","E54000038","NHS SOMERSET INTEGRATED CARE BOARD",5804,10222.7,56.8,51,61.9,153277,3.8,3.7,3.9,93,691,13.5,11.1,16.2,407,5948,6.8,6.2,7.5,3574,60.1,58.8,61.3
2025-09-30,"ICB","QUY","E54000039","NHS BRISTOL, NORTH SOMERSET AND SOUTH GLOUCESTERSHIRE INTEGRATED CARE BOARD",8710,12205.6,71.4,64.1,77.5,182005,4.8,4.7,4.9,30,1002,3,2.1,4.2,666,8935,7.5,6.9,8,5935,66.4,65.4,67.4
2025-09-30,"ICB","QOX","E54000040","NHS BATH AND NORTH EAST SOMERSET, SWINDON AND WILTSHIRE INTEGRATED CARE BOARD",8706,14155.4,61.5,55.4,66.8,213594,4.1,4,4.2,363,2869,12.7,11.5,13.9,663,8924,7.4,6.9,8,5471,61.3,60.3,62.3
2025-09-30,"ICB","QVV","E54000041","NHS DORSET INTEGRATED CARE BOARD",8546,14752.3,57.9,52.1,62.8,212519,4,3.9,4.1,140,3873,3.6,3.1,4.3,659,8764,7.5,7,8.1,5672,64.7,63.7,65.7
2025-09-30,"ICB","QRL","E54000042","NHS HAMPSHIRE AND ISLE OF WIGHT INTEGRATED CARE BOARD",17927,28065.3,63.9,57.5,69.4,417005,4.3,4.2,4.4,285,5090,5.6,5,6.3,1910,18333,10.4,10,10.9,11240,61.3,60.6,62
2025-09-30,"ICB","QNX","E54000064","NHS SUSSEX ICB",18167,28621.8,63.5,57.2,68.9,416681,4.4,4.3,4.4,321,5137,6.2,5.6,6.9,1629,18569,8.8,8.4,9.2,12077,65,64.3,65.7
2025-09-30,"NHS_REGION","Y56","E40000003","LONDON",53208,77810.8,68.4,61.5,74.1,1272984,4.2,4.1,4.2,2052,16659,12.3,11.8,12.8,4890,55163,8.9,8.6,9.1,33542,60.8,60.4,61.2
2025-09-30,"NHS_REGION","Y60","E40000011","MIDLANDS",96890,146908.9,66,59.5,71.4,2267109,4.3,4.2,4.3,3558,31746,11.2,10.9,11.6,9460,100058,9.5,9.3,9.6,61969,61.9,61.6,62.2
2025-09-30,"ICB","QHL","E54000055","NHS BIRMINGHAM AND SOLIHULL INTEGRATED CARE BOARD",9452,14793.4,63.9,57.5,69.4,226336,4.2,4.1,4.3,321,2510,12.8,11.5,14.2,984,9785,10.1,9.5,10.7,6116,62.5,61.5,63.5
